timestamp,temperature_2m,wind_speed_10m,wind_speed_100m,wind_direction_10m,wind_direction_100m,cloud_cover,rain
2025-08-31 23:00:00+00:00,16.913,14.428097,26.064596,139.55385,147.40742,100.0,0.3
2025-09-01 00:00:00+00:00,16.663,14.892213,27.07669,135.48964,144.19656,100.0,0.1
2025-09-01 01:00:00+00:00,16.513,11.53265,23.42076,124.18617,134.37732,100.0,2.9
2025-09-01 02:00:00+00:00,16.613,13.538345,27.041965,144.19656,149.16713,100.0,1.9
2025-09-01 03:00:00+00:00,16.763,14.041154,25.96995,126.13547,136.12321,89.0,0.4
2025-09-01 04:00:00+00:00,16.413,14.14232,27.22288,137.5792,144.4182,90.0,0.1
2025-09-01 05:00:00+00:00,16.613,18.838184,33.191338,152.70052,158.02544,100.0,0.0
2025-09-01 06:00:00+00:00,17.013,16.08761,28.406372,139.53786,146.1085,99.0,0.8
2025-09-01 07:00:00+00:00,17.663,17.534992,29.69727,144.18875,149.39368,100.0,1.7
2025-09-01 08:00:00+00:00,18.713001,18.42166,31.033691,146.15463,150.46132,100.0,0.0
2025-09-01 09:00:00+00:00,20.013,15.934829,24.485952,138.2053,141.8664,97.0,0.0
2025-09-01 10:00:00+00:00,21.563,18.35647,26.711052,138.17992,140.19447,100.0,0.0
2025-09-01 11:00:00+00:00,21.863,19.72869,29.546328,134.63039,136.97493,100.0,0.0
2025-09-01 12:00:00+00:00,21.613,20.378988,31.820824,132.8524,135.4583,100.0,0.0
2025-09-01 13:00:00+00:00,21.313,15.489416,23.635584,181.99783,183.9301,100.0,0.0
2025-09-01 14:00:00+00:00,21.063,13.200273,20.11656,185.47728,186.6798,100.0,0.0
2025-09-01 15:00:00+00:00,19.363,14.041154,21.889065,216.13547,216.30458,100.0,0.2
2025-09-01 16:00:00+00:00,17.363,14.773164,24.858906,223.02507,221.77126,100.0,1.3
2025-09-01 17:00:00+00:00,16.863,11.119281,19.787722,209.0545,211.23184,100.0,0.6
2025-09-01 18:00:00+00:00,16.513,11.212135,19.270092,227.60262,229.1666,100.0,0.2
2025-09-01 19:00:00+00:00,15.912999,10.837435,19.32801,237.89377,237.93808,99.0,0.0
2025-09-01 20:00:00+00:00,15.363,6.090812,13.985663,235.84026,238.15099,55.0,0.0
2025-09-01 21:00:00+00:00,14.212999,2.5582807,9.5416975,219.28938,234.21094,96.0,0.0
2025-09-01 22:00:00+00:00,13.563,2.19718,5.896202,145.0079,192.33908,56.0,0.0
2025-09-01 23:00:00+00:00,13.462999,5.991594,10.644379,147.26479,161.25856,99.0,0.0
2025-09-02 00:00:00+00:00,13.563,7.229191,14.087228,161.11382,169.6952,99.0,0.0
2025-09-02 01:00:00+00:00,13.613,6.778141,15.531195,169.28693,184.65326,100.0,0.0
2025-09-02 02:00:00+00:00,13.412999,7.3469996,15.2501545,149.03632,168.42484,100.0,0.0
2025-09-02 03:00:00+00:00,13.313,6.77575,15.763107,163.0091,173.44315,100.0,0.0
2025-09-02 04:00:00+00:00,13.162999,6.391901,15.669307,170.27249,178.02512,100.0,0.0
2025-09-02 05:00:00+00:00,12.962999,8.473393,16.928614,167.73524,178.17207,100.0,0.0
2025-09-02 06:00:00+00:00,13.363,8.55142,16.833609,139.26799,155.35324,100.0,0.0
2025-09-02 07:00:00+00:00,14.662999,7.386582,17.63816,133.02507,155.26572,100.0,0.0
2025-09-02 08:00:00+00:00,16.463001,7.4128532,14.799459,150.9455,161.56496,59.0,0.0
2025-09-02 09:00:00+00:00,18.063,8.452336,12.409561,153.43501,156.0375,97.0,0.0
2025-09-02 10:00:00+00:00,19.813,9.266067,12.872201,155.9245,159.53764,100.0,0.0
2025-09-02 11:00:00+00:00,20.713001,9.741642,13.141232,152.48808,156.59529,100.0,0.0
2025-09-02 12:00:00+00:00,20.813,12.362475,16.704155,137.95085,142.88306,100.0,0.0
2025-09-02 13:00:00+00:00,20.613,14.336861,20.045567,151.50446,152.74475,100.0,0.0
2025-09-02 14:00:00+00:00,20.263,15.060956,21.295605,155.2727,157.11932,95.0,0.1
2025-09-02 15:00:00+00:00,18.963001,12.886039,19.121557,155.22488,157.29712,72.0,0.4
2025-09-02 16:00:00+00:00,18.663,9.600937,15.188415,186.45872,185.44025,81.0,0.0
2025-09-02 17:00:00+00:00,17.613,9.721666,16.997375,181.06088,185.46901,59.0,0.0
2025-09-02 18:00:00+00:00,16.513,8.647496,14.650939,182.3859,185.64046,47.0,0.0
2025-09-02 19:00:00+00:00,15.313,9.403169,17.95043,174.50777,186.91113,18.0,0.0
2025-09-02 20:00:00+00:00,14.863,10.742848,21.177366,188.6731,199.35909,6.0,0.0
2025-09-02 21:00:00+00:00,14.613,10.365251,21.03229,200.32323,209.19739,0.0,0.0
2025-09-02 22:00:00+00:00,14.263,9.227524,19.370708,200.55612,213.24709,0.0,0.0
2025-09-02 23:00:00+00:00,13.863,9.3962755,19.272614,200.17073,212.79953,0.0,0.0
2025-09-03 00:00:00+00:00,13.462999,9.459852,19.770523,201.19412,213.11136,0.0,0.0
2025-09-03 01:00:00+00:00,13.013,10.062305,21.9718,206.56499,214.9921,0.0,0.0
2025-09-03 02:00:00+00:00,12.763,9.292255,21.426807,201.59537,211.95433,1.0,0.0
2025-09-03 03:00:00+00:00,12.563,8.227004,20.052032,190.08054,204.95473,2.0,0.0
2025-09-03 04:00:00+00:00,12.313,9.080639,20.077868,166.2392,185.6594,2.0,0.0
2025-09-03 05:00:00+00:00,12.363,11.103243,24.007572,160.09616,175.70023,24.0,0.0
2025-09-03 06:00:00+00:00,13.613,13.737904,25.729298,148.39255,162.07199,62.0,0.0
2025-09-03 07:00:00+00:00,15.212999,13.044722,31.372198,140.59937,160.21341,1.0,0.0
2025-09-03 08:00:00+00:00,17.263,14.05845,22.166325,140.19447,145.92276,11.0,0.0
2025-09-03 09:00:00+00:00,18.913,17.032604,24.962307,144.46223,146.76828,52.0,0.0
2025-09-03 10:00:00+00:00,20.013,20.070604,29.460672,145.59727,147.47513,91.0,0.0
2025-09-03 11:00:00+00:00,21.113,23.597168,34.767963,155.19437,157.15192,100.0,0.0
2025-09-03 12:00:00+00:00,21.113,25.196142,37.44043,153.25197,154.66696,99.0,0.0
2025-09-03 13:00:00+00:00,21.363,27.514105,41.16809,159.31226,160.05962,100.0,0.1
2025-09-03 14:00:00+00:00,19.563,22.700705,36.424545,153.6382,156.095,100.0,0.4
2025-09-03 15:00:00+00:00,19.163,20.435352,33.92654,162.04375,164.93146,100.0,0.0
2025-09-03 16:00:00+00:00,18.813,21.091513,34.608715,158.47093,161.18802,96.0,0.0
2025-09-03 17:00:00+00:00,19.163,24.16697,39.218937,158.59476,161.81444,100.0,0.0
2025-09-03 18:00:00+00:00,18.163,25.40743,41.72779,159.25385,162.42473,100.0,0.9
2025-09-03 19:00:00+00:00,18.413,26.533978,43.394558,163.04007,166.07901,95.0,0.0
2025-09-03 20:00:00+00:00,18.213001,26.309572,43.482574,163.30067,165.61858,98.0,0.0
2025-09-03 21:00:00+00:00,17.913,23.444958,39.397392,165.32356,169.2035,100.0,0.7
2025-09-03 22:00:00+00:00,17.913,25.715443,42.376144,166.64465,170.21767,83.0,0.1
2025-09-03 23:00:00+00:00,18.013,24.539486,40.4968,171.98886,174.64427,79.0,0.0
2025-09-04 00:00:00+00:00,17.813,24.863468,41.40039,177.5105,179.7509,69.0,0.1
2025-09-04 01:00:00+00:00,18.013,23.304266,39.07493,175.12619,178.41623,49.0,0.1
2025-09-04 02:00:00+00:00,17.763,24.380533,40.455173,184.65817,187.15654,100.0,0.0
2025-09-04 03:00:00+00:00,17.613,23.0653,38.38392,182.68372,186.19174,100.0,0.0
2025-09-04 04:00:00+00:00,17.513,21.528631,35.80688,185.75816,189.84106,55.0,0.0
2025-09-04 05:00:00+00:00,17.163,19.384087,33.00436,190.16202,193.88469,5.0,0.0
2025-09-04 06:00:00+00:00,17.513,18.508516,30.464699,187.26315,191.2435,12.0,0.0
2025-09-04 07:00:00+00:00,18.413,19.175703,28.738056,189.72751,190.46529,27.0,0.0
2025-09-04 08:00:00+00:00,19.213001,19.879206,29.713633,196.30177,197.996,16.0,0.0
2025-09-04 09:00:00+00:00,19.913,20.609016,29.784426,205.89359,206.56499,44.0,0.1
2025-09-04 10:00:00+00:00,20.263,19.296135,27.360592,216.6562,217.24692,22.0,0.1
2025-09-04 11:00:00+00:00,20.663,17.441433,24.69217,223.74562,224.9999,11.0,0.1
2025-09-04 12:00:00+00:00,20.913,16.419514,22.783335,224.55591,225.32005,22.0,0.0
2025-09-04 13:00:00+00:00,20.863,16.563911,23.187185,227.6426,227.51692,29.0,0.0
2025-09-04 14:00:00+00:00,20.713001,15.7908325,22.406927,223.1524,223.69812,23.0,0.0
2025-09-04 15:00:00+00:00,20.863,13.783817,20.031822,220.76352,220.9921,16.0,0.0
2025-09-04 16:00:00+00:00,20.463001,11.638917,18.880276,219.35173,221.13445,28.0,0.0
2025-09-04 17:00:00+00:00,19.663,7.928177,15.536408,219.47243,223.12213,100.0,0.0
2025-09-04 18:00:00+00:00,18.363,6.9899354,15.553083,191.88864,203.89517,100.0,0.0
2025-09-04 19:00:00+00:00,17.713001,10.308831,20.778112,192.09474,199.21986,100.0,0.0
2025-09-04 20:00:00+00:00,16.913,10.765445,21.259058,200.55612,205.04617,100.0,0.0
2025-09-04 21:00:00+00:00,16.313,10.310403,20.65848,196.22026,202.5431,100.0,0.0
2025-09-04 22:00:00+00:00,15.813,9.114471,18.431332,170.9098,185.04236,98.0,0.0
2025-09-04 23:00:00+00:00,15.313,9.565437,19.245697,160.20103,172.47627,97.0,0.0
2025-09-05 00:00:00+00:00,15.063,10.783487,22.019672,165.4998,175.78099,100.0,0.0
2025-09-05 01:00:00+00:00,14.912999,12.081473,23.83896,155.34412,165.12427,100.0,0.0
2025-09-05 02:00:00+00:00,14.813,11.144021,22.315643,148.8776,160.68805,100.0,0.0
2025-09-05 03:00:00+00:00,14.813,11.384198,22.97381,145.30478,156.44772,100.0,0.0
2025-09-05 04:00:00+00:00,15.263,11.448055,23.348019,143.31018,154.42276,100.0,0.0
2025-09-05 05:00:00+00:00,15.563,9.9,20.232191,143.13002,156.3998,100.0,0.0
2025-09-05 06:00:00+00:00,15.962999,11.712454,21.816416,136.24529,146.44102,100.0,0.2
2025-09-05 07:00:00+00:00,16.363,11.39842,20.438522,158.70258,160.4479,100.0,0.3
2025-09-05 08:00:00+00:00,16.713001,9.565437,16.284779,199.79897,203.44807,100.0,0.5
2025-09-05 09:00:00+00:00,16.863,6.601363,9.340941,205.8663,205.08356,100.0,0.5
2025-09-05 10:00:00+00:00,17.313,8.777654,11.609651,241.85849,240.2552,100.0,0.5
2025-09-05 11:00:00+00:00,17.413,8.891344,12.267763,248.6293,247.5741,100.0,0.2
2025-09-05 12:00:00+00:00,17.613,9.227524,12.979984,249.44388,250.55988,100.0,0.0
2025-09-05 13:00:00+00:00,17.913,11.304229,16.13286,232.76509,234.53654,100.0,0.0
2025-09-05 14:00:00+00:00,18.413,13.203954,18.678415,242.38705,242.44727,89.0,0.0
2025-09-05 15:00:00+00:00,18.463001,16.109747,22.881956,256.42953,257.27563,93.0,0.0
2025-09-05 16:00:00+00:00,17.663,15.726067,22.782625,275.25372,275.44025,20.0,0.0
2025-09-05 17:00:00+00:00,16.863,13.733186,21.96,280.5735,280.3888,23.0,0.1
2025-09-05 18:00:00+00:00,15.813,11.788281,21.335884,277.01642,279.22385,11.0,0.1
2025-09-05 19:00:00+00:00,15.113,12.241323,22.007162,269.1575,273.75165,12.0,0.0
2025-09-05 20:00:00+00:00,14.662999,12.461669,22.546032,259.17703,266.33813,4.0,0.0
2025-09-05 21:00:00+00:00,14.313,13.149859,23.652025,250.82089,259.03217,2.0,0.0
2025-09-05 22:00:00+00:00,14.113,13.841286,25.107903,249.44386,257.15933,1.0,0.0
2025-09-05 23:00:00+00:00,13.962999,14.401124,26.017939,251.79141,259.23428,2.0,0.0
2025-09-06 00:00:00+00:00,13.863,15.151039,26.993998,256.95435,263.49115,18.0,0.0
2025-09-06 01:00:00+00:00,13.613,15.2501545,27.280542,258.42484,265.07947,9.0,0.0
2025-09-06 02:00:00+00:00,13.563,15.215058,27.252024,259.08893,265.8336,10.0,0.0
2025-09-06 03:00:00+00:00,13.513,14.861722,26.341572,258.8262,266.08182,7.0,0.0
2025-09-06 04:00:00+00:00,13.363,14.408997,25.683926,257.00537,264.36942,11.0,0.0
2025-09-06 05:00:00+00:00,13.263,14.275713,25.88122,256.13895,264.01193,4.0,0.0
2025-09-06 06:00:00+00:00,14.063,15.5687,25.636576,259.3397,265.57053,6.0,0.0
2025-09-06 07:00:00+00:00,15.162999,14.588885,21.905342,260.77017,263.8679,18.0,0.0
2025-09-06 08:00:00+00:00,16.163,16.208996,23.074429,271.90912,273.1302,11.0,0.0
2025-09-06 09:00:00+00:00,17.063,15.669307,21.816416,271.97488,273.31088,3.0,0.0
2025-09-06 10:00:00+00:00,17.813,16.22498,22.378712,273.17978,274.1512,4.0,0.0
2025-09-06 11:00:00+00:00,18.413,15.905319,21.886845,275.19434,275.6636,7.0,0.0
2025-09-06 12:00:00+00:00,18.713001,14.690691,20.138292,277.03784,277.18845,19.0,0.0
2025-09-06 13:00:00+00:00,18.963001,12.882267,17.414476,277.2242,277.1249,8.0,0.0
2025-09-06 14:00:00+00:00,19.013,12.145665,16.299694,276.80896,276.3401,9.0,0.0
2025-09-06 15:00:00+00:00,18.613,11.9140415,16.248924,274.3322,274.4473,26.0,0.0
2025-09-06 16:00:00+00:00,17.913,10.132897,14.508715,282.30798,281.4493,24.0,0.0
2025-09-06 17:00:00+00:00,16.913,7.120815,12.69351,290.72565,288.1781,5.0,0.0
2025-09-06 18:00:00+00:00,15.162999,4.829907,12.267763,296.56497,292.4259,0.0,0.0
2025-09-06 19:00:00+00:00,14.313,4.896529,12.708816,287.1028,285.61105,0.0,0.0
2025-09-06 20:00:00+00:00,14.113,5.4477882,13.752048,277.59454,284.40005,0.0,0.0
2025-09-06 21:00:00+00:00,13.863,5.6262593,14.193772,277.3523,282.44998,0.0,0.0
2025-09-06 22:00:00+00:00,13.763,5.9644947,14.618837,275.19434,279.92618,0.0,0.0
2025-09-06 23:00:00+00:00,12.662999,4.323748,11.837651,267.6141,278.74606,0.0,0.0
2025-09-07 00:00:00+00:00,12.162999,2.0991426,8.490582,239.0363,274.8644,5.0,0.0
2025-09-07 01:00:00+00:00,10.813,3.536439,4.724786,165.2564,197.74477,100.0,0.0
2025-09-07 02:00:00+00:00,10.363,4.2671766,5.4149795,152.35411,164.57777,100.0,0.0
2025-09-07 03:00:00+00:00,10.113,4.471107,7.6388745,139.89915,145.56096,100.0,0.0
2025-09-07 04:00:00+00:00,9.763,4.072935,10.04458,135.0001,143.74608,100.0,0.0
2025-09-07 05:00:00+00:00,9.412999,4.471107,10.934166,130.10085,147.09476,100.0,0.0
2025-09-07 06:00:00+00:00,10.013,3.4576871,9.906544,141.34016,155.29759,100.0,0.0
2025-09-07 07:00:00+00:00,11.662999,3.9640884,9.102021,140.52757,155.4623,100.0,0.0
2025-09-07 08:00:00+00:00,13.763,4.2136917,11.964246,109.98319,135.0001,100.0,0.0
2025-09-07 09:00:00+00:00,16.613,6.037383,8.936778,116.56499,124.33028,95.0,0.0
2025-09-07 10:00:00+00:00,18.513,8.461915,11.5887,128.08882,133.11183,60.0,0.0
2025-09-07 11:00:00+00:00,19.313,9.178235,12.473363,131.82008,135.0001,6.0,0.0
2025-09-07 12:00:00+00:00,19.713001,8.748075,11.500296,126.63421,129.92033,97.0,0.0
2025-09-07 13:00:00+00:00,19.863,12.72283,17.22836,115.11481,117.368126,91.0,0.0
2025-09-07 14:00:00+00:00,19.613,13.854155,19.1588,114.56716,116.80571,100.0,0.0
2025-09-07 15:00:00+00:00,18.963001,15.216123,21.419998,117.47435,118.072395,100.0,0.0
2025-09-07 16:00:00+00:00,18.113,15.388685,22.862123,114.166626,116.16151,99.0,0.0
2025-09-07 17:00:00+00:00,17.113,13.306615,22.378714,113.096855,116.77108,98.0,0.0
2025-09-07 18:00:00+00:00,15.712999,12.703715,23.747042,110.74616,116.56499,41.0,0.0
2025-09-07 19:00:00+00:00,14.912999,12.134992,24.07563,110.85454,115.22389,0.0,0.0
2025-09-07 20:00:00+00:00,14.313,11.734564,23.612953,110.659,113.82946,6.0,0.0
2025-09-07 21:00:00+00:00,14.113,12.466867,25.103384,107.650215,112.335495,0.0,0.0
2025-09-07 22:00:00+00:00,14.063,12.921192,26.02541,108.68745,114.0832,0.0,0.0
2025-09-07 23:00:00+00:00,13.912999,12.0694,24.654743,107.35411,114.13238,0.0,0.0
2025-09-08 00:00:00+00:00,13.863,11.448055,23.967728,106.44046,112.52061,0.0,0.0
2025-09-08 01:00:00+00:00,13.613,11.442394,23.85051,109.290146,114.0503,0.0,0.0
2025-09-08 02:00:00+00:00,13.662999,11.770403,24.1797,113.42871,119.42737,0.0,0.0
2025-09-08 03:00:00+00:00,13.712999,11.545284,23.4,120.963684,126.86999,0.0,0.0
2025-09-08 04:00:00+00:00,13.462999,11.414043,23.549751,127.95429,134.07106,0.0,0.0
2025-09-08 05:00:00+00:00,13.263,11.952054,24.874542,127.042564,131.18584,0.0,0.0
2025-09-08 06:00:00+00:00,14.263,13.690653,25.913124,118.24964,122.80696,0.0,0.0
2025-09-08 07:00:00+00:00,16.113,17.077248,26.560217,122.5175,124.2286,21.0,0.0
2025-09-08 08:00:00+00:00,17.313,20.448032,29.808346,126.76911,127.14677,39.0,0.0
2025-09-08 09:00:00+00:00,18.213001,19.229696,27.379532,133.1035,133.13524,23.0,0.0
2025-09-08 10:00:00+00:00,18.963001,16.341381,22.885498,139.46724,140.42526,23.0,0.0
2025-09-08 11:00:00+00:00,19.813,16.388897,22.575472,141.2419,142.12495,71.0,0.0
2025-09-08 12:00:00+00:00,20.113,16.685719,23.187185,137.18582,137.51692,98.0,0.0
2025-09-08 13:00:00+00:00,19.413,17.823637,24.911634,123.048134,123.804924,20.0,0.0
2025-09-08 14:00:00+00:00,19.063,17.801807,25.198072,114.49189,115.832825,4.0,0.0
2025-09-08 15:00:00+00:00,19.063,15.717823,22.7057,113.62939,115.34614,8.0,0.0
2025-09-08 16:00:00+00:00,18.713001,14.539945,21.603,111.801476,113.57472,2.0,0.0
2025-09-08 17:00:00+00:00,17.863,12.936227,22.226902,111.209305,114.90474,1.0,0.0
2025-09-08 18:00:00+00:00,16.563,12.181625,22.783335,108.970505,115.755226,2.0,0.0
2025-09-08 19:00:00+00:00,15.962999,12.43434,23.847115,112.109505,118.88649,3.0,0.0
2025-09-08 20:00:00+00:00,15.813,12.10157,24.066206,120.37905,124.641014,5.0,0.0
2025-09-08 21:00:00+00:00,15.813,12.348052,24.552025,120.67721,126.953995,5.0,0.0
2025-09-08 22:00:00+00:00,15.813,11.844492,23.940676,126.34755,133.17206,0.0,0.0
2025-09-08 23:00:00+00:00,15.563,10.464797,21.46835,139.18501,146.97614,0.0,0.0
2025-09-09 00:00:00+00:00,15.063,9.361731,19.48079,142.02834,153.67177,0.0,0.0
2025-09-09 01:00:00+00:00,14.363,8.574123,18.762356,140.9645,151.95995,0.0,0.0
2025-09-09 02:00:00+00:00,14.013,8.55142,18.624563,130.73203,145.23473,61.0,0.0
2025-09-09 03:00:00+00:00,13.863,8.338489,18.47698,122.660904,137.76392,97.0,0.0
2025-09-09 04:00:00+00:00,13.813,7.995323,18.075441,121.18491,134.19316,93.0,0.0
2025-09-09 05:00:00+00:00,13.712999,8.707237,18.880276,119.74479,131.13445,75.0,0.0
2025-09-09 06:00:00+00:00,14.563,9.906544,18.374111,114.70241,124.62422,100.0,0.0
2025-09-09 07:00:00+00:00,16.413,11.753877,15.536408,117.34979,116.86185,99.0,0.0
2025-09-09 08:00:00+00:00,18.013,12.996199,18.152353,120.8276,120.37905,72.0,0.0
2025-09-09 09:00:00+00:00,19.263,10.144082,13.934605,117.47435,118.5513,68.0,0.0
2025-09-09 10:00:00+00:00,20.263,10.99769,14.941083,111.10492,111.92964,93.0,0.0
2025-09-09 11:00:00+00:00,20.713001,11.91948,16.024044,104.87573,104.97292,100.0,0.0
2025-09-09 12:00:00+00:00,20.763,11.755254,15.815435,101.48196,101.821465,100.0,0.0
2025-09-09 13:00:00+00:00,19.913,14.887859,20.650637,104.70835,104.64193,60.0,0.1
2025-09-09 14:00:00+00:00,19.713001,15.937878,22.427162,108.43504,108.72588,76.0,0.1
2025-09-09 15:00:00+00:00,19.563,11.770403,16.595179,113.42871,114.34108,85.0,0.2
2025-09-09 16:00:00+00:00,19.363,12.410866,17.950432,109.48622,111.16133,93.0,0.0
2025-09-09 17:00:00+00:00,18.413,11.230904,17.968472,96.441505,100.9722,48.0,0.0
2025-09-09 18:00:00+00:00,17.313,11.701385,20.852827,90.881386,96.94089,20.0,0.0
2025-09-09 19:00:00+00:00,16.813,11.521406,22.12536,90.89516,97.00929,25.0,0.0
2025-09-09 20:00:00+00:00,16.863,12.421304,24.183052,90.8303,98.13002,35.0,0.0
2025-09-09 21:00:00+00:00,17.263,14.6254835,27.60815,103.523186,109.0257,33.0,0.0
2025-09-09 22:00:00+00:00,17.463001,16.011908,29.30685,111.08383,115.46331,100.0,0.0
2025-09-09 23:00:00+00:00,17.213001,17.932371,31.888458,109.34443,112.22186,96.0,0.0
2025-09-10 00:00:00+00:00,16.763,18.484869,32.55015,112.31949,114.15551,62.0,0.0
2025-09-10 01:00:00+00:00,16.813,18.222721,31.721392,113.27293,115.54717,61.0,0.0
2025-09-10 02:00:00+00:00,16.663,18.083506,31.492281,112.22508,114.66076,92.0,0.0
2025-09-10 03:00:00+00:00,16.663,17.892578,30.991901,113.7284,116.56499,90.0,0.0
2025-09-10 04:00:00+00:00,16.663,17.311846,30.197649,115.232796,118.09248,99.0,0.0
2025-09-10 05:00:00+00:00,16.713001,16.584438,29.004585,115.73065,118.9509,100.0,0.0
2025-09-10 06:00:00+00:00,17.363,16.434305,28.011261,118.8107,122.66885,100.0,0.0
2025-09-10 07:00:00+00:00,18.363,18.359999,29.606031,118.072395,120.3065,92.0,0.0
2025-09-10 08:00:00+00:00,19.113,21.981382,33.132225,117.824005,119.62896,100.0,0.0
2025-09-10 09:00:00+00:00,19.363,26.342802,38.741837,129.45465,129.53287,100.0,0.3
2025-09-10 10:00:00+00:00,18.413,22.35626,34.296494,127.146774,129.0355,100.0,0.5
2025-09-10 11:00:00+00:00,19.713001,23.602661,34.18152,118.71498,119.66994,100.0,0.0
2025-09-10 12:00:00+00:00,20.213001,23.491896,34.80336,120.8884,122.53936,100.0,0.0
2025-09-10 13:00:00+00:00,17.813,17.377226,24.849129,103.17256,105.546394,100.0,1.8
2025-09-10 14:00:00+00:00,18.213001,19.62743,29.61752,137.97382,139.43655,99.0,2.3
2025-09-10 15:00:00+00:00,17.263,18.435726,29.55784,117.31553,122.81908,100.0,1.1
2025-09-10 16:00:00+00:00,16.763,18.040455,29.07989,114.775116,121.328636,100.0,3.3
2025-09-10 17:00:00+00:00,16.213001,20.737532,32.44996,143.82628,146.3099,100.0,1.1
2025-09-10 18:00:00+00:00,16.113,14.918297,25.741888,131.57603,137.83418,100.0,0.8
2025-09-10 19:00:00+00:00,16.013,16.489416,27.158533,143.88057,146.62589,100.0,0.1
2025-09-10 20:00:00+00:00,16.013,14.731437,24.819122,153.12193,156.0375,100.0,0.0
2025-09-10 21:00:00+00:00,15.813,12.483749,22.086521,155.28258,160.9743,100.0,0.0
2025-09-10 22:00:00+00:00,15.513,10.348043,19.233065,139.93929,148.39255,100.0,0.1
2025-09-10 23:00:00+00:00,15.462999,11.276967,20.690605,155.48038,158.56877,100.0,0.5
2025-09-11 00:00:00+00:00,15.162999,8.482947,16.09969,162.71841,169.6952,100.0,0.5
2025-09-11 01:00:00+00:00,14.813,10.04458,18.116621,143.74608,152.16202,100.0,0.1
2025-09-11 02:00:00+00:00,14.513,5.8769383,13.570615,152.6502,158.19853,100.0,0.0
2025-09-11 03:00:00+00:00,14.162999,4.91634,11.874544,156.2505,165.96373,26.0,0.0
2025-09-11 04:00:00+00:00,13.912999,6.391901,14.512064,147.65259,156.61476,48.0,0.0
2025-09-11 05:00:00+00:00,13.813,7.570707,16.685717,151.60707,159.80557,100.0,0.0
2025-09-11 06:00:00+00:00,13.912999,9.901636,16.740967,152.96922,163.12366,100.0,0.0
2025-09-11 07:00:00+00:00,14.563,11.165805,16.071491,159.22766,164.40714,99.0,0.0
2025-09-11 08:00:00+00:00,16.063,9.600937,13.934605,149.589,151.4487,0.0,0.0
2025-09-11 09:00:00+00:00,17.563,13.091829,18.38557,161.56496,161.74234,0.0,0.0
2025-09-11 10:00:00+00:00,18.663,14.474059,20.301735,169.24908,169.78609,0.0,0.0
2025-09-11 11:00:00+00:00,19.563,14.861722,20.688257,168.8262,169.47227,30.0,0.0
2025-09-11 12:00:00+00:00,20.113,17.103788,24.122683,181.20602,180.85507,35.0,0.1
2025-09-11 13:00:00+00:00,20.313,18.532133,26.781918,187.8152,188.89247,36.0,0.1
2025-09-11 14:00:00+00:00,17.513,15.543706,24.023088,208.3456,209.63829,74.0,0.2
2025-09-11 15:00:00+00:00,17.013,19.1588,27.85816,206.80571,207.72397,62.0,0.4
2025-09-11 16:00:00+00:00,16.763,19.523983,30.219635,229.11232,231.28688,89.0,0.2
2025-09-11 17:00:00+00:00,16.163,17.47484,28.678806,245.01878,248.2653,28.0,0.0
2025-09-11 18:00:00+00:00,15.313,14.527683,25.474293,236.113,240.35565,16.0,0.0
2025-09-11 19:00:00+00:00,14.662999,14.128566,25.190355,225.5161,230.50897,52.0,0.0
2025-09-11 20:00:00+00:00,14.013,11.511559,21.531641,206.96564,215.81618,56.0,0.0
2025-09-11 21:00:00+00:00,13.263,12.287555,23.538742,185.04236,195.52417,4.0,0.0
2025-09-11 22:00:00+00:00,12.863,13.504799,25.966208,178.4725,187.5683,3.0,0.0
2025-09-11 23:00:00+00:00,12.563,13.627795,26.295406,167.79955,178.03862,3.0,0.0
2025-09-12 00:00:00+00:00,12.513,14.450537,27.459883,166.30994,175.1117,15.0,0.0
2025-09-12 01:00:00+00:00,12.462999,15.111424,28.7155,167.61925,175.32593,37.0,0.0
2025-09-12 02:00:00+00:00,12.313,14.739132,27.209188,171.57312,177.34586,66.0,0.0
2025-09-12 03:00:00+00:00,12.263,15.956163,28.20951,168.94363,174.50777,3.0,0.0
2025-09-12 04:00:00+00:00,11.912999,16.75064,30.15094,171.34753,175.5489,8.0,0.0
2025-09-12 05:00:00+00:00,11.813,17.294992,30.06862,177.6141,181.37206,9.0,0.0
2025-09-12 06:00:00+00:00,12.412999,18.790829,31.41812,189.37202,191.56741,32.0,0.0
2025-09-12 07:00:00+00:00,13.313,17.873556,27.643335,189.27252,190.505,26.0,0.0
2025-09-12 08:00:00+00:00,14.462999,22.792578,32.788174,204.74352,204.31378,44.0,0.0
2025-09-12 09:00:00+00:00,15.412999,21.663656,31.002354,208.26842,208.05283,53.0,0.1
2025-09-12 10:00:00+00:00,16.213001,20.53105,29.551811,207.68826,207.96976,50.0,0.1
2025-09-12 11:00:00+00:00,16.613,19.386593,27.30844,201.80147,201.66121,31.0,0.1
2025-09-12 12:00:00+00:00,17.463001,18.900856,26.713478,199.4704,200.51094,88.0,0.0
2025-09-12 13:00:00+00:00,16.463001,22.460365,32.93016,207.18103,207.68552,98.0,0.1
2025-09-12 14:00:00+00:00,16.013,23.30913,34.18152,210.12895,209.66994,100.0,0.0
2025-09-12 15:00:00+00:00,15.212999,22.666424,33.754196,214.3211,214.79184,93.0,0.4
2025-09-12 16:00:00+00:00,14.613,22.517992,34.109406,219.1605,220.07649,43.0,0.0
2025-09-12 17:00:00+00:00,13.863,18.42166,29.507923,213.84537,214.56259,34.0,0.0
2025-09-12 18:00:00+00:00,13.113,17.065859,28.84721,206.29472,209.12396,7.0,0.0
2025-09-12 19:00:00+00:00,12.662999,16.50218,28.1549,206.56499,210.33545,14.0,0.0
2025-09-12 20:00:00+00:00,12.063,16.048288,27.611082,203.11423,206.73203,32.0,0.0
2025-09-12 21:00:00+00:00,11.763,15.484185,26.90744,197.59251,201.58795,12.0,0.0
2025-09-12 22:00:00+00:00,11.412999,15.111424,26.878527,192.38075,196.73608,15.0,0.0
2025-09-12 23:00:00+00:00,11.363,15.713702,27.943514,189.89386,194.93147,6.0,0.0
2025-09-13 00:00:00+00:00,11.313,15.784676,27.997377,187.20596,192.24911,27.0,0.0
2025-09-13 01:00:00+00:00,11.212999,17.015474,29.832792,186.07236,190.42847,100.0,0.0
2025-09-13 02:00:00+00:00,11.363,16.748707,29.339449,181.84756,186.3401,100.0,0.0
2025-09-13 03:00:00+00:00,11.462999,17.283749,29.754496,178.80653,183.46815,100.0,0.0
2025-09-13 04:00:00+00:00,11.763,17.643673,30.360294,181.16911,185.10208,99.0,0.0
2025-09-13 05:00:00+00:00,11.712999,17.280937,30.094473,179.4032,182.74255,98.0,0.0
2025-09-13 06:00:00+00:00,12.212999,18.941954,31.705046,183.814,186.5197,85.0,0.0
2025-09-13 07:00:00+00:00,13.063,19.121557,30.181015,183.77812,185.13246,54.0,0.0
2025-09-13 08:00:00+00:00,14.162999,20.240997,29.947151,189.21095,189.68872,38.0,0.0
2025-09-13 09:00:00+00:00,15.513,22.668568,32.522266,190.06062,189.87933,100.0,0.0
2025-09-13 10:00:00+00:00,16.413,18.36353,26.460611,178.87672,179.61024,99.0,0.0
2025-09-13 11:00:00+00:00,17.363,19.11817,27.215738,171.33595,172.78107,100.0,0.0
2025-09-13 12:00:00+00:00,17.713001,21.26744,30.62593,177.08922,177.64215,100.0,0.0
2025-09-13 13:00:00+00:00,14.813,18.627172,28.329279,174.45477,175.99228,100.0,3.4
2025-09-13 14:00:00+00:00,14.962999,16.50709,25.685184,152.03786,154.69206,90.0,4.8
2025-09-13 15:00:00+00:00,16.213001,16.62444,24.728226,146.48196,148.39255,95.0,0.0
2025-09-13 16:00:00+00:00,15.912999,18.620214,29.474415,163.14153,164.77551,89.0,0.0
2025-09-13 17:00:00+00:00,14.863,16.284779,27.158533,156.55193,160.24391,70.0,0.0
2025-09-13 18:00:00+00:00,13.712999,15.3771,27.074896,154.33485,158.5522,69.0,0.0
2025-09-13 19:00:00+00:00,13.013,13.472372,24.933735,157.20345,162.3498,75.0,0.0
2025-09-13 20:00:00+00:00,12.462999,13.523978,25.239185,153.09398,159.1091,8.0,0.0
2025-09-13 21:00:00+00:00,12.162999,10.944532,21.824583,143.69542,155.12587,19.0,0.0
2025-09-13 22:00:00+00:00,11.912999,11.453715,22.541,149.80847,161.85432,7.0,0.0
2025-09-13 23:00:00+00:00,11.712999,12.232057,23.533234,147.01147,158.93095,74.0,0.0
2025-09-14 00:00:00+00:00,11.662999,12.431733,24.25262,145.6196,155.90799,85.0,0.0
2025-09-14 01:00:00+00:00,12.263,13.472372,25.591036,157.20345,164.4974,100.0,0.0
2025-09-14 02:00:00+00:00,12.412999,11.745604,22.461807,164.89885,173.5585,100.0,0.0
2025-09-14 03:00:00+00:00,12.313,11.126562,21.636717,170.69014,176.66159,100.0,0.4
2025-09-14 04:00:00+00:00,12.263,11.966953,22.66714,158.83867,167.61925,100.0,0.2
2025-09-14 05:00:00+00:00,12.462999,10.931203,21.573734,162.75845,169.90901,100.0,0.0
2025-09-14 06:00:00+00:00,12.863,9.0645685,17.643673,173.15732,181.16911,63.0,0.0
2025-09-14 07:00:00+00:00,13.313,8.467655,14.978984,177.5634,184.1346,70.0,0.0
2025-09-14 08:00:00+00:00,14.313,10.449306,14.545515,190.92276,192.14426,28.0,0.0
2025-09-14 09:00:00+00:00,14.962999,11.276967,15.539537,204.51962,205.3777,82.0,0.1
2025-09-14 10:00:00+00:00,15.613,10.564942,14.4415655,203.07043,202.72977,100.0,0.1
2025-09-14 11:00:00+00:00,16.513,10.028439,13.504799,201.03758,201.0924,88.0,0.0
2025-09-14 12:00:00+00:00,16.813,12.287555,16.546299,211.82741,210.7499,45.0,0.1
2025-09-14 13:00:00+00:00,16.513,11.638917,15.931779,238.27644,237.92603,61.0,0.0
2025-09-14 14:00:00+00:00,14.662999,12.57426,17.594023,256.75946,256.39026,79.0,1.4
2025-09-14 15:00:00+00:00,14.613,5.0688457,7.0774574,263.88458,262.69434,48.0,0.1
2025-09-14 16:00:00+00:00,14.912999,6.5520988,9.761578,249.07542,247.21756,74.0,0.2
2025-09-14 17:00:00+00:00,14.263,3.396233,8.714677,212.00534,231.7098,16.0,0.0
2025-09-14 18:00:00+00:00,13.212999,4.6834598,10.385547,177.79745,205.67677,16.0,0.0
2025-09-14 19:00:00+00:00,12.563,9.266067,18.222721,187.8152,203.27292,7.0,0.0
2025-09-14 20:00:00+00:00,12.113,8.731391,18.514643,194.32275,206.56499,5.0,0.0
2025-09-14 21:00:00+00:00,11.712999,10.004178,21.026125,188.2758,201.0728,34.0,0.0
2025-09-14 22:00:00+00:00,11.313,9.375563,20.037485,183.3018,197.78398,100.0,0.0
2025-09-14 23:00:00+00:00,10.962999,10.453957,21.829777,182.96088,193.34874,100.0,0.0
2025-09-15 00:00:00+00:00,10.962999,11.157096,22.546032,169.7779,183.66187,100.0,0.0
2025-09-15 01:00:00+00:00,11.013,12.904882,25.13434,157.01126,168.85104,100.0,0.0
2025-09-15 02:00:00+00:00,10.962999,13.619471,26.012957,150.72484,161.43959,99.0,0.0
2025-09-15 03:00:00+00:00,11.313,15.661035,29.162222,142.4715,151.22029,94.0,0.0
2025-09-15 04:00:00+00:00,12.162999,18.080818,32.688713,136.6135,143.5086,80.0,0.0
2025-09-15 05:00:00+00:00,12.962999,22.159746,37.86765,136.97493,140.78726,100.0,0.0
2025-09-15 06:00:00+00:00,13.912999,25.790926,41.91527,139.5289,141.80127,100.0,0.0
2025-09-15 07:00:00+00:00,13.712999,26.538252,42.292336,141.88638,145.22766,100.0,2.0
2025-09-15 08:00:00+00:00,13.513,26.608969,42.416264,133.62962,137.23566,100.0,3.2
2025-09-15 09:00:00+00:00,14.013,23.667776,37.778564,152.8504,155.51088,100.0,0.5
2025-09-15 10:00:00+00:00,15.063,20.37899,32.93803,183.5447,185.95975,98.0,0.2
2025-09-15 11:00:00+00:00,16.013,21.068459,33.24498,196.88687,197.6502,87.0,0.2
2025-09-15 12:00:00+00:00,16.663,25.9225,38.488445,207.27667,207.88326,50.0,0.1
2025-09-15 13:00:00+00:00,15.813,20.196127,29.566608,216.66573,215.33502,100.0,1.5
2025-09-15 14:00:00+00:00,14.813,19.813087,31.073338,204.70241,206.11969,99.0,0.2
2025-09-15 15:00:00+00:00,15.063,21.868332,33.771473,200.22495,200.27019,96.0,0.1
2025-09-15 16:00:00+00:00,14.363,21.274294,33.353954,212.2109,212.6609,90.0,0.4
2025-09-15 17:00:00+00:00,14.063,21.171244,34.391304,206.78284,208.44283,100.0,1.2
2025-09-15 18:00:00+00:00,13.563,22.571884,37.11057,203.49858,206.19214,99.0,0.0
2025-09-15 19:00:00+00:00,13.363,24.482647,39.80972,199.76726,202.04199,96.0,0.0
2025-09-15 20:00:00+00:00,13.063,24.037247,39.61513,202.91693,205.28423,100.0,0.0
2025-09-15 21:00:00+00:00,13.113,23.869518,39.001472,200.7584,203.9625,100.0,0.0
2025-09-15 22:00:00+00:00,12.962999,22.775513,37.27391,199.86714,202.72632,100.0,0.0
2025-09-15 23:00:00+00:00,12.813,22.0285,36.301582,198.5831,201.22116,100.0,0.0
2025-09-16 00:00:00+00:00,12.712999,22.054958,36.433884,195.6243,197.53987,100.0,0.0
2025-09-16 01:00:00+00:00,12.513,23.34455,38.539337,199.83221,201.65239,99.0,0.0
2025-09-16 02:00:00+00:00,12.513,20.160805,33.33112,203.13145,205.59633,98.0,0.0
2025-09-16 03:00:00+00:00,12.412999,17.9973,30.305285,210.66885,214.35083,96.0,0.0
2025-09-16 04:00:00+00:00,11.863,15.94804,27.74862,216.74065,219.47243,59.0,0.0
2025-09-16 05:00:00+00:00,11.513,14.336861,25.59863,218.8845,223.00543,26.0,0.0
2025-09-16 06:00:00+00:00,11.962999,13.259049,23.046328,221.69804,226.5823,57.0,0.0
2025-09-16 07:00:00+00:00,12.863,11.837651,17.566378,224.38402,225.83023,46.0,0.0
2025-09-16 08:00:00+00:00,13.863,14.174356,19.639805,252.25523,252.39528,93.0,0.0
2025-09-16 09:00:00+00:00,14.863,19.26084,27.720583,269.46454,269.62796,70.0,0.2
2025-09-16 10:00:00+00:00,14.662999,18.930832,28.58545,273.27042,275.7823,65.0,1.1
2025-09-16 11:00:00+00:00,16.063,29.971485,44.009903,281.7823,283.24054,13.0,0.1
2025-09-16 12:00:00+00:00,16.863,31.864065,47.153126,276.16138,277.01642,19.0,0.0
2025-09-16 13:00:00+00:00,16.063,34.257267,50.721046,273.31335,274.27386,26.0,0.2
2025-09-16 14:00:00+00:00,15.962999,31.14832,46.261402,268.6755,269.55414,56.0,0.2
2025-09-16 15:00:00+00:00,15.563,32.232563,48.43639,268.4,268.5094,30.0,0.2
2025-09-16 16:00:00+00:00,15.063,30.266235,47.361893,267.6141,268.25772,29.0,0.4
2025-09-16 17:00:00+00:00,14.162999,26.882141,42.896687,262.30405,263.97852,24.0,0.0
2025-09-16 18:00:00+00:00,13.662999,25.845516,41.83945,255.47981,257.57816,31.0,0.0
2025-09-16 19:00:00+00:00,13.662999,24.929186,40.808823,255.36168,258.29358,54.0,0.0
2025-09-16 20:00:00+00:00,13.263,26.07081,41.912567,251.06458,253.2771,47.0,0.0
2025-09-16 21:00:00+00:00,13.113,24.735432,40.30071,248.66307,251.24126,58.0,0.0
2025-09-16 22:00:00+00:00,13.212999,24.840652,40.368587,246.96492,250.19142,53.0,0.0
2025-09-16 23:00:00+00:00,13.063,24.654745,39.771854,253.0202,255.58636,46.0,0.0
2025-09-17 00:00:00+00:00,13.063,22.840149,37.16553,263.21112,266.11215,26.0,0.0
2025-09-17 01:00:00+00:00,12.962999,23.456009,38.88,266.03976,270.0,49.0,0.0
2025-09-17 02:00:00+00:00,13.113,22.885496,37.981705,267.2952,270.54306,53.0,0.0
2025-09-17 03:00:00+00:00,13.162999,22.580494,37.9544,261.28864,264.83026,44.0,0.0
2025-09-17 04:00:00+00:00,13.313,23.53117,39.23876,256.28262,260.49454,32.0,0.0
2025-09-17 05:00:00+00:00,13.162999,22.35481,37.454273,255.06853,258.6361,49.0,0.0
2025-09-17 06:00:00+00:00,13.763,22.68357,37.672066,262.7059,266.98727,24.0,0.0
2025-09-17 07:00:00+00:00,14.813,24.485954,39.345543,271.26364,274.19757,19.0,0.0
2025-09-17 08:00:00+00:00,15.712999,27.397867,41.333424,273.01273,274.2455,14.0,0.0
2025-09-17 09:00:00+00:00,16.363,28.739748,42.821087,278.28226,278.9475,13.0,0.0
2025-09-17 10:00:00+00:00,16.663,28.766228,42.11,278.63705,279.09988,41.0,0.0
2025-09-17 11:00:00+00:00,16.763,28.087498,41.192085,276.62393,277.28018,10.0,0.0
2025-09-17 12:00:00+00:00,16.913,28.372133,41.606483,275.0956,275.7105,10.0,0.0
2025-09-17 13:00:00+00:00,16.813,27.475807,40.33486,275.2623,275.6342,47.0,0.0
2025-09-17 14:00:00+00:00,16.513,25.420818,37.333405,273.24728,273.59348,24.0,0.0
2025-09-17 15:00:00+00:00,16.063,23.59099,34.74746,268.2511,268.8127,18.0,0.0
2025-09-17 16:00:00+00:00,15.462999,20.991426,32.843464,264.09396,265.91446,19.0,0.0
2025-09-17 17:00:00+00:00,14.563,19.13426,31.367552,258.05585,260.75397,76.0,0.0
2025-09-17 18:00:00+00:00,13.863,16.640022,28.467329,254.30994,256.84244,92.0,0.0
2025-09-17 19:00:00+00:00,13.563,15.151039,26.48203,246.17574,249.71736,96.0,0.0
2025-09-17 20:00:00+00:00,12.912999,12.096214,22.752028,233.47105,239.5805,100.0,0.0
2025-09-17 21:00:00+00:00,12.363,12.241323,23.300787,216.02747,223.43498,45.0,0.0
2025-09-17 22:00:00+00:00,12.212999,11.442394,22.013786,199.29015,209.91911,100.0,0.0
2025-09-17 23:00:00+00:00,12.712999,10.63372,21.129883,182.91078,193.79951,100.0,0.0
2025-09-18 00:00:00+00:00,12.863,10.32924,19.917469,157.4569,173.77426,100.0,0.0
2025-09-18 01:00:00+00:00,13.013,12.55879,22.89611,152.70052,163.55954,100.0,0.1
2025-09-18 02:00:00+00:00,13.462999,14.297258,25.199999,169.11452,180.0,100.0,0.1
2025-09-18 03:00:00+00:00,13.962999,14.145756,25.056879,194.7436,204.17143,100.0,0.0
2025-09-18 04:00:00+00:00,14.613,14.766584,26.099998,225.98767,233.13002,100.0,0.0
2025-09-18 05:00:00+00:00,14.912999,14.879153,26.418333,235.34862,241.51425,98.0,0.0
2025-09-18 06:00:00+00:00,15.363,17.52298,29.387999,236.3099,239.03632,99.0,0.0
2025-09-18 07:00:00+00:00,16.063,19.62,30.83889,236.60149,239.09366,45.0,0.0
2025-09-18 08:00:00+00:00,16.913,20.774214,30.10685,242.10283,243.7414,63.0,0.0
2025-09-18 09:00:00+00:00,17.513,23.284098,33.47032,250.58444,251.1752,43.0,0.1
2025-09-18 10:00:00+00:00,17.613,25.956223,37.626884,251.81625,252.17169,41.0,0.0
2025-09-18 11:00:00+00:00,18.163,28.158926,41.041576,256.31906,256.81702,61.0,0.0
2025-09-18 12:00:00+00:00,18.063,29.598919,44.0592,251.56496,252.15714,63.0,0.2
2025-09-18 13:00:00+00:00,17.763,30.375233,44.978752,245.86514,246.40999,40.0,0.0
2025-09-18 14:00:00+00:00,17.663,31.933132,47.187817,251.25856,251.7723,30.0,0.0
2025-09-18 15:00:00+00:00,17.213001,30.021172,45.906,249.28305,249.57535,27.0,0.0
2025-09-18 16:00:00+00:00,16.713001,26.989199,42.748013,250.11475,251.33607,37.0,0.0
2025-09-18 17:00:00+00:00,15.962999,25.136274,40.66088,248.57947,249.80011,86.0,0.0
2025-09-18 18:00:00+00:00,15.313,24.077648,39.741295,251.70041,252.8781,100.0,0.0
2025-09-18 19:00:00+00:00,15.063,23.491207,38.592266,254.89885,255.96373,44.0,0.0
2025-09-18 20:00:00+00:00,14.763,22.277134,37.10795,254.05453,255.96373,38.0,0.0
2025-09-18 21:00:00+00:00,14.613,20.896288,35.23681,252.96976,254.89885,95.0,0.0
2025-09-18 22:00:00+00:00,14.662999,19.523985,33.010746,251.732,254.82703,96.0,0.0
2025-09-18 23:00:00+00:00,15.013,19.694992,32.96409,251.89613,255.129,93.0,0.0
2025-09-19 00:00:00+00:00,14.712999,19.866161,33.532215,252.05746,255.06853,100.0,0.0
2025-09-19 01:00:00+00:00,14.662999,17.304358,30.04275,251.18802,254.71472,38.0,0.0
2025-09-19 02:00:00+00:00,14.412999,17.682194,30.796837,247.87361,252.30627,29.0,0.0
2025-09-19 03:00:00+00:00,14.412999,17.325876,30.343214,246.09795,250.59758,20.0,0.0
2025-09-19 04:00:00+00:00,14.412999,16.584438,29.28418,244.26935,249.11412,32.0,0.0
2025-09-19 05:00:00+00:00,14.412999,15.539537,28.251398,244.6223,249.4866,97.0,0.0
2025-09-19 06:00:00+00:00,15.063,14.734735,26.48203,244.68715,249.71736,100.0,0.0
2025-09-19 07:00:00+00:00,15.912999,13.089354,23.265303,238.49579,242.84029,100.0,0.1
2025-09-19 08:00:00+00:00,16.263,14.083778,24.512405,231.22581,236.0765,100.0,1.4
2025-09-19 09:00:00+00:00,17.163,23.566256,38.72302,247.54842,249.88028,100.0,0.6
2025-09-19 10:00:00+00:00,18.263,21.461555,33.29173,247.30617,248.42863,100.0,0.0
2025-09-19 11:00:00+00:00,18.213001,17.972979,29.060385,240.61108,243.1176,100.0,0.0
2025-09-19 12:00:00+00:00,18.663,18.553972,29.808891,239.70364,241.11351,100.0,0.0
2025-09-19 13:00:00+00:00,19.613,21.103033,32.696644,241.46764,241.74207,100.0,0.0
2025-09-19 14:00:00+00:00,19.663,21.347271,33.5153,241.27397,241.09492,100.0,0.0
2025-09-19 15:00:00+00:00,19.413,17.134071,27.723507,238.31367,238.27069,100.0,0.0
2025-09-19 16:00:00+00:00,19.013,17.581125,28.766228,222.5104,224.49303,100.0,0.0
2025-09-19 17:00:00+00:00,18.313,19.72869,32.608326,225.36961,227.237,99.0,0.1
2025-09-19 18:00:00+00:00,17.563,18.720863,31.14052,226.94807,229.21918,100.0,0.0
2025-09-19 19:00:00+00:00,16.863,19.26084,32.038483,217.40543,220.67104,100.0,0.0
2025-09-19 20:00:00+00:00,16.663,19.95972,32.647057,219.14398,221.42357,100.0,0.2
2025-09-19 21:00:00+00:00,16.563,20.051224,32.766426,220.26648,221.65958,100.0,0.2
2025-09-19 22:00:00+00:00,16.413,20.188908,33.62581,219.93633,222.83073,100.0,0.0
2025-09-19 23:00:00+00:00,16.663,19.881649,33.093575,222.06425,224.55931,100.0,0.0
2025-09-20 00:00:00+00:00,16.213001,18.183563,30.813663,215.73557,219.54842,100.0,0.0
2025-09-20 01:00:00+00:00,16.113,19.201874,32.604355,210.411,214.65521,100.0,0.3
2025-09-20 02:00:00+00:00,16.013,15.986593,28.255413,215.83774,219.57187,100.0,0.0
2025-09-20 03:00:00+00:00,15.763,12.961249,23.929848,217.66568,224.39056,100.0,0.0
2025-09-20 04:00:00+00:00,15.412999,11.594292,22.039528,207.75845,218.36752,94.0,0.0
2025-09-20 05:00:00+00:00,15.162999,11.442394,21.794127,199.29015,210.80138,16.0,0.0
2025-09-20 06:00:00+00:00,15.162999,10.874741,20.562586,192.42593,203.19861,73.0,0.0
2025-09-20 07:00:00+00:00,16.413,11.672275,17.085783,197.03786,200.3442,98.0,0.0
2025-09-20 08:00:00+00:00,17.413,12.224107,17.33429,193.62701,195.04645,53.0,0.0
2025-09-20 09:00:00+00:00,18.713001,13.979871,19.778715,191.88864,193.15096,35.0,0.0
2025-09-20 10:00:00+00:00,20.213001,17.25373,24.014996,203.35558,203.87529,100.0,0.0
2025-09-20 11:00:00+00:00,21.113,19.567083,28.002007,219.40063,219.5226,47.0,0.0
2025-09-20 12:00:00+00:00,21.513,19.09358,28.019936,225.76381,227.08257,51.0,0.0
2025-09-20 13:00:00+00:00,22.613,19.373219,28.660725,221.98714,222.70937,100.0,0.0
2025-09-20 14:00:00+00:00,22.263,21.643456,32.090523,226.34781,226.81828,100.0,0.0
2025-09-20 15:00:00+00:00,21.213001,21.072304,32.707043,235.08809,235.0854,100.0,0.0
2025-09-20 16:00:00+00:00,19.863,19.72869,32.016228,238.05006,238.09709,100.0,0.2
2025-09-20 17:00:00+00:00,18.163,19.228851,32.14802,231.84273,233.19417,100.0,1.3
2025-09-20 18:00:00+00:00,17.313,14.275713,24.819775,221.93343,225.29381,100.0,0.5
2025-09-20 19:00:00+00:00,16.763,12.241323,22.66857,233.97253,237.31944,100.0,1.3
2025-09-20 20:00:00+00:00,16.513,17.84271,29.655787,210.96368,213.11134,100.0,0.1
2025-09-20 21:00:00+00:00,16.063,20.570463,33.985218,212.85571,216.38445,100.0,0.0
2025-09-20 22:00:00+00:00,15.263,21.916433,36.18403,213.95113,217.72505,100.0,0.0
2025-09-20 23:00:00+00:00,14.912999,19.540573,33.459187,211.0542,215.1436,100.0,0.0
2025-09-21 00:00:00+00:00,14.962999,17.254667,30.03466,200.13638,205.18282,100.0,0.0
2025-09-21 01:00:00+00:00,16.313,20.793701,34.94968,200.78831,204.98122,100.0,0.0
2025-09-21 02:00:00+00:00,16.263,18.913708,32.136932,188.20712,192.94652,65.0,0.0
2025-09-21 03:00:00+00:00,16.363,21.618742,36.19835,182.3859,188.29118,63.0,0.0
2025-09-21 04:00:00+00:00,16.713001,23.319553,38.81536,188.88058,193.13403,95.0,0.0
2025-09-21 05:00:00+00:00,17.263,27.208593,44.009907,202.1534,203.6294,100.0,0.0
2025-09-21 06:00:00+00:00,17.363,29.406729,47.52988,213.00917,214.35213,100.0,0.1
2025-09-21 07:00:00+00:00,17.013,31.53084,49.22465,220.60121,221.44205,100.0,0.1
2025-09-21 08:00:00+00:00,16.513,28.211803,44.262802,220.60121,221.20775,100.0,0.1
2025-09-21 09:00:00+00:00,16.813,25.354454,39.36407,222.41045,222.59088,100.0,0.2
2025-09-21 10:00:00+00:00,16.413,26.711052,39.806053,230.19447,231.05695,86.0,0.4
2025-09-21 11:00:00+00:00,15.712999,24.130743,34.920464,268.29022,270.29532,97.0,0.3
2025-09-21 12:00:00+00:00,14.513,22.917328,33.065662,274.05347,274.99667,48.0,0.0
2025-09-21 13:00:00+00:00,14.412999,27.698952,40.571934,278.97253,279.96375,98.0,0.0
2025-09-21 14:00:00+00:00,13.863,28.46619,41.77435,276.90024,277.67612,56.0,0.0
2025-09-21 15:00:00+00:00,13.263,30.496588,43.514603,274.06143,274.5077,17.0,0.0
2025-09-21 16:00:00+00:00,12.763,28.620564,43.56595,269.63965,270.94693,19.0,0.0
2025-09-21 17:00:00+00:00,11.962999,26.319422,41.58974,266.8637,268.76004,15.0,0.0
2025-09-21 18:00:00+00:00,11.712999,25.153671,40.371796,260.9422,263.8574,34.0,0.0
2025-09-21 19:00:00+00:00,11.912999,24.407097,39.67847,255.04132,258.4862,36.0,0.0
2025-09-21 20:00:00+00:00,12.162999,25.210283,40.728157,268.36346,272.78647,21.0,0.0
2025-09-21 21:00:00+00:00,12.162999,25.244318,41.258102,280.26825,283.36935,2.0,0.0
2025-09-21 22:00:00+00:00,12.013,25.975565,42.533737,284.03625,286.97803,2.0,0.0
2025-09-21 23:00:00+00:00,11.962999,25.932495,42.43001,283.65045,286.51306,0.0,0.0
2025-09-22 00:00:00+00:00,11.712999,25.59863,41.958923,280.1246,283.142,0.0,0.0
2025-09-22 01:00:00+00:00,11.313,25.40743,41.553497,277.32632,280.4824,1.0,0.0
2025-09-22 02:00:00+00:00,11.063,25.421455,41.60843,280.19592,283.25473,0.0,0.0
2025-09-22 03:00:00+00:00,10.662999,25.91125,42.521545,281.62213,284.21274,4.0,0.0
2025-09-22 04:00:00+00:00,10.462999,26.06584,42.452915,283.17255,285.74524,4.0,0.0
2025-09-22 05:00:00+00:00,10.412999,26.533978,42.923866,286.95993,289.34683,11.0,0.0
2025-09-22 06:00:00+00:00,10.613,24.602781,39.569305,286.57886,289.67145,9.0,0.0
2025-09-22 07:00:00+00:00,11.162999,26.241135,40.850483,288.8079,290.9107,10.0,0.0
2025-09-22 08:00:00+00:00,11.763,28.251398,42.31646,290.5134,291.98248,15.0,0.0
2025-09-22 09:00:00+00:00,12.162999,28.814058,42.547066,292.39966,293.9625,10.0,0.1
2025-09-22 10:00:00+00:00,12.363,27.978855,40.846912,291.11697,292.27032,7.0,0.0
2025-09-22 11:00:00+00:00,12.563,28.236486,41.186974,289.35907,290.73196,14.0,0.0
2025-09-22 12:00:00+00:00,12.863,29.052023,42.51812,290.68076,291.35104,21.0,0.0
2025-09-22 13:00:00+00:00,11.563,25.239185,37.136314,290.8909,292.21402,29.0,0.5
2025-09-22 14:00:00+00:00,11.412999,24.567856,36.540443,291.48965,292.90213,38.0,0.0
2025-09-22 15:00:00+00:00,11.813,22.868502,33.567947,295.15308,296.42758,81.0,0.2
2025-09-22 16:00:00+00:00,10.412999,14.224556,23.0407,271.4502,277.18045,33.0,0.3
2025-09-22 17:00:00+00:00,10.162999,15.137133,25.39021,272.72626,279.79614,25.0,0.2
2025-09-22 18:00:00+00:00,10.063,16.383955,28.048252,268.74097,275.89343,33.0,0.1
2025-09-22 19:00:00+00:00,10.162999,15.3042345,27.16569,271.34784,279.15018,19.0,0.0
2025-09-22 20:00:00+00:00,10.162999,13.339445,24.66591,273.094,283.93484,41.0,0.0
2025-09-22 21:00:00+00:00,10.212999,11.013882,21.749481,281.3099,294.44394,23.0,0.0
2025-09-22 22:00:00+00:00,10.063,9.9587345,20.291357,276.22574,295.20108,19.0,0.0
2025-09-22 23:00:00+00:00,9.863,10.1376915,20.206554,276.11542,295.88022,17.0,0.0
2025-09-23 00:00:00+00:00,9.712999,9.919618,20.035059,281.5138,301.4051,15.0,0.0
2025-09-23 01:00:00+00:00,8.912999,9.743305,19.672773,281.72507,302.6722,4.0,0.0
2025-09-23 02:00:00+00:00,8.912999,8.836514,17.816362,273.50345,299.67297,5.0,0.0
2025-09-23 03:00:00+00:00,9.013,8.707238,17.326813,277.1249,304.8458,5.0,0.0
2025-09-23 04:00:00+00:00,9.013,7.7420926,16.674063,287.5925,315.43732,6.0,0.0
2025-09-23 05:00:00+00:00,9.063,7.289444,16.176983,290.22495,317.25458,5.0,0.0
2025-09-23 06:00:00+00:00,9.462999,8.211235,17.123669,296.0033,320.11737,6.0,0.0
2025-09-23 07:00:00+00:00,10.712999,8.320986,16.019999,308.8534,334.0108,8.0,0.0
2025-09-23 08:00:00+00:00,12.162999,7.120815,13.418153,339.27435,353.06573,9.0,0.0
2025-09-23 09:00:00+00:00,13.013,10.661107,14.759999,11.689341,12.680387,12.0,0.0
2025-09-23 10:00:00+00:00,13.513,10.132897,13.627795,12.308005,12.200457,15.0,0.0
2025-09-23 11:00:00+00:00,13.813,9.9571085,13.31635,12.528798,13.284886,20.0,0.0
2025-09-23 12:00:00+00:00,14.013,9.3962755,12.472065,20.17074,20.265789,21.0,0.0
2025-09-23 13:00:00+00:00,14.162999,8.131936,10.706596,27.699385,26.995766,29.0,0.0
2025-09-23 14:00:00+00:00,14.063,8.65873,11.466438,43.315353,42.455162,32.0,0.0
2025-09-23 15:00:00+00:00,13.662999,9.299225,12.738099,47.353336,47.290634,20.0,0.0
2025-09-23 16:00:00+00:00,12.863,8.536252,14.387619,42.436188,43.479294,11.0,0.0
2025-09-23 17:00:00+00:00,11.162999,8.6193495,17.595861,28.705854,30.762655,1.0,0.0
2025-09-23 18:00:00+00:00,9.912999,8.723967,18.75631,21.801476,26.810886,3.0,0.0
2025-09-23 19:00:00+00:00,9.212999,6.6185193,16.454992,22.380184,30.21124,8.0,0.0
2025-09-23 20:00:00+00:00,8.462999,5.2416787,14.539945,15.945477,31.328646,23.0,0.0
2025-09-23 21:00:00+00:00,7.663,4.323748,11.770403,357.6141,23.428713,1.0,0.0
2025-09-23 22:00:00+00:00,7.263,3.9312592,10.041354,344.05453,14.534496,1.0,0.0
2025-09-23 23:00:00+00:00,7.063,4.445672,9.9587345,338.6293,6.2257357,24.0,0.0
2025-09-24 00:00:00+00:00,7.013,5.068846,10.837435,343.49554,4.763556,19.0,0.0
2025-09-24 01:00:00+00:00,5.213,4.8633323,11.448055,2.1210518,16.44046,6.0,0.0
2025-09-24 02:00:00+00:00,4.713,4.6834598,11.726277,2.2025495,17.87879,2.0,0.0
2025-09-24 03:00:00+00:00,4.613,3.7842832,10.636766,2.7262611,23.962492,1.0,0.0
2025-09-24 04:00:00+00:00,4.313,2.907989,8.863972,338.19852,23.962492,100.0,0.0
2025-09-24 05:00:00+00:00,4.063,3.189608,8.723967,343.61038,21.801476,100.0,0.0
2025-09-24 06:00:00+00:00,4.213,5.4119864,9.668195,356.186,24.179106,100.0,0.0
2025-09-24 07:00:00+00:00,5.663,3.9844694,8.936778,18.435053,34.33027,100.0,0.0
2025-09-24 08:00:00+00:00,8.763,1.659518,6.015878,40.601215,51.072456,42.0,0.0
2025-09-24 09:00:00+00:00,11.763,2.3400002,4.6800003,67.3801,67.3801,5.0,0.0
2025-09-24 10:00:00+00:00,13.063,3.7971036,5.0432134,84.55976,87.95464,51.0,0.0
2025-09-24 11:00:00+00:00,13.763,3.536439,4.724786,104.743614,107.74477,2.0,0.0
2025-09-24 12:00:00+00:00,14.212999,3.381893,4.4274144,115.20109,116.56499,11.0,0.0
2025-09-24 13:00:00+00:00,14.662999,3.01735,3.9844694,107.35411,108.43504,17.0,0.0
2025-09-24 14:00:00+00:00,14.613,3.1072817,3.9966488,100.00792,97.76508,27.0,0.0
2025-09-24 15:00:00+00:00,14.313,3.9966488,4.8899083,97.76508,96.340096,26.0,0.0
2025-09-24 16:00:00+00:00,13.513,4.9785542,8.731391,102.5288,104.32276,88.0,0.0
2025-09-24 17:00:00+00:00,11.513,5.3939967,13.432632,115.70991,122.412285,80.0,0.0
2025-09-24 18:00:00+00:00,9.763,4.39436,11.919479,124.992096,128.25447,89.0,0.0
2025-09-24 19:00:00+00:00,9.162999,3.244996,10.472535,109.440125,118.767555,2.0,0.0
2025-09-24 20:00:00+00:00,8.712999,2.4482646,10.310403,107.10281,106.22027,2.0,0.0
2025-09-24 21:00:00+00:00,8.313,2.34,10.266314,90.0,92.009514,2.0,0.0
2025-09-24 22:00:00+00:00,7.863,3.1072817,11.230904,79.99209,83.5585,0.0,0.0
2025-09-24 23:00:00+00:00,7.463,4.3832865,12.525207,70.8209,82.56869,0.0,0.0
2025-09-25 00:00:00+00:00,7.163,4.0449967,12.168319,57.724377,82.34945,0.0,0.0
2025-09-25 01:00:00+00:00,6.513,5.6492476,15.24909,59.349415,82.53953,0.0,0.0
2025-09-25 02:00:00+00:00,6.563,5.6492476,14.917212,59.349415,81.67444,0.0,0.0
2025-09-25 03:00:00+00:00,6.613,5.5916004,14.766584,56.82148,80.88222,0.0,0.0
2025-09-25 04:00:00+00:00,6.663,5.5596404,15.048042,60.94549,83.130104,0.0,0.0
2025-09-25 05:00:00+00:00,6.463,5.3426957,14.133153,57.380775,83.41815,0.0,0.0
2025-09-25 06:00:00+00:00,7.063,4.752136,12.662843,52.695976,84.2895,0.0,0.0
2025-09-25 07:00:00+00:00,8.712999,5.983477,10.8955765,43.7812,82.40546,0.0,0.0
2025-09-25 08:00:00+00:00,10.912999,3.536439,8.2584505,14.743609,73.53991,0.0,0.0
2025-09-25 09:00:00+00:00,12.962999,3.1845248,4.3536186,47.290634,60.255207,0.0,0.0
2025-09-25 10:00:00+00:00,13.962999,3.396233,4.186693,57.99466,64.5367,0.0,0.0
2025-09-25 11:00:00+00:00,14.613,4.7110505,5.983477,43.451904,46.2188,0.0,0.0
2025-09-25 12:00:00+00:00,15.063,6.7469993,8.790563,46.080845,47.489597,8.0,0.0
2025-09-25 13:00:00+00:00,15.613,9.255571,12.267762,76.50425,75.55593,9.0,0.0
2025-09-25 14:00:00+00:00,15.162999,11.367109,15.463244,79.04598,77.90526,0.0,0.0
2025-09-25 15:00:00+00:00,14.412999,12.783802,18.258247,80.2725,80.35203,0.0,0.0
2025-09-25 16:00:00+00:00,13.412999,12.145665,20.436144,83.19105,84.44015,0.0,0.0
2025-09-25 17:00:00+00:00,11.863,11.609651,22.08432,82.875084,83.91776,0.0,0.0
2025-09-25 18:00:00+00:00,10.763,12.431734,24.739359,87.5105,85.40954,0.0,0.0
2025-09-25 19:00:00+00:00,10.563,13.276144,26.680105,102.5288,97.364655,0.0,0.0
2025-09-25 20:00:00+00:00,10.513,12.3165245,25.436745,116.939445,112.027336,0.0,0.0
2025-09-25 21:00:00+00:00,10.313,10.837435,23.375757,122.106224,119.525894,0.0,0.0
2025-09-25 22:00:00+00:00,10.212999,9.292255,21.639713,121.534744,121.045425,0.0,0.0
2025-09-25 23:00:00+00:00,10.113,7.0911775,19.091883,113.962494,118.73969,0.0,0.0
2025-09-26 00:00:00+00:00,9.513,5.8298883,16.50218,98.88058,116.56499,0.0,0.0
2025-09-26 01:00:00+00:00,7.963,4.73506,14.174356,98.74608,130.36446,0.0,0.0
2025-09-26 02:00:00+00:00,7.663,4.186693,11.770403,64.5367,113.42871,0.0,0.0
2025-09-26 03:00:00+00:00,7.813,5.09435,13.110376,57.99466,98.68627,0.0,0.0
2025-09-26 04:00:00+00:00,8.212999,8.211235,16.563911,63.996716,91.24534,0.0,0.0
2025-09-26 05:00:00+00:00,8.513,9.430694,20.719555,76.75947,92.4895,6.0,0.0
2025-09-26 06:00:00+00:00,9.412999,11.183201,23.177402,86.308685,96.24182,36.0,0.0
2025-09-26 07:00:00+00:00,11.212999,12.251905,22.668568,92.52606,100.06063,60.0,0.0
2025-09-26 08:00:00+00:00,13.113,14.545515,21.697279,102.144264,103.92098,54.0,0.0
2025-09-26 09:00:00+00:00,14.013,19.098671,27.231804,113.90766,114.19321,46.0,0.1
2025-09-26 10:00:00+00:00,14.363,22.702845,32.84692,117.37762,117.407486,80.0,0.2
2025-09-26 11:00:00+00:00,14.162999,22.140732,32.452957,117.6066,118.12848,60.0,0.1
2025-09-26 12:00:00+00:00,14.563,21.52261,31.122828,119.56648,119.826996,29.0,0.1
2025-09-26 13:00:00+00:00,14.813,22.406927,32.476906,113.682106,113.86577,38.0,0.0
2025-09-26 14:00:00+00:00,14.863,23.75045,34.695667,115.59399,116.16619,67.0,0.0
2025-09-26 15:00:00+00:00,14.412999,20.393293,31.75406,110.67451,111.620544,44.0,0.0
2025-09-26 16:00:00+00:00,14.212999,16.546297,27.275196,104.48981,106.88041,17.0,0.0
2025-09-26 17:00:00+00:00,13.462999,16.986889,29.826818,105.36168,108.65373,0.0,0.0
2025-09-26 18:00:00+00:00,12.912999,16.293728,29.826818,106.03241,108.65373,1.0,0.0
2025-09-26 19:00:00+00:00,12.763,16.108742,30.318111,108.23258,111.23296,14.0,0.0
2025-09-26 20:00:00+00:00,12.962999,17.965767,32.125336,114.253914,117.71359,7.0,0.0
2025-09-26 21:00:00+00:00,12.613,17.15297,30.83889,118.1785,120.90634,15.0,0.0
2025-09-26 22:00:00+00:00,12.263,14.974658,27.818588,115.64096,119.882744,25.0,0.0
2025-09-26 23:00:00+00:00,12.063,14.292725,26.912258,121.08744,124.64674,89.0,0.0
2025-09-27 00:00:00+00:00,12.063,13.979872,26.099998,124.50858,126.86998,52.0,0.0
2025-09-27 01:00:00+00:00,11.263,12.570394,24.31333,119.1342,123.21949,22.0,0.0
2025-09-27 02:00:00+00:00,11.063,11.672275,23.270874,107.03786,115.177505,14.0,0.0
2025-09-27 03:00:00+00:00,10.813,12.616703,24.80149,104.03627,111.72425,26.0,0.0
2025-09-27 04:00:00+00:00,11.063,13.948548,26.640608,107.26589,112.232796,50.0,0.0
2025-09-27 05:00:00+00:00,11.162999,14.687382,27.306065,109.32328,114.53771,23.0,0.0
2025-09-27 06:00:00+00:00,11.363,15.486278,28.20032,109.69871,114.11102,16.0,0.0
2025-09-27 07:00:00+00:00,12.513,16.965895,28.420055,107.281586,110.38624,14.0,0.0
2025-09-27 08:00:00+00:00,13.613,20.82484,31.106167,112.35325,113.895164,9.0,0.0
2025-09-27 09:00:00+00:00,14.212999,21.531641,31.34378,113.13573,114.06271,6.0,0.0
2025-09-27 10:00:00+00:00,14.662999,22.335236,32.148018,113.25925,114.12536,3.0,0.0
2025-09-27 11:00:00+00:00,14.912999,22.335236,32.296833,113.25925,114.70821,0.0,0.0
2025-09-27 12:00:00+00:00,15.063,22.39608,32.35847,111.20289,112.57088,0.0,0.0
2025-09-27 13:00:00+00:00,15.412999,23.469818,34.085175,113.02552,113.99321,0.0,0.0
2025-09-27 14:00:00+00:00,15.412999,23.358425,34.54734,114.5901,114.96276,10.0,0.0
2025-09-27 15:00:00+00:00,15.412999,21.900904,34.131718,115.301346,116.29472,0.0,0.0
2025-09-27 16:00:00+00:00,14.813,19.084246,31.957981,115.11481,116.42067,47.0,0.0
2025-09-27 17:00:00+00:00,13.813,17.072504,30.34962,114.94388,117.17287,31.0,0.0
2025-09-27 18:00:00+00:00,13.263,16.341383,29.96662,116.84721,118.72023,21.0,0.0
2025-09-27 19:00:00+00:00,13.013,16.332458,29.954185,121.938416,123.976585,92.0,0.0
2025-09-27 20:00:00+00:00,12.813,16.075521,29.485405,124.04598,126.31035,66.0,0.0
2025-09-27 21:00:00+00:00,12.313,15.552041,28.78706,127.00261,129.16336,6.0,0.0
2025-09-27 22:00:00+00:00,11.763,14.545515,27.125109,130.98573,133.11774,0.0,0.0
2025-09-27 23:00:00+00:00,11.263,13.466357,25.890608,127.94221,131.33572,17.0,0.0
2025-09-28 00:00:00+00:00,11.063,12.881008,25.41763,123.02388,127.51919,10.0,0.0
2025-09-28 01:00:00+00:00,10.662999,13.306615,26.282465,120.033195,126.08517,5.0,0.0
2025-09-28 02:00:00+00:00,10.662999,13.217443,26.310186,119.357666,124.12499,0.0,0.0
2025-09-28 03:00:00+00:00,10.662999,12.440851,25.131119,121.39022,125.967125,0.0,0.0
2025-09-28 04:00:00+00:00,10.613,12.081473,24.363249,118.47411,124.159744,1.0,0.0
2025-09-28 05:00:00+00:00,10.513,12.3165245,25.319286,116.939445,122.221245,23.0,0.0
2025-09-28 06:00:00+00:00,10.962999,12.659004,25.012228,119.84584,124.14756,28.0,0.0
2025-09-28 07:00:00+00:00,12.313,13.929953,23.940676,122.868675,126.4392,36.0,0.0
2025-09-28 08:00:00+00:00,13.662999,14.004185,21.817902,127.16456,127.6263,23.0,0.0
2025-09-28 09:00:00+00:00,14.563,16.478603,23.623928,130.12604,130.36446,20.0,0.0
2025-09-28 10:00:00+00:00,15.162999,16.732256,23.740902,130.2001,130.69543,31.0,0.0
2025-09-28 11:00:00+00:00,15.563,16.755476,23.623928,129.3327,130.36446,16.0,0.0
2025-09-28 12:00:00+00:00,15.712999,16.596157,23.333443,126.62142,128.10762,14.0,0.0
2025-09-28 13:00:00+00:00,15.962999,18.807201,26.45755,129.17365,129.75562,100.0,0.0
2025-09-28 14:00:00+00:00,15.412999,18.022486,25.968079,124.00754,125.122246,90.0,0.0
2025-09-28 15:00:00+00:00,14.912999,17.640919,26.121714,118.65702,119.74478,85.0,0.0
2025-09-28 16:00:00+00:00,14.263,15.509274,25.294964,111.801476,114.376465,94.0,0.0
2025-09-28 17:00:00+00:00,13.613,14.288191,24.936985,109.11983,112.49265,100.0,0.0
2025-09-28 18:00:00+00:00,13.513,14.584443,25.840504,114.03429,116.92196,100.0,0.0
2025-09-28 19:00:00+00:00,13.263,13.708391,25.518135,113.198616,116.38425,69.0,0.0
2025-09-28 20:00:00+00:00,12.662999,13.543131,26.16509,113.49858,117.44637,52.0,0.0
2025-09-28 21:00:00+00:00,12.613,13.729647,26.42753,124.31515,127.806595,70.0,0.0
2025-09-28 22:00:00+00:00,12.513,12.98248,24.835434,135.0001,137.0559,91.0,0.0
2025-09-28 23:00:00+00:00,12.162999,11.334285,22.240019,136.93057,140.25385,20.0,0.0
2025-09-29 00:00:00+00:00,11.863,9.422101,19.340576,136.54811,141.42345,40.0,0.0
2025-09-29 01:00:00+00:00,11.662999,10.957846,21.365477,137.66306,140.8125,25.0,0.1
2025-09-29 02:00:00+00:00,11.462999,11.753876,22.546032,130.0302,137.26479,41.0,0.1
2025-09-29 03:00:00+00:00,11.162999,11.782784,22.707127,124.41843,131.1431,28.0,0.0
2025-09-29 04:00:00+00:00,11.063,11.119281,21.744267,119.05451,126.58541,24.0,0.0
2025-09-29 05:00:00+00:00,10.962999,11.298495,22.140732,120.65059,126.40418,26.0,0.1
2025-09-29 06:00:00+00:00,10.962999,11.638917,22.322903,121.72356,127.79401,51.0,0.0
2025-09-29 07:00:00+00:00,11.912999,12.739371,21.702505,113.30492,120.39319,45.0,0.1
2025-09-29 08:00:00+00:00,12.763,16.50709,25.006397,117.96214,120.256355,77.0,0.2
2025-09-29 09:00:00+00:00,13.462999,16.34832,24.344624,110.62997,113.532364,29.0,0.4
2025-09-29 10:00:00+00:00,14.263,16.759342,24.069572,114.08745,116.18175,36.0,0.0
2025-09-29 11:00:00+00:00,14.962999,17.174677,24.363249,123.02387,124.159744,31.0,0.1
2025-09-29 12:00:00+00:00,15.063,18.000898,25.501621,130.53906,131.56627,54.0,0.0
2025-09-29 13:00:00+00:00,14.613,18.75631,27.54941,127.19989,128.36752,77.0,0.0
2025-09-29 14:00:00+00:00,14.313,17.077248,26.310186,122.5175,124.12499,94.0,0.0
2025-09-29 15:00:00+00:00,13.962999,15.3264475,24.734123,123.50346,126.11943,99.0,0.0
2025-09-29 16:00:00+00:00,13.412999,14.481893,24.066206,122.307304,124.641014,99.0,0.0
2025-09-29 17:00:00+00:00,12.763,13.217443,23.11441,119.357666,123.566345,81.0,0.0
2025-09-29 18:00:00+00:00,11.962999,12.033103,22.396078,111.960625,118.83087,31.0,0.0
2025-09-29 19:00:00+00:00,11.363,14.192631,25.035532,105.44638,111.95446,89.0,0.0
2025-09-29 20:00:00+00:00,11.113,13.83192,24.490585,108.19926,114.30454,85.0,0.1
2025-09-29 21:00:00+00:00,11.063,14.874796,25.518135,111.286476,116.38425,98.0,0.1
2025-09-29 22:00:00+00:00,10.712999,16.309628,27.619884,132.31616,135.26402,100.0,0.0
2025-09-29 23:00:00+00:00,10.613,14.896563,25.608755,136.46873,137.56381,60.0,0.0
2025-09-30 00:00:00+00:00,10.763,12.791403,22.922983,129.28938,133.09087,30.0,0.0
2025-09-30 01:00:00+00:00,9.763,10.248941,20.35274,120.61853,128.89722,75.0,0.0
2025-09-30 02:00:00+00:00,9.462999,10.814989,21.2522,108.43504,116.13094,15.0,0.0
2025-09-30 03:00:00+00:00,9.162999,10.837435,21.976223,101.49654,109.62235,14.0,0.0
2025-09-30 04:00:00+00:00,9.063,10.51576,21.960737,96.88163,104.71971,27.0,0.0
2025-09-30 05:00:00+00:00,9.063,11.881363,23.956234,89.131966,97.33852,34.0,0.0
2025-09-30 06:00:00+00:00,9.462999,13.5012,25.47175,89.23612,94.864426,43.0,0.0
2025-09-30 07:00:00+00:00,10.563,12.971244,23.074429,87.614105,93.13018,51.0,0.0
2025-09-30 08:00:00+00:00,11.613,14.897651,22.26477,101.85298,104.03627,41.0,0.0
2025-09-30 09:00:00+00:00,12.313,17.629896,25.52004,116.04176,117.2879,38.0,0.2
2025-09-30 10:00:00+00:00,12.912999,17.630812,25.125961,117.34979,118.21726,36.0,0.1
2025-09-30 11:00:00+00:00,13.063,17.468348,24.798225,116.30096,117.68098,60.0,0.1
2025-09-30 12:00:00+00:00,13.212999,15.697197,22.065973,116.56499,118.23736,52.0,0.0
2025-09-30 13:00:00+00:00,13.313,14.512064,20.36865,113.38525,115.65922,41.0,0.0
2025-09-30 14:00:00+00:00,13.212999,14.118243,19.787722,109.359085,111.89825,27.0,0.0
2025-09-30 15:00:00+00:00,12.813,13.277364,19.18246,105.73207,108.605064,23.0,0.0
2025-09-30 16:00:00+00:00,12.113,10.538843,17.769016,97.853226,103.473175,3.0,0.0
2025-09-30 17:00:00+00:00,10.813,8.459999,17.050665,90.0,100.95402,5.0,0.0
2025-09-30 18:00:00+00:00,10.212999,7.562142,16.293728,88.6361,106.03241,16.0,0.0
2025-09-30 19:00:00+00:00,9.813,5.9399996,14.372974,90.0,112.067955,23.0,0.0
2025-09-30 20:00:00+00:00,9.563,5.2478566,13.217443,95.906044,119.357666,38.0,0.0
2025-09-30 21:00:00+00:00,9.412999,5.4119864,12.594856,93.814,120.963684,34.0,0.0
2025-09-30 22:00:00+00:00,9.212999,6.9527545,14.84318,111.25058,129.09386,25.0,0.0
2025-09-30 23:00:00+00:00,9.063,7.9036193,16.932442,120.0685,136.2921,30.0,0.0
2025-10-01 00:00:00+00:00,8.613,9.059205,18.414625,130.97165,140.553,9.0,0.0
2025-10-01 01:00:00+00:00,8.113,8.043805,17.570988,139.53786,150.54642,4.0,0.0
2025-10-01 02:00:00+00:00,7.763,7.6388745,17.655605,145.56096,156.57129,6.0,0.0
2025-10-01 03:00:00+00:00,7.563,6.114703,15.94601,137.38599,151.69934,7.0,0.0
2025-10-01 04:00:00+00:00,7.163,4.978554,14.178927,130.60121,146.91515,9.0,0.0
2025-10-01 05:00:00+00:00,7.213,5.1165614,14.277983,129.28938,146.3099,9.0,0.0
2025-10-01 06:00:00+00:00,7.413,8.027678,16.084589,132.27364,148.26653,9.0,0.0
2025-10-01 07:00:00+00:00,8.313,7.7420926,15.056652,144.46223,152.20966,11.0,0.0
2025-10-01 08:00:00+00:00,10.063,5.6060677,14.813683,137.60262,152.50095,16.0,0.0
2025-10-01 09:00:00+00:00,11.563,8.39078,11.681987,144.60512,146.3099,16.0,0.0
2025-10-01 10:00:00+00:00,12.513,10.296251,14.041154,143.53067,143.86453,16.0,0.0
2025-10-01 11:00:00+00:00,13.212999,11.4862,15.683774,147.80429,148.13406,19.0,0.0
2025-10-01 12:00:00+00:00,13.563,12.13499,16.485485,147.72438,148.39255,23.0,0.0
2025-10-01 13:00:00+00:00,13.513,12.996199,17.972979,149.17241,150.61108,34.0,0.1
2025-10-01 14:00:00+00:00,13.363,11.679212,16.58346,151.46011,152.87878,32.0,0.1
2025-10-01 15:00:00+00:00,13.263,10.304114,15.463246,152.98741,155.22488,18.0,0.1
2025-10-01 16:00:00+00:00,12.462999,7.9383874,14.731437,147.0306,153.12193,10.0,0.0
2025-10-01 17:00:00+00:00,10.863,9.688281,19.24738,144.83348,155.11261,2.0,0.0
2025-10-01 18:00:00+00:00,10.063,12.257194,23.44841,150.04648,155.99284,0.0,0.0
2025-10-01 19:00:00+00:00,9.263,12.24,24.5817,151.92761,156.2505,0.0,0.0
2025-10-01 20:00:00+00:00,8.813,11.91812,24.334642,154.98314,158.74942,0.0,0.0
2025-10-01 21:00:00+00:00,8.462999,10.474082,22.37871,160.9422,163.16824,1.0,0.0
2025-10-01 22:00:00+00:00,8.063,9.47012,20.240196,171.25392,174.89792,10.0,0.0
2025-10-01 23:00:00+00:00,7.613,8.4042845,18.022486,170.13426,182.86235,9.0,0.0
2025-10-02 00:00:00+00:00,7.413,9.292255,18.741621,158.40463,177.24757,16.0,0.0
2025-10-02 01:00:00+00:00,6.663,9.983106,21.49851,154.35904,168.40785,1.0,0.0
2025-10-02 02:00:00+00:00,6.463,9.693296,21.396542,158.19853,169.82455,0.0,0.0
2025-10-02 03:00:00+00:00,6.313,10.873251,23.377836,160.6651,170.24765,0.0,0.0
2025-10-02 04:00:00+00:00,6.413,11.903159,25.453934,159.64668,169.40529,0.0,0.0
2025-10-02 05:00:00+00:00,6.463,12.351988,26.194792,161.30092,169.30783,2.0,0.0
2025-10-02 06:00:00+00:00,7.113,14.420235,28.656204,155.67444,163.95566,11.0,0.0
2025-10-02 07:00:00+00:00,8.563,14.01806,27.568808,155.73871,163.69482,77.0,0.0
2025-10-02 08:00:00+00:00,10.763,14.743526,26.194792,162.22859,169.30783,88.0,0.0
2025-10-02 09:00:00+00:00,11.813,12.931218,19.166409,163.83543,165.31117,100.0,0.0
2025-10-02 10:00:00+00:00,12.613,17.69593,24.975931,170.63356,170.87718,100.0,0.0
2025-10-02 11:00:00+00:00,13.013,16.601036,23.853226,170.63988,171.31967,100.0,0.0
2025-10-02 12:00:00+00:00,13.113,16.810495,24.32665,167.00539,167.60916,92.0,0.0
2025-10-02 13:00:00+00:00,13.513,16.6896,23.933908,163.71501,164.2913,49.0,0.0
2025-10-02 14:00:00+00:00,13.363,16.794104,25.293684,162.53598,163.8865,60.0,0.0
2025-10-02 15:00:00+00:00,13.063,14.759999,23.157824,167.31963,168.34074,19.0,0.0
2025-10-02 16:00:00+00:00,12.063,12.033103,21.06077,158.03938,161.56496,84.0,0.0
2025-10-02 17:00:00+00:00,10.962999,11.983188,22.543158,147.26479,154.45802,18.0,0.0
2025-10-02 18:00:00+00:00,10.212999,14.730336,27.074898,141.44951,148.31769,1.0,0.0
2025-10-02 19:00:00+00:00,9.563,15.013554,28.58545,142.3057,148.91257,0.0,0.0
2025-10-02 20:00:00+00:00,9.113,14.897651,28.43829,151.88689,155.70612,0.0,0.0
2025-10-02 21:00:00+00:00,8.563,13.672893,26.758923,159.17903,162.78384,0.0,0.0
2025-10-02 22:00:00+00:00,8.363,15.042659,29.00235,158.96242,164.15222,0.0,0.0
2025-10-02 23:00:00+00:00,8.412999,16.434305,30.560266,151.1893,156.75708,0.0,0.0
2025-10-03 00:00:00+00:00,8.313,17.9973,32.762966,149.33115,153.57579,0.0,0.0
2025-10-03 01:00:00+00:00,8.212999,16.663372,30.851494,153.7118,158.07439,0.0,0.0
2025-10-03 02:00:00+00:00,8.263,17.414474,31.983828,150.2552,155.74286,0.0,0.0
2025-10-03 03:00:00+00:00,8.412999,17.727943,32.2863,150.83249,154.5779,0.0,0.0
2025-10-03 04:00:00+00:00,8.513,17.71423,31.910301,152.13309,156.0375,21.0,0.0
2025-10-03 05:00:00+00:00,8.613,18.152353,32.526253,149.62096,154.42764,95.0,0.0
2025-10-03 06:00:00+00:00,8.863,18.491003,32.762966,148.94066,153.57579,100.0,0.0
2025-10-03 07:00:00+00:00,9.962999,19.42416,33.989033,147.4881,151.53494,100.0,0.0
2025-10-03 08:00:00+00:00,11.363,17.148247,31.502056,140.9645,145.94669,100.0,0.0
2025-10-03 09:00:00+00:00,12.613,22.075516,33.311672,147.99466,149.8328,98.0,0.0
2025-10-03 10:00:00+00:00,13.412999,26.591915,39.378475,156.0375,157.4204,58.0,0.0
2025-10-03 11:00:00+00:00,13.763,27.218117,40.44556,154.96025,155.8304,15.0,0.0
2025-10-03 12:00:00+00:00,14.063,27.70831,40.95979,155.43285,156.70221,31.0,0.0
2025-10-03 13:00:00+00:00,14.363,28.007212,41.837902,160.86626,161.95473,95.0,0.0
2025-10-03 14:00:00+00:00,14.013,26.980793,41.899426,161.3232,162.49905,93.0,0.0
2025-10-03 15:00:00+00:00,13.363,26.081993,41.23532,153.78868,155.22488,100.0,0.0
2025-10-03 16:00:00+00:00,12.613,26.407907,42.5044,152.38705,153.86906,100.0,0.0
2025-10-03 17:00:00+00:00,11.863,27.783045,45.124027,148.78166,150.87889,100.0,0.0
2025-10-03 18:00:00+00:00,11.613,28.926283,46.663067,148.48598,150.66643,100.0,0.0
2025-10-03 19:00:00+00:00,11.462999,31.052479,49.857403,146.58626,148.4332,100.0,0.0
2025-10-03 20:00:00+00:00,11.313,33.40152,53.330147,145.53912,147.54366,100.0,0.0
2025-10-03 21:00:00+00:00,11.412999,34.268143,54.654827,148.31367,150.39565,100.0,0.0
2025-10-03 22:00:00+00:00,11.563,34.782875,55.466293,152.24155,154.01709,100.0,0.0
2025-10-03 23:00:00+00:00,11.613,37.48584,59.25473,150.35759,152.50095,100.0,0.0
2025-10-04 00:00:00+00:00,11.212999,39.98634,63.286575,150.3192,152.19601,100.0,0.5
2025-10-04 01:00:00+00:00,10.063,41.213707,65.95177,148.39255,150.21642,100.0,1.6
2025-10-04 02:00:00+00:00,9.912999,43.010582,68.02118,151.50446,153.43501,100.0,1.3
2025-10-04 03:00:00+00:00,9.863,45.504055,71.73514,149.5805,150.54053,100.0,1.0
2025-10-04 04:00:00+00:00,9.912999,45.346424,71.118225,155.36784,156.74426,100.0,4.1
2025-10-04 05:00:00+00:00,9.912999,41.950813,66.03817,161.48721,162.55272,100.0,5.7
2025-10-04 06:00:00+00:00,9.863,37.74038,59.765694,167.88617,169.06238,100.0,4.2
2025-10-04 07:00:00+00:00,9.912999,33.78298,53.355656,168.63023,170.09286,100.0,3.3
2025-10-04 08:00:00+00:00,10.063,29.627363,47.209442,175.12082,177.37766,100.0,2.2
2025-10-04 09:00:00+00:00,10.412999,24.881702,40.323612,176.68228,180.76729,100.0,0.3
2025-10-04 10:00:00+00:00,11.712999,22.442324,37.99066,174.01514,178.64256,92.0,0.0
2025-10-04 11:00:00+00:00,12.863,21.23237,33.065662,172.69434,175.00333,100.0,0.0
2025-10-04 12:00:00+00:00,12.363,17.235882,26.563267,172.80086,174.94626,74.0,0.3
2025-10-04 13:00:00+00:00,12.162999,22.45315,34.53843,192.03058,192.94986,83.0,0.9
2025-10-04 14:00:00+00:00,12.063,19.09358,29.047562,182.16103,183.90846,100.0,0.0
2025-10-04 15:00:00+00:00,12.063,19.93048,30.908152,196.79845,198.32953,92.0,0.1
2025-10-04 16:00:00+00:00,11.462999,18.818396,30.449274,201.90323,204.44394,75.0,0.0
2025-10-04 17:00:00+00:00,10.563,18.606289,31.237131,204.58156,207.45091,11.0,0.0
2025-10-04 18:00:00+00:00,9.912999,19.652176,33.92654,208.44283,211.32863,18.0,0.0
2025-10-04 19:00:00+00:00,9.563,18.434847,31.681023,206.0646,209.62366,16.0,0.0
2025-10-04 20:00:00+00:00,9.063,17.38934,30.345354,205.76927,210.67226,20.0,0.0
2025-10-04 21:00:00+00:00,8.813,16.263872,29.109398,207.69939,214.6728,99.0,0.0
2025-10-04 22:00:00+00:00,8.813,16.332458,29.320116,211.93842,218.76968,100.0,0.0
2025-10-04 23:00:00+00:00,9.162999,17.169018,30.676142,209.52127,215.92859,100.0,0.0
2025-10-05 00:00:00+00:00,10.063,21.618742,36.405415,214.48401,218.17319,100.0,0.1
2025-10-05 01:00:00+00:00,10.063,23.773632,39.31259,212.00534,217.18478,100.0,0.1
2025-10-05 02:00:00+00:00,9.912999,23.304268,38.197342,218.72894,223.47253,100.0,0.3
2025-10-05 03:00:00+00:00,9.863,23.670511,38.830383,219.13612,223.68532,100.0,0.5
2025-10-05 04:00:00+00:00,10.063,22.771244,38.290955,230.77434,236.3099,100.0,0.6
2025-10-05 05:00:00+00:00,10.263,20.128637,33.7988,231.90028,236.73306,65.0,0.4
2025-10-05 06:00:00+00:00,10.613,26.5016,43.255466,245.52385,247.49013,46.0,0.1
2025-10-05 07:00:00+00:00,10.613,24.66,39.6752,230.03384,233.85786,40.0,0.1
2025-10-05 08:00:00+00:00,11.313,25.103384,39.618404,218.59567,222.60635,100.0,0.1
2025-10-05 09:00:00+00:00,11.613,26.608969,42.16805,213.6901,218.23969,100.0,0.1
2025-10-05 10:00:00+00:00,11.962999,29.301876,45.443134,222.5104,224.19768,100.0,0.5
2025-10-05 11:00:00+00:00,12.613,27.495258,41.918365,219.42134,222.38948,100.0,0.5
2025-10-05 12:00:00+00:00,12.513,29.423807,46.329983,227.23119,229.25392,96.0,0.4
2025-10-05 13:00:00+00:00,12.563,29.500786,45.899998,229.70213,233.13002,99.0,0.5
2025-10-05 14:00:00+00:00,12.962999,30.717302,47.642906,234.5403,237.81107,100.0,0.0
2025-10-05 15:00:00+00:00,12.712999,29.317352,46.833908,245.32315,249.05727,100.0,0.1
2025-10-05 16:00:00+00:00,12.363,23.621185,38.641354,237.76323,242.83823,82.0,0.0
2025-10-05 17:00:00+00:00,12.813,27.35171,44.71723,300.44635,305.99356,85.0,0.1
2025-10-05 18:00:00+00:00,13.412999,29.917385,48.073483,307.42154,311.50873,74.0,0.1
2025-10-05 19:00:00+00:00,13.313,32.474415,52.23102,322.43134,325.10495,19.0,0.0
2025-10-05 20:00:00+00:00,13.013,31.551384,50.753616,326.40057,328.3393,72.0,0.1
2025-10-05 21:00:00+00:00,12.962999,30.156849,48.52828,325.4562,326.9583,93.0,0.1
2025-10-05 22:00:00+00:00,13.212999,25.452026,41.68934,323.04898,325.5551,40.0,0.0
2025-10-05 23:00:00+00:00,13.063,24.318659,40.607056,313.50052,315.8979,30.0,0.0
2025-10-06 00:00:00+00:00,12.363,22.101917,37.33644,319.9555,322.2461,12.0,0.0
2025-10-06 01:00:00+00:00,12.063,19.87024,34.366333,312.7974,315.42435,0.0,0.0
2025-10-06 02:00:00+00:00,11.763,18.440998,32.59939,308.65982,313.2101,13.0,0.0
2025-10-06 03:00:00+00:00,11.513,17.748037,31.602175,306.75378,312.22974,2.0,0.0
2025-10-06 04:00:00+00:00,11.313,17.574675,31.401102,302.87625,308.2495,25.0,0.0
2025-10-06 05:00:00+00:00,11.063,16.79314,30.312769,300.96368,307.27826,52.0,0.0
2025-10-06 06:00:00+00:00,10.813,12.440851,23.817883,301.39023,312.85623,99.0,0.0
2025-10-06 07:00:00+00:00,11.513,11.679212,21.928995,298.5399,311.67252,98.0,0.0
2025-10-06 08:00:00+00:00,12.863,9.904906,21.028437,289.0936,308.0471,92.0,0.0
2025-10-06 09:00:00+00:00,14.063,13.248049,18.921415,306.7143,309.59616,51.0,0.0
2025-10-06 10:00:00+00:00,14.462999,14.25641,19.846582,307.30402,308.74097,82.0,0.0
2025-10-06 11:00:00+00:00,14.563,14.602204,20.12944,300.35803,301.8424,100.0,0.0
2025-10-06 12:00:00+00:00,14.462999,13.934605,19.424158,298.5513,299.4155,100.0,0.0
2025-10-06 13:00:00+00:00,14.462999,12.638513,17.396793,296.20004,298.4211,34.0,0.0
2025-10-06 14:00:00+00:00,14.063,13.737904,19.523155,291.52267,292.78244,56.0,0.0
2025-10-06 15:00:00+00:00,13.662999,12.835653,19.33639,292.24908,294.1791,100.0,0.0
2025-10-06 16:00:00+00:00,13.013,11.063778,19.726225,291.97455,295.39587,100.0,0.0
2025-10-06 17:00:00+00:00,12.563,8.885877,18.123774,276.98096,285.55463,100.0,0.0
2025-10-06 18:00:00+00:00,12.513,10.134496,19.32382,250.27763,260.8887,100.0,0.0
2025-10-06 19:00:00+00:00,12.662999,11.043261,20.212965,250.9743,261.2927,100.0,0.0
2025-10-06 20:00:00+00:00,12.563,11.157097,19.85719,252.1496,261.13547,100.0,0.1
2025-10-06 21:00:00+00:00,12.412999,10.474082,19.175703,250.9422,260.2725,79.0,0.1
2025-10-06 22:00:00+00:00,11.813,11.063778,20.605873,248.02544,255.84233,99.0,0.0
2025-10-06 23:00:00+00:00,11.613,9.504272,18.435726,232.69597,242.68448,100.0,0.0
2025-10-07 00:00:00+00:00,11.613,10.948973,20.556284,223.66785,232.829,100.0,0.0
2025-10-07 01:00:00+00:00,11.662999,11.328566,21.240763,224.35634,233.61555,98.0,0.0
2025-10-07 02:00:00+00:00,11.563,10.337078,19.361507,215.07384,227.26053,100.0,0.0
2025-10-07 03:00:00+00:00,11.563,9.688281,18.731247,215.16652,227.72636,100.0,0.0
2025-10-07 04:00:00+00:00,12.063,11.334285,21.265156,212.68054,223.28511,100.0,0.0
2025-10-07 05:00:00+00:00,12.162999,11.521406,22.240019,208.96756,219.74615,100.0,0.1
2025-10-07 06:00:00+00:00,11.912999,14.059602,26.081993,198.667,206.21132,100.0,0.2
2025-10-07 07:00:00+00:00,12.263,13.040997,24.817816,206.21132,214.95805,100.0,0.6
2025-10-07 08:00:00+00:00,12.912999,15.042659,26.680103,201.03758,209.50507,100.0,1.2
2025-10-07 09:00:00+00:00,13.162999,15.503006,27.276978,195.48856,202.50357,100.0,3.0
2025-10-07 10:00:00+00:00,13.462999,15.779543,27.475807,205.6881,211.60745,100.0,1.2
2025-10-07 11:00:00+00:00,13.962999,16.276815,27.365328,218.26402,225.26648,100.0,1.0
2025-10-07 12:00:00+00:00,14.462999,14.664202,24.31666,228.48337,235.25113,100.0,0.3
2025-10-07 13:00:00+00:00,14.813,13.324863,22.215967,231.58191,236.56741,100.0,0.1
2025-10-07 14:00:00+00:00,14.962999,13.239486,21.67487,223.89838,228.36655,100.0,0.0
2025-10-07 15:00:00+00:00,15.162999,14.681866,24.192429,229.47498,233.47105,100.0,0.0
2025-10-07 16:00:00+00:00,14.462999,14.233664,24.514387,237.91785,240.04648,100.0,0.0
2025-10-07 17:00:00+00:00,14.113,13.799087,24.47272,239.42085,242.86963,100.0,0.0
2025-10-07 18:00:00+00:00,14.113,14.810401,25.502893,249.36237,252.33226,100.0,0.0
2025-10-07 19:00:00+00:00,13.513,15.426537,26.137215,250.93071,253.18729,100.0,0.0
2025-10-07 20:00:00+00:00,12.613,15.941944,27.943512,244.59233,248.06146,100.0,0.0
2025-10-07 21:00:00+00:00,12.763,15.743569,27.36947,239.0363,243.43501,100.0,0.0
2025-10-07 22:00:00+00:00,13.113,16.260885,27.91393,243.71866,247.23799,100.0,0.0
2025-10-07 23:00:00+00:00,13.212999,16.851885,28.406372,246.72102,250.76126,100.0,0.0
2025-10-08 00:00:00+00:00,13.263,16.73516,28.385262,251.1752,254.55362,100.0,0.0
2025-10-08 01:00:00+00:00,13.313,16.451052,28.02745,252.1597,255.87448,100.0,0.0
2025-10-08 02:00:00+00:00,13.263,16.568802,27.984068,252.94295,256.23187,100.0,0.0
2025-10-08 03:00:00+00:00,13.212999,15.484185,26.241135,252.40749,256.917,100.0,0.0
2025-10-08 04:00:00+00:00,13.212999,15.122143,25.364037,261.09836,263.4803,100.0,0.0
2025-10-08 05:00:00+00:00,13.013,14.589996,24.44954,272.12103,276.3401,73.0,0.0
2025-10-08 06:00:00+00:00,12.363,13.14,22.782625,270.0,275.44025,84.0,0.0
2025-10-08 07:00:00+00:00,12.313,12.81165,21.602999,265.9718,270.9548,7.0,0.0
2025-10-08 08:00:00+00:00,12.712999,16.23596,24.336637,273.814,277.65054,41.0,0.0
2025-10-08 09:00:00+00:00,13.313,18.865683,27.275196,285.4949,286.8804,35.0,0.0
2025-10-08 10:00:00+00:00,13.563,20.102865,29.08936,286.65018,287.6502,38.0,0.0
2025-10-08 11:00:00+00:00,13.712999,20.320875,29.265366,288.59552,289.77243,30.0,0.0
2025-10-08 12:00:00+00:00,13.763,19.811451,28.34757,287.44727,288.89523,98.0,0.0
2025-10-08 13:00:00+00:00,13.813,19.361507,27.328007,286.75034,287.24155,42.0,0.0
2025-10-08 14:00:00+00:00,13.863,18.040453,26.674637,282.09473,283.66116,69.0,0.0
2025-10-08 15:00:00+00:00,13.412999,15.24909,24.265308,277.46048,279.39236,23.0,0.0
2025-10-08 16:00:00+00:00,12.462999,13.350371,22.979452,273.8654,275.84448,77.0,0.0
2025-10-08 17:00:00+00:00,11.613,12.964998,23.456009,268.4089,273.96024,100.0,0.0
2025-10-08 18:00:00+00:00,11.513,13.288341,23.057571,261.43094,267.76306,75.0,0.0
2025-10-08 19:00:00+00:00,11.412999,13.976394,24.840652,262.6005,269.58484,34.0,0.0
2025-10-08 20:00:00+00:00,10.563,14.650938,26.84958,259.3804,267.31027,5.0,0.0
2025-10-08 21:00:00+00:00,10.313,14.800554,27.804028,256.63977,265.5445,33.0,0.0
2025-10-08 22:00:00+00:00,10.263,14.450537,27.086262,256.30994,265.42615,27.0,0.0
2025-10-08 23:00:00+00:00,9.863,13.948548,26.418333,252.7341,264.13412,7.0,0.0
2025-10-09 00:00:00+00:00,9.763,14.230248,26.457552,251.56496,263.35858,13.0,0.0
2025-10-09 01:00:00+00:00,9.363,14.810401,28.064419,249.36237,258.9063,17.0,0.0
2025-10-09 02:00:00+00:00,9.162999,13.708391,26.591913,246.80139,257.0926,30.0,0.0
2025-10-09 03:00:00+00:00,9.162999,14.348156,28.07596,250.20103,257.0329,74.0,0.0
2025-10-09 04:00:00+00:00,9.513,13.948548,27.218119,250.39581,258.16992,24.0,0.0
2025-10-09 05:00:00+00:00,9.712999,14.277983,27.77488,236.3099,244.26532,84.0,0.0
2025-10-09 06:00:00+00:00,9.662999,16.641972,29.943907,231.14662,239.27258,98.0,0.0
2025-10-09 07:00:00+00:00,10.563,15.922626,28.094995,222.70937,229.67749,16.0,0.0
2025-10-09 08:00:00+00:00,12.263,18.832163,30.038975,238.28491,241.74585,97.0,0.0
2025-10-09 09:00:00+00:00,13.313,17.47484,26.790989,228.75865,231.8211,100.0,0.0
2025-10-09 10:00:00+00:00,13.712999,23.103193,36.24442,243.63464,245.34412,100.0,0.0
2025-10-09 11:00:00+00:00,13.813,24.509762,38.372097,246.63564,248.24843,100.0,0.0
2025-10-09 12:00:00+00:00,13.813,26.376602,39.828434,257.38638,257.4712,100.0,0.0
2025-10-09 13:00:00+00:00,14.212999,25.49908,38.559513,256.94473,257.32614,100.0,0.1
2025-10-09 14:00:00+00:00,13.763,23.675303,37.46984,261.2539,263.93347,100.0,0.0
2025-10-09 15:00:00+00:00,13.363,25.925623,41.401566,268.80655,270.4982,59.0,0.0
2025-10-09 16:00:00+00:00,12.813,24.50381,39.718052,272.52606,274.41855,71.0,0.0
2025-10-09 17:00:00+00:00,12.313,24.17434,39.618404,273.84238,275.7364,100.0,0.0
2025-10-09 18:00:00+00:00,12.013,24.490587,39.911724,271.68463,274.65625,95.0,0.0
2025-10-09 19:00:00+00:00,11.962999,23.973135,39.477077,273.01273,276.2824,86.0,0.0
2025-10-09 20:00:00+00:00,11.763,24.827604,40.54118,276.6612,279.7132,100.0,0.0
2025-10-09 21:00:00+00:00,11.813,25.360205,41.39217,279.3954,283.0693,98.0,0.0
2025-10-09 22:00:00+00:00,11.712999,26.307724,42.835842,279.84894,282.8683,80.0,0.0
2025-10-09 23:00:00+00:00,11.763,26.376602,43.098633,282.61362,285.25516,23.0,0.0
2025-10-10 00:00:00+00:00,12.013,24.948027,40.69951,286.34296,288.8357,67.0,0.0
2025-10-10 01:00:00+00:00,11.912999,22.6235,37.39714,285.69498,288.52225,50.0,0.0
2025-10-10 02:00:00+00:00,11.962999,21.459291,36.367126,288.587,291.4855,94.0,0.0
2025-10-10 03:00:00+00:00,12.212999,21.46835,36.374702,290.10632,293.01248,99.0,0.0
2025-10-10 04:00:00+00:00,12.162999,23.292444,38.71046,286.6145,289.27756,96.0,0.0
2025-10-10 05:00:00+00:00,12.212999,23.138927,38.275295,283.49576,286.38962,95.0,0.0
2025-10-10 06:00:00+00:00,12.212999,23.795427,39.35419,287.61267,290.34143,99.0,0.1
2025-10-10 07:00:00+00:00,12.813,24.16697,39.588955,291.40524,293.30124,98.0,0.0
2025-10-10 08:00:00+00:00,13.313,22.553936,36.324783,278.25934,281.14285,90.0,0.0
2025-10-10 09:00:00+00:00,14.013,28.211805,44.293896,285.54373,287.25687,100.0,0.0
2025-10-10 10:00:00+00:00,14.412999,31.227797,47.102596,285.71863,286.4267,100.0,0.0
2025-10-10 11:00:00+00:00,14.763,30.385365,46.32194,283.70697,284.63028,100.0,0.0
2025-10-10 12:00:00+00:00,14.363,31.227797,46.58489,285.71863,286.6145,100.0,0.0
2025-10-10 13:00:00+00:00,14.013,29.229916,45.494087,281.72507,283.26648,99.0,0.0
2025-10-10 14:00:00+00:00,13.962999,28.438292,44.451252,279.10452,280.26328,96.0,0.0
2025-10-10 15:00:00+00:00,14.013,26.680105,42.287743,277.36465,279.0613,100.0,0.0
2025-10-10 16:00:00+00:00,13.613,26.563267,42.620865,275.05374,277.03488,100.0,0.0
2025-10-10 17:00:00+00:00,13.462999,27.388998,44.098164,272.6367,275.15198,95.0,0.0
2025-10-10 18:00:00+00:00,13.313,26.661882,42.97629,272.32147,274.56427,100.0,0.0
2025-10-10 19:00:00+00:00,13.313,27.74103,44.591347,272.23114,274.39862,98.0,0.0
2025-10-10 20:00:00+00:00,13.162999,28.943642,46.61722,275.7105,277.09747,100.0,0.0
2025-10-10 21:00:00+00:00,13.263,30.36403,48.503902,280.24402,281.5601,96.0,0.0
2025-10-10 22:00:00+00:00,12.962999,29.962837,48.117603,277.59454,279.0394,22.0,0.0
2025-10-10 23:00:00+00:00,12.412999,30.39496,48.798927,278.51392,279.98343,33.0,0.0
2025-10-11 00:00:00+00:00,12.662999,29.619164,47.847507,281.9245,283.9317,9.0,0.0
2025-10-11 01:00:00+00:00,12.513,29.68636,48.139484,284.03625,286.06317,6.0,0.0
2025-10-11 02:00:00+00:00,12.263,29.229916,47.672825,281.72507,283.9838,13.0,0.0
2025-10-11 03:00:00+00:00,12.313,28.953714,47.283844,282.56744,284.77692,38.0,0.0
2025-10-11 04:00:00+00:00,12.412999,28.638105,46.504486,287.18225,288.50516,31.0,0.0
2025-10-11 05:00:00+00:00,12.363,28.289793,46.074722,288.55032,290.34653,14.0,0.0
2025-10-11 06:00:00+00:00,12.212999,26.77708,43.9436,285.99838,288.13818,6.0,0.0
2025-10-11 07:00:00+00:00,12.563,26.92369,44.074646,288.3139,290.06317,2.0,0.0
2025-10-11 08:00:00+00:00,13.313,27.282322,43.687,290.46762,292.02066,0.0,0.0
2025-10-11 09:00:00+00:00,13.962999,30.631746,46.240032,293.55228,294.37012,12.0,0.0
2025-10-11 10:00:00+00:00,14.212999,28.576382,42.705925,289.1198,289.96255,9.0,0.0
2025-10-11 11:00:00+00:00,14.462999,30.021172,44.559364,290.71695,291.0708,20.0,0.0
2025-10-11 12:00:00+00:00,14.712999,29.144438,43.54549,287.98743,288.8095,4.0,0.0
2025-10-11 13:00:00+00:00,14.563,28.58885,42.830166,290.26056,290.41522,16.0,0.0
2025-10-11 14:00:00+00:00,14.263,28.805622,42.644806,289.34082,289.73526,32.0,0.0
2025-10-11 15:00:00+00:00,13.662999,25.757616,40.43114,283.74493,284.96432,41.0,0.0
2025-10-11 16:00:00+00:00,12.863,24.890165,40.669643,280.41595,282.00616,65.0,0.0
2025-10-11 17:00:00+00:00,12.712999,25.169765,41.604923,281.55096,284.27676,37.0,0.0
2025-10-11 18:00:00+00:00,12.712999,24.973337,41.792576,283.3351,287.03024,22.0,0.0
2025-10-11 19:00:00+00:00,12.863,26.072052,43.39904,287.68448,290.38925,55.0,0.0
2025-10-11 20:00:00+00:00,12.763,25.6896,42.748013,286.27634,288.6639,68.0,0.0
2025-10-11 21:00:00+00:00,12.662999,24.923338,41.258102,280.82297,283.36935,82.0,0.0
2025-10-11 22:00:00+00:00,12.662999,25.206427,41.458656,276.97266,279.74854,96.0,0.0
2025-10-11 23:00:00+00:00,12.863,25.146585,41.28951,275.7513,278.2713,42.0,0.0
2025-10-12 00:00:00+00:00,13.013,24.949972,40.551163,275.38147,278.166,100.0,0.0
2025-10-12 01:00:00+00:00,13.212999,24.158253,39.718052,277.7074,280.44412,100.0,0.0
2025-10-12 02:00:00+00:00,13.212999,24.66591,40.723385,283.93484,286.4325,91.0,0.0
2025-10-12 03:00:00+00:00,13.212999,24.193098,39.754337,287.76102,290.4043,46.0,0.0
2025-10-12 04:00:00+00:00,12.863,23.33136,39.462715,292.21188,294.8116,96.0,0.0
2025-10-12 05:00:00+00:00,12.863,21.201067,36.066536,293.51797,297.33228,27.0,0.0
2025-10-12 06:00:00+00:00,12.513,18.762356,33.10532,298.04007,302.56674,3.0,0.0
2025-10-12 07:00:00+00:00,13.113,17.137852,30.36083,306.02747,311.15387,66.0,0.0
2025-10-12 08:00:00+00:00,14.513,15.021105,27.943514,315.97092,321.80127,16.0,0.0
2025-10-12 09:00:00+00:00,15.662999,14.004185,21.26744,322.83545,326.0409,5.0,0.0
2025-10-12 10:00:00+00:00,16.463001,15.815435,22.523746,348.17853,349.4085,27.0,0.0
2025-10-12 11:00:00+00:00,16.813,11.605464,15.717823,23.78204,23.629398,34.0,0.0
2025-10-12 12:00:00+00:00,16.713001,9.102021,11.91812,65.46229,64.98315,20.0,0.0
2025-10-12 13:00:00+00:00,15.813,12.440851,16.755476,86.68229,87.53724,33.0,0.0
2025-10-12 14:00:00+00:00,14.763,11.881363,16.74,90.868034,90.0,42.0,0.0
2025-10-12 15:00:00+00:00,14.263,7.841888,13.239487,80.75397,82.9717,66.0,0.0
2025-10-12 16:00:00+00:00,12.912999,8.149847,15.745627,83.659904,79.46087,56.0,0.0
2025-10-12 17:00:00+00:00,11.263,6.3231,14.494192,85.101,75.61857,98.0,0.0
2025-10-12 18:00:00+00:00,10.263,5.4119864,13.523978,93.814,80.03627,48.0,0.0
2025-10-12 19:00:00+00:00,9.462999,4.913044,12.145665,118.442825,96.80896,69.0,0.0
2025-10-12 20:00:00+00:00,8.763,3.3092597,8.55142,22.380184,49.267986,12.0,0.0
2025-10-12 21:00:00+00:00,8.613,4.669604,11.448055,27.552727,36.689827,3.0,0.0
2025-10-12 22:00:00+00:00,8.263,6.623413,16.443172,42.797382,48.106117,20.0,0.0
2025-10-12 23:00:00+00:00,8.063,6.2067385,17.068707,60.461315,62.354122,38.0,0.0
2025-10-13 00:00:00+00:00,8.063,5.12289,14.517644,71.564964,72.68827,11.0,0.0
2025-10-13 01:00:00+00:00,7.213,3.06,10.920824,61.92762,81.46932,20.0,0.0
2025-10-13 02:00:00+00:00,7.013,1.9469976,7.6409945,33.6901,74.98159,22.0,0.0
2025-10-13 03:00:00+00:00,6.913,0.9,4.1556225,360.0,72.34979,0.0,0.0
2025-10-13 04:00:00+00:00,6.913,0.25455844,0.9,315.0001,143.13002,0.0,0.0
2025-10-13 05:00:00+00:00,6.813,0.0,1.0182338,270.0,135.0001,3.0,0.0
2025-10-13 06:00:00+00:00,6.063,1.26,5.020677,180.0,165.4655,98.0,0.0
2025-10-13 07:00:00+00:00,5.713,5.5216303,8.557102,199.0257,194.62091,98.0,0.0
2025-10-13 08:00:00+00:00,7.313,5.854844,11.837651,224.9999,224.38402,97.0,0.0
2025-10-13 09:00:00+00:00,9.962999,6.638072,15.281989,220.60121,226.90913,19.0,0.0
2025-10-13 10:00:00+00:00,11.363,10.04458,15.277749,233.74606,235.56094,91.0,0.0
2025-10-13 11:00:00+00:00,12.263,15.760025,22.004951,256.12244,256.75946,100.0,0.0
2025-10-13 12:00:00+00:00,12.912999,15.885956,22.437273,250.12773,249.82045,100.0,0.0
2025-10-13 13:00:00+00:00,13.313,15.893093,22.571884,256.9081,256.62866,100.0,0.0
2025-10-13 14:00:00+00:00,13.563,13.533558,19.64558,256.14856,256.21838,100.0,0.0
2025-10-13 15:00:00+00:00,13.313,10.028439,17.02404,248.96242,250.22383,79.0,0.0
2025-10-13 16:00:00+00:00,12.313,11.298495,21.273533,239.34941,246.0375,25.0,0.0
2025-10-13 17:00:00+00:00,11.662999,13.151091,25.103384,239.5743,247.6645,9.0,0.0
2025-10-13 18:00:00+00:00,11.412999,12.936227,24.448214,248.7907,256.373,17.0,0.0
2025-10-13 19:00:00+00:00,11.363,13.1041975,24.670507,254.05453,262.8751,72.0,0.0
2025-10-13 20:00:00+00:00,11.412999,12.825552,25.006397,265.16968,276.61337,45.0,0.0
2025-10-13 21:00:00+00:00,11.863,13.004921,25.959969,274.76355,289.44012,73.0,0.0
2025-10-13 22:00:00+00:00,12.013,13.31635,26.1719,279.33493,291.80148,16.0,0.0
2025-10-13 23:00:00+00:00,11.613,11.688918,23.665035,279.75235,291.8824,20.0,0.0
2025-10-14 00:00:00+00:00,11.162999,7.029225,16.73516,272.9356,288.8248,8.0,0.0
2025-10-14 01:00:00+00:00,10.363,6.601363,13.288341,244.1337,278.56906,48.0,0.0
2025-10-14 02:00:00+00:00,9.513,4.952453,11.003581,250.9064,285.17297,54.0,0.0
2025-10-14 03:00:00+00:00,9.363,0.17999999,3.8856654,90.0,346.60748,98.0,0.0
2025-10-14 04:00:00+00:00,9.113,1.2727921,6.5693827,98.13002,80.53775,100.0,0.0
2025-10-14 05:00:00+00:00,9.313,4.7521367,12.7279215,65.37646,81.86999,100.0,0.0
2025-10-14 06:00:00+00:00,9.013,9.109138,20.160805,52.22426,66.86856,100.0,0.0
2025-10-14 07:00:00+00:00,10.013,8.587338,18.116621,56.976128,62.162018,89.0,0.0
2025-10-14 08:00:00+00:00,11.212999,5.3999996,13.130133,53.13002,61.326946,84.0,0.0
2025-10-14 09:00:00+00:00,12.563,4.724786,5.728979,40.364468,43.72705,50.0,0.0
2025-10-14 10:00:00+00:00,13.563,4.802999,6.1569467,12.99463,15.255177,35.0,0.0
2025-10-14 11:00:00+00:00,14.462999,6.310277,8.311245,3.2704222,4.969664,46.0,0.0
2025-10-14 12:00:00+00:00,15.013,6.924738,9.354806,8.97255,11.093693,80.0,0.0
2025-10-14 13:00:00+00:00,15.613,6.482499,8.656858,358.40887,356.42374,41.0,0.0
2025-10-14 14:00:00+00:00,15.662999,6.5223618,9.021574,332.02063,331.38962,38.0,0.0
2025-10-14 15:00:00+00:00,14.863,7.3997297,12.351987,311.05472,313.22855,1.0,0.0
2025-10-14 16:00:00+00:00,12.912999,7.7900705,15.489414,319.68597,321.13223,0.0,0.0
2025-10-14 17:00:00+00:00,11.662999,5.8409934,12.652604,326.3099,320.1945,0.0,0.0
2025-10-14 18:00:00+00:00,10.613,3.7971041,9.741642,301.4295,297.5119,0.0,0.0
2025-10-14 19:00:00+00:00,10.063,4.412754,11.032987,258.23172,275.6175,7.0,0.0
2025-10-14 20:00:00+00:00,10.363,7.0038276,14.535487,244.09354,262.17102,21.0,0.0
2025-10-14 21:00:00+00:00,9.962999,7.973005,16.24394,241.69934,257.19574,33.0,0.0
2025-10-14 22:00:00+00:00,9.613,7.6473517,16.733225,243.43501,258.2066,98.0,0.0
2025-10-14 23:00:00+00:00,9.563,6.6624317,15.611304,231.58191,249.05727,100.0,0.0
2025-10-15 00:00:00+00:00,9.712999,9.292255,16.341381,211.53474,220.53276,100.0,0.0
2025-10-15 01:00:00+00:00,9.813,9.901636,17.786331,207.03078,215.9422,100.0,0.0
2025-10-15 02:00:00+00:00,9.912999,11.351422,19.627428,207.37762,215.29343,100.0,0.0
2025-10-15 03:00:00+00:00,9.962999,12.3165245,20.592503,206.93945,216.46933,100.0,0.0
2025-10-15 04:00:00+00:00,10.412999,11.453715,21.650938,210.19153,222.97864,100.0,0.0
2025-10-15 05:00:00+00:00,10.863,11.246759,20.775774,219.80553,232.03789,100.0,0.0
2025-10-15 06:00:00+00:00,11.162999,11.712454,20.486023,223.75471,233.93552,100.0,0.0
2025-10-15 07:00:00+00:00,11.313,12.904882,21.69952,239.85869,249.61075,100.0,0.0
2025-10-15 08:00:00+00:00,11.912999,16.801823,24.842607,265.08353,269.1697,70.0,0.0
2025-10-15 09:00:00+00:00,12.763,22.314192,32.68871,280.2221,281.43365,63.0,0.0
2025-10-15 10:00:00+00:00,13.162999,21.605999,31.594488,280.56094,281.50195,67.0,0.0
2025-10-15 11:00:00+00:00,13.462999,22.461807,32.6411,276.4415,276.96817,99.0,0.0
2025-10-15 12:00:00+00:00,13.313,19.443333,28.260572,268.93912,269.63507,100.0,0.0
2025-10-15 13:00:00+00:00,13.412999,19.08085,27.540588,269.4595,270.37445,100.0,0.0
2025-10-15 14:00:00+00:00,13.162999,18.089775,25.88122,275.7105,275.98804,100.0,0.0
2025-10-15 15:00:00+00:00,12.863,14.408997,23.365358,282.99463,285.6423,71.0,0.0
2025-10-15 16:00:00+00:00,11.912999,13.779114,23.040703,303.2749,306.42236,75.0,0.0
2025-10-15 17:00:00+00:00,11.162999,11.7,21.479664,300.51016,309.55963,45.0,0.0
2025-10-15 18:00:00+00:00,10.813,11.238113,20.523945,301.90805,311.80038,0.0,0.0
2025-10-15 19:00:00+00:00,9.763,10.144082,20.381372,297.47433,308.1857,0.0,0.0
2025-10-15 20:00:00+00:00,9.813,9.9977,20.849718,283.53586,296.12256,0.0,0.0
2025-10-15 21:00:00+00:00,9.863,10.495713,21.304731,264.09396,283.68402,0.0,0.0
2025-10-15 22:00:00+00:00,10.162999,11.701385,23.45394,270.88138,289.26938,0.0,0.0
2025-10-15 23:00:00+00:00,10.113,11.722133,24.193098,273.52136,289.10907,0.0,0.0
2025-10-16 00:00:00+00:00,9.662999,11.722133,22.483435,266.4786,284.37003,0.0,0.0
2025-10-16 01:00:00+00:00,9.162999,11.9140415,23.799513,265.66776,282.6698,0.0,0.0
2025-10-16 02:00:00+00:00,9.063,12.781267,25.452024,269.19308,284.33112,0.0,0.0
2025-10-16 03:00:00+00:00,9.363,13.138765,26.263351,279.46225,294.28146,0.0,0.0
2025-10-16 04:00:00+00:00,9.513,13.767352,27.56058,281.3099,293.8865,0.0,0.0
2025-10-16 05:00:00+00:00,9.813,14.019216,28.576948,285.6423,296.56497,0.0,0.0
2025-10-16 06:00:00+00:00,10.513,15.937878,29.949316,288.43503,295.64096,2.0,0.0
2025-10-16 07:00:00+00:00,10.962999,17.254667,30.83101,290.13638,296.71457,2.0,0.0
2025-10-16 08:00:00+00:00,11.863,17.419127,29.249306,293.12088,299.08875,27.0,0.0
2025-10-16 09:00:00+00:00,12.912999,16.595179,25.858051,294.34106,298.70584,34.0,0.0
2025-10-16 10:00:00+00:00,13.662999,20.234594,29.774633,305.9525,307.63202,4.0,0.0
2025-10-16 11:00:00+00:00,13.912999,20.118975,29.315695,303.6901,305.2515,0.0,0.0
2025-10-16 12:00:00+00:00,14.013,19.32801,27.757378,302.06192,303.8962,0.0,0.0
2025-10-16 13:00:00+00:00,13.863,19.48079,28.306396,301.78088,303.58905,0.0,0.0
2025-10-16 14:00:00+00:00,13.712999,18.98552,28.555965,301.4295,303.6901,1.0,0.0
2025-10-16 15:00:00+00:00,13.162999,17.630812,28.867981,297.3498,299.92203,0.0,0.0
2025-10-16 16:00:00+00:00,12.063,17.085783,29.48101,290.34418,294.5308,43.0,0.0
2025-10-16 17:00:00+00:00,11.363,14.887859,27.542353,284.70834,291.871,45.0,0.0
2025-10-16 18:00:00+00:00,11.412999,15.602999,28.502022,286.76263,295.4322,32.0,0.0
2025-10-16 19:00:00+00:00,11.462999,17.22836,31.252165,297.36813,303.96466,34.0,0.0
2025-10-16 20:00:00+00:00,11.513,19.046858,33.156174,300.6851,307.0566,32.0,0.0
2025-10-16 21:00:00+00:00,11.113,16.928614,30.868818,305.042,311.21725,91.0,0.0
2025-10-16 22:00:00+00:00,10.962999,12.750811,24.070244,318.43372,332.86017,28.0,0.0
2025-10-16 23:00:00+00:00,9.813,11.113451,21.96,335.09525,349.6112,4.0,0.0
2025-10-17 00:00:00+00:00,8.513,11.545284,21.76512,30.963696,45.33504,63.0,0.0
2025-10-17 01:00:00+00:00,7.713,8.596766,17.430283,19.573223,35.331425,88.0,0.0
2025-10-17 02:00:00+00:00,6.863,8.37532,15.108211,351.34753,15.195304,97.0,0.0
2025-10-17 03:00:00+00:00,6.213,8.035746,16.395817,344.40714,357.4832,99.0,0.0
2025-10-17 04:00:00+00:00,6.213,8.39078,18.430452,337.28555,347.5926,89.0,0.0
2025-10-17 05:00:00+00:00,6.213,5.223103,14.957339,1.9748993,2.7590597,52.0,0.0
2025-10-17 06:00:00+00:00,6.313,0.35999998,5.1544156,270.0,12.094739,36.0,0.0
2025-10-17 07:00:00+00:00,7.063,7.7900705,12.886039,229.68597,245.22488,84.0,0.0
2025-10-17 08:00:00+00:00,8.412999,7.327127,15.070633,242.176,262.45065,54.0,0.3
2025-10-17 09:00:00+00:00,9.412999,11.334285,16.521803,290.44962,293.77234,64.0,0.1
2025-10-17 10:00:00+00:00,9.712999,14.386494,20.406792,328.2986,329.8164,83.0,0.1
2025-10-17 11:00:00+00:00,9.712999,19.023878,26.827246,327.3625,328.4429,44.0,0.1
2025-10-17 12:00:00+00:00,9.662999,19.32382,27.67145,350.8887,351.3956,31.0,0.0
2025-10-17 13:00:00+00:00,9.613,21.495495,31.110853,4.8034034,5.6445274,16.0,0.1
2025-10-17 14:00:00+00:00,8.412999,20.326454,29.662886,22.93213,23.609482,5.0,0.0
2025-10-17 15:00:00+00:00,7.863,15.198012,23.175304,18.64963,19.983198,0.0,0.0
2025-10-17 16:00:00+00:00,7.263,12.32047,22.277134,11.802421,15.945477,1.0,0.0
2025-10-17 17:00:00+00:00,6.613,13.690654,24.896023,2.2604558,7.8956757,15.0,0.0
2025-10-17 18:00:00+00:00,6.113,13.060857,23.587555,7.12493,15.945463,13.0,0.0
2025-10-17 19:00:00+00:00,5.613,10.993271,22.571884,2.8155043,13.371343,2.0,0.0
2025-10-17 20:00:00+00:00,5.563,10.182337,21.517344,8.130019,19.041328,2.0,0.0
2025-10-17 21:00:00+00:00,5.563,9.96524,21.413193,16.798458,26.995766,1.0,0.0
2025-10-17 22:00:00+00:00,5.363,9.580668,21.274294,25.602148,32.210903,1.0,0.0
2025-10-17 23:00:00+00:00,5.113,7.596341,18.204042,13.706991,24.537718,0.0,0.0
2025-10-18 00:00:00+00:00,4.213,5.9834766,13.451914,338.83865,12.362483,0.0,0.0
2025-10-18 01:00:00+00:00,3.713,5.0975285,12.452566,317.86246,355.85544,0.0,0.0
2025-10-18 02:00:00+00:00,3.813,4.863332,11.328566,308.991,342.42865,0.0,0.0
2025-10-18 03:00:00+00:00,4.013,5.072041,10.534229,297.47433,326.853,4.0,0.0
2025-10-18 04:00:00+00:00,4.213,7.989243,14.411245,284.34937,297.52515,13.0,0.0
2025-10-18 05:00:00+00:00,3.863,7.79215,16.336426,276.63242,288.63467,5.0,0.0
2025-10-18 06:00:00+00:00,3.413,7.4346757,13.1412325,263.04712,283.4652,24.0,0.0
2025-10-18 07:00:00+00:00,3.063,7.0591216,11.074022,250.64091,277.47147,64.0,0.0
2025-10-18 08:00:00+00:00,4.013,7.10031,12.882267,239.53453,262.7758,73.0,0.0
2025-10-18 09:00:00+00:00,5.663,5.5916004,14.759999,236.82147,257.3196,27.0,0.0
2025-10-18 10:00:00+00:00,7.713,6.6087217,10.829958,240.64233,248.5522,16.0,0.0
2025-10-18 11:00:00+00:00,8.863,8.37532,11.190442,241.78273,244.25934,21.0,0.0
2025-10-18 12:00:00+00:00,10.063,8.863972,11.753877,240.83249,242.6502,2.0,0.0
2025-10-18 13:00:00+00:00,10.212999,10.00256,13.523978,239.74365,243.09398,4.0,0.0
2025-10-18 14:00:00+00:00,10.013,10.948973,15.463246,242.5925,245.22488,15.0,0.0
2025-10-18 15:00:00+00:00,9.263,10.210936,17.430283,229.28925,234.66858,19.0,0.0
2025-10-18 16:00:00+00:00,7.963,9.693296,18.731247,211.32863,222.27362,13.0,0.0
2025-10-18 17:00:00+00:00,7.113,11.9140415,23.0653,206.9521,214.18617,23.0,0.0
2025-10-18 18:00:00+00:00,6.463,13.690653,25.17234,208.24963,215.39488,1.0,0.0
2025-10-18 19:00:00+00:00,5.613,13.306615,26.323114,210.03319,215.53777,2.0,0.0
2025-10-18 20:00:00+00:00,5.063,13.432632,26.790989,212.4123,218.1789,1.0,0.0
2025-10-18 21:00:00+00:00,4.663,12.904882,25.956224,210.1413,217.10838,1.0,0.0
2025-10-18 22:00:00+00:00,4.213,12.5807,25.558733,213.91747,219.8572,0.0,0.0
2025-10-18 23:00:00+00:00,3.813,11.08572,23.192076,212.39983,218.38205,0.0,0.0
2025-10-19 00:00:00+00:00,3.613,14.336861,27.144215,208.49554,216.64203,0.0,0.0
2025-10-19 01:00:00+00:00,2.913,13.441071,27.053347,200.37651,207.75845,3.0,0.0
2025-10-19 02:00:00+00:00,2.713,12.810386,26.489983,197.162,205.34613,6.0,0.0
2025-10-19 03:00:00+00:00,2.663,11.7827835,24.793653,198.71184,206.751,7.0,0.0
2025-10-19 04:00:00+00:00,2.663,11.672275,24.48,199.83221,208.07239,15.0,0.0
2025-10-19 05:00:00+00:00,2.813,11.966953,24.882353,201.16133,208.04802,5.0,0.0
2025-10-19 06:00:00+00:00,2.963,13.4903965,26.01109,198.6768,204.96896,1.0,0.0
2025-10-19 07:00:00+00:00,3.163,12.710091,25.842384,192.26476,198.68744,0.0,0.0
2025-10-19 08:00:00+00:00,4.513,11.362834,26.32496,183.63287,193.84624,18.0,0.0
2025-10-19 09:00:00+00:00,6.113,9.726665,21.612743,177.87895,187.65762,17.0,0.0
2025-10-19 10:00:00+00:00,7.613,10.182337,15.367616,171.86998,174.62338,7.0,0.0
2025-10-19 11:00:00+00:00,8.712999,12.7546215,18.129137,171.06949,173.15732,3.0,0.0
2025-10-19 12:00:00+00:00,9.462999,12.835653,17.950432,157.75093,158.83867,2.0,0.0
2025-10-19 13:00:00+00:00,9.763,13.248049,18.875126,143.2857,145.09743,0.0,0.0
2025-10-19 14:00:00+00:00,9.412999,14.291592,21.365477,139.08571,140.8125,5.0,0.0
2025-10-19 15:00:00+00:00,8.563,12.992459,22.12536,137.24576,140.61223,1.0,0.0
2025-10-19 16:00:00+00:00,7.213,14.896563,26.652765,133.53127,138.55936,1.0,0.0
2025-10-19 17:00:00+00:00,6.413,15.6806755,28.899391,131.74269,136.26173,2.0,0.0
2025-10-19 18:00:00+00:00,6.263,16.419514,30.186916,134.55591,137.17476,0.0,0.0
2025-10-19 19:00:00+00:00,6.063,17.47484,32.244625,138.75865,140.89064,0.0,0.0
2025-10-19 20:00:00+00:00,5.913,18.626305,33.81797,138.91835,141.48305,0.0,0.0
2025-10-19 21:00:00+00:00,5.663,17.728857,32.300846,138.70473,141.78893,0.0,0.0
2025-10-19 22:00:00+00:00,5.513,15.914484,29.546877,136.37477,140.68605,0.0,0.0
2025-10-19 23:00:00+00:00,5.413,16.595179,30.551254,130.60121,135.95474,100.0,0.0
2025-10-20 00:00:00+00:00,5.613,17.594023,31.569351,131.68213,135.92395,99.0,0.0
2025-10-20 01:00:00+00:00,5.713,17.982891,32.45645,131.34769,135.2247,100.0,0.0
2025-10-20 02:00:00+00:00,5.813,18.212051,32.841988,132.99747,135.88815,100.0,0.0
2025-10-20 03:00:00+00:00,5.913,18.880276,33.740757,131.13445,133.48694,100.0,0.0
2025-10-20 04:00:00+00:00,6.163,19.348114,34.244022,134.24625,136.06477,100.0,0.0
2025-10-20 05:00:00+00:00,6.413,20.241,35.516605,133.91916,136.02661,98.0,0.0
2025-10-20 06:00:00+00:00,6.713,21.274294,36.91185,132.59975,134.6049,60.0,0.0
2025-10-20 07:00:00+00:00,7.213,22.037323,37.807285,132.6829,134.03561,100.0,0.0
2025-10-20 08:00:00+00:00,8.313,23.164818,37.55276,135.0001,135.97093,100.0,0.0
2025-10-20 09:00:00+00:00,9.263,23.804276,36.529354,134.081,134.80035,100.0,0.0
2025-10-20 10:00:00+00:00,9.863,25.908121,38.67655,139.22609,139.34094,100.0,0.0
2025-10-20 11:00:00+00:00,10.263,25.710402,37.99194,146.42116,146.00873,100.0,0.0
2025-10-20 12:00:00+00:00,10.662999,22.970285,34.6896,127.67816,128.89197,100.0,0.0
2025-10-20 13:00:00+00:00,11.013,22.724243,34.84802,125.32673,126.8108,100.0,0.0
2025-10-20 14:00:00+00:00,10.712999,22.657845,36.982006,128.87308,131.44817,100.0,0.1
2025-10-20 15:00:00+00:00,10.162999,23.453938,38.56581,131.88907,134.8109,100.0,0.3
2025-10-20 16:00:00+00:00,9.962999,23.675303,39.222656,134.38402,136.85959,100.0,0.2
2025-10-20 17:00:00+00:00,9.613,24.470734,41.553493,137.98154,140.44868,100.0,0.8
2025-10-20 18:00:00+00:00,9.863,24.713154,41.276554,137.3614,140.13051,100.0,1.5
2025-10-20 19:00:00+00:00,9.662999,24.091774,40.82668,141.67444,143.7868,100.0,1.0
2025-10-20 20:00:00+00:00,9.763,24.412407,40.377815,146.42708,148.86108,100.0,0.5
2025-10-20 21:00:00+00:00,9.813,23.832163,39.54842,148.591,151.45207,100.0,0.1
2025-10-20 22:00:00+00:00,9.962999,21.370783,35.61317,147.38077,150.97362,100.0,0.2
2025-10-20 23:00:00+00:00,9.712999,20.170443,34.65175,147.019,150.77205,100.0,0.6
2025-10-21 00:00:00+00:00,9.813,18.720863,32.271744,136.94807,141.34016,100.0,0.0
2025-10-21 01:00:00+00:00,9.662999,19.602652,33.190357,135.74397,139.39879,100.0,0.0
2025-10-21 02:00:00+00:00,9.412999,18.844202,32.703575,136.54811,139.91185,100.0,0.0
2025-10-21 03:00:00+00:00,9.363,18.34411,31.458832,132.61403,137.08679,100.0,0.1
2025-10-21 04:00:00+00:00,9.363,18.335276,31.450588,133.4089,136.62329,100.0,0.2
2025-10-21 05:00:00+00:00,9.412999,17.69593,31.0822,133.76367,137.34691,100.0,0.5
2025-10-21 06:00:00+00:00,9.662999,18.968449,32.862694,133.84663,137.21968,100.0,0.1
2025-10-21 07:00:00+00:00,10.212999,19.346441,32.244125,135.0001,137.94154,100.0,0.0
2025-10-21 08:00:00+00:00,10.763,19.601,31.723434,135.0001,137.52954,100.0,0.0
2025-10-21 09:00:00+00:00,11.162999,20.898613,31.440285,132.20723,134.30421,100.0,0.0
2025-10-21 10:00:00+00:00,11.863,21.661413,33.815575,137.69434,139.10107,99.0,0.0
2025-10-21 11:00:00+00:00,12.513,23.664352,35.14935,146.79341,147.12373,100.0,0.0
2025-10-21 12:00:00+00:00,11.813,20.390114,31.705046,132.13753,133.38976,100.0,0.0
2025-10-21 13:00:00+00:00,12.063,21.594748,33.283943,140.07219,141.14662,100.0,0.0
2025-10-21 14:00:00+00:00,12.013,20.539728,33.31216,138.90865,141.58191,100.0,0.0
2025-10-21 15:00:00+00:00,11.763,21.643456,34.897724,133.65219,137.09016,91.0,0.0
2025-10-21 16:00:00+00:00,11.113,24.20381,39.65764,128.65982,131.50386,100.0,1.1
2025-10-21 17:00:00+00:00,11.263,20.381372,33.8601,128.1857,134.13857,98.0,0.1
2025-10-21 18:00:00+00:00,11.462999,21.744267,36.520485,143.4146,148.50356,100.0,2.4
2025-10-21 19:00:00+00:00,11.763,21.535404,35.58359,163.98875,168.91747,99.0,0.5
2025-10-21 20:00:00+00:00,11.712999,19.983242,33.65422,181.03223,185.83247,98.0,0.1
2025-10-21 21:00:00+00:00,11.813,19.983242,33.149822,187.76508,190.63872,81.0,0.1
2025-10-21 22:00:00+00:00,11.363,19.811451,33.75948,197.44728,201.91492,71.0,0.1
2025-10-21 23:00:00+00:00,11.363,22.539564,37.600616,206.56499,210.49329,100.0,0.0
2025-10-22 00:00:00+00:00,11.763,18.58451,31.576021,211.53474,215.95543,100.0,0.0
2025-10-22 01:00:00+00:00,11.412999,20.090773,33.994755,202.6594,204.39372,100.0,0.0
2025-10-22 02:00:00+00:00,11.063,18.720001,31.96153,202.6199,205.69914,100.0,0.1
2025-10-22 03:00:00+00:00,10.962999,16.85669,29.158888,186.74548,191.03242,98.0,0.4
2025-10-22 04:00:00+00:00,10.813,16.395817,28.486101,177.48318,183.26009,100.0,2.2
2025-10-22 05:00:00+00:00,10.863,17.283749,29.876204,181.19347,186.22574,99.0,0.1
2025-10-22 06:00:00+00:00,11.113,16.039202,29.427658,189.0394,194.8863,88.0,0.0
2025-10-22 07:00:00+00:00,11.212999,16.836496,28.982235,186.13716,191.10052,91.0,0.0
2025-10-22 08:00:00+00:00,11.613,16.748707,27.193705,181.84756,186.84268,100.0,0.0
2025-10-22 09:00:00+00:00,12.263,18.129137,28.082884,186.84268,189.22075,100.0,0.0
2025-10-22 10:00:00+00:00,12.863,18.930832,28.329279,183.27042,184.00772,74.0,0.0
2025-10-22 11:00:00+00:00,13.313,17.313717,26.28986,176.42374,178.43068,100.0,0.1
2025-10-22 12:00:00+00:00,12.662999,20.53105,31.749468,207.68826,209.18071,90.0,0.1
2025-10-22 13:00:00+00:00,13.113,18.03237,28.027449,206.05344,208.37543,93.0,2.3
2025-10-22 14:00:00+00:00,12.613,17.483181,28.124388,208.93991,211.6555,70.0,1.7
2025-10-22 15:00:00+00:00,12.212999,15.379206,26.065218,212.57405,217.42392,75.0,0.2
2025-10-22 16:00:00+00:00,11.513,14.275713,25.608755,221.93343,227.56381,96.0,0.4
2025-10-22 17:00:00+00:00,11.263,14.387619,25.5961,226.5207,233.29118,60.0,0.0
2025-10-22 18:00:00+00:00,10.962999,14.73913,26.543135,241.55716,247.26054,25.0,0.0
2025-10-22 19:00:00+00:00,10.412999,12.791403,24.02174,230.71062,237.85812,29.0,0.0
2025-10-22 20:00:00+00:00,9.912999,11.45513,22.575472,224.9999,232.12495,22.0,0.0
2025-10-22 21:00:00+00:00,9.412999,11.08572,22.493519,212.39983,219.80553,10.0,0.0
2025-10-22 22:00:00+00:00,9.063,10.036512,21.112242,212.54999,219.11755,16.0,0.0
2025-10-22 23:00:00+00:00,8.662999,8.626865,19.121557,203.35558,213.0917,17.0,0.0
2025-10-23 00:00:00+00:00,8.563,6.9270773,15.771329,204.56715,218.04709,1.0,0.0
2025-10-23 01:00:00+00:00,7.663,6.66,15.91041,180.0,201.92183,6.0,0.0
2025-10-23 02:00:00+00:00,7.313,6.889557,15.876775,160.1447,183.90042,52.0,0.0
2025-10-23 03:00:00+00:00,7.013,7.1684303,14.182355,128.8845,156.0375,100.0,0.0
2025-10-23 04:00:00+00:00,7.013,10.560341,19.61587,119.62366,132.76881,100.0,0.0
2025-10-23 05:00:00+00:00,7.063,11.634741,21.650938,124.91948,132.97864,100.0,0.0
2025-10-23 06:00:00+00:00,7.713,12.224107,22.151703,103.627014,114.482475,100.0,0.0
2025-10-23 07:00:00+00:00,8.363,13.154786,25.6233,106.699326,114.04423,100.0,0.0
2025-10-23 08:00:00+00:00,9.912999,15.477906,27.265692,98.69542,108.0762,99.0,0.2
2025-10-23 09:00:00+00:00,11.263,18.99661,30.570868,102.58769,107.47486,100.0,0.0
2025-10-23 10:00:00+00:00,11.513,24.890165,38.09244,100.41597,102.00019,100.0,0.0
2025-10-23 11:00:00+00:00,11.013,25.929996,39.601635,88.4089,90.52084,100.0,0.0
2025-10-23 12:00:00+00:00,10.613,28.943642,45.99026,84.2895,86.40975,100.0,0.4
2025-10-23 13:00:00+00:00,10.962999,30.293522,47.892178,86.59363,88.70787,100.0,0.3
2025-10-23 14:00:00+00:00,10.912999,30.689339,48.981174,85.62715,88.31535,100.0,2.4
2025-10-23 15:00:00+00:00,10.962999,32.78422,52.56031,87.79745,89.803795,100.0,2.6
2025-10-23 16:00:00+00:00,11.263,30.832586,49.755917,93.346756,95.81363,100.0,1.9
2025-10-23 17:00:00+00:00,11.613,31.339132,50.4453,98.92123,101.10942,100.0,1.9
2025-10-23 18:00:00+00:00,11.863,32.131382,51.577145,104.26982,105.5884,100.0,2.3
2025-10-23 19:00:00+00:00,11.712999,30.403484,48.837082,109.722374,111.17404,100.0,2.5
2025-10-23 20:00:00+00:00,11.813,24.874542,40.511196,116.19415,118.38687,100.0,1.9
2025-10-23 21:00:00+00:00,11.863,15.233148,26.161995,125.380356,130.81499,100.0,0.3
2025-10-23 22:00:00+00:00,11.662999,13.766176,24.523638,117.23507,125.43999,100.0,0.1
2025-10-23 23:00:00+00:00,11.412999,13.920647,25.711662,130.27979,135.5672,100.0,0.1
2025-10-24 00:00:00+00:00,11.363,17.288435,29.844194,141.34016,143.33736,52.0,0.1
2025-10-24 01:00:00+00:00,11.212999,13.243156,24.265308,121.097244,127.46501,41.0,0.0
2025-10-24 02:00:00+00:00,10.712999,14.277983,26.806103,123.6901,130.64294,0.0,0.0
2025-10-24 03:00:00+00:00,10.412999,18.123774,32.472916,124.47927,129.60222,98.0,0.0
2025-10-24 04:00:00+00:00,10.212999,19.513195,34.45954,127.50422,130.76352,100.0,0.0
2025-10-24 05:00:00+00:00,10.212999,19.440832,33.718185,126.33949,130.23628,100.0,0.0
2025-10-24 06:00:00+00:00,10.263,18.872551,32.112724,122.932236,127.25537,100.0,0.0
2025-10-24 07:00:00+00:00,10.263,18.762356,32.074867,118.04006,121.46,100.0,0.0
2025-10-24 08:00:00+00:00,10.813,19.634031,32.252163,121.50421,124.31095,99.0,0.0
2025-10-24 09:00:00+00:00,11.462999,25.683926,39.194145,121.23916,122.81428,99.0,0.0
2025-10-24 10:00:00+00:00,12.263,23.372986,34.96497,125.28129,125.57205,96.0,0.0
2025-10-24 11:00:00+00:00,12.412999,22.392464,33.416553,143.49847,144.42636,95.0,0.0
2025-10-24 12:00:00+00:00,12.462999,19.125793,27.66384,161.906,161.80075,45.0,0.2
2025-10-24 13:00:00+00:00,12.813,15.62686,22.242203,155.50143,156.13167,88.0,0.1
2025-10-24 14:00:00+00:00,12.363,11.679212,19.319628,151.46011,153.43501,100.0,0.1
2025-10-24 15:00:00+00:00,11.513,11.173057,19.627428,177.22984,181.5765,95.0,0.1
2025-10-24 16:00:00+00:00,10.763,9.0018,17.5931,178.85426,187.05222,38.0,0.0
2025-10-24 17:00:00+00:00,10.013,12.081472,22.637817,183.41652,189.61205,44.0,0.0
2025-10-24 18:00:00+00:00,9.712999,15.3042345,27.215738,181.34785,187.21893,67.0,0.0
2025-10-24 19:00:00+00:00,9.912999,18.212051,31.08168,183.39964,187.98924,11.0,0.0
2025-10-24 20:00:00+00:00,9.513,18.25026,31.367552,165.14134,170.75397,100.0,0.0
2025-10-24 21:00:00+00:00,10.113,19.92479,33.156178,157.1412,163.92636,100.0,0.0
2025-10-24 22:00:00+00:00,10.162999,25.729298,41.083004,197.92801,201.0556,100.0,0.2
2025-10-24 23:00:00+00:00,10.113,26.005484,40.902794,207.62915,207.80542,99.0,0.2
2025-10-25 00:00:00+00:00,10.313,24.80149,39.966484,195.14575,197.29254,100.0,0.0
2025-10-25 01:00:00+00:00,10.063,23.899363,38.64009,191.73306,193.19469,100.0,0.1
2025-10-25 02:00:00+00:00,9.863,23.097584,37.33644,193.06155,195.37631,80.0,0.2
2025-10-25 03:00:00+00:00,9.813,23.0407,37.375042,187.18044,189.1447,100.0,0.1
2025-10-25 04:00:00+00:00,9.813,24.119999,38.750614,180.0,182.9288,100.0,0.0
2025-10-25 05:00:00+00:00,9.613,24.152887,38.880417,177.00972,180.26524,44.0,0.0
2025-10-25 06:00:00+00:00,9.412999,22.065973,36.555954,174.3825,178.30705,23.0,0.0
2025-10-25 07:00:00+00:00,9.063,22.034382,36.28016,162.89719,166.5153,100.0,0.0
2025-10-25 08:00:00+00:00,9.662999,20.355923,33.412674,158.19853,161.46735,100.0,0.0
2025-10-25 09:00:00+00:00,10.212999,21.274294,33.11315,147.7891,151.0665,25.0,0.0
2025-10-25 10:00:00+00:00,10.763,28.98894,42.983833,159.65207,160.42679,100.0,0.0
2025-10-25 11:00:00+00:00,10.313,26.089447,38.559513,152.02061,153.07619,100.0,0.0
2025-10-25 12:00:00+00:00,10.412999,27.578209,40.786587,158.96242,159.3255,100.0,0.1
2025-10-25 13:00:00+00:00,10.013,22.378714,32.682766,153.22893,153.15279,100.0,0.2
2025-10-25 14:00:00+00:00,10.313,18.188019,26.538252,141.42873,141.88638,78.0,0.0
2025-10-25 15:00:00+00:00,10.113,15.910412,25.976189,135.4583,136.68465,95.0,0.6
2025-10-25 16:00:00+00:00,9.313,13.110376,23.437353,134.44382,143.74608,96.0,2.7
2025-10-25 17:00:00+00:00,9.162999,11.53265,21.047688,124.18617,138.81418,99.0,0.0
2025-10-25 18:00:00+00:00,9.712999,9.085988,18.921415,146.3099,154.65387,100.0,0.6
2025-10-25 19:00:00+00:00,9.162999,7.9465466,17.303421,166.9081,177.0186,100.0,0.1
2025-10-25 20:00:00+00:00,9.113,6.3231,14.84318,184.899,202.8337,100.0,0.2
2025-10-25 21:00:00+00:00,9.162999,5.4833565,12.819235,203.19862,218.15727,100.0,0.7
2025-10-25 22:00:00+00:00,9.162999,8.880405,17.311846,197.70052,207.89719,100.0,1.1
2025-10-25 23:00:00+00:00,9.113,12.96125,22.22836,207.27667,211.75943,100.0,0.3
2025-10-26 00:00:00+00:00,8.813,12.16832,21.57974,209.21915,211.70139,100.0,0.3
2025-10-26 01:00:00+00:00,8.662999,13.363711,22.90743,207.25525,210.19153,100.0,0.2
2025-10-26 02:00:00+00:00,8.113,11.91812,22.553936,205.01686,208.61037,100.0,0.0
2025-10-26 03:00:00+00:00,8.013,9.741642,19.574533,196.09088,204.44394,98.0,0.2
2025-10-26 04:00:00+00:00,7.963,7.3799996,16.276815,180.0,190.19144,99.0,0.0
2025-10-26 05:00:00+00:00,6.963,4.5891175,12.425216,154.44008,181.66025,100.0,0.0
2025-10-26 06:00:00+00:00,7.863,3.8521678,8.513448,127.40543,166.55138,100.0,0.0
2025-10-26 07:00:00+00:00,8.113,2.7943513,4.3832865,104.93147,160.82089,100.0,0.0
2025-10-26 08:00:00+00:00,8.313,3.4199998,3.494968,90.0,124.50858,100.0,0.0
2025-10-26 09:00:00+00:00,8.662999,1.2979984,2.657668,303.6901,298.30066,99.0,0.5
2025-10-26 10:00:00+00:00,9.263,7.3997297,9.807935,311.05472,312.7688,100.0,1.0
2025-10-26 11:00:00+00:00,9.863,9.418662,12.483748,315.0001,317.33734,99.0,0.1
2025-10-26 12:00:00+00:00,10.363,12.534257,18.278645,324.9405,327.87503,81.0,0.1
2025-10-26 13:00:00+00:00,9.912999,14.4415655,23.395153,337.27023,341.14676,73.0,1.3
2025-10-26 14:00:00+00:00,10.162999,14.84318,23.372986,320.90613,324.71872,42.0,0.0
2025-10-26 15:00:00+00:00,9.313,15.9134655,26.608969,322.3523,326.3099,24.0,0.0
2025-10-26 16:00:00+00:00,8.412999,13.874019,24.709877,314.47443,321.2098,31.0,0.0
2025-10-26 17:00:00+00:00,8.212999,11.08572,21.407139,302.3998,312.27362,46.0,0.0
2025-10-26 18:00:00+00:00,7.863,10.823973,20.890083,273.814,288.59116,63.0,0.0
2025-10-26 19:00:00+00:00,7.463,12.466867,23.25416,252.3498,266.89404,56.0,0.0
2025-10-26 20:00:00+00:00,7.313,13.443481,25.639734,243.77809,254.10979,99.0,0.0
2025-10-26 21:00:00+00:00,7.463,12.830604,24.880402,235.86401,244.73273,100.0,0.0
2025-10-26 22:00:00+00:00,7.313,14.396625,26.826641,222.46638,229.89915,98.0,0.0
2025-10-26 23:00:00+00:00,7.113,13.369771,25.190355,223.36346,230.50897,100.0,0.0
2025-10-27 00:00:00+00:00,7.113,12.601285,24.126043,224.42136,234.41254,100.0,0.5
2025-10-27 01:00:00+00:00,7.563,11.51578,22.346838,245.03723,259.3237,100.0,0.9
2025-10-27 02:00:00+00:00,7.863,13.661038,24.74329,251.56496,261.6342,99.0,0.4
2025-10-27 03:00:00+00:00,7.763,15.94804,27.49349,253.61038,261.33948,89.0,0.1
2025-10-27 04:00:00+00:00,7.663,13.149859,23.441502,250.82089,259.3804,97.0,0.0
2025-10-27 05:00:00+00:00,7.113,14.059602,25.875586,251.333,258.76828,94.0,0.1
2025-10-27 06:00:00+00:00,7.663,7.2202215,16.280798,274.28906,275.7105,99.0,0.0
2025-10-27 07:00:00+00:00,7.613,8.383054,15.865546,255.06853,273.2519,96.0,0.2
2025-10-27 08:00:00+00:00,7.963,11.578912,19.620825,258.34073,270.52563,74.0,0.0
2025-10-27 09:00:00+00:00,9.013,12.049249,17.363237,283.82867,287.49585,66.0,0.0
2025-10-27 10:00:00+00:00,9.313,10.195057,13.783817,312.1375,310.76352,86.0,0.1
2025-10-27 11:00:00+00:00,9.013,9.659814,13.0447235,333.43503,332.02063,77.0,0.8
2025-10-27 12:00:00+00:00,9.063,6.1437774,8.0599,328.17258,330.57263,70.0,0.0
2025-10-27 13:00:00+00:00,9.813,7.3094187,9.9,322.00122,323.13,37.0,0.0
2025-10-27 14:00:00+00:00,9.662999,7.7900705,11.226575,310.31403,311.0994,20.0,0.0
2025-10-27 15:00:00+00:00,9.013,6.5049515,12.337553,284.4208,293.1986,36.0,0.0
2025-10-27 16:00:00+00:00,8.013,7.0223074,14.465102,271.46878,286.63104,34.0,0.0
2025-10-27 17:00:00+00:00,7.913,7.415038,15.122143,264.4279,278.90164,25.0,0.0
2025-10-27 18:00:00+00:00,7.863,8.0599,17.194475,246.29735,259.74887,40.0,0.0
2025-10-27 19:00:00+00:00,7.313,6.9480934,16.02101,253.44284,270.64374,30.0,0.0
2025-10-27 20:00:00+00:00,6.413,5.3699164,12.758432,256.42953,286.38962,15.0,0.0
2025-10-27 21:00:00+00:00,6.213,5.2416787,10.464797,254.05453,296.56497,22.0,0.0
2025-10-27 22:00:00+00:00,6.213,5.4149795,10.662626,254.57777,291.80148,35.0,0.0
2025-10-27 23:00:00+00:00,6.213,6.206738,12.442153,253.14151,284.2373,27.0,0.0
2025-10-28 00:00:00+00:00,7.213,10.829959,20.750027,254.57777,273.9793,45.0,0.0
2025-10-28 01:00:00+00:00,7.313,13.896187,27.189533,253.44284,268.4826,37.0,0.0
2025-10-28 02:00:00+00:00,7.613,15.890034,29.141108,265.45203,276.02744,59.0,0.0
2025-10-28 03:00:00+00:00,7.813,18.751125,33.11706,273.3018,280.33264,38.0,0.0
2025-10-28 04:00:00+00:00,7.713,19.649702,34.418148,266.84933,272.69775,100.0,0.0
2025-10-28 05:00:00+00:00,7.563,20.454369,35.101845,263.9383,269.41238,100.0,0.0
2025-10-28 06:00:00+00:00,7.513,19.361507,32.76445,264.1305,269.05566,49.0,0.0
2025-10-28 07:00:00+00:00,7.113,16.663374,29.433163,259.41843,265.44012,92.0,0.0
2025-10-28 08:00:00+00:00,7.863,16.466803,27.534704,254.14056,258.6901,100.0,0.0
2025-10-28 09:00:00+00:00,8.462999,15.676542,24.406433,254.68712,256.78366,100.0,0.0
2025-10-28 10:00:00+00:00,8.662999,15.086748,22.485594,250.48404,252.29019,100.0,0.0
2025-10-28 11:00:00+00:00,8.912999,16.516901,24.407097,253.5399,255.04132,100.0,0.0
2025-10-28 12:00:00+00:00,8.462999,16.584438,24.89277,244.26935,245.65892,100.0,0.1
2025-10-28 13:00:00+00:00,7.813,16.208998,24.957764,240.01845,242.511,100.0,0.8
2025-10-28 14:00:00+00:00,7.363,14.957339,24.066206,230.37103,235.359,100.0,1.2
2025-10-28 15:00:00+00:00,7.263,14.438198,24.358597,234.13008,239.83508,49.0,0.0
2025-10-28 16:00:00+00:00,6.663,12.830604,23.98867,235.86401,243.24275,24.0,0.0
2025-10-28 17:00:00+00:00,6.263,12.652604,24.464113,230.19447,237.01147,52.0,0.0
2025-10-28 18:00:00+00:00,6.413,12.284918,22.956175,230.94687,241.42549,25.0,0.0
2025-10-28 19:00:00+00:00,6.113,11.964246,23.520151,224.9999,234.97198,20.0,0.0
2025-10-28 20:00:00+00:00,6.013,12.261157,24.422358,229.76372,237.94989,61.0,0.0
2025-10-28 21:00:00+00:00,6.313,12.616702,24.20381,222.10866,231.34018,41.0,0.0
2025-10-28 22:00:00+00:00,6.063,11.988594,23.531172,221.34767,230.58727,19.0,0.0
2025-10-28 23:00:00+00:00,5.913,11.709688,23.47741,224.9999,234.3601,1.0,0.0
2025-10-29 00:00:00+00:00,6.563,11.712454,21.771072,226.24529,237.4925,52.0,0.0
2025-10-29 01:00:00+00:00,6.663,10.819482,21.02921,224.32605,234.40521,100.0,0.0
2025-10-29 02:00:00+00:00,7.013,12.097553,22.934288,226.80872,233.93947,100.0,0.0
2025-10-29 03:00:00+00:00,7.163,10.837435,20.49314,221.63345,231.41876,100.0,0.0
2025-10-29 04:00:00+00:00,7.113,11.720751,22.101917,222.5104,229.9555,100.0,0.0
2025-10-29 05:00:00+00:00,6.963,10.993271,21.142147,219.68541,227.07004,80.0,0.0
2025-10-29 06:00:00+00:00,6.613,9.504273,18.171976,204.62355,213.6901,100.0,0.0
2025-10-29 07:00:00+00:00,5.963,8.350138,16.357237,187.43132,204.0265,100.0,0.0
2025-10-29 08:00:00+00:00,6.713,11.701385,21.573734,179.11862,192.5288,100.0,0.0
2025-10-29 09:00:00+00:00,7.513,12.251905,21.573734,182.52606,192.5288,99.0,0.2
2025-10-29 10:00:00+00:00,9.462999,13.5,20.304926,216.86998,220.32576,100.0,0.0
2025-10-29 11:00:00+00:00,10.613,15.735336,23.25625,215.69016,217.13605,100.0,0.0
2025-10-29 12:00:00+00:00,10.513,15.655861,23.964348,197.3934,198.84332,100.0,0.0
2025-10-29 13:00:00+00:00,9.863,16.6896,27.282322,196.28499,200.46764,100.0,0.7
2025-10-29 14:00:00+00:00,9.113,18.38557,30.98772,198.25766,202.5431,100.0,1.0
2025-10-29 15:00:00+00:00,9.363,16.997377,28.429745,204.39372,208.3498,100.0,0.0
2025-10-29 16:00:00+00:00,9.263,16.284779,28.017622,203.44807,207.55272,100.0,0.0
2025-10-29 17:00:00+00:00,8.712999,14.584443,26.591913,204.03429,209.16753,100.0,0.0
2025-10-29 18:00:00+00:00,8.912999,12.3165245,23.00411,206.93945,217.04932,100.0,0.0
2025-10-29 19:00:00+00:00,8.662999,11.364259,21.691305,209.40709,220.96219,100.0,0.0
2025-10-29 20:00:00+00:00,8.563,10.6261,21.531641,206.13094,215.81618,100.0,0.0
2025-10-29 21:00:00+00:00,8.462999,9.299225,19.401628,194.57425,205.8518,100.0,0.0
2025-10-29 22:00:00+00:00,8.313,7.6367526,16.981165,188.13002,201.12479,100.0,0.1
2025-10-29 23:00:00+00:00,8.162999,6.9480934,14.957339,163.44286,182.75905,100.0,0.4
2025-10-30 00:00:00+00:00,8.412999,4.752136,11.578912,142.69597,168.34074,100.0,0.6
2025-10-30 01:00:00+00:00,8.263,5.09435,11.032987,122.00535,146.3099,100.0,0.3
2025-10-30 02:00:00+00:00,8.263,5.4744864,10.152064,99.46225,127.07316,100.0,0.4
2025-10-30 03:00:00+00:00,8.013,5.0528407,10.094454,85.91447,111.99118,100.0,0.7
2025-10-30 04:00:00+00:00,7.963,6.8919086,12.410866,49.236485,70.51378,100.0,0.9
2025-10-30 05:00:00+00:00,8.063,6.7205353,14.896563,20.37652,43.53127,100.0,1.1
2025-10-30 06:00:00+00:00,7.713,13.397612,24.430317,6.170083,16.699326,100.0,0.9
2025-10-30 07:00:00+00:00,7.763,10.239453,19.813087,349.8754,2.0825295,100.0,0.5
2025-10-30 08:00:00+00:00,8.162999,12.313894,22.396078,322.12497,331.16913,100.0,0.2
2025-10-30 09:00:00+00:00,8.363,19.240644,30.613232,340.88693,347.43466,100.0,0.1
2025-10-30 10:00:00+00:00,8.563,16.596157,26.548626,323.37857,329.43604,100.0,0.1
2025-10-30 11:00:00+00:00,8.563,18.212051,29.44802,312.99747,318.22113,100.0,0.1
2025-10-30 12:00:00+00:00,9.412999,17.220835,26.115513,318.81415,321.15515,23.0,0.0
2025-10-30 13:00:00+00:00,9.662999,21.643456,31.947338,313.6522,314.77173,29.0,0.0
2025-10-30 14:00:00+00:00,9.263,19.64228,30.687227,311.2846,313.3363,18.0,0.0
2025-10-30 15:00:00+00:00,8.513,15.971386,26.748024,309.97086,312.81836,20.0,0.0
2025-10-30 16:00:00+00:00,7.713,14.512064,25.885603,299.74478,306.2325,28.0,0.0
2025-10-30 17:00:00+00:00,7.463,13.282243,24.921389,296.56497,305.2972,43.0,0.0
2025-10-30 18:00:00+00:00,7.363,11.132385,21.22016,292.83368,304.63373,35.0,0.0
2025-10-30 19:00:00+00:00,7.013,9.979859,20.128637,277.2531,295.41922,39.0,0.0
2025-10-30 20:00:00+00:00,6.663,10.094454,19.468311,266.93356,287.76495,35.0,0.0
2025-10-30 21:00:00+00:00,6.413,10.564941,20.211363,256.2005,274.08554,44.0,0.0
2025-10-30 22:00:00+00:00,6.263,10.3621235,20.886982,252.824,268.5186,36.0,0.0
2025-10-30 23:00:00+00:00,6.263,8.338489,18.212051,256.2637,273.39963,12.0,0.0
2025-10-31 00:00:00+00:00,5.913,9.914717,19.290257,254.19742,273.2094,9.0,0.0
2025-10-31 01:00:00+00:00,5.213,5.00128,14.081478,239.74365,274.39862,78.0,0.0
2025-10-31 02:00:00+00:00,4.713,5.0975285,12.835653,222.13753,255.37909,44.0,0.0
2025-10-31 03:00:00+00:00,3.413,1.8792552,5.9617786,163.30067,241.11351,92.0,0.0
2025-10-31 04:00:00+00:00,3.013,2.8174455,3.8183763,153.43501,188.13002,100.0,0.0
2025-10-31 05:00:00+00:00,3.313,5.5829024,9.299225,110.77233,104.57426,100.0,0.0
2025-10-31 06:00:00+00:00,3.163,8.027678,14.082628,132.27364,125.11209,100.0,0.0
2025-10-31 07:00:00+00:00,3.163,8.688613,19.119015,129.95749,138.05296,100.0,0.0
2025-10-31 08:00:00+00:00,3.813,10.075177,22.291674,108.75875,137.29063,100.0,0.0
2025-10-31 09:00:00+00:00,5.213,11.638917,25.848024,121.72356,143.20981,100.0,0.0
2025-10-31 10:00:00+00:00,6.913,11.681987,25.790926,123.690094,139.5289,100.0,0.0
2025-10-31 11:00:00+00:00,8.613,10.703569,18.731247,132.27362,137.72638,95.0,0.0
2025-10-31 12:00:00+00:00,9.813,12.4811535,18.183563,123.23173,125.735565,100.0,0.0
2025-10-31 13:00:00+00:00,9.962999,14.041154,20.917982,126.13547,127.658844,100.0,0.0
2025-10-31 14:00:00+00:00,10.263,13.878688,23.16412,136.5765,140.99252,100.0,0.0
2025-10-31 15:00:00+00:00,9.662999,14.784126,26.107447,132.03899,136.95567,100.0,0.0
2025-10-31 16:00:00+00:00,8.763,15.784676,28.394392,135.92395,140.6595,80.0,0.0
2025-10-31 17:00:00+00:00,8.462999,16.928614,30.029806,135.43074,140.10654,99.0,0.0
2025-10-31 18:00:00+00:00,8.162999,17.566378,31.277039,135.83023,139.43456,99.0,0.0
2025-10-31 19:00:00+00:00,8.063,17.84816,31.8783,138.27058,141.18861,100.0,0.0
2025-10-31 20:00:00+00:00,8.513,18.745079,32.412495,138.50363,141.53894,100.0,0.1
2025-10-31 21:00:00+00:00,8.263,18.645428,32.29232,139.69876,143.38551,100.0,0.0
2025-10-31 22:00:00+00:00,8.212999,18.455925,32.020275,134.6049,138.87477,100.0,0.0
2025-10-31 23:00:00+00:00,8.1,19.152882,32.810402,139.574,144.82764,100.0,0.0
2025-11-01 00:00:00+00:00,8.65,16.886454,29.421602,144.10724,148.25476,100.0,0.5
2025-11-01 01:00:00+00:00,8.9,17.660192,30.189602,150.0379,154.1989,100.0,0.0
2025-11-01 02:00:00+00:00,8.9,16.802786,28.732422,135.86795,142.12495,82.0,0.1
2025-11-01 03:00:00+00:00,8.75,17.352036,30.070238,143.01115,148.21278,75.0,0.0
2025-11-01 04:00:00+00:00,8.45,16.974487,29.627365,145.80435,152.50095,98.0,0.0
2025-11-01 05:00:00+00:00,8.5,20.196127,35.355682,143.33427,147.68544,23.0,0.1
2025-11-01 06:00:00+00:00,8.6,20.051224,34.38188,139.73352,143.72993,14.0,0.0
2025-11-01 07:00:00+00:00,8.35,20.304926,35.533474,139.67424,143.65245,13.0,0.0
2025-11-01 08:00:00+00:00,8.9,21.20412,36.25291,142.93547,147.57246,100.0,0.0
2025-11-01 09:00:00+00:00,9.9,20.875343,39.02639,135.69861,142.49579,100.0,0.0
2025-11-01 10:00:00+00:00,10.65,18.98552,32.232063,132.31018,137.4896,100.0,0.0
2025-11-01 11:00:00+00:00,11.15,19.820442,32.711006,129.47244,134.77705,100.0,0.0
2025-11-01 12:00:00+00:00,11.65,20.699999,32.252163,143.13002,145.68904,100.0,0.0
2025-11-01 13:00:00+00:00,11.6,20.605871,33.74076,141.02753,149.19357,100.0,0.0
2025-11-01 14:00:00+00:00,10.9,22.16998,36.899998,150.31291,155.81049,100.0,0.4
2025-11-01 15:00:00+00:00,10.6,21.988014,36.324337,155.32315,160.30789,100.0,1.4
2025-11-01 16:00:00+00:00,10.45,22.314194,37.2826,162.1496,166.03082,100.0,0.9
2025-11-01 17:00:00+00:00,10.4,19.672771,33.66048,175.80241,180.30638,100.0,0.7
2025-11-01 18:00:00+00:00,10.75,19.523985,33.66048,198.268,202.31352,100.0,1.1
2025-11-01 19:00:00+00:00,10.8,19.72869,33.550087,211.94994,214.28693,100.0,0.4
2025-11-01 20:00:00+00:00,10.45,18.762356,32.512302,208.04005,212.10623,42.0,0.1
2025-11-01 21:00:00+00:00,9.95,17.595861,31.470673,210.76265,215.69016,15.0,0.0
2025-11-01 22:00:00+00:00,9.75,17.782686,31.721907,211.75943,215.76453,41.0,0.0
2025-11-01 23:00:00+00:00,9.6,16.276815,29.774633,212.81136,217.63202,21.0,0.0
2025-11-02 00:00:00+00:00,9.75,17.477621,31.356184,212.38066,217.06732,27.0,0.0
2025-11-02 01:00:00+00:00,9.45,15.743569,29.340551,210.96368,216.51848,38.0,0.0
2025-11-02 02:00:00+00:00,8.95,13.766176,27.07669,207.23506,215.80344,9.0,0.0
2025-11-02 03:00:00+00:00,8.5,13.841286,26.820604,200.55612,208.45692,52.0,0.0
2025-11-02 04:00:00+00:00,8.2,13.229694,25.837994,194.98167,202.09795,100.0,0.0
2025-11-02 05:00:00+00:00,8.1,14.120538,27.44749,191.0234,196.7713,100.0,0.0
2025-11-02 06:00:00+00:00,8.55,14.84318,27.682571,194.03627,200.55612,100.0,0.0
2025-11-02 07:00:00+00:00,8.7,12.425216,23.535301,181.66025,186.14653,100.0,0.6
2025-11-02 08:00:00+00:00,9.15,14.975741,26.174995,166.7989,175.66182,100.0,0.0
2025-11-02 09:00:00+00:00,9.85,21.786694,35.146122,178.57977,182.93561,100.0,0.6
2025-11-02 10:00:00+00:00,10.35,20.799152,33.16692,203.45905,207.12122,56.0,0.1
2025-11-02 11:00:00+00:00,10.3,21.03229,32.663925,228.12221,229.02208,41.0,0.6
2025-11-02 12:00:00+00:00,10.7,18.254698,27.609911,229.39879,230.29013,66.0,0.0
2025-11-02 13:00:00+00:00,10.8,15.096411,22.828087,230.80673,232.04572,22.0,0.0
2025-11-02 14:00:00+00:00,10.65,12.599998,20.719555,233.13002,235.6196,33.0,0.0
2025-11-02 15:00:00+00:00,9.9,10.233123,19.273453,230.71062,235.27094,37.0,0.0
2025-11-02 16:00:00+00:00,8.85,9.688281,19.361507,215.16652,227.26053,48.0,0.1
2025-11-02 17:00:00+00:00,8.35,8.490582,17.401447,201.12479,219.1226,22.0,0.0
2025-11-02 18:00:00+00:00,8.05,6.854195,17.339897,209.93143,228.36655,24.0,0.0
2025-11-02 19:00:00+00:00,7.6,10.4166975,22.140732,189.95056,205.52338,46.0,0.0
2025-11-02 20:00:00+00:00,7.2,12.601285,25.5961,179.18156,192.17917,91.0,0.0
2025-11-02 21:00:00+00:00,7.05,13.529966,27.158533,183.814,193.02309,100.0,0.0
2025-11-02 22:00:00+00:00,7.1,14.332341,28.066727,191.59215,199.4809,100.0,0.0
2025-11-02 23:00:00+00:00,7.05,13.31635,26.608969,193.28488,201.00977,100.0,0.0
2025-11-03 00:00:00+00:00,7.6,15.577022,28.588284,202.4162,208.1785,99.0,1.3
2025-11-03 01:00:00+00:00,7.5,14.347028,26.820604,203.67055,208.45692,85.0,0.0
2025-11-03 02:00:00+00:00,7.15,13.841286,26.16509,200.55612,207.44637,52.0,0.0
2025-11-03 03:00:00+00:00,7.05,15.133923,27.762629,206.86974,212.55666,38.0,0.0
2025-11-03 04:00:00+00:00,7.0,13.690654,25.264202,204.88034,212.78427,49.0,0.0
2025-11-03 05:00:00+00:00,6.7,13.523978,25.277023,206.90602,215.7275,11.0,0.0
2025-11-03 06:00:00+00:00,7.35,12.801531,23.586184,207.64589,218.18182,10.0,0.0
2025-11-03 07:00:00+00:00,6.65,13.213764,25.364037,204.12099,214.59235,8.0,0.0
2025-11-03 08:00:00+00:00,7.25,14.30632,26.434887,201.39987,209.35765,33.0,0.0
2025-11-03 09:00:00+00:00,8.3,14.230248,30.631746,198.43504,209.57774,53.0,0.0
2025-11-03 10:00:00+00:00,9.3,13.533558,23.006226,193.85144,200.13638,66.0,0.0
2025-11-03 11:00:00+00:00,10.1,15.316933,23.566256,199.92567,202.45158,100.0,0.0
2025-11-03 12:00:00+00:00,10.05,15.710607,24.896023,184.6,187.89568,100.0,0.0
2025-11-03 13:00:00+00:00,10.3,17.108522,28.17963,181.8087,188.07826,100.0,0.0
2025-11-03 14:00:00+00:00,10.05,17.103788,28.551426,178.79398,185.06352,100.0,0.4
2025-11-03 15:00:00+00:00,9.25,18.861387,32.841988,166.75948,172.75822,100.0,0.7
2025-11-03 16:00:00+00:00,9.2,23.61844,39.49718,169.46086,173.45805,100.0,0.9
2025-11-03 17:00:00+00:00,9.4,24.80737,40.69951,173.75172,178.22595,100.0,1.7
2025-11-03 18:00:00+00:00,9.95,24.569832,40.477997,190.9806,195.21048,100.0,0.7
2025-11-03 19:00:00+00:00,10.7,20.899387,35.58359,200.15184,205.78728,100.0,3.9
2025-11-03 20:00:00+00:00,11.55,23.566256,39.74415,212.8404,216.7143,100.0,0.3
2025-11-03 21:00:00+00:00,11.9,20.917982,35.57676,217.65884,221.51308,100.0,0.2
2025-11-03 22:00:00+00:00,12.35,21.010712,35.188046,223.26433,228.31787,100.0,0.6
2025-11-03 23:00:00+00:00,12.7,20.269789,34.244022,221.76021,226.06476,100.0,0.0
2025-11-04 00:00:00+00:00,12.45,21.599998,37.290855,216.86998,220.30124,100.0,0.2
2025-11-04 01:00:00+00:00,12.55,21.817902,37.236076,217.6263,221.47244,100.0,1.5
2025-11-04 02:00:00+00:00,13.0,24.660654,40.88497,217.2882,219.9993,100.0,0.0
2025-11-04 03:00:00+00:00,13.1,24.567198,40.57393,214.85452,217.42918,100.0,0.0
2025-11-04 04:00:00+00:00,12.95,25.1614,41.112568,213.91747,217.171,100.0,0.4
2025-11-04 05:00:00+00:00,13.0,24.71512,40.464783,214.61604,217.22679,100.0,0.1
2025-11-04 06:00:00+00:00,12.8,25.382553,42.056873,216.05734,218.04709,100.0,0.6
2025-11-04 07:00:00+00:00,12.95,26.24422,42.844913,216.6342,219.37407,100.0,0.1
2025-11-04 08:00:00+00:00,13.15,26.06584,42.416264,219.95749,222.76434,100.0,0.0
2025-11-04 09:00:00+00:00,13.4,25.367228,41.23925,221.83603,224.64636,100.0,0.1
2025-11-04 10:00:00+00:00,13.6,23.933908,39.35419,223.7812,227.03879,100.0,0.0
2025-11-04 11:00:00+00:00,14.2,23.0407,37.30345,224.05052,226.36852,100.0,0.0
2025-11-04 12:00:00+00:00,14.15,21.892027,35.39827,224.9999,226.6483,100.0,0.0
2025-11-04 13:00:00+00:00,13.9,20.64436,33.983788,222.1728,224.7854,100.0,0.0
2025-11-04 14:00:00+00:00,13.65,20.486023,33.878754,216.06447,219.61066,100.0,0.0
2025-11-04 15:00:00+00:00,13.55,21.470612,35.394608,214.75598,217.97726,100.0,0.0
2025-11-04 16:00:00+00:00,13.45,22.017466,36.612637,214.3397,217.208,100.0,0.0
2025-11-04 17:00:00+00:00,13.45,22.82028,37.55966,212.43651,215.442,100.0,0.0
2025-11-04 18:00:00+00:00,13.4,23.277834,38.141315,211.72356,213.84009,100.0,0.0
2025-11-04 19:00:00+00:00,13.25,22.870626,37.692276,208.1785,210.72905,100.0,0.0
2025-11-04 20:00:00+00:00,12.65,22.013786,37.053776,209.91911,212.3004,99.0,0.0
2025-11-04 21:00:00+00:00,12.2,20.071411,34.21042,209.55359,212.10121,100.0,0.0
2025-11-04 22:00:00+00:00,12.0,18.921415,32.396496,205.34613,209.27095,100.0,0.0
2025-11-04 23:00:00+00:00,11.7,17.555305,30.617464,195.46127,201.73892,99.0,0.0
2025-11-05 00:00:00+00:00,11.95,18.430452,31.990408,192.40741,198.02725,100.0,0.0
2025-11-05 01:00:00+00:00,12.05,18.258247,31.353085,189.64798,195.31288,100.0,0.0
2025-11-05 02:00:00+00:00,11.65,18.789963,32.47691,184.94588,191.18533,100.0,0.0
2025-11-05 03:00:00+00:00,11.3,18.466455,32.37649,186.15508,190.2478,100.0,0.0
2025-11-05 04:00:00+00:00,11.35,18.73557,32.62422,188.2857,192.42593,100.0,0.0
2025-11-05 05:00:00+00:00,11.5,17.47484,30.758411,191.88864,196.31393,100.0,0.0
2025-11-05 06:00:00+00:00,11.15,15.182015,27.723505,190.24403,194.66786,100.0,0.0
2025-11-05 07:00:00+00:00,11.35,16.459913,29.08713,193.27641,198.77141,100.0,0.0
2025-11-05 08:00:00+00:00,11.7,16.770939,29.487053,192.3954,197.77141,100.0,0.0
2025-11-05 09:00:00+00:00,12.05,17.208603,29.749592,195.78082,201.28648,100.0,0.3
2025-11-05 10:00:00+00:00,12.15,18.556595,31.435646,198.08354,203.6294,100.0,0.8
2025-11-05 11:00:00+00:00,13.5,18.287502,30.814192,208.8354,212.11179,100.0,0.0
2025-11-05 12:00:00+00:00,13.45,16.50709,28.314978,207.96214,212.27562,100.0,0.0
2025-11-05 13:00:00+00:00,13.7,15.96327,26.209633,209.7448,213.79924,100.0,0.0
2025-11-05 14:00:00+00:00,13.4,18.9,31.459347,216.86998,219.42778,100.0,0.0
2025-11-05 15:00:00+00:00,13.2,18.089775,30.929111,222.58046,224.76422,100.0,0.0
2025-11-05 16:00:00+00:00,13.3,16.176983,28.385834,222.7454,225.77066,100.0,0.0
2025-11-05 17:00:00+00:00,12.95,16.616642,29.408384,219.72606,223.7601,100.0,0.0
2025-11-05 18:00:00+00:00,12.5,15.3264475,27.722336,213.50346,217.61403,100.0,0.0
2025-11-05 19:00:00+00:00,12.1,13.282243,24.66197,206.56499,213.6901,98.0,0.0
2025-11-05 20:00:00+00:00,11.4,12.181625,23.760683,198.9705,208.50644,98.0,0.0
2025-11-05 21:00:00+00:00,11.5,11.367109,22.151703,190.95403,204.48247,100.0,0.0
2025-11-05 22:00:00+00:00,11.7,13.31635,25.223772,189.33493,197.01263,100.0,0.0
2025-11-05 23:00:00+00:00,11.65,12.324414,23.516708,186.70975,196.90935,100.0,0.0
2025-11-06 00:00:00+00:00,11.65,10.215693,20.275383,165.71887,186.1154,100.0,0.9
2025-11-06 01:00:00+00:00,11.75,12.261158,23.777039,176.6336,182.1692,100.0,0.0
2025-11-06 02:00:00+00:00,11.85,10.621525,21.485697,179.029,188.6731,100.0,0.0
2025-11-06 03:00:00+00:00,11.9,11.098865,22.019672,171.60716,184.21901,100.0,0.0
2025-11-06 04:00:00+00:00,11.45,10.081606,20.793701,178.97699,191.99081,100.0,0.0
2025-11-06 05:00:00+00:00,11.65,10.801499,21.993172,179.04518,190.85005,100.0,0.0
2025-11-06 06:00:00+00:00,11.5,11.897714,23.433899,169.54015,183.08212,98.0,0.0
2025-11-06 07:00:00+00:00,11.05,11.402683,23.040703,168.15794,179.5524,100.0,0.0
2025-11-06 08:00:00+00:00,11.15,9.473541,19.08,165.69969,180.0,98.0,0.0
2025-11-06 09:00:00+00:00,11.8,10.597094,19.959719,159.10216,172.7469,100.0,0.0
2025-11-06 10:00:00+00:00,12.85,8.0599,21.996117,156.29735,176.7162,100.0,0.0
2025-11-06 11:00:00+00:00,13.5,8.891343,14.420235,148.24057,155.67444,100.0,0.0
2025-11-06 12:00:00+00:00,14.15,10.1902895,15.726067,144.34459,146.67369,91.0,0.0
2025-11-06 13:00:00+00:00,14.5,7.8149853,12.033103,141.54626,145.359,96.0,0.0
2025-11-06 14:00:00+00:00,14.05,8.0599,16.13286,150.57263,169.06622,100.0,0.0
2025-11-06 15:00:00+00:00,12.9,8.155807,17.134071,157.96371,176.38618,100.0,0.0
2025-11-06 16:00:00+00:00,11.75,9.2660675,18.584509,150.9455,171.08516,100.0,0.0
2025-11-06 17:00:00+00:00,11.1,11.032987,22.086521,146.3099,160.9743,100.0,0.0
2025-11-06 18:00:00+00:00,10.5,12.13499,23.942705,147.72438,156.5186,100.0,0.0
2025-11-06 19:00:00+00:00,9.7,11.592895,23.679407,154.23073,161.84042,100.0,0.0
2025-11-06 20:00:00+00:00,9.35,12.413477,25.113066,150.46132,159.87646,100.0,0.0
2025-11-06 21:00:00+00:00,9.3,13.479583,26.413427,145.88548,155.00673,100.0,0.0
2025-11-06 22:00:00+00:00,9.1,12.979984,25.44566,146.3099,154.8852,100.0,0.0
2025-11-06 23:00:00+00:00,8.7,12.081473,23.871555,146.54666,156.91484,100.0,0.0
2025-11-07 00:00:00+00:00,8.4,11.13384,21.794127,145.53912,157.6713,100.0,0.0
2025-11-07 01:00:00+00:00,8.15,9.913082,20.606659,150.64235,162.19804,100.0,0.0
2025-11-07 02:00:00+00:00,7.8,9.085988,19.087639,146.3099,159.0012,100.0,0.0
2025-11-07 03:00:00+00:00,7.35,9.422101,19.267569,136.54811,150.32161,95.0,0.0
2025-11-07 04:00:00+00:00,6.95,10.957846,21.675617,132.33694,142.08324,89.0,0.0
2025-11-07 05:00:00+00:00,6.8,11.988594,23.740902,131.34769,139.30457,50.0,0.0
2025-11-07 06:00:00+00:00,6.6,13.125196,25.12854,132.22076,138.77556,94.0,0.0
2025-11-07 07:00:00+00:00,6.45,12.362475,24.804104,137.95085,142.9637,95.0,0.0
2025-11-07 08:00:00+00:00,7.15,12.399113,23.47741,140.30096,144.3601,99.0,0.0
2025-11-07 09:00:00+00:00,8.05,9.7565975,21.547436,142.49579,149.36465,98.0,0.0
2025-11-07 10:00:00+00:00,8.95,8.338489,12.74954,147.3391,149.4525,77.0,0.0
2025-11-07 11:00:00+00:00,9.8,9.526405,13.049689,157.79648,155.55606,68.0,0.0
2025-11-07 12:00:00+00:00,9.5,7.5685663,9.983106,154.65387,154.35904,100.0,0.0
2025-11-07 13:00:00+00:00,9.75,6.6185193,8.958504,157.61983,157.5572,99.0,0.0
2025-11-07 14:00:00+00:00,9.7,6.21717,8.427383,157.8905,160.0168,100.0,0.0
2025-11-07 15:00:00+00:00,9.3,4.7928696,8.958504,145.71307,157.5572,100.0,0.0
2025-11-07 16:00:00+00:00,8.75,4.942631,9.085988,123.11135,146.3099,88.0,0.0
2025-11-07 17:00:00+00:00,8.25,4.7928696,9.734988,124.286934,146.3099,95.0,0.0
2025-11-07 18:00:00+00:00,8.1,5.402999,10.759423,150.01845,162.47435,98.0,0.0
2025-11-07 19:00:00+00:00,7.75,5.1544156,11.16145,167.90526,180.92403,100.0,0.0
2025-11-07 20:00:00+00:00,7.55,4.8733153,10.429132,184.23631,201.25058,100.0,0.0
2025-11-07 21:00:00+00:00,7.6,3.7799997,8.338489,180.0,212.6609,100.0,0.0
2025-11-07 22:00:00+00:00,7.55,2.2553935,5.1165614,151.38963,219.28938,100.0,0.0
2025-11-07 23:00:00+00:00,7.7,2.3051248,1.9386592,128.65984,201.80147,100.0,0.0
2025-11-08 00:00:00+00:00,7.3,1.0495713,3.5864744,149.03632,17.52567,100.0,0.0
2025-11-08 01:00:00+00:00,7.7,1.5484185,3.572898,125.537766,40.9143,100.0,0.0
2025-11-08 02:00:00+00:00,7.8,1.7727944,4.978554,66.037506,49.398785,100.0,0.0
2025-11-08 03:00:00+00:00,7.85,3.4623692,7.995323,62.10283,58.81509,100.0,0.0
2025-11-08 04:00:00+00:00,7.95,6.698806,12.348051,59.300358,53.297062,100.0,0.0
2025-11-08 05:00:00+00:00,8.15,5.896202,11.079873,58.736336,43.02507,95.0,0.0
2025-11-08 06:00:00+00:00,8.15,0.25455844,2.0523157,135.0001,15.255177,95.0,0.0
2025-11-08 07:00:00+00:00,7.8,2.3469129,4.4274144,147.52882,116.56499,100.0,0.0
2025-11-08 08:00:00+00:00,8.3,4.39436,7.689603,124.992096,110.55613,98.0,0.0
2025-11-08 09:00:00+00:00,8.75,3.8773184,6.542201,111.801476,97.907074,84.0,0.0
2025-11-08 10:00:00+00:00,9.1,4.503598,6.3231,87.70944,85.101,89.0,0.0
2025-11-08 11:00:00+00:00,9.35,4.7657523,6.2145634,100.88548,100.00792,100.0,0.0
2025-11-08 12:00:00+00:00,8.9,3.6402748,4.5572357,81.46932,80.909805,100.0,0.0
2025-11-08 13:00:00+00:00,8.8,2.657668,3.3043609,61.69934,60.64234,100.0,0.0
2025-11-08 14:00:00+00:00,8.75,3.396233,4.4456716,57.99466,58.240574,100.0,0.0
2025-11-08 15:00:00+00:00,8.5,3.710795,6.989936,50.906155,55.491425,100.0,0.0
2025-11-08 16:00:00+00:00,8.2,4.6800003,8.320986,22.61991,38.853382,100.0,0.0
2025-11-08 17:00:00+00:00,8.15,4.327493,8.863972,16.927603,29.16752,100.0,0.0
2025-11-08 18:00:00+00:00,8.1,2.5582807,7.928177,50.710617,50.52757,100.0,0.0
2025-11-08 19:00:00+00:00,8.2,3.4623692,10.009036,62.10283,52.3057,100.0,0.0
2025-11-08 20:00:00+00:00,8.1,4.5536795,10.644379,71.564964,71.258575,100.0,0.1
2025-11-08 21:00:00+00:00,8.1,6.3690495,11.5887,132.70937,136.88817,100.0,0.1
2025-11-08 22:00:00+00:00,7.9,8.596766,14.721535,160.42679,168.00313,100.0,0.0
2025-11-08 23:00:00+00:00,7.7,7.16617,12.487641,154.72232,164.96213,100.0,0.0
2025-11-09 00:00:00+00:00,7.55,7.056826,11.995349,142.25313,154.20403,100.0,0.0
2025-11-09 01:00:00+00:00,7.45,5.9427266,10.8015,144.86572,156.42528,100.0,0.0
2025-11-09 02:00:00+00:00,7.25,4.7928696,9.459852,145.71307,158.80588,100.0,0.0
2025-11-09 03:00:00+00:00,7.25,4.143911,8.827344,145.6196,159.71736,100.0,0.0
2025-11-09 04:00:00+00:00,7.2,2.8001428,4.7928696,135.0001,145.71307,100.0,0.0
2025-11-09 05:00:00+00:00,7.15,2.8174455,3.4949677,116.56499,101.88863,100.0,0.0
2025-11-09 06:00:00+00:00,7.05,2.995797,3.1072817,122.73522,100.00792,100.0,0.0
2025-11-09 07:00:00+00:00,7.0,2.0124612,3.0547013,153.43501,135.0001,100.0,0.0
2025-11-09 08:00:00+00:00,7.25,4.0249224,5.5887027,169.6952,165.06853,99.0,0.0
2025-11-09 09:00:00+00:00,7.35,4.143911,5.9427266,182.4895,181.73567,88.0,0.0
2025-11-09 10:00:00+00:00,7.75,3.01735,3.710795,197.35411,194.03627,80.0,0.0
2025-11-09 11:00:00+00:00,8.15,0.6489992,0.76367533,236.3099,224.9999,71.0,0.0
2025-11-09 12:00:00+00:00,8.3,1.6199999,2.1674871,90.0,94.76356,95.0,0.0
2025-11-09 13:00:00+00:00,8.4,0.8049845,1.2074767,153.43501,153.43501,100.0,0.0
2025-11-09 14:00:00+00:00,8.4,1.3104197,1.659518,285.94547,282.5288,100.0,0.0
2025-11-09 15:00:00+00:00,8.1,1.26,2.5772078,270.0,282.09473,100.0,0.0
2025-11-09 16:00:00+00:00,8.05,0.35999998,1.3708391,270.0,293.1986,100.0,0.0
2025-11-09 17:00:00+00:00,7.95,2.2768397,3.7585104,161.56496,163.30067,100.0,0.0
2025-11-09 18:00:00+00:00,7.95,5.068846,7.5213294,196.50444,201.03758,100.0,0.0
2025-11-09 19:00:00+00:00,7.8,5.896202,10.662626,192.33908,201.80147,100.0,0.0
2025-11-09 20:00:00+00:00,7.65,5.6492476,11.903159,202.47948,200.35332,100.0,0.0
2025-11-09 21:00:00+00:00,7.55,5.796447,11.500296,216.15828,219.92033,100.0,0.0
2025-11-09 22:00:00+00:00,7.45,5.7431,11.226575,212.19571,221.09941,100.0,0.0
2025-11-09 23:00:00+00:00,7.5,5.9427266,12.242646,215.13428,221.42357,100.0,0.0
2025-11-10 00:00:00+00:00,7.4,6.623413,12.886039,222.79738,228.96475,100.0,0.0
2025-11-10 01:00:00+00:00,7.55,6.7757506,14.037692,219.61066,229.15973,100.0,0.0
2025-11-10 02:00:00+00:00,7.65,7.6579366,15.771329,209.57774,218.04709,100.0,0.0
2025-11-10 03:00:00+00:00,7.7,8.322932,17.072504,201.57137,204.94388,98.0,0.0
2025-11-10 04:00:00+00:00,7.25,8.0599,16.666288,209.42737,207.67198,92.0,0.0
2025-11-10 05:00:00+00:00,6.9,8.281956,17.31746,222.35739,223.31535,100.0,0.0
2025-11-10 06:00:00+00:00,7.45,9.726664,18.582766,218.991,224.9999,100.0,0.0
2025-11-10 07:00:00+00:00,7.6,8.93859,18.0,205.01686,216.86998,100.0,0.0
2025-11-10 08:00:00+00:00,7.8,9.255571,17.072504,193.49574,204.94388,15.0,0.0
2025-11-10 09:00:00+00:00,8.4,8.513448,18.11215,193.44862,206.56499,95.0,0.0
2025-11-10 10:00:00+00:00,8.85,7.2805495,12.57426,188.53069,193.24052,27.0,0.0
2025-11-10 11:00:00+00:00,9.5,6.5024605,9.979859,184.76355,187.2531,55.0,0.0
2025-11-10 12:00:00+00:00,9.65,7.1321807,11.5115595,190.17545,189.90411,75.0,0.0
2025-11-10 13:00:00+00:00,9.85,7.486788,11.190442,189.68872,191.12915,71.0,0.0
2025-11-10 14:00:00+00:00,9.55,7.388775,13.722565,177.20735,184.5139,100.0,0.0
2025-11-10 15:00:00+00:00,9.25,8.891344,16.344355,158.62932,168.56636,100.0,0.0
2025-11-10 16:00:00+00:00,8.95,11.521406,20.28976,151.03244,158.67047,100.0,0.0
2025-11-10 17:00:00+00:00,8.5,12.57426,22.0285,156.3706,161.4169,100.0,0.0
2025-11-10 18:00:00+00:00,7.8,13.403656,23.555254,165.21722,170.32181,100.0,0.0
2025-11-10 19:00:00+00:00,7.5,12.815443,22.800394,169.47926,174.10947,100.0,0.0
2025-11-10 20:00:00+00:00,7.9,12.585848,21.788923,163.37917,167.11182,100.0,0.0
2025-11-10 21:00:00+00:00,7.95,13.337016,23.110205,158.62932,161.8472,100.0,0.0
2025-11-10 22:00:00+00:00,7.35,12.20023,22.55106,158.3555,163.30067,100.0,0.0
2025-11-10 23:00:00+00:00,6.95,11.966953,22.657845,158.83867,165.74294,100.0,0.0
2025-11-11 00:00:00+00:00,6.4,11.183201,20.65848,146.82147,157.4569,99.0,0.0
2025-11-11 01:00:00+00:00,6.05,12.284918,23.277834,140.94687,148.27644,98.0,0.0
2025-11-11 02:00:00+00:00,5.95,12.456468,23.621183,142.63326,150.30936,100.0,0.0
2025-11-11 03:00:00+00:00,6.1,12.638512,23.621183,144.2725,150.30936,100.0,0.0
2025-11-11 04:00:00+00:00,5.95,13.125196,24.482647,137.77924,143.97253,100.0,0.0
2025-11-11 05:00:00+00:00,6.05,13.888023,25.385744,137.62646,141.91118,100.0,0.0
2025-11-11 06:00:00+00:00,6.2,13.513193,24.71512,138.23979,145.38396,100.0,0.0
2025-11-11 07:00:00+00:00,6.35,13.369771,25.165262,133.36346,142.55627,100.0,0.0
2025-11-11 08:00:00+00:00,6.7,12.984975,24.696102,136.12321,143.29706,100.0,0.0
2025-11-11 09:00:00+00:00,7.8,13.437455,24.422358,140.9806,147.94989,100.0,0.0
2025-11-11 10:00:00+00:00,8.65,14.233664,22.32653,147.91785,150.54169,100.0,0.0
2025-11-11 11:00:00+00:00,9.35,17.533146,25.671938,160.82089,161.18384,100.0,0.0
2025-11-11 12:00:00+00:00,9.15,14.24163,21.23771,159.27437,160.18275,100.0,0.0
2025-11-11 13:00:00+00:00,9.05,13.207634,20.917982,162.55272,164.52861,99.0,0.0
2025-11-11 14:00:00+00:00,8.8,11.225132,18.568813,164.18074,168.2544,100.0,0.0
2025-11-11 15:00:00+00:00,8.7,10.51576,18.543495,173.11838,178.88762,100.0,0.0
2025-11-11 16:00:00+00:00,8.7,11.688918,21.068459,189.75235,196.88687,100.0,0.0
2025-11-11 17:00:00+00:00,8.85,10.853866,20.093193,185.7105,198.27274,100.0,0.0
2025-11-11 18:00:00+00:00,8.7,12.483749,23.913593,204.71742,213.33124,100.0,0.0
2025-11-11 19:00:00+00:00,8.6,13.690653,26.24422,208.24963,216.6342,33.0,0.0
2025-11-11 20:00:00+00:00,8.05,12.47726,24.965551,206.56499,214.72134,29.0,0.0
2025-11-11 21:00:00+00:00,7.65,13.523978,26.64,189.96375,198.92474,100.0,0.0
2025-11-11 22:00:00+00:00,7.9,15.986595,30.517828,187.76508,194.692,100.0,0.0
2025-11-11 23:00:00+00:00,8.55,17.393066,31.044125,186.53654,193.06932,100.0,0.0
2025-11-12 00:00:00+00:00,8.8,19.44833,33.541878,187.98003,192.3954,100.0,0.0
2025-11-12 01:00:00+00:00,9.25,20.256998,34.1801,185.60918,190.00792,100.0,0.0
2025-11-12 02:00:00+00:00,9.4,19.620825,32.88635,179.47438,185.02399,100.0,0.0
2025-11-12 03:00:00+00:00,9.25,20.700783,34.89076,180.4982,185.32814,100.0,0.0
2025-11-12 04:00:00+00:00,9.1,21.786694,36.520485,181.42023,185.3733,100.0,0.0
2025-11-12 05:00:00+00:00,8.95,23.759998,39.469696,180.0,182.8754,100.0,0.2
2025-11-12 06:00:00+00:00,9.2,25.487644,42.669495,174.73239,178.79143,100.0,0.3
2025-11-12 07:00:00+00:00,9.45,27.374798,44.831562,181.884,185.29848,100.0,0.1
2025-11-12 08:00:00+00:00,9.75,29.339449,47.49579,186.3401,189.81923,100.0,0.4
2025-11-12 09:00:00+00:00,10.3,31.08585,49.86747,194.7605,197.6502,100.0,0.4
2025-11-12 10:00:00+00:00,10.85,32.052635,51.350815,197.31572,199.45126,100.0,0.8
2025-11-12 11:00:00+00:00,11.45,33.208416,53.13507,203.64717,205.69695,100.0,1.2
2025-11-12 12:00:00+00:00,11.8,27.171059,44.15103,209.79187,212.00534,100.0,0.1
2025-11-12 13:00:00+00:00,11.95,25.959969,42.204914,213.6901,215.45255,100.0,0.5
2025-11-12 14:00:00+00:00,11.85,24.567198,40.28865,214.85452,217.74034,100.0,0.4
2025-11-12 15:00:00+00:00,11.8,26.031012,43.263706,215.99834,218.92041,100.0,0.4
2025-11-12 16:00:00+00:00,11.85,26.428144,43.38336,215.85532,217.58315,100.0,0.2
2025-11-12 17:00:00+00:00,11.85,26.720757,43.635803,215.40315,217.6263,100.0,0.0
2025-11-12 18:00:00+00:00,11.6,24.192429,40.368584,216.52895,218.30075,100.0,0.3
2025-11-12 19:00:00+00:00,11.8,26.712873,43.403893,217.33327,218.77115,100.0,0.1
2025-11-12 20:00:00+00:00,11.45,25.443748,42.184948,219.54605,222.05983,100.0,0.3
2025-11-12 21:00:00+00:00,11.4,24.620552,40.996555,221.14642,223.57686,100.0,0.3
2025-11-12 22:00:00+00:00,11.4,22.800394,38.311256,222.7605,225.19037,100.0,0.7
2025-11-12 23:00:00+00:00,11.5,20.501833,34.75305,223.22124,226.04916,100.0,0.4
2025-11-13 00:00:00+00:00,11.6,20.364674,34.665775,224.9999,227.94652,100.0,0.5
2025-11-13 01:00:00+00:00,11.7,19.692526,32.65152,233.54898,236.92316,100.0,0.1
2025-11-13 02:00:00+00:00,11.6,18.089775,30.34962,238.84076,242.82713,100.0,0.1
2025-11-13 03:00:00+00:00,11.55,17.873556,29.89626,235.66972,240.81146,100.0,0.0
2025-11-13 04:00:00+00:00,11.25,15.726067,27.22288,236.67369,241.57104,100.0,0.0
2025-11-13 05:00:00+00:00,10.9,12.145665,21.916433,230.4119,236.04886,100.0,0.0
2025-11-13 06:00:00+00:00,10.75,12.0921955,22.180935,225.60301,231.92107,100.0,0.1
2025-11-13 07:00:00+00:00,10.65,12.031756,22.473343,231.07245,234.78232,100.0,0.6
2025-11-13 08:00:00+00:00,10.6,9.292254,18.076338,225.78473,231.87477,100.0,0.2
2025-11-13 09:00:00+00:00,10.75,10.316686,18.188019,227.1211,231.42873,100.0,0.0
2025-11-13 10:00:00+00:00,10.45,6.6818557,13.708391,242.74475,246.80139,100.0,0.3
2025-11-13 11:00:00+00:00,10.45,5.154415,11.304229,204.77512,217.23491,100.0,0.6
2025-11-13 12:00:00+00:00,10.5,4.3498964,9.181765,155.55606,181.12328,100.0,0.4
2025-11-13 13:00:00+00:00,10.6,5.0911684,14.113652,224.9999,217.74687,100.0,2.5
2025-11-13 14:00:00+00:00,9.65,19.408306,30.695673,331.77133,339.75845,100.0,1.5
2025-11-13 15:00:00+00:00,8.25,20.099642,31.955452,321.1799,325.3252,100.0,0.2
2025-11-13 16:00:00+00:00,7.65,18.218275,29.354904,299.60434,303.4952,100.0,0.2
2025-11-13 17:00:00+00:00,7.05,17.856325,29.769735,284.59662,288.3255,100.0,0.0
2025-11-13 18:00:00+00:00,7.15,15.435983,25.03618,328.3488,333.98767,100.0,0.1
2025-11-13 19:00:00+00:00,6.4,15.198012,24.58104,341.35037,345.1496,100.0,0.0
2025-11-13 20:00:00+00:00,6.45,10.436895,17.791796,327.6804,334.2127,100.0,0.0
2025-11-13 21:00:00+00:00,6.5,8.297589,14.784126,310.60123,317.96103,52.0,0.0
2025-11-13 22:00:00+00:00,5.85,5.5450516,13.259049,305.75397,318.30194,50.0,0.0
2025-11-13 23:00:00+00:00,5.1,2.7475805,8.490582,301.60745,327.99466,88.0,0.0
2025-11-14 00:00:00+00:00,5.25,1.9386592,4.514377,338.19852,4.5738406,99.0,0.0
2025-11-14 01:00:00+00:00,5.0,0.5091169,1.8089776,315.0001,354.2895,99.0,0.0
2025-11-14 02:00:00+00:00,5.05,0.35999998,1.7076298,270.0,288.43503,94.0,0.0
2025-11-14 03:00:00+00:00,4.8,0.8049845,2.8856194,243.43501,266.42374,100.0,0.0
2025-11-14 04:00:00+00:00,4.7,0.25455844,2.4482646,224.9999,287.1028,99.0,0.0
2025-11-14 05:00:00+00:00,4.25,0.742159,2.8174455,194.03627,243.43501,100.0,0.0
2025-11-14 06:00:00+00:00,3.65,0.25455844,2.4149535,224.9999,296.56497,100.0,0.0
2025-11-14 07:00:00+00:00,2.95,1.3708391,2.8856194,203.19862,266.42374,100.0,0.0
2025-11-14 08:00:00+00:00,3.45,1.4512063,3.9477081,262.8751,313.1524,100.0,0.0
2025-11-14 09:00:00+00:00,4.1,2.0523157,5.3699164,322.12494,346.42953,100.0,0.0
2025-11-14 10:00:00+00:00,4.9,0.71999997,2.7943513,270.0,345.06854,99.0,0.0
2025-11-14 11:00:00+00:00,5.7,1.5484185,1.5379207,215.53777,249.44386,41.0,0.0
2025-11-14 12:00:00+00:00,6.3,3.9477081,5.22,316.8476,316.3971,90.0,0.0
2025-11-14 13:00:00+00:00,6.3,4.452954,6.1120534,345.9637,346.373,98.0,0.0
2025-11-14 14:00:00+00:00,5.75,2.0124612,3.9477081,333.43503,335.77228,87.0,0.0
2025-11-14 15:00:00+00:00,4.55,3.381893,7.689603,334.79892,343.68607,79.0,0.0
2025-11-14 16:00:00+00:00,4.65,9.444426,18.051228,7.666714,16.808784,86.0,0.0
2025-11-14 17:00:00+00:00,3.65,13.447095,26.66188,27.937061,34.548424,80.0,0.0
2025-11-14 18:00:00+00:00,2.95,13.130133,24.552025,28.673056,36.954002,8.0,0.0
2025-11-14 19:00:00+00:00,2.3,11.792404,24.366573,31.263678,41.106197,0.0,0.0
2025-11-14 20:00:00+00:00,2.2,12.791403,26.604097,39.289394,45.82228,0.0,0.0
2025-11-14 21:00:00+00:00,2.15,11.712454,25.308409,46.24529,52.804016,0.0,0.0
2025-11-14 22:00:00+00:00,2.2,10.656547,23.30913,52.549347,59.871048,0.0,0.0
2025-11-14 23:00:00+00:00,2.25,10.993271,23.555254,50.31459,59.712124,0.0,0.0
2025-11-15 00:00:00+00:00,2.1,11.753876,23.277834,49.969803,58.276447,0.0,0.0
2025-11-15 01:00:00+00:00,1.65,9.313152,20.931143,48.91835,58.360268,0.0,0.0
2025-11-15 02:00:00+00:00,1.6,9.044888,20.276182,42.580452,54.75789,0.0,0.0
2025-11-15 03:00:00+00:00,1.3,10.486448,22.12536,39.427776,50.612236,0.0,0.0
2025-11-15 04:00:00+00:00,1.1,10.185519,22.140732,43.567978,53.595825,0.0,0.0
2025-11-15 05:00:00+00:00,1.05,8.067936,19.240644,51.34017,62.715878,0.0,0.0
2025-11-15 06:00:00+00:00,0.7,8.027678,16.75064,42.27363,61.782738,0.0,0.0
2025-11-15 07:00:00+00:00,0.15,7.7900705,17.22836,40.314034,62.63188,0.0,0.0
2025-11-15 08:00:00+00:00,0.55,6.502461,15.3686695,48.366554,71.564964,0.0,0.0
2025-11-15 09:00:00+00:00,1.55,5.3999996,11.016824,53.13002,85.314186,0.0,0.0
2025-11-15 10:00:00+00:00,2.5,2.5772076,7.596341,24.775122,103.706985,0.0,0.0
2025-11-15 11:00:00+00:00,3.3,0.5091169,3.550155,315.0001,149.53453,0.0,0.0
2025-11-15 12:00:00+00:00,4.2,1.2074767,0.9693296,296.56497,248.19853,0.0,0.0
2025-11-15 13:00:00+00:00,3.95,3.2846913,3.1072817,350.53775,349.99207,1.0,0.0
2025-11-15 14:00:00+00:00,2.95,4.8633323,5.4744864,2.1210518,9.462261,0.0,0.0
2025-11-15 15:00:00+00:00,0.85,2.7943513,4.1046314,14.931467,15.255177,16.0,0.0
2025-11-15 16:00:00+00:00,0.75,0.6489992,0.6489992,33.6901,326.3099,100.0,0.0
2025-11-15 17:00:00+00:00,0.6,0.54,1.6299692,360.0,276.3401,100.0,0.0
2025-11-15 18:00:00+00:00,1.45,0.40249225,3.572898,243.43501,310.91428,100.0,0.0
2025-11-15 19:00:00+00:00,0.75,3.9844694,6.269067,198.43504,230.82635,100.0,0.0
2025-11-15 20:00:00+00:00,0.55,6.6405115,11.870451,212.82854,229.30457,100.0,0.0
2025-11-15 21:00:00+00:00,0.55,6.384293,14.544401,229.574,233.55547,100.0,0.0
2025-11-15 22:00:00+00:00,0.55,7.748368,16.813387,239.26459,248.65414,100.0,0.0
2025-11-15 23:00:00+00:00,0.25,9.587428,19.386593,230.3322,248.19853,100.0,0.0
2025-11-16 00:00:00+00:00,0.35,11.032987,19.98,236.3099,251.07526,88.0,0.0
2025-11-16 01:00:00+00:00,-0.1,10.070353,21.829777,241.14444,256.65128,91.0,0.0
2025-11-16 02:00:00+00:00,0.45,11.35285,23.755226,244.65387,263.03662,99.0,0.0
2025-11-16 03:00:00+00:00,1.45,13.985663,26.81275,238.15099,252.41643,84.0,0.0
2025-11-16 04:00:00+00:00,1.5,14.848635,28.445126,239.39366,248.46783,98.0,0.0
2025-11-16 05:00:00+00:00,1.55,15.561414,30.088009,240.173,247.11642,100.0,0.0
2025-11-16 06:00:00+00:00,1.45,17.10284,31.389233,239.65683,247.40536,99.0,0.0
2025-11-16 07:00:00+00:00,1.65,16.028088,29.993101,237.38077,246.66594,100.0,0.0
2025-11-16 08:00:00+00:00,2.5,15.926694,29.024128,235.59148,246.61476,100.0,0.0
2025-11-16 09:00:00+00:00,3.45,15.056652,27.549997,242.20964,251.3282,100.0,0.0
2025-11-16 10:00:00+00:00,4.35,13.062098,23.400692,258.0707,270.4407,100.0,0.0
2025-11-16 11:00:00+00:00,5.15,16.766108,28.7155,255.06853,265.32593,97.0,0.1
2025-11-16 12:00:00+00:00,5.8,15.536408,26.475302,259.9921,268.05194,32.0,0.0
2025-11-16 13:00:00+00:00,5.95,15.941944,27.248457,244.59233,254.67844,80.0,0.0
2025-11-16 14:00:00+00:00,5.45,17.208603,29.17777,254.21918,260.77017,78.0,0.6
2025-11-16 15:00:00+00:00,4.25,17.932373,30.991901,234.39537,243.43501,27.0,0.3
2025-11-16 16:00:00+00:00,3.85,14.628807,27.725258,251.34203,271.116,12.0,0.1
2025-11-16 17:00:00+00:00,4.0,13.379461,26.474077,275.4037,292.3802,20.0,0.0
2025-11-16 18:00:00+00:00,4.15,13.60519,26.68921,295.88696,310.34973,17.0,0.0
2025-11-16 19:00:00+00:00,4.15,12.074766,25.354454,296.56497,312.41046,13.0,0.0
2025-11-16 20:00:00+00:00,3.95,11.594292,23.929848,297.75842,315.60944,11.0,0.0
2025-11-16 21:00:00+00:00,3.6,12.879752,25.621407,296.56497,311.86746,19.0,0.0
2025-11-16 22:00:00+00:00,3.55,13.288341,26.84958,298.30066,309.55963,7.0,0.0
2025-11-16 23:00:00+00:00,3.25,11.276968,23.441502,298.61035,312.5104,18.0,0.0
2025-11-17 00:00:00+00:00,3.1,12.399113,23.858658,297.68097,311.02316,2.0,0.0
2025-11-17 01:00:00+00:00,2.7,10.587918,22.45315,305.31128,318.9006,18.0,0.0
2025-11-17 02:00:00+00:00,2.85,9.587428,20.799152,320.33218,336.54095,13.0,0.0
2025-11-17 03:00:00+00:00,2.25,11.016824,23.042812,355.31418,0.8951557,100.0,0.0
2025-11-17 04:00:00+00:00,1.05,11.525623,22.717823,14.470333,24.331242,86.0,0.0
2025-11-17 05:00:00+00:00,0.65,14.411245,27.568808,9.3446045,16.305182,84.0,0.0
2025-11-17 06:00:00+00:00,1.2,12.979984,24.64094,3.179772,11.802421,99.0,0.0
2025-11-17 07:00:00+00:00,1.15,12.849528,25.562534,348.6901,359.19308,62.0,0.0
2025-11-17 08:00:00+00:00,1.7,14.292725,26.993998,343.16245,353.49115,5.0,0.0
2025-11-17 09:00:00+00:00,2.65,10.735306,20.435352,325.24402,342.04373,3.0,0.0
2025-11-17 10:00:00+00:00,3.9,11.298495,19.778715,337.5205,346.84903,4.0,0.0
2025-11-17 11:00:00+00:00,5.0,7.127636,14.757804,315.0001,329.99518,5.0,0.0
2025-11-17 12:00:00+00:00,5.6,14.428097,23.804276,310.44614,314.08096,0.0,0.0
2025-11-17 13:00:00+00:00,5.45,15.9134655,26.435497,307.64767,310.305,0.0,0.0
2025-11-17 14:00:00+00:00,4.7,12.599998,22.66142,306.86996,313.71274,0.0,0.0
2025-11-17 15:00:00+00:00,3.55,11.298495,22.35626,292.47946,307.14676,0.0,0.0
2025-11-17 16:00:00+00:00,3.25,11.050591,22.62708,282.2251,297.99194,5.0,0.0
2025-11-17 17:00:00+00:00,3.3,10.004178,20.620806,261.72418,286.22028,44.0,0.0
2025-11-17 18:00:00+00:00,3.5,9.165871,17.512806,250.49745,282.46494,35.0,0.0
2025-11-17 19:00:00+00:00,3.2,8.613709,18.016191,259.15973,291.69516,45.0,0.0
2025-11-17 20:00:00+00:00,3.4,10.239453,19.811451,259.8754,287.44727,16.0,0.0
2025-11-17 21:00:00+00:00,3.3,12.7546215,24.713154,261.0695,280.49142,64.0,0.0
2025-11-17 22:00:00+00:00,3.25,12.78,25.417631,270.0,285.61105,59.0,0.0
2025-11-17 23:00:00+00:00,3.1,10.538843,21.398056,262.1468,282.63336,84.0,0.0
2025-11-18 00:00:00+00:00,2.65,11.35285,20.172853,244.65387,267.95465,82.0,0.0
2025-11-18 01:00:00+00:00,2.6,11.190442,21.606747,244.25934,268.56793,97.0,0.0
2025-11-18 02:00:00+00:00,2.95,11.832176,22.707127,256.8094,277.74463,98.0,0.0
2025-11-18 03:00:00+00:00,3.1,11.659777,22.845821,261.11942,279.98175,98.0,0.0
2025-11-18 04:00:00+00:00,3.15,11.555103,22.881956,265.53293,282.72437,99.0,0.0
2025-11-18 05:00:00+00:00,3.3,11.901798,23.489136,266.53183,283.2908,100.0,0.0
2025-11-18 06:00:00+00:00,3.15,11.755254,21.841648,258.51804,278.53067,99.0,0.0
2025-11-18 07:00:00+00:00,2.75,11.252519,22.101183,262.6477,282.2251,23.0,0.0
2025-11-18 08:00:00+00:00,2.85,11.749741,22.134876,264.7262,284.60132,57.0,0.0
2025-11-18 09:00:00+00:00,3.5,11.375658,20.605873,265.4623,284.15765,52.0,0.0
2025-11-18 10:00:00+00:00,4.35,10.51576,18.145212,263.11838,280.864,91.0,0.0
2025-11-18 11:00:00+00:00,5.05,10.2742,15.905319,266.98727,275.19434,34.0,0.0
2025-11-18 12:00:00+00:00,5.25,11.705537,17.662945,268.23764,272.92065,87.0,0.0
2025-11-18 13:00:00+00:00,5.0,11.35285,18.727785,267.27374,271.65228,100.0,0.0
2025-11-18 14:00:00+00:00,4.3,10.446206,18.930832,268.02512,273.27042,100.0,0.0
2025-11-18 15:00:00+00:00,3.5,9.926147,19.852295,265.84042,274.15958,100.0,0.0
2025-11-18 16:00:00+00:00,3.0,9.6228485,19.361507,262.47626,275.8695,100.0,0.0
2025-11-18 17:00:00+00:00,2.55,9.430694,18.610641,256.75946,274.99365,100.0,0.0
2025-11-18 18:00:00+00:00,2.6,10.163227,18.416384,247.06787,265.51547,100.0,0.0
2025-11-18 19:00:00+00:00,2.25,8.792405,17.640919,247.1094,269.41537,100.0,0.0
2025-11-18 20:00:00+00:00,2.2,7.8480825,15.226764,233.39284,263.21112,100.0,0.0
2025-11-18 21:00:00+00:00,1.95,8.528657,15.198012,224.14499,251.35037,100.0,0.0
2025-11-18 22:00:00+00:00,1.75,9.292254,16.748707,224.21526,249.22766,100.0,0.0
2025-11-18 23:00:00+00:00,1.9,9.485504,18.675812,236.61147,259.44824,100.0,0.0
2025-11-19 00:00:00+00:00,2.25,10.32924,20.347166,247.4569,268.47925,100.0,0.0
2025-11-19 01:00:00+00:00,2.45,9.965239,19.469976,249.92838,273.17978,100.0,0.0
2025-11-19 02:00:00+00:00,2.5,9.580668,18.188019,244.39786,271.70132,100.0,0.0
2025-11-19 03:00:00+00:00,2.25,9.82114,18.547861,243.90463,268.3317,99.0,0.0
2025-11-19 04:00:00+00:00,2.05,10.261579,20.160803,254.74483,269.48846,100.0,0.0
2025-11-19 05:00:00+00:00,1.9,9.761578,19.424158,264.71002,277.4542,100.0,0.0
2025-11-19 06:00:00+00:00,1.25,10.706596,19.091883,243.00424,261.87,100.0,0.0
2025-11-19 07:00:00+00:00,1.3,10.182337,20.532627,261.87,267.99048,95.0,0.0
2025-11-19 08:00:00+00:00,1.1,10.094454,19.424158,320.0637,330.5845,88.0,0.0
2025-11-19 09:00:00+00:00,1.2,8.604301,16.056362,344.21918,356.14328,9.0,0.0
2025-11-19 10:00:00+00:00,1.8,7.731623,15.410774,335.22488,345.80142,2.0,0.0
2025-11-19 11:00:00+00:00,2.3,7.689603,14.154915,343.68607,352.69434,5.0,0.0
2025-11-19 12:00:00+00:00,1.85,11.811622,16.697365,7.883054,11.188769,44.0,0.0
2025-11-19 13:00:00+00:00,1.85,11.39842,17.247156,15.572617,18.245953,20.0,0.0
2025-11-19 14:00:00+00:00,1.4,10.088033,17.183167,15.524177,22.804585,8.0,0.0
2025-11-19 15:00:00+00:00,0.4,10.1902895,19.161337,17.474865,25.602148,7.0,0.0
2025-11-19 16:00:00+00:00,-0.25,10.873251,21.120682,19.334904,29.623667,2.0,0.0
2025-11-19 17:00:00+00:00,-0.65,11.165805,22.323627,20.772345,32.15227,1.0,0.0
2025-11-19 18:00:00+00:00,-0.85,12.661564,23.586182,14.826528,26.760534,0.0,0.0
2025-11-19 19:00:00+00:00,-1.1,14.168641,26.3594,27.216026,33.581585,1.0,0.0
2025-11-19 20:00:00+00:00,-1.3,14.007655,25.223772,25.90646,31.875336,18.0,0.0
2025-11-19 21:00:00+00:00,-1.2,13.451914,23.98597,24.507391,31.184912,66.0,0.0
2025-11-19 22:00:00+00:00,-0.95,14.607751,26.089447,22.456984,27.979382,41.0,0.0
2025-11-19 23:00:00+00:00,-0.6,14.974658,26.548626,25.640957,30.563951,14.0,0.0
2025-11-20 00:00:00+00:00,-0.6,14.4415655,25.006397,22.729767,30.256361,5.0,0.0
2025-11-20 01:00:00+00:00,-1.1,16.077536,27.530586,21.682358,26.397455,30.0,0.0
2025-11-20 02:00:00+00:00,-1.05,15.710607,27.56058,18.01986,23.8865,14.0,0.0
2025-11-20 03:00:00+00:00,-1.2,16.685717,28.915081,20.194427,24.650566,20.0,0.0
2025-11-20 04:00:00+00:00,-1.0,16.507088,29.024128,18.435053,23.385246,25.0,0.0
2025-11-20 05:00:00+00:00,-0.9,17.114204,28.899391,22.249071,26.245798,42.0,0.0
2025-11-20 06:00:00+00:00,-0.95,17.193533,28.03612,19.573223,24.261286,22.0,0.0
2025-11-20 07:00:00+00:00,-1.15,17.381886,28.602446,21.25058,24.145542,53.0,0.0
2025-11-20 08:00:00+00:00,-0.85,16.90563,27.678474,18.627966,22.562592,58.0,0.0
2025-11-20 09:00:00+00:00,0.1,18.561832,29.07989,19.840788,21.801476,48.0,0.0
2025-11-20 10:00:00+00:00,0.65,17.816362,26.928505,18.251991,19.52511,18.0,0.0
2025-11-20 11:00:00+00:00,0.95,21.06077,31.033691,18.435053,20.011597,48.0,0.0
2025-11-20 12:00:00+00:00,1.1,20.128637,29.44802,15.030491,16.33033,60.0,0.0
2025-11-20 13:00:00+00:00,1.05,17.604147,26.243605,16.025936,17.565105,11.0,0.0
2025-11-20 14:00:00+00:00,0.5,13.842457,23.018898,12.771242,15.883924,45.0,0.0
2025-11-20 15:00:00+00:00,-0.3,12.81165,23.023119,4.0281906,9.90412,62.0,0.0
2025-11-20 16:00:00+00:00,-0.6,12.284916,22.859999,349.01938,360.0,43.0,0.0
2025-11-20 17:00:00+00:00,-0.9,11.043261,21.26744,340.9743,357.0892,14.0,0.0
2025-11-20 18:00:00+00:00,-0.6,13.1041975,24.313328,339.07544,352.76984,7.0,0.0
2025-11-20 19:00:00+00:00,-0.45,12.140329,23.14103,344.5213,354.64426,10.0,0.0
2025-11-20 20:00:00+00:00,-0.6,11.966954,22.81957,344.2913,353.6599,9.0,0.0
2025-11-20 21:00:00+00:00,-0.9,11.132385,22.355536,345.9637,356.76904,12.0,0.0
2025-11-20 22:00:00+00:00,-0.95,10.873251,22.224714,340.6651,351.14807,20.0,0.0
2025-11-20 23:00:00+00:00,-0.75,10.4166975,21.365477,341.87805,350.29965,18.0,0.0
2025-11-21 00:00:00+00:00,-0.6,11.440979,21.915693,335.85446,345.73544,20.0,0.0
2025-11-21 01:00:00+00:00,-0.95,9.621163,20.852827,342.58194,353.0591,20.0,0.0
2025-11-21 02:00:00+00:00,-0.9,9.4238205,20.349554,331.477,344.61148,38.0,0.0
2025-11-21 03:00:00+00:00,-0.8,10.534229,21.897945,343.11313,350.53775,27.0,0.0
2025-11-21 04:00:00+00:00,-1.15,8.790563,19.866161,349.3804,355.32266,8.0,0.0
2025-11-21 05:00:00+00:00,-1.4,5.983477,16.818203,344.2913,354.47253,0.0,0.0
2025-11-21 06:00:00+00:00,-2.15,2.8116899,10.742848,320.1945,351.3269,1.0,0.0
2025-11-21 07:00:00+00:00,-2.55,2.7416782,10.495713,293.1986,337.8336,4.0,0.0
2025-11-21 08:00:00+00:00,-2.0,2.2768397,7.1684303,251.56496,331.50446,0.0,0.0
2025-11-21 09:00:00+00:00,-0.55,8.3520775,8.297589,232.88306,257.4712,2.0,0.0
2025-11-21 10:00:00+00:00,0.6,9.422101,14.7742605,226.54811,247.80966,12.0,0.0
2025-11-21 11:00:00+00:00,1.75,7.7420926,16.109747,234.46223,256.42953,29.0,0.0
2025-11-21 12:00:00+00:00,2.5,7.3094187,19.839235,232.0012,258.4862,59.0,0.0
2025-11-21 13:00:00+00:00,2.6,9.9408245,18.388212,238.32457,246.94867,43.0,0.0
2025-11-21 14:00:00+00:00,1.7,10.316686,20.320877,227.1211,235.46527,13.0,0.0
2025-11-21 15:00:00+00:00,0.45,11.886816,23.453938,212.00534,221.88907,99.0,0.0
2025-11-21 16:00:00+00:00,-0.15,13.929953,26.867676,205.2405,215.18079,50.0,0.0
2025-11-21 17:00:00+00:00,-0.4,14.411245,27.408508,207.52513,218.60107,70.0,0.0
2025-11-21 18:00:00+00:00,-0.2,14.113652,26.652765,217.74687,228.55936,100.0,0.0
2025-11-21 19:00:00+00:00,-0.25,13.888023,27.396093,222.37354,233.2806,100.0,0.0
2025-11-21 20:00:00+00:00,-0.05,14.529915,28.308113,221.98714,231.45396,100.0,0.0
2025-11-21 21:00:00+00:00,0.1,14.689588,28.515089,216.02747,223.97707,100.0,0.0
2025-11-21 22:00:00+00:00,0.3,15.299999,29.533169,216.86998,224.01233,99.0,0.0
2025-11-21 23:00:00+00:00,0.7,15.661035,30.426388,217.5285,223.8016,100.0,0.0
2025-11-22 00:00:00+00:00,0.5,16.774803,31.459347,213.17851,219.42778,42.0,0.0
2025-11-22 01:00:00+00:00,0.4,17.325874,33.416553,209.22795,215.57364,84.0,0.0
2025-11-22 02:00:00+00:00,0.95,18.116621,34.54687,207.83798,213.5245,100.0,0.0
2025-11-22 03:00:00+00:00,1.5,18.921415,35.355682,207.78383,212.31456,100.0,0.0
2025-11-22 04:00:00+00:00,2.25,19.32801,34.526703,212.0619,217.58687,100.0,0.0
2025-11-22 05:00:00+00:00,2.45,18.681883,33.557816,205.08356,210.27847,100.0,0.0
2025-11-22 06:00:00+00:00,2.05,19.1588,34.976086,206.80571,211.31769,90.0,0.0
2025-11-22 07:00:00+00:00,2.0,19.92479,36.488533,202.8588,208.5878,100.0,0.0
2025-11-22 08:00:00+00:00,2.7,21.091513,37.754112,201.52907,206.32066,100.0,0.0
2025-11-22 09:00:00+00:00,3.5,21.531641,37.43394,203.13573,207.18103,100.0,0.0
2025-11-22 10:00:00+00:00,3.95,20.858265,35.767498,201.25058,204.37236,100.0,0.0
2025-11-22 11:00:00+00:00,4.55,20.326454,34.77542,202.93213,206.43236,100.0,0.0
2025-11-22 12:00:00+00:00,5.1,19.296974,33.633038,197.92801,202.9973,100.0,0.0
2025-11-22 13:00:00+00:00,5.55,21.019962,35.281837,204.80939,208.65701,98.0,0.0
2025-11-22 14:00:00+00:00,5.2,20.291357,34.635387,205.2011,208.56284,95.0,0.0
2025-11-22 15:00:00+00:00,4.85,20.46941,35.512955,203.86018,208.12364,92.0,0.0
2025-11-22 16:00:00+00:00,4.35,20.28976,35.580406,201.32953,206.43535,77.0,0.0
2025-11-22 17:00:00+00:00,3.95,19.530622,35.11061,189.54906,195.46127,67.0,0.0
2025-11-22 18:00:00+00:00,3.55,22.535252,40.098003,183.20515,189.0394,70.0,0.0
2025-11-22 19:00:00+00:00,3.9,24.23324,41.845646,195.06854,199.60417,83.0,0.0
2025-11-22 20:00:00+00:00,4.2,23.270874,39.789772,194.78873,199.0088,100.0,0.0
2025-11-22 21:00:00+00:00,4.55,24.646858,41.38121,198.30272,201.43123,100.0,0.1
2025-11-22 22:00:00+00:00,4.55,26.183659,43.553303,198.43504,201.58162,100.0,0.2
2025-11-22 23:00:00+00:00,4.1,27.172848,45.09063,196.154,199.59238,100.0,0.1
2025-11-23 00:00:00+00:00,4.05,26.431208,43.832863,196.21346,199.17911,100.0,0.0
2025-11-23 01:00:00+00:00,3.85,24.826952,41.327152,196.85847,199.06638,98.0,0.0
2025-11-23 02:00:00+00:00,3.15,22.944881,38.97696,199.71439,202.5385,100.0,0.0
2025-11-23 03:00:00+00:00,3.05,23.569693,40.018738,197.328,199.16852,88.0,0.1
2025-11-23 04:00:00+00:00,2.85,20.264194,34.530922,198.11316,201.08047,91.0,0.0
2025-11-23 05:00:00+00:00,2.7,20.212965,34.438377,193.91252,197.96153,100.0,0.3
2025-11-23 06:00:00+00:00,2.4,20.265795,34.672783,192.308,197.21216,100.0,0.2
2025-11-23 07:00:00+00:00,2.2,21.262869,35.70585,193.21275,196.69933,100.0,0.2
2025-11-23 08:00:00+00:00,2.05,19.885721,33.964718,189.37698,194.10992,99.0,0.1
2025-11-23 09:00:00+00:00,2.15,19.460823,32.96753,182.65063,188.79366,100.0,0.0
2025-11-23 10:00:00+00:00,2.4,20.180079,33.497414,177.44391,181.84756,88.0,0.0
2025-11-23 11:00:00+00:00,2.1,17.81909,29.215502,171.86998,176.46777,100.0,0.0
2025-11-23 12:00:00+00:00,2.15,15.743571,25.448841,157.8336,162.71841,100.0,0.0
2025-11-23 13:00:00+00:00,2.0,20.41949,34.201893,174.94284,179.39693,100.0,0.0
2025-11-23 14:00:00+00:00,1.85,20.06334,34.03095,170.70677,173.92764,100.0,0.0
2025-11-23 15:00:00+00:00,1.65,18.86139,32.789658,156.3706,160.76924,100.0,0.0
2025-11-23 16:00:00+00:00,1.8,20.045567,34.744198,152.74475,156.48958,100.0,0.0
2025-11-23 17:00:00+00:00,2.25,19.976755,34.30594,147.8852,151.8215,100.0,0.0
2025-11-23 18:00:00+00:00,2.75,20.442486,35.216114,140.0007,144.3601,100.0,0.0
2025-11-23 19:00:00+00:00,2.8,20.699999,34.996925,143.13002,145.90123,100.0,0.0
2025-11-23 20:00:00+00:00,2.6,20.099642,33.651817,141.17992,145.45984,100.0,0.0
2025-11-23 21:00:00+00:00,2.55,19.875944,33.598335,141.98843,146.13963,100.0,0.0
2025-11-23 22:00:00+00:00,2.55,19.72869,33.073498,134.63039,139.63554,100.0,0.0
2025-11-23 23:00:00+00:00,2.25,19.987295,33.636406,128.41809,132.39738,100.0,0.0
2025-11-24 00:00:00+00:00,2.3,19.820442,33.006817,129.47244,132.1265,100.0,0.0
2025-11-24 01:00:00+00:00,2.15,19.070658,32.36498,123.840096,127.31609,100.0,0.0
2025-11-24 02:00:00+00:00,2.35,19.77462,33.696075,124.9921,126.74756,100.0,0.0
2025-11-24 03:00:00+00:00,2.45,19.875944,33.118534,128.01157,129.48657,100.0,0.0
2025-11-24 04:00:00+00:00,2.45,19.48162,32.7511,128.24648,129.20078,100.0,0.0
2025-11-24 05:00:00+00:00,2.45,18.581022,31.24802,125.537766,126.80398,100.0,0.0
2025-11-24 06:00:00+00:00,2.35,17.419127,29.546877,113.12087,115.62837,100.0,0.0
2025-11-24 07:00:00+00:00,2.25,18.044046,30.450338,108.61578,111.864365,100.0,0.0
2025-11-24 08:00:00+00:00,2.45,18.275984,30.464699,107.1858,110.04104,100.0,0.0
2025-11-24 09:00:00+00:00,2.7,17.902534,29.315695,105.15412,107.87879,100.0,0.0
2025-11-24 10:00:00+00:00,2.9,18.606289,29.775719,102.288315,104.70835,100.0,0.0
2025-11-24 11:00:00+00:00,2.95,19.983242,30.244286,97.76508,98.901634,100.0,0.0
2025-11-24 12:00:00+00:00,2.7,19.044306,29.478264,97.057755,98.42689,100.0,0.0
2025-11-24 13:00:00+00:00,2.5,19.440834,30.06054,89.46951,90.34308,100.0,0.0
2025-11-24 14:00:00+00:00,2.0,18.258247,28.488375,80.35203,82.74037,100.0,0.0
2025-11-24 15:00:00+00:00,1.7,18.620214,30.51836,73.14152,76.70142,100.0,0.1
2025-11-24 16:00:00+00:00,1.45,19.656296,32.22452,69.075424,72.77954,100.0,0.2
2025-11-24 17:00:00+00:00,1.25,19.121557,32.050613,67.29713,70.649124,100.0,0.20000002
2025-11-24 18:00:00+00:00,1.25,19.41081,32.657475,65.33621,68.66767,100.0,0.10000001
2025-11-24 19:00:00+00:00,1.7,19.72212,32.385994,63.435013,65.71418,100.0,0.1
2025-11-24 20:00:00+00:00,1.75,20.054457,32.039997,61.594852,64.010826,100.0,0.1
2025-11-24 21:00:00+00:00,1.8,18.58451,29.787146,58.46526,62.660812,100.0,0.1
2025-11-24 22:00:00+00:00,1.8,17.49615,28.660158,53.3658,57.30802,100.0,0.1
2025-11-24 23:00:00+00:00,1.9,17.318394,28.656202,52.177197,56.010437,100.0,0.0
2025-11-25 00:00:00+00:00,2.05,16.635157,27.629267,54.24602,58.58819,100.0,0.0
2025-11-25 01:00:00+00:00,2.05,16.560978,27.507627,52.50727,56.205914,100.0,0.0
2025-11-25 02:00:00+00:00,2.05,16.616642,27.579382,50.273937,54.027523,100.0,0.0
2025-11-25 03:00:00+00:00,2.0,16.423458,27.241917,46.332153,50.630707,100.0,0.0
2025-11-25 04:00:00+00:00,1.85,16.80857,27.978855,46.73567,49.95852,100.0,0.0
2025-11-25 05:00:00+00:00,1.75,16.595179,27.722336,49.398785,52.385983,100.0,0.0
2025-11-25 06:00:00+00:00,1.7,15.9134655,26.509546,52.35232,56.63362,100.0,0.0
2025-11-25 07:00:00+00:00,1.7,15.172409,25.848024,48.366554,53.209812,100.0,0.0
2025-11-25 08:00:00+00:00,1.8,15.159589,25.487644,42.594006,47.862484,100.0,0.0
2025-11-25 09:00:00+00:00,2.1,15.30741,25.457117,41.185837,45.57287,100.0,0.0
2025-11-25 10:00:00+00:00,2.85,15.971386,24.823036,50.02913,50.88599,100.0,0.0
2025-11-25 11:00:00+00:00,3.15,17.52298,25.762016,56.309914,56.976128,100.0,0.0
2025-11-25 12:00:00+00:00,3.15,15.086748,21.9718,54.223835,55.0079,100.0,0.0
2025-11-25 13:00:00+00:00,3.05,13.5012,21.06615,47.16109,49.504993,100.0,0.0
2025-11-25 14:00:00+00:00,2.95,12.229406,19.857191,42.614033,45.734444,100.0,0.0
2025-11-25 15:00:00+00:00,2.65,11.334285,19.734436,32.680546,38.33339,100.0,0.0
2025-11-25 16:00:00+00:00,2.5,11.440979,19.881649,24.145542,31.675428,100.0,0.0
2025-11-25 17:00:00+00:00,2.25,11.793777,20.85671,15.945463,25.016869,100.0,0.0
2025-11-25 18:00:00+00:00,2.4,12.358542,21.82755,12.619325,21.275045,100.0,0.0
2025-11-25 19:00:00+00:00,2.05,12.32047,22.775513,11.802421,19.86714,100.0,0.0
2025-11-25 20:00:00+00:00,1.85,11.966954,22.242203,15.708701,23.868332,100.0,0.0
2025-11-25 21:00:00+00:00,1.75,11.793777,21.913475,15.945463,24.249197,100.0,0.0
2025-11-25 22:00:00+00:00,1.55,11.500296,21.42227,17.300613,24.842371,100.0,0.0
2025-11-25 23:00:00+00:00,1.3,11.384199,20.933466,18.435053,25.463305,100.0,0.0
2025-11-26 00:00:00+00:00,0.8,9.565437,18.275984,19.798973,27.574474,95.0,0.0
2025-11-26 01:00:00+00:00,0.3,8.305396,16.276815,29.898815,38.264034,36.0,0.0
2025-11-26 02:00:00+00:00,-0.05,7.344794,14.766584,36.027473,45.98768,6.0,0.0
2025-11-26 03:00:00+00:00,-0.45,6.391901,13.746156,32.347424,44.999897,9.0,0.0
2025-11-26 04:00:00+00:00,-1.4,4.5,10.766949,36.86999,51.78894,3.0,0.0
2025-11-26 05:00:00+00:00,-1.55,2.1674871,9.096681,48.366554,62.927998,11.0,0.0
2025-11-26 06:00:00+00:00,-1.9,0.54,4.6834598,180.0,87.79745,7.0,0.0
2025-11-26 07:00:00+00:00,-2.55,0.56920993,1.659518,288.43503,49.398785,99.0,0.0
2025-11-26 08:00:00+00:00,-2.85,2.1674871,1.8089776,274.76355,354.2895,99.0,0.0
2025-11-26 09:00:00+00:00,-2.4,2.5264204,2.0523157,265.91446,344.7448,100.0,0.0
2025-11-26 10:00:00+00:00,-1.4,1.9134263,0.742159,221.18582,284.03625,100.0,0.0
2025-11-26 11:00:00+00:00,-0.7,2.3051248,2.6208394,218.65984,254.05453,100.0,0.0
2025-11-26 12:00:00+00:00,0.05,3.4949677,7.5685663,191.88864,205.34613,96.0,0.0
2025-11-26 13:00:00+00:00,0.2,5.223103,10.478722,178.02512,184.92702,73.0,0.0
2025-11-26 14:00:00+00:00,-0.6,3.710795,9.6228485,202.8337,187.52373,59.0,0.0
2025-11-26 15:00:00+00:00,-1.35,4.278551,9.9977,202.24907,193.53587,100.0,0.0
2025-11-26 16:00:00+00:00,-1.45,5.2323985,11.269782,206.56499,206.56499,100.0,0.0
2025-11-26 17:00:00+00:00,-2.05,6.310277,14.410121,176.72958,200.47237,100.0,0.0
2025-11-26 18:00:00+00:00,-1.75,7.928178,17.76081,182.60251,197.70052,100.0,0.0
2025-11-26 19:00:00+00:00,-2.15,9.721666,22.277134,178.93912,195.94547,100.0,0.0
2025-11-26 20:00:00+00:00,-2.5,11.701385,28.465622,180.88138,194.6514,100.0,0.0
2025-11-26 21:00:00+00:00,-2.35,13.684735,28.664682,181.5074,191.59215,100.0,0.0
2025-11-26 22:00:00+00:00,-2.05,14.414617,30.599998,164.05453,180.0,100.0,0.0
2025-11-26 23:00:00+00:00,-1.7,15.865546,29.643217,176.74812,185.22583,100.0,0.0
2025-11-27 00:00:00+00:00,-1.05,17.483181,35.971638,177.04929,191.25366,100.0,0.0
2025-11-27 01:00:00+00:00,0.0,19.440834,35.879646,179.46951,186.62578,100.0,0.0
2025-11-27 02:00:00+00:00,0.8,19.267569,34.447784,178.39403,183.59494,100.0,0.0
2025-11-27 03:00:00+00:00,1.1,19.803272,34.94504,178.95839,186.20973,100.0,0.0
2025-11-27 04:00:00+00:00,1.85,21.707731,37.62043,174.2895,180.27414,100.0,0.0
2025-11-27 05:00:00+00:00,2.5,23.766134,40.31759,181.30193,185.37961,100.0,0.1
2025-11-27 06:00:00+00:00,3.15,25.252016,42.94462,183.67816,188.43568,100.0,0.1
2025-11-27 07:00:00+00:00,3.65,27.256777,45.84455,190.27095,193.16324,100.0,0.7
2025-11-27 08:00:00+00:00,3.9,29.406183,48.76804,191.65381,194.75436,100.0,0.7
2025-11-27 09:00:00+00:00,3.8,29.40398,49.105698,187.38596,190.77443,100.0,1.0
2025-11-27 10:00:00+00:00,4.05,30.784735,50.77404,195.25517,198.17812,100.0,0.5
2025-11-27 11:00:00+00:00,4.45,31.88084,51.764008,197.412,200.13638,100.0,0.1
2025-11-27 12:00:00+00:00,5.15,31.487143,51.69605,202.1664,205.13737,100.0,0.3
2025-11-27 13:00:00+00:00,5.85,28.657898,48.251083,206.88686,210.48714,100.0,0.1
2025-11-27 14:00:00+00:00,6.7,26.865265,45.578045,212.4123,216.32692,100.0,0.0
2025-11-27 15:00:00+00:00,7.65,25.244318,43.301876,218.34082,222.97864,100.0,0.1
2025-11-27 16:00:00+00:00,8.45,23.424908,40.392654,223.75471,227.7092,100.0,0.1
2025-11-27 17:00:00+00:00,8.75,22.402588,38.696648,225.65099,229.71677,100.0,0.0
2025-11-27 18:00:00+00:00,8.75,22.240019,39.099796,219.74615,222.94794,100.0,0.0
2025-11-27 19:00:00+00:00,9.05,24.20381,40.82549,218.65982,221.067,100.0,0.0
2025-11-27 20:00:00+00:00,9.3,25.750067,42.87477,218.47218,220.91429,100.0,0.0
2025-11-27 21:00:00+00:00,9.55,27.014996,45.042095,218.77907,220.9489,100.0,0.0
2025-11-27 22:00:00+00:00,9.8,28.719448,47.51352,220.67911,222.6971,100.0,0.5
2025-11-27 23:00:00+00:00,9.8,28.002007,46.414177,219.5226,221.54118,100.0,0.5
2025-11-28 00:00:00+00:00,9.7,27.295977,46.47104,221.25691,223.58757,100.0,0.2
2025-11-28 01:00:00+00:00,10.1,27.248455,44.938396,223.39404,226.13594,100.0,0.1
2025-11-28 02:00:00+00:00,10.15,25.875586,43.275684,221.89825,224.663,100.0,0.1
2025-11-28 03:00:00+00:00,10.25,24.951921,41.841385,226.16905,228.83736,100.0,0.2
2025-11-28 04:00:00+00:00,10.25,24.71512,41.155495,235.38396,238.04778,100.0,0.1
2025-11-28 05:00:00+00:00,10.35,23.646545,38.743927,239.33551,241.41089,100.0,0.0
2025-11-28 06:00:00+00:00,9.7,22.075516,37.956104,237.99466,240.76076,100.0,0.0
2025-11-28 07:00:00+00:00,9.0,21.45627,36.89649,232.84161,235.5346,70.0,0.0
2025-11-28 08:00:00+00:00,8.45,20.00269,35.26209,222.44705,226.03401,29.0,0.0
2025-11-28 09:00:00+00:00,8.85,22.180206,37.450817,215.75398,219.73502,63.0,0.0
2025-11-28 10:00:00+00:00,9.35,23.652027,38.85666,216.9572,219.73756,98.0,0.0
2025-11-28 11:00:00+00:00,9.85,23.761364,38.479603,220.08337,222.34575,100.0,0.0
2025-11-28 12:00:00+00:00,9.75,22.355536,36.820892,220.10085,222.42436,100.0,0.0
2025-11-28 13:00:00+00:00,9.7,22.322903,36.5298,217.794,220.20314,98.0,0.0
2025-11-28 14:00:00+00:00,9.25,22.268406,37.22694,212.79088,216.14967,91.0,0.0
2025-11-28 15:00:00+00:00,8.7,22.62708,38.432842,207.99196,211.00972,96.0,0.0
2025-11-28 16:00:00+00:00,8.3,22.80892,38.641354,203.73294,207.16177,10.0,0.0
2025-11-28 17:00:00+00:00,7.9,22.553934,38.161697,204.51962,207.53189,12.0,0.0
2025-11-28 18:00:00+00:00,8.05,22.97381,39.12299,203.55228,206.21132,14.0,0.0
2025-11-28 19:00:00+00:00,7.8,24.269983,40.683582,200.85454,204.29709,10.0,0.0
2025-11-28 20:00:00+00:00,7.75,25.223772,42.388374,197.01263,200.89784,16.0,0.0
2025-11-28 21:00:00+00:00,7.85,27.943514,46.504486,194.93147,198.50517,42.0,0.0
2025-11-28 22:00:00+00:00,8.15,28.742002,46.863647,205.60214,207.94295,100.0,0.0
2025-11-28 23:00:00+00:00,7.9,27.459293,44.496056,214.31514,216.77728,66.0,0.6
2025-11-29 00:00:00+00:00,7.75,26.504654,43.147842,222.24745,224.83096,25.0,0.0
2025-11-29 01:00:00+00:00,7.1,26.354485,43.541397,223.61638,226.33994,13.0,0.0
2025-11-29 02:00:00+00:00,7.15,27.280542,44.805176,221.79042,224.34901,39.0,0.0
2025-11-29 03:00:00+00:00,7.45,27.788874,45.56667,221.8492,224.67995,20.0,0.0
2025-11-29 04:00:00+00:00,7.5,27.37243,44.951374,223.66785,226.7848,31.0,0.0
2025-11-29 05:00:00+00:00,7.7,27.0024,44.71107,227.16109,229.89915,26.0,0.0
2025-11-29 06:00:00+00:00,7.5,26.758923,44.319855,227.72636,229.77737,41.0,0.0
2025-11-29 07:00:00+00:00,7.35,25.984919,43.14934,222.75424,225.50697,25.0,0.0
2025-11-29 08:00:00+00:00,7.1,24.567856,41.003666,224.10956,226.77876,83.0,0.0
2025-11-29 09:00:00+00:00,7.5,24.72495,40.603867,222.04915,224.46126,34.0,0.0
2025-11-29 10:00:00+00:00,8.15,23.05476,37.423553,222.78522,225.77939,25.0,0.0
2025-11-29 11:00:00+00:00,8.7,22.0285,35.72898,226.65544,229.08571,100.0,0.0
2025-11-29 12:00:00+00:00,8.7,19.26084,32.161625,232.59456,234.79774,68.0,0.0
2025-11-29 13:00:00+00:00,8.7,17.309975,29.44802,224.9999,228.22113,98.0,0.0
2025-11-29 14:00:00+00:00,8.4,14.677452,26.255947,213.49521,218.5985,100.0,0.0
2025-11-29 15:00:00+00:00,8.05,12.71901,23.030151,206.9276,211.57811,100.0,0.2
2025-11-29 16:00:00+00:00,7.35,10.266314,20.746902,177.9905,188.48152,100.0,0.8
2025-11-29 17:00:00+00:00,7.35,15.677576,27.265694,167.39984,175.45633,100.0,1.3
2025-11-29 18:00:00+00:00,7.45,17.714231,30.253387,174.75294,181.7047,100.0,0.2
2025-11-29 19:00:00+00:00,7.5,17.294992,29.395159,177.6141,183.5106,100.0,0.0
2025-11-29 20:00:00+00:00,7.65,16.93531,28.856194,177.5634,183.57626,100.0,0.0
2025-11-29 21:00:00+00:00,7.75,15.763107,26.829662,173.44315,178.46227,100.0,0.0
2025-11-29 22:00:00+00:00,7.8,15.329618,26.052162,164.33177,168.84538,100.0,0.0
2025-11-29 23:00:00+00:00,7.75,15.716793,26.604097,159.90468,163.89479,100.0,0.0
2025-11-30 00:00:00+00:00,7.85,15.885956,27.248457,160.12773,164.67844,100.0,0.0
2025-11-30 01:00:00+00:00,7.6,15.779543,26.684355,154.3119,156.54765,100.0,0.0
2025-11-30 02:00:00+00:00,7.25,16.825909,27.876764,145.45984,148.46526,100.0,0.0
2025-11-30 03:00:00+00:00,7.1,17.623463,29.421602,145.82297,148.25476,100.0,0.0
2025-11-30 04:00:00+00:00,7.05,18.079027,30.223389,144.7275,148.39255,100.0,0.2
2025-11-30 05:00:00+00:00,6.75,20.634155,34.55109,141.73044,145.39917,100.0,0.6
2025-11-30 06:00:00+00:00,7.1,20.562586,34.374344,150.06857,152.89832,100.0,0.3
2025-11-30 07:00:00+00:00,7.15,20.188908,33.869186,158.00882,161.0835,100.0,0.7
2025-11-30 08:00:00+00:00,7.4,20.015642,33.377747,168.58905,172.87508,100.0,0.2
2025-11-30 09:00:00+00:00,7.55,20.256998,33.492096,174.39082,178.46019,100.0,0.0
2025-11-30 10:00:00+00:00,7.45,21.438896,35.111534,177.59409,181.46877,100.0,0.0
2025-11-30 11:00:00+00:00,7.55,22.245117,36.196114,174.4279,178.29022,91.0,0.0
2025-11-30 12:00:00+00:00,7.6,23.662985,37.81071,175.20026,178.63611,31.0,0.0
2025-11-30 13:00:00+00:00,7.5,24.591583,39.07493,174.53989,178.41623,20.0,0.0
2025-11-30 14:00:00+00:00,7.3,24.57511,40.14363,174.95764,179.22926,11.0,0.0
2025-11-30 15:00:00+00:00,6.85,27.888384,45.25022,173.70074,176.80759,100.0,0.0
2025-11-30 16:00:00+00:00,6.95,29.284733,47.007923,174.71,178.02512,100.0,0.0
2025-11-30 17:00:00+00:00,6.95,30.793156,48.785313,178.3252,180.84561,100.0,0.0
2025-11-30 18:00:00+00:00,6.9,29.253738,46.416622,184.58789,186.90445,81.0,0.0
2025-11-30 19:00:00+00:00,6.8,27.959742,44.883568,191.88864,194.87225,80.0,0.3
2025-11-30 20:00:00+00:00,6.65,32.33293,51.36028,203.28238,207.10379,89.0,0.1
2025-11-30 21:00:00+00:00,6.5,32.84938,51.840313,213.60301,216.67105,98.0,0.0
2025-11-30 22:00:00+00:00,7.1,32.412495,51.746475,231.53893,234.4854,55.0,0.0
2025-11-30 23:00:00+00:00,6.95,29.075989,46.858463,241.53117,244.51778,40.0,0.0
2025-12-01 00:00:00+00:00,6.55,29.46947,47.632023,244.68715,247.79646,91.0,0.0
2025-12-01 01:00:00+00:00,6.7,27.549997,44.505157,251.3282,254.27736,100.0,0.0
2025-12-01 02:00:00+00:00,6.65,25.986166,41.702934,254.32712,257.28342,91.0,0.0
2025-12-01 03:00:00+00:00,6.3,25.448841,40.845722,252.71841,253.88112,90.0,0.3
2025-12-01 04:00:00+00:00,5.9,22.96464,37.738663,248.86569,251.65137,97.0,0.0
2025-12-01 05:00:00+00:00,5.9,20.899387,34.699406,239.45947,242.50456,70.0,0.0
2025-12-01 06:00:00+00:00,5.1,19.72212,33.231335,243.43501,247.04588,20.0,0.0
2025-12-01 07:00:00+00:00,4.15,15.735336,28.973291,215.69016,220.71703,34.0,0.0
2025-12-01 08:00:00+00:00,4.1,17.816362,31.76375,209.67299,215.3113,88.0,0.0
2025-12-01 09:00:00+00:00,4.55,15.710607,27.46991,198.01987,204.3818,99.0,0.0
2025-12-01 10:00:00+00:00,4.9,17.643673,29.85722,181.16911,185.88235,100.0,0.0
2025-12-01 11:00:00+00:00,5.45,16.724508,38.185886,171.9572,185.95236,100.0,0.0
2025-12-01 12:00:00+00:00,6.7,21.67487,35.84215,184.76355,188.37418,100.0,0.0
2025-12-01 13:00:00+00:00,6.85,21.946718,35.838085,187.06664,190.1246,100.0,0.0
2025-12-01 14:00:00+00:00,6.5,22.885496,37.489296,182.70482,186.3401,100.0,0.1
2025-12-01 15:00:00+00:00,6.3,22.714973,37.800426,176.82024,180.27283,100.0,0.1
2025-12-01 16:00:00+00:00,5.95,22.59269,37.731365,168.51105,172.87508,100.0,0.1
2025-12-01 17:00:00+00:00,5.7,25.005102,40.928135,170.46994,173.68773,100.0,0.1
2025-12-01 18:00:00+00:00,4.95,26.5016,43.29589,172.58546,176.186,100.0,0.6
2025-12-01 19:00:00+00:00,5.15,26.597397,44.144424,174.17375,177.42932,100.0,0.6
2025-12-01 20:00:00+00:00,5.15,27.239538,44.820362,176.21118,179.7699,100.0,0.7
2025-12-01 21:00:00+00:00,5.3,28.137634,45.5432,176.33229,179.32065,100.0,0.4
2025-12-01 22:00:00+00:00,5.5,28.269169,45.90882,178.54059,181.12328,100.0,0.2
2025-12-01 23:00:00+00:00,5.55,28.440567,46.148857,180.36263,183.13017,100.0,0.4
2025-12-02 00:00:00+00:00,5.15,25.780247,42.66038,176.79805,179.75826,100.0,0.8
2025-12-02 01:00:00+00:00,5.25,25.216064,41.234142,177.95464,181.50082,100.0,0.9
2025-12-02 02:00:00+00:00,5.3,26.302181,43.56595,177.64676,180.94693,100.0,0.4
2025-12-02 03:00:00+00:00,5.5,26.300335,43.24535,172.92372,177.37584,100.0,0.2
2025-12-02 04:00:00+00:00,5.9,25.942488,43.023388,177.6141,180.71915,100.0,0.0
2025-12-02 05:00:00+00:00,5.9,25.75573,43.218742,182.00249,185.4968,100.0,0.0
2025-12-02 06:00:00+00:00,5.75,23.59717,39.440132,177.81424,181.8307,100.0,0.3
2025-12-02 07:00:00+00:00,5.4,23.734076,39.79995,173.46796,178.18585,100.0,0.4
2025-12-02 08:00:00+00:00,5.15,23.088463,39.28992,171.93315,177.11143,100.0,0.1
2025-12-02 09:00:00+00:00,5.9,22.90531,38.701675,176.39565,180.53296,100.0,0.0
2025-12-02 10:00:00+00:00,6.4,22.862833,38.282494,180.9022,184.58458,100.0,0.0
2025-12-02 11:00:00+00:00,6.7,21.109173,34.900043,183.9115,188.00464,100.0,0.0
2025-12-02 12:00:00+00:00,6.25,19.672771,32.508316,184.19759,187.63647,100.0,0.0
2025-12-02 13:00:00+00:00,5.6,19.09358,31.845251,182.16103,185.8394,100.0,0.5
2025-12-02 14:00:00+00:00,5.05,18.188019,30.652895,178.29868,183.3664,100.0,0.5
2025-12-02 15:00:00+00:00,4.85,18.18,30.573519,180.0,185.74406,100.0,0.2
2025-12-02 16:00:00+00:00,4.85,16.380001,28.048252,180.0,185.89343,100.0,0.1
2025-12-02 17:00:00+00:00,4.9,15.661035,27.085064,180.65852,188.02231,100.0,0.0
2025-12-02 18:00:00+00:00,5.05,14.949756,26.07081,182.06999,189.13707,100.0,0.0
2025-12-02 19:00:00+00:00,5.1,13.690654,24.29133,177.73955,186.80896,100.0,0.0
2025-12-02 20:00:00+00:00,5.1,13.849476,24.300665,171.02745,179.5756,100.0,0.0
2025-12-02 21:00:00+00:00,4.8,13.184308,24.136784,175.3014,182.13687,100.0,0.0
2025-12-02 22:00:00+00:00,4.9,13.039754,23.411074,173.6599,181.76236,100.0,0.0
2025-12-02 23:00:00+00:00,5.1,12.371645,22.142927,171.6342,180.93153,100.0,0.0
2025-12-03 00:00:00+00:00,5.15,11.157096,20.519999,169.7779,180.0,100.0,0.0
2025-12-03 01:00:00+00:00,4.8,10.215693,19.48079,165.71887,176.29164,100.0,0.0
2025-12-03 02:00:00+00:00,4.6,9.96524,19.18246,163.20155,174.07552,100.0,0.0
2025-12-03 03:00:00+00:00,4.5,8.936777,18.151463,161.20001,172.59319,100.0,0.0
2025-12-03 04:00:00+00:00,4.8,7.7420926,16.069473,162.40749,175.50293,100.0,0.0
2025-12-03 05:00:00+00:00,5.0,7.9383874,14.668619,147.0306,165.7932,100.0,0.0
2025-12-03 06:00:00+00:00,5.15,9.044888,17.081041,137.41954,151.00414,100.0,0.0
2025-12-03 07:00:00+00:00,5.1,9.840914,18.193361,140.19447,152.92801,100.0,0.0
2025-12-03 08:00:00+00:00,4.95,10.63372,20.37899,146.04091,155.47229,100.0,0.0
2025-12-03 09:00:00+00:00,5.6,11.351422,20.393293,152.62238,159.3255,100.0,0.0
2025-12-03 10:00:00+00:00,6.1,11.119281,19.357323,150.9455,157.01126,100.0,0.0
2025-12-03 11:00:00+00:00,6.3,10.99769,17.482254,158.89508,163.24417,100.0,0.0
2025-12-03 12:00:00+00:00,6.6,9.335737,15.561414,146.0035,150.173,100.0,0.0
2025-12-03 13:00:00+00:00,6.7,7.8954163,13.6289835,136.8476,146.3099,100.0,0.0
2025-12-03 14:00:00+00:00,6.4,8.415842,14.957339,131.53168,140.37103,100.0,0.0
2025-12-03 15:00:00+00:00,5.9,8.827344,15.882896,129.2072,141.44157,100.0,0.0
2025-12-03 16:00:00+00:00,5.55,10.075177,18.508516,131.37842,139.33836,100.0,0.1
2025-12-03 17:00:00+00:00,5.55,10.703569,19.270092,132.27362,139.1666,100.0,0.1
2025-12-03 18:00:00+00:00,5.7,11.074023,20.196127,135.65846,143.33427,100.0,0.1
2025-12-03 19:00:00+00:00,5.65,10.908951,19.139341,142.3737,148.85149,100.0,0.0
2025-12-03 20:00:00+00:00,5.55,10.1887,18.13003,147.99466,155.97975,100.0,0.0
2025-12-03 21:00:00+00:00,5.55,9.984729,18.286617,152.04913,159.24585,100.0,0.1
2025-12-03 22:00:00+00:00,5.45,9.194106,17.202011,156.94867,166.69081,100.0,0.1
2025-12-03 23:00:00+00:00,5.45,9.2660675,16.965895,150.9455,162.71841,100.0,0.1
2025-12-04 00:00:00+00:00,5.55,9.096681,17.816362,152.92801,161.74802,100.0,0.1
2025-12-04 01:00:00+00:00,5.55,8.557102,16.344355,157.75093,168.56636,100.0,0.0
2025-12-04 02:00:00+00:00,5.55,8.155807,15.779544,157.96371,168.81828,100.0,0.0
2025-12-04 03:00:00+00:00,5.5,8.39078,15.956163,157.28555,168.94363,100.0,0.2
2025-12-04 04:00:00+00:00,5.4,8.797931,16.62249,149.23735,162.3498,100.0,0.4
2025-12-04 05:00:00+00:00,5.35,8.738811,16.748707,147.61934,159.22766,100.0,0.1
2025-12-04 06:00:00+00:00,5.55,9.187056,17.161469,145.37578,155.85446,100.0,0.0
2025-12-04 07:00:00+00:00,5.7,8.863972,16.507088,150.83249,161.56496,100.0,0.2
2025-12-04 08:00:00+00:00,5.75,9.028754,16.676977,156.50142,166.26372,100.0,0.3
2025-12-04 09:00:00+00:00,5.65,9.335737,17.085785,160.86626,168.45334,100.0,0.1
2025-12-04 10:00:00+00:00,5.85,8.626865,14.668619,156.64442,165.7932,100.0,0.0
2025-12-04 11:00:00+00:00,6.2,8.461914,14.169785,150.70874,154.41153,100.0,0.0
2025-12-04 12:00:00+00:00,6.3,7.0934615,15.771329,125.70678,141.95291,100.0,0.2
2025-12-04 13:00:00+00:00,6.45,9.422101,16.525724,136.54811,147.00229,100.0,0.1
2025-12-04 14:00:00+00:00,6.35,8.783189,16.165964,134.16977,142.23686,100.0,0.2
2025-12-04 15:00:00+00:00,5.95,9.9,18.075441,126.86999,135.80684,100.0,0.1
2025-12-04 16:00:00+00:00,5.8,10.735306,18.852798,124.75598,132.67845,100.0,0.2
2025-12-04 17:00:00+00:00,5.65,11.203464,19.623302,136.30188,142.07887,100.0,0.9
2025-12-04 18:00:00+00:00,5.8,11.709688,20.696087,135.0001,139.93929,100.0,0.3
2025-12-04 19:00:00+00:00,5.8,12.351987,21.479664,136.77144,140.44037,100.0,0.0
2025-12-04 20:00:00+00:00,5.7,12.961249,22.571884,142.33432,147.70406,100.0,0.0
2025-12-04 21:00:00+00:00,5.6,12.232057,21.573734,147.01147,153.22124,100.0,0.0
2025-12-04 22:00:00+00:00,5.45,11.556504,21.392754,142.59457,149.11899,100.0,0.0
2025-12-04 23:00:00+00:00,5.3,12.566526,22.22836,141.981,148.24057,100.0,0.0
2025-12-05 00:00:00+00:00,5.7,13.036026,22.691423,125.44579,131.78442,100.0,0.0
2025-12-05 01:00:00+00:00,5.4,13.779114,24.192429,123.2749,126.528946,71.0,0.2
2025-12-05 02:00:00+00:00,5.05,13.644427,24.569836,126.41647,129.05313,98.0,0.1
2025-12-05 03:00:00+00:00,4.8,14.835537,26.42753,125.61858,127.806595,100.0,0.0
2025-12-05 04:00:00+00:00,5.2,16.237955,26.932714,125.980774,127.94221,100.0,0.0
2025-12-05 05:00:00+00:00,5.15,16.755476,27.80403,129.3327,131.3254,100.0,0.0
2025-12-05 06:00:00+00:00,5.25,14.529915,24.958414,131.98714,133.24663,100.0,0.0
2025-12-05 07:00:00+00:00,5.4,14.84318,24.913586,129.09386,130.01752,100.0,0.0
2025-12-05 08:00:00+00:00,5.4,14.896563,24.565218,133.53127,134.70316,100.0,0.0
2025-12-05 09:00:00+00:00,5.3,14.664202,23.695822,131.51663,132.53714,100.0,0.0
2025-12-05 10:00:00+00:00,5.35,15.833861,24.604755,130.38928,131.73788,100.0,0.0
2025-12-05 11:00:00+00:00,5.45,16.712881,24.604755,131.06973,131.73788,100.0,0.0
2025-12-05 12:00:00+00:00,5.3,15.30741,22.335236,131.18582,130.75145,100.0,0.0
2025-12-05 13:00:00+00:00,5.25,13.979872,21.573734,124.50858,125.14876,100.0,0.0
2025-12-05 14:00:00+00:00,5.15,11.132385,18.837322,112.833694,116.0753,100.0,0.0
2025-12-05 15:00:00+00:00,5.1,11.720751,20.620806,100.619606,106.22027,100.0,0.0
2025-12-05 16:00:00+00:00,5.2,13.690654,23.777039,87.73955,92.16921,100.0,0.0
2025-12-05 17:00:00+00:00,5.25,13.151091,22.877708,87.64676,92.25453,100.0,0.1
2025-12-05 18:00:00+00:00,5.4,12.601285,22.392462,89.18157,94.610565,100.0,0.2
2025-12-05 19:00:00+00:00,5.45,13.709573,23.648602,93.76396,98.31504,100.0,0.3
2025-12-05 20:00:00+00:00,5.4,12.882267,22.963936,97.22423,103.60056,100.0,0.7
2025-12-05 21:00:00+00:00,5.45,10.920824,20.320875,98.530685,108.59554,100.0,0.5
2025-12-05 22:00:00+00:00,5.45,9.278297,18.033268,108.08354,117.33228,100.0,0.2
2025-12-05 23:00:00+00:00,5.35,7.0591216,14.330079,109.359085,122.691986,100.0,0.1
2025-12-06 00:00:00+00:00,5.35,6.87779,14.628807,96.00892,108.65798,100.0,0.0
2025-12-06 01:00:00+00:00,5.4,6.5049515,12.72283,104.420815,115.11481,100.0,0.1
2025-12-06 02:00:00+00:00,5.3,6.1437774,12.606426,121.82741,136.73567,100.0,0.0
2025-12-06 03:00:00+00:00,5.2,6.2613096,13.6242285,161.56496,164.67844,100.0,0.0
2025-12-06 04:00:00+00:00,5.1,6.9480934,13.910169,163.44286,169.56258,100.0,0.0
2025-12-06 05:00:00+00:00,5.05,8.461914,16.1017,178.78116,185.77423,100.0,0.0
2025-12-06 06:00:00+00:00,5.15,8.37532,15.455911,151.78275,165.1545,100.0,0.0
2025-12-06 07:00:00+00:00,4.7,13.527572,22.998478,154.7989,157.44908,100.0,0.0
2025-12-06 08:00:00+00:00,3.15,14.275713,26.241135,156.9911,161.19211,100.0,0.0
2025-12-06 09:00:00+00:00,4.0,15.03835,26.072052,137.91092,144.5542,100.0,0.0
2025-12-06 10:00:00+00:00,4.85,16.485485,26.89419,148.39255,152.06294,100.0,0.0
2025-12-06 11:00:00+00:00,5.15,16.974487,26.769215,145.80435,147.91298,100.0,0.0
2025-12-06 12:00:00+00:00,5.35,17.065859,26.533976,142.28395,143.82965,100.0,0.0
2025-12-06 13:00:00+00:00,5.45,15.801087,25.331444,132.22972,135.8636,100.0,0.0
2025-12-06 14:00:00+00:00,5.1,16.45204,27.431551,126.99536,131.00899,100.0,0.0
2025-12-06 15:00:00+00:00,5.1,17.423777,29.269793,123.19758,127.50422,100.0,0.0
2025-12-06 16:00:00+00:00,5.05,18.374111,30.599998,124.62422,126.86998,100.0,0.0
2025-12-06 17:00:00+00:00,5.1,18.713942,30.80157,133.83095,135.0001,100.0,0.0
2025-12-06 18:00:00+00:00,5.05,19.986485,32.96753,133.9054,135.66354,100.0,0.2
2025-12-06 19:00:00+00:00,4.6,17.288435,28.739748,128.65984,130.17308,100.0,0.7
2025-12-06 20:00:00+00:00,4.55,17.835447,29.658516,132.54593,134.2624,100.0,0.2
2025-12-06 21:00:00+00:00,4.5,17.244337,28.762287,126.51115,129.6678,100.0,0.1
2025-12-06 22:00:00+00:00,4.7,17.47484,29.127203,124.50858,127.71977,100.0,0.0
2025-12-06 23:00:00+00:00,4.9,17.032604,28.701956,125.537766,128.37926,100.0,0.0
2025-12-07 00:00:00+00:00,4.95,17.873556,30.137503,124.33028,127.96508,100.0,0.6
2025-12-07 01:00:00+00:00,5.1,18.329973,30.784735,125.40695,127.875046,100.0,0.0
2025-12-07 02:00:00+00:00,5.2,17.534992,29.800194,125.81126,129.36244,100.0,0.0
2025-12-07 03:00:00+00:00,5.3,16.596157,28.211803,126.62142,130.60121,100.0,0.0
2025-12-07 04:00:00+00:00,5.4,15.986593,27.218119,125.837746,129.90254,100.0,0.1
2025-12-07 05:00:00+00:00,5.5,16.12583,27.155552,123.157936,128.54121,100.0,0.0
2025-12-07 06:00:00+00:00,5.8,16.923828,28.606976,119.29127,123.190125,100.0,0.3
2025-12-07 07:00:00+00:00,5.8,16.056362,27.909288,127.25537,132.12448,100.0,0.3
2025-12-07 08:00:00+00:00,6.1,16.419514,28.46562,134.55591,139.3595,100.0,0.4
2025-12-07 09:00:00+00:00,6.35,16.135872,27.459293,141.34016,145.68486,100.0,0.3
2025-12-07 10:00:00+00:00,6.5,14.935662,25.31929,139.39879,144.84105,100.0,0.1
2025-12-07 11:00:00+00:00,6.95,13.213765,22.065973,142.1934,151.76265,100.0,0.0
2025-12-07 12:00:00+00:00,7.15,13.60519,24.02174,154.11302,162.10803,100.0,0.0
2025-12-07 13:00:00+00:00,7.35,11.276967,20.82484,155.48038,165.48326,100.0,0.3
2025-12-07 14:00:00+00:00,7.05,12.921192,24.149532,161.31256,169.6952,100.0,0.1
2025-12-07 15:00:00+00:00,7.05,12.124307,22.992842,161.83395,170.53775,100.0,0.1
2025-12-07 16:00:00+00:00,7.3,12.3165245,22.104116,153.06055,163.92636,100.0,0.0
2025-12-07 17:00:00+00:00,7.35,13.203954,23.623928,152.38705,162.25523,100.0,0.0
2025-12-07 18:00:00+00:00,7.05,13.1041975,25.674461,159.07542,167.03549,88.0,0.0
2025-12-07 19:00:00+00:00,6.8,14.182355,27.779545,156.0375,162.26938,98.0,0.0
2025-12-07 20:00:00+00:00,6.85,13.971756,27.504095,158.06146,165.59995,100.0,0.0
2025-12-07 21:00:00+00:00,6.85,14.628807,27.941774,161.34201,166.5904,100.0,0.0
2025-12-07 22:00:00+00:00,6.75,14.178927,26.299719,151.15744,160.82089,100.0,0.0
2025-12-07 23:00:00+00:00,6.75,18.675814,31.921465,153.68198,158.4985,100.0,0.0
2025-12-08 00:00:00+00:00,7.05,20.619234,34.524357,135.0001,140.50044,100.0,0.0
2025-12-08 01:00:00+00:00,7.45,24.573132,40.138386,133.51605,137.72638,100.0,0.2
2025-12-08 02:00:00+00:00,7.5,25.636574,41.876602,131.29936,135.52238,100.0,0.4
2025-12-08 03:00:00+00:00,7.55,28.152023,45.68207,137.33205,140.9171,100.0,1.2
2025-12-08 04:00:00+00:00,7.45,30.12944,48.081905,148.68408,151.61218,100.0,0.9
2025-12-08 05:00:00+00:00,8.15,26.354485,42.849453,184.30858,189.18527,89.0,0.1
2025-12-08 06:00:00+00:00,8.8,25.930622,43.34974,208.16597,212.10623,100.0,0.0
2025-12-08 07:00:00+00:00,9.2,31.906748,51.64996,209.02312,211.75136,100.0,0.1
2025-12-08 08:00:00+00:00,9.15,41.837902,65.81234,214.30545,216.2118,100.0,0.3
2025-12-08 09:00:00+00:00,9.7,45.838192,71.79654,226.5911,228.55742,100.0,0.0
2025-12-08 10:00:00+00:00,9.7,46.834602,72.78947,235.33263,236.70288,65.0,0.0
2025-12-08 11:00:00+00:00,9.8,45.659367,71.22634,239.69487,240.97362,67.0,0.0
2025-12-08 12:00:00+00:00,9.7,41.52698,64.84524,246.76877,247.99179,100.0,0.3
2025-12-08 13:00:00+00:00,9.75,37.97104,59.515793,248.29941,249.64668,70.0,0.0
2025-12-08 14:00:00+00:00,9.4,32.843464,52.15467,251.46565,252.9408,99.0,0.0
2025-12-08 15:00:00+00:00,9.1,28.975527,46.504486,250.77704,251.49483,100.0,0.0
2025-12-08 16:00:00+00:00,8.85,25.360205,41.48795,244.34438,245.65892,34.0,0.0
2025-12-08 17:00:00+00:00,8.45,21.210232,36.24442,239.95364,241.5259,62.0,0.0
2025-12-08 18:00:00+00:00,8.55,23.525661,39.673977,238.13406,240.06175,45.0,0.0
2025-12-08 19:00:00+00:00,8.5,23.219301,39.1263,240.2552,242.60985,57.0,0.0
2025-12-08 20:00:00+00:00,8.15,23.105297,38.49476,242.63654,245.11261,70.0,0.0
2025-12-08 21:00:00+00:00,8.35,24.552025,40.519592,243.43501,245.59819,45.0,0.0
2025-12-08 22:00:00+00:00,8.3,25.861183,42.717678,245.75407,247.97438,36.0,0.0
2025-12-08 23:00:00+00:00,8.2,26.211485,43.674763,246.95638,249.99663,16.0,0.0
2025-12-09 00:00:00+00:00,8.4,25.045238,41.516052,251.56496,253.37206,41.0,0.0
2025-12-09 01:00:00+00:00,8.45,24.033876,40.257275,253.46509,254.96951,41.0,0.0
2025-12-09 02:00:00+00:00,8.4,22.5,37.966347,249.39023,251.47906,30.0,0.0
2025-12-09 03:00:00+00:00,8.2,21.325253,36.433884,248.19853,250.66978,29.0,0.0
2025-12-09 04:00:00+00:00,8.0,19.639805,33.897877,252.39528,253.97095,98.0,0.0
2025-12-09 05:00:00+00:00,7.95,19.41081,33.329174,251.0609,254.01202,24.0,0.0
2025-12-09 06:00:00+00:00,7.8,17.94411,31.396975,256.66074,260.42975,78.0,0.0
2025-12-09 07:00:00+00:00,7.6,16.917128,29.522196,249.44386,254.43843,91.0,0.0
2025-12-09 08:00:00+00:00,7.4,15.62686,28.406372,245.50145,250.76126,100.0,0.0
2025-12-09 09:00:00+00:00,7.55,14.33347,26.082613,234.71317,242.90453,100.0,0.0
2025-12-09 10:00:00+00:00,7.95,13.633737,24.063513,222.32451,231.07245,100.0,0.0
2025-12-09 11:00:00+00:00,8.3,12.785069,22.169981,215.25644,222.36751,100.0,0.0
2025-12-09 12:00:00+00:00,8.1,9.340941,16.580532,205.08356,212.13722,100.0,0.0
2025-12-09 13:00:00+00:00,8.35,7.9383874,14.628807,183.90042,198.65799,100.0,0.0
2025-12-09 14:00:00+00:00,8.6,8.885877,16.67795,173.01904,186.81812,100.0,0.0
2025-12-09 15:00:00+00:00,8.85,11.050591,20.368652,167.77489,176.96066,100.0,0.1
2025-12-09 16:00:00+00:00,8.8,11.989946,22.315643,144.16226,155.70905,100.0,0.4
2025-12-09 17:00:00+00:00,8.85,14.447172,26.105585,149.28117,158.56532,100.0,1.2
2025-12-09 18:00:00+00:00,9.05,14.941083,26.652765,143.82028,154.8195,100.0,1.0
2025-12-09 19:00:00+00:00,9.15,15.009236,27.634542,157.43295,166.05424,100.0,0.5
2025-12-09 20:00:00+00:00,9.55,16.645864,30.035742,158.42863,166.1303,100.0,0.9
2025-12-09 21:00:00+00:00,10.0,18.741621,32.669376,163.82777,170.48586,100.0,0.8
2025-12-09 22:00:00+00:00,10.3,18.448023,32.228043,174.40076,181.2801,100.0,2.9
2025-12-09 23:00:00+00:00,10.5,19.023027,33.05439,186.5197,192.90108,100.0,4.3
2025-12-10 00:00:00+00:00,10.5,20.890083,36.568363,198.59116,202.2728,100.0,2.3
2025-12-10 01:00:00+00:00,10.5,23.0653,39.204067,214.18617,216.9752,100.0,1.2
2025-12-10 02:00:00+00:00,10.75,24.15289,40.138386,219.86018,222.27362,100.0,0.2
2025-12-10 03:00:00+00:00,11.05,24.43761,40.419918,224.9999,228.43011,100.0,0.0
2025-12-10 04:00:00+00:00,11.3,24.31666,40.17832,231.009,233.74606,82.0,0.0
2025-12-10 05:00:00+00:00,10.9,24.012972,40.095177,232.61464,235.2397,94.0,0.0
2025-12-10 06:00:00+00:00,10.2,23.214417,38.61954,236.06346,238.5325,46.0,0.0
2025-12-10 07:00:00+00:00,9.45,22.222528,37.60665,234.89384,237.90744,70.0,0.0
2025-12-10 08:00:00+00:00,9.1,21.996117,37.692703,233.31755,236.68935,68.0,0.0
2025-12-10 09:00:00+00:00,9.3,21.964426,37.08175,229.65343,233.68626,16.0,0.0
2025-12-10 10:00:00+00:00,9.8,22.218153,36.864857,229.60017,232.73836,24.0,0.0
2025-12-10 11:00:00+00:00,10.4,23.080746,37.81071,231.9682,234.49394,91.0,0.0
2025-12-10 12:00:00+00:00,10.2,22.768396,36.94519,235.30478,236.92932,98.0,0.0
2025-12-10 13:00:00+00:00,10.05,22.119503,36.19835,235.27528,237.17918,88.0,0.0
2025-12-10 14:00:00+00:00,9.8,21.170479,35.362556,232.25313,234.53004,100.0,0.0
2025-12-10 15:00:00+00:00,9.75,22.180935,36.68513,231.92107,233.57982,48.0,0.0
2025-12-10 16:00:00+00:00,9.15,21.38897,36.416092,223.63614,226.60222,88.0,0.1
2025-12-10 17:00:00+00:00,9.25,22.575472,37.609665,217.87505,221.70177,83.0,0.0
2025-12-10 18:00:00+00:00,9.3,24.713154,41.111385,222.6386,224.82259,88.0,0.6
2025-12-10 19:00:00+00:00,8.55,27.155552,44.174873,231.45879,233.78372,83.0,0.6
2025-12-10 20:00:00+00:00,8.0,26.806103,43.392323,243.26297,244.17906,85.0,0.1
2025-12-10 21:00:00+00:00,8.0,27.553524,44.281464,241.09091,242.3934,93.0,0.1
2025-12-10 22:00:00+00:00,7.95,26.161995,42.63911,243.43501,246.35677,86.0,0.3
2025-12-10 23:00:00+00:00,7.75,30.358162,49.028774,237.34644,240.04648,84.0,0.2
2025-12-11 00:00:00+00:00,8.9,25.071098,41.495754,248.96242,251.80074,97.0,0.0
2025-12-11 01:00:00+00:00,8.9,25.7903,42.705925,250.42677,253.0925,55.0,0.0
2025-12-11 02:00:00+00:00,8.15,25.045238,41.191692,251.56496,254.02014,86.0,0.2
2025-12-11 03:00:00+00:00,8.2,25.851158,42.640247,250.05089,252.55931,96.0,0.4
2025-12-11 04:00:00+00:00,8.5,25.872454,42.748013,248.7907,251.33607,100.0,0.4
2025-12-11 05:00:00+00:00,9.05,28.348713,46.43337,252.25523,254.02402,100.0,0.1
2025-12-11 06:00:00+00:00,8.95,25.103384,41.327152,247.6645,250.93362,100.0,0.0
2025-12-11 07:00:00+00:00,9.15,27.03897,44.309258,250.96187,253.47903,100.0,0.9
2025-12-11 08:00:00+00:00,9.2,26.713478,43.430756,249.48906,251.64005,100.0,0.0
2025-12-11 09:00:00+00:00,9.3,25.007048,40.755592,249.34734,251.725,100.0,0.0
2025-12-11 10:00:00+00:00,9.5,25.568237,41.3863,253.2234,255.90329,100.0,0.1
2025-12-11 11:00:00+00:00,9.6,25.845516,41.6205,255.47981,259.03027,100.0,0.1
2025-12-11 12:00:00+00:00,9.75,26.587042,42.65734,252.66902,255.0841,100.0,0.0
2025-12-11 13:00:00+00:00,9.5,25.16011,41.068806,252.08345,253.70958,100.0,0.1
2025-12-11 14:00:00+00:00,9.5,25.369785,41.47506,254.78047,256.44623,100.0,0.0
2025-12-11 15:00:00+00:00,9.2,25.543514,41.958923,254.88647,256.858,100.0,0.0
2025-12-11 16:00:00+00:00,9.0,25.120804,41.3863,253.77257,255.90329,100.0,0.0
2025-12-11 17:00:00+00:00,8.8,22.79684,38.0733,254.4274,256.88354,100.0,0.0
2025-12-11 18:00:00+00:00,8.65,19.125793,32.61628,251.906,254.96669,100.0,0.0
2025-12-11 19:00:00+00:00,8.4,19.992968,34.039516,249.44386,251.18172,99.0,0.0
2025-12-11 20:00:00+00:00,8.25,21.518847,36.792282,252.47433,253.51547,100.0,0.0
2025-12-11 21:00:00+00:00,8.3,20.793701,35.55307,258.0092,257.72293,78.0,0.0
2025-12-11 22:00:00+00:00,8.1,20.12461,34.98535,259.69522,259.32608,87.0,0.0
2025-12-11 23:00:00+00:00,8.0,20.596436,35.512955,260.94934,261.2539,93.0,0.0
2025-12-12 00:00:00+00:00,7.75,19.044306,33.11706,262.94226,264.0726,71.0,0.0
2025-12-12 01:00:00+00:00,7.75,17.684942,30.805777,265.91446,267.6559,94.0,0.0
2025-12-12 02:00:00+00:00,7.45,15.808263,28.356712,262.1468,265.26663,30.0,0.0
2025-12-12 03:00:00+00:00,7.0,14.973576,27.888384,260.31128,263.70074,59.0,0.0
2025-12-12 04:00:00+00:00,6.8,14.018059,26.90684,257.3914,261.9242,59.0,0.0
2025-12-12 05:00:00+00:00,6.75,12.638512,24.993439,252.5972,258.3664,100.0,0.0
2025-12-12 06:00:00+00:00,7.35,12.413477,23.45394,240.4613,250.7306,100.0,0.0
2025-12-12 07:00:00+00:00,7.85,11.734564,22.029236,237.52882,247.4161,100.0,0.0
2025-12-12 08:00:00+00:00,8.0,11.988594,21.980644,228.65231,238.39255,100.0,0.0
2025-12-12 09:00:00+00:00,8.25,12.606426,22.682856,226.73567,234.03938,100.0,0.0
2025-12-12 10:00:00+00:00,8.35,11.638917,20.75627,219.35173,226.75696,100.0,0.0
2025-12-12 11:00:00+00:00,8.75,12.218805,20.675724,224.9999,229.23648,100.0,0.0
2025-12-12 12:00:00+00:00,8.55,10.310402,17.244337,224.29277,233.48885,100.0,0.0
2025-12-12 13:00:00+00:00,8.4,9.257321,16.135872,206.56499,218.65984,100.0,0.0
2025-12-12 14:00:00+00:00,8.1,9.826088,17.046865,188.42688,201.68913,100.0,0.0
2025-12-12 15:00:00+00:00,7.75,10.6261,18.789963,178.05856,184.94588,100.0,0.0
2025-12-12 16:00:00+00:00,7.45,8.197414,15.489416,171.15826,178.00217,100.0,0.0
2025-12-12 17:00:00+00:00,7.1,9.430694,17.194475,166.75948,169.74886,100.0,0.0
2025-12-12 18:00:00+00:00,6.85,11.265469,20.7219,167.074,168.98293,100.0,0.0
2025-12-12 19:00:00+00:00,6.4,12.791403,22.69785,182.41946,182.2724,95.0,0.0
2025-12-12 20:00:00+00:00,6.1,11.212135,19.885721,185.52745,189.37698,100.0,0.0
2025-12-12 21:00:00+00:00,6.0,11.9317045,20.69687,191.30989,195.12405,100.0,0.0
2025-12-12 22:00:00+00:00,5.75,10.132897,17.604147,192.308,196.02594,100.0,0.0
2025-12-12 23:00:00+00:00,5.45,10.337079,17.46,172.99883,180.0,100.0,0.0
2025-12-13 00:00:00+00:00,5.65,10.644379,17.82091,176.12155,180.5787,100.0,0.0
2025-12-13 01:00:00+00:00,5.6,9.926147,16.764177,175.84044,183.0774,100.0,0.0
2025-12-13 02:00:00+00:00,5.55,11.252519,19.263363,172.64772,178.9292,100.0,0.1
2025-12-13 03:00:00+00:00,5.55,12.24,20.83184,180.0,186.44943,100.0,0.3
2025-12-13 04:00:00+00:00,5.6,12.791403,21.869816,177.58054,185.19434,100.0,0.2
2025-12-13 05:00:00+00:00,5.75,13.321216,23.34802,180.7742,189.31702,100.0,0.1
2025-12-13 06:00:00+00:00,5.9,14.417988,25.364037,177.13765,186.5197,100.0,0.2
2025-12-13 07:00:00+00:00,6.45,17.085785,30.113844,191.54666,199.19316,100.0,0.4
2025-12-13 08:00:00+00:00,7.25,19.134262,33.101406,221.18582,226.3219,100.0,0.8
2025-12-13 09:00:00+00:00,7.85,18.268892,30.788418,264.34567,271.33997,76.0,0.1
2025-12-13 10:00:00+00:00,7.9,18.287504,30.396557,276.21555,280.5779,6.0,0.0
2025-12-13 11:00:00+00:00,7.9,19.820442,32.59939,272.6025,276.3401,16.0,0.0
2025-12-13 12:00:00+00:00,8.05,18.183563,29.94553,271.1344,273.79108,17.0,0.0
2025-12-13 13:00:00+00:00,8.0,16.343367,27.431551,262.40546,265.8609,20.0,0.0
2025-12-13 14:00:00+00:00,7.5,17.161469,29.3273,257.27563,261.1737,41.0,0.0
2025-12-13 15:00:00+00:00,6.95,17.161469,29.888672,257.27563,260.99158,28.0,0.0
2025-12-13 16:00:00+00:00,6.65,17.363237,30.603174,252.50415,256.04547,59.0,0.0
2025-12-13 17:00:00+00:00,6.5,17.615187,31.306547,248.41597,251.56496,77.0,0.0
2025-12-13 18:00:00+00:00,6.0,17.349236,31.233501,239.44412,243.28735,96.0,0.0
2025-12-13 19:00:00+00:00,5.7,18.727787,33.77291,234.78232,238.51259,98.0,0.0
2025-12-13 20:00:00+00:00,5.6,19.016214,34.021904,229.22232,232.52374,93.0,0.0
2025-12-13 21:00:00+00:00,5.4,19.107151,34.436497,227.29063,231.15309,91.0,0.0
2025-12-13 22:00:00+00:00,5.65,20.523945,36.011246,228.19963,231.69797,100.0,0.0
2025-12-13 23:00:00+00:00,6.15,21.38897,37.614403,226.36386,230.82635,100.0,0.0
2025-12-14 00:00:00+00:00,6.75,22.335236,38.184612,220.75145,224.61807,100.0,0.0
2025-12-14 01:00:00+00:00,7.3,23.72793,39.691936,217.91316,220.7703,100.0,0.0
2025-12-14 02:00:00+00:00,7.8,24.313328,40.36377,224.10023,226.6262,100.0,0.0
2025-12-14 03:00:00+00:00,8.15,24.183052,39.884117,224.9999,227.74377,100.0,0.0
2025-12-14 04:00:00+00:00,8.45,24.18841,39.79262,226.20596,228.6679,100.0,0.0
2025-12-14 05:00:00+00:00,8.6,24.703974,40.571537,226.77144,228.95764,100.0,0.0
2025-12-14 06:00:00+00:00,8.95,26.095034,42.56001,225.83832,227.74268,100.0,0.0
2025-12-14 07:00:00+00:00,9.2,26.728636,43.301876,224.9999,227.02136,100.0,0.0
2025-12-14 08:00:00+00:00,9.3,26.711052,43.432247,230.19447,231.56267,100.0,0.0
2025-12-14 09:00:00+00:00,9.4,27.252024,44.15103,233.05432,234.62517,100.0,0.0
2025-12-14 10:00:00+00:00,9.1,28.993414,46.49613,229.7846,231.44409,100.0,0.8
2025-12-14 11:00:00+00:00,9.05,28.011261,45.070503,237.33115,238.72235,100.0,0.2
2025-12-14 12:00:00+00:00,8.75,26.464897,43.12531,237.49893,238.83124,100.0,0.1
2025-12-14 13:00:00+00:00,8.9,25.131119,40.8921,234.03288,235.40048,100.0,0.0
2025-12-14 14:00:00+00:00,8.95,24.850431,40.53678,231.46979,233.48619,100.0,0.0
2025-12-14 15:00:00+00:00,8.9,25.16719,40.98628,229.93214,231.41876,100.0,0.0
2025-12-14 16:00:00+00:00,8.9,24.072266,39.53859,227.1211,228.69148,100.0,0.0
2025-12-14 17:00:00+00:00,8.85,23.675303,39.084873,224.38402,226.30612,100.0,0.0
2025-12-14 18:00:00+00:00,8.8,23.199759,37.94287,221.85495,223.46228,100.0,0.3
2025-12-14 19:00:00+00:00,8.55,25.382553,41.258102,221.26227,223.2322,100.0,0.6
2025-12-14 20:00:00+00:00,8.4,26.415882,43.43374,220.85529,222.81674,100.0,0.9
2025-12-14 21:00:00+00:00,8.5,27.704216,45.224438,220.52045,222.58046,100.0,0.1
2025-12-14 22:00:00+00:00,8.55,28.348713,46.241783,220.36446,222.63371,100.0,0.3
2025-12-14 23:00:00+00:00,8.55,28.00837,45.68207,217.16455,219.0829,100.0,0.0
2025-12-15 00:00:00+00:00,8.4,27.657396,45.36571,213.58667,215.9606,100.0,0.0
2025-12-15 01:00:00+00:00,8.2,26.909245,44.360413,213.2649,215.75398,100.0,0.0
2025-12-15 02:00:00+00:00,8.15,26.513823,43.493378,214.76903,217.77106,78.0,0.0
2025-12-15 03:00:00+00:00,7.9,25.560635,42.3,213.80202,216.86998,95.0,0.0
2025-12-15 04:00:00+00:00,7.8,25.061405,41.688557,213.57596,216.57312,100.0,0.0
2025-12-15 05:00:00+00:00,7.95,24.262638,40.608257,213.808,217.07317,100.0,0.0
2025-12-15 06:00:00+00:00,8.1,25.319286,41.643456,212.22124,214.7892,100.0,0.0
2025-12-15 07:00:00+00:00,8.25,25.071098,41.495754,212.09256,214.93102,100.0,0.0
2025-12-15 08:00:00+00:00,8.65,24.826954,40.340885,209.53868,212.981,100.0,0.0
2025-12-15 09:00:00+00:00,8.95,24.760305,40.091946,210.10645,212.90524,100.0,0.0
2025-12-15 10:00:00+00:00,9.3,24.20314,39.141205,210.37904,213.17851,100.0,0.0
2025-12-15 11:00:00+00:00,9.25,24.387178,39.33937,211.10875,213.61739,100.0,0.0
2025-12-15 12:00:00+00:00,9.0,22.843695,36.743374,210.80882,213.61224,100.0,0.0
2025-12-15 13:00:00+00:00,8.85,23.015377,37.22694,213.19295,216.14967,100.0,0.0
2025-12-15 14:00:00+00:00,8.8,22.843695,36.794483,210.80882,213.22363,100.0,0.0
2025-12-15 15:00:00+00:00,8.25,20.991426,34.22131,202.1664,205.21713,100.0,0.0
2025-12-15 16:00:00+00:00,7.8,19.017065,31.054565,197.06294,201.06143,100.0,0.0
2025-12-15 17:00:00+00:00,7.45,19.434166,31.48148,195.581,199.36745,100.0,0.0
2025-12-15 18:00:00+00:00,7.4,18.553974,29.713633,194.03627,197.996,100.0,0.0
2025-12-15 19:00:00+00:00,7.1,19.296133,30.852018,194.03627,198.0122,100.0,0.0
2025-12-15 20:00:00+00:00,6.95,18.080818,29.46837,189.74358,193.78162,100.0,0.0
2025-12-15 21:00:00+00:00,6.9,17.972979,29.519999,187.48079,192.68037,100.0,0.0
2025-12-15 22:00:00+00:00,6.6,17.5931,29.09103,187.05222,192.14426,100.0,0.0
2025-12-15 23:00:00+00:00,5.95,17.259363,29.776264,187.79199,193.2802,67.0,0.0
2025-12-16 00:00:00+00:00,6.1,16.521805,27.900581,187.51205,193.05003,59.0,0.0
2025-12-16 01:00:00+00:00,5.5,16.21699,28.465622,188.93948,194.6514,94.0,0.0
2025-12-16 02:00:00+00:00,5.45,15.427586,27.549997,187.37367,193.2191,97.0,0.0
2025-12-16 03:00:00+00:00,6.2,14.949756,25.966208,182.06999,187.5683,100.0,0.0
2025-12-16 04:00:00+00:00,6.55,15.12107,26.009842,179.31796,184.76355,100.0,0.3
2025-12-16 05:00:00+00:00,6.8,15.301059,26.121714,180.67403,187.12492,100.0,0.0
2025-12-16 06:00:00+00:00,7.2,15.027575,25.772078,186.18852,192.09474,100.0,0.0
2025-12-16 07:00:00+00:00,7.2,14.669724,25.244318,186.3401,192.35155,100.0,0.0
2025-12-16 08:00:00+00:00,7.1,14.401124,24.871935,180.71614,187.48494,100.0,0.0
2025-12-16 09:00:00+00:00,7.1,13.709573,24.35926,183.76396,190.64561,100.0,0.0
2025-12-16 10:00:00+00:00,7.35,14.133153,24.623184,186.58185,193.52834,98.0,0.0
2025-12-16 11:00:00+00:00,7.55,12.6462,25.015467,184.899,193.73628,62.0,0.0
2025-12-16 12:00:00+00:00,8.0,14.410121,24.270647,182.14754,186.38702,27.0,0.0
2025-12-16 13:00:00+00:00,7.8,11.34,20.275383,180.0,186.1154,97.0,0.0
2025-12-16 14:00:00+00:00,7.3,10.483357,19.852295,164.05453,175.84044,96.0,0.0
2025-12-16 15:00:00+00:00,6.8,13.527572,24.627787,154.7989,164.74483,98.0,0.0
2025-12-16 16:00:00+00:00,6.45,14.64209,26.892385,159.11412,166.05675,96.0,0.0
2025-12-16 17:00:00+00:00,6.25,14.589996,26.93813,177.87895,185.36765,100.0,0.3
2025-12-16 18:00:00+00:00,6.7,16.396805,29.00235,162.75845,173.22794,100.0,0.5
2025-12-16 19:00:00+00:00,6.95,15.763107,28.09442,173.44315,181.83574,95.0,0.2
2025-12-16 20:00:00+00:00,6.55,16.263872,29.935247,185.07951,191.44504,100.0,0.4
2025-12-16 21:00:00+00:00,6.3,16.516901,30.375233,200.40997,204.13486,97.0,0.0
2025-12-16 22:00:00+00:00,6.05,15.697197,29.822474,206.56499,211.67542,100.0,0.0
2025-12-16 23:00:00+00:00,6.35,16.454992,29.964457,210.21124,215.21768,100.0,0.2
2025-12-17 00:00:00+00:00,6.8,17.414474,31.20444,209.7448,214.42348,100.0,0.0
2025-12-17 01:00:00+00:00,7.4,17.325874,30.717302,209.22795,215.4597,100.0,0.0
2025-12-17 02:00:00+00:00,7.8,17.935081,31.32724,218.48022,223.13739,100.0,1.0
2025-12-17 03:00:00+00:00,8.15,17.54146,29.92226,231.24835,234.30197,100.0,0.0
2025-12-17 04:00:00+00:00,7.95,12.535548,21.897945,254.16754,260.53775,100.0,0.1
2025-12-17 05:00:00+00:00,7.45,10.081606,18.532133,268.977,277.81522,100.0,0.4
2025-12-17 06:00:00+00:00,6.8,8.731392,16.787354,261.70294,274.30438,97.0,0.3
2025-12-17 07:00:00+00:00,6.25,7.4932766,15.5843,245.89777,263.36758,98.0,0.0
2025-12-17 08:00:00+00:00,5.65,7.7879906,16.396805,236.3099,252.75845,1.0,0.0
2025-12-17 09:00:00+00:00,5.25,8.4963045,17.703253,233.61555,251.01228,87.0,0.0
2025-12-17 10:00:00+00:00,5.8,9.449572,18.27953,229.63554,244.94905,38.0,0.0
2025-12-17 11:00:00+00:00,6.3,9.044888,16.375053,222.58046,236.65927,5.0,0.0
2025-12-17 12:00:00+00:00,6.55,8.019601,15.589497,225.90929,238.69594,90.0,0.0
2025-12-17 13:00:00+00:00,6.25,7.7650757,15.841022,225.9391,233.78107,100.0,0.0
2025-12-17 14:00:00+00:00,5.6,6.638072,16.069473,220.60121,228.63304,98.0,0.0
2025-12-17 15:00:00+00:00,4.6,6.6405115,16.563911,212.82854,227.6426,100.0,0.0
2025-12-17 16:00:00+00:00,4.4,8.089993,18.470842,200.85454,217.87505,99.0,0.0
2025-12-17 17:00:00+00:00,4.1,9.919618,20.771093,191.5138,205.67677,51.0,0.0
2025-12-17 18:00:00+00:00,3.8,11.177405,22.218884,194.93147,205.94225,62.0,0.0
2025-12-17 19:00:00+00:00,3.5,10.805999,22.528782,181.9091,194.8135,100.0,0.0
2025-12-17 20:00:00+00:00,4.2,11.7,22.963936,180.0,189.01924,100.0,0.0
2025-12-17 21:00:00+00:00,4.7,13.878688,25.252016,177.02634,183.67816,100.0,0.0
2025-12-17 22:00:00+00:00,4.85,14.619946,25.929996,175.76369,181.59111,100.0,0.0
2025-12-17 23:00:00+00:00,4.45,15.546833,27.725258,174.68555,181.11598,100.0,0.0
2025-12-18 00:00:00+00:00,5.0,18.194254,31.002356,177.7321,182.99524,100.0,0.0
2025-12-18 01:00:00+00:00,5.2,19.686766,33.092598,184.72005,188.13002,100.0,0.0
2025-12-18 02:00:00+00:00,5.7,20.47416,34.10133,186.5626,190.95403,100.0,0.0
2025-12-18 03:00:00+00:00,6.05,22.751316,37.47114,184.53769,188.2857,100.0,0.0
2025-12-18 04:00:00+00:00,6.2,23.497412,38.796993,188.81282,191.77911,100.0,0.0
2025-12-18 05:00:00+00:00,6.15,25.385105,40.92655,186.92336,189.87654,100.0,0.0
2025-12-18 06:00:00+00:00,6.55,25.277664,41.232967,188.18771,190.81935,100.0,0.0
2025-12-18 07:00:00+00:00,6.85,25.537807,41.87854,189.32947,192.66235,100.0,0.0
2025-12-18 08:00:00+00:00,7.15,26.476522,42.9729,191.76826,195.54987,100.0,0.0
2025-12-18 09:00:00+00:00,7.15,27.990435,45.19541,195.28749,198.57936,100.0,0.7
2025-12-18 10:00:00+00:00,7.35,24.654745,40.95504,196.9798,200.5856,100.0,0.0
2025-12-18 11:00:00+00:00,7.9,24.654743,40.81914,204.13237,207.58194,100.0,0.1
2025-12-18 12:00:00+00:00,8.3,23.689667,38.80868,209.09679,211.92084,100.0,0.1
2025-12-18 13:00:00+00:00,8.55,21.768095,36.145504,209.7448,213.21526,100.0,0.0
2025-12-18 14:00:00+00:00,8.65,20.931143,34.94968,211.63974,214.50858,100.0,0.0
2025-12-18 15:00:00+00:00,8.55,18.32202,31.104082,213.37785,217.00261,100.0,0.0
2025-12-18 16:00:00+00:00,8.55,15.405519,26.764372,210.15997,214.86581,100.0,0.0
2025-12-18 17:00:00+00:00,8.3,13.737904,23.97516,185.2623,192.57545,100.0,0.0
2025-12-18 18:00:00+00:00,8.2,15.287288,26.079508,167.7639,173.6599,100.0,0.0
2025-12-18 19:00:00+00:00,8.1,17.134071,28.859003,160.99393,166.65715,100.0,0.0
2025-12-18 20:00:00+00:00,7.8,19.726225,32.657475,154.60413,158.66766,100.0,0.1
2025-12-18 21:00:00+00:00,7.5,22.644257,37.232597,156.08376,160.51378,100.0,0.6
2025-12-18 22:00:00+00:00,7.75,23.933907,39.505795,158.83867,162.2254,100.0,0.1
2025-12-18 23:00:00+00:00,8.1,25.244318,41.595966,167.64845,172.29076,100.0,0.0
2025-12-19 00:00:00+00:00,8.3,24.89277,41.760002,176.26868,180.0,100.0,0.0
2025-12-19 01:00:00+00:00,8.95,25.560633,42.43803,180.40347,184.62228,100.0,0.1
2025-12-19 02:00:00+00:00,8.7,27.209188,45.659367,182.65414,186.56459,100.0,1.0
2025-12-19 03:00:00+00:00,9.1,29.808891,48.433044,187.98323,191.14285,100.0,0.5
2025-12-19 04:00:00+00:00,9.45,30.611116,49.806686,195.34383,198.10764,100.0,0.3
2025-12-19 05:00:00+00:00,9.8,30.784735,49.967426,201.61484,203.79485,100.0,0.1
2025-12-19 06:00:00+00:00,10.05,27.725258,45.231606,215.75398,218.37497,100.0,0.0
2025-12-19 07:00:00+00:00,10.2,25.890608,42.26897,221.33571,223.61972,100.0,0.0
2025-12-19 08:00:00+00:00,9.7,24.056108,39.469696,224.69687,226.47821,100.0,0.0
2025-12-19 09:00:00+00:00,9.4,21.573734,35.702213,229.39879,230.93417,100.0,0.0
2025-12-19 10:00:00+00:00,9.25,19.761507,33.118534,228.32321,230.51343,100.0,0.0
2025-12-19 11:00:00+00:00,9.3,18.201374,30.563978,224.59938,226.90913,100.0,0.0
2025-12-19 12:00:00+00:00,9.05,18.201374,30.296732,224.59938,225.96277,99.0,0.0
2025-12-19 13:00:00+00:00,8.8,17.968472,30.296732,222.15779,224.03723,100.0,0.0
2025-12-19 14:00:00+00:00,8.45,18.59845,31.820824,222.64667,224.5417,84.0,0.0
2025-12-19 15:00:00+00:00,7.75,19.48162,33.933697,218.24646,221.12865,99.0,0.0
2025-12-19 16:00:00+00:00,7.35,20.605871,35.950466,218.97247,221.75256,4.0,0.0
2025-12-19 17:00:00+00:00,7.05,21.365477,36.566593,219.1875,222.40643,36.0,0.0
2025-12-19 18:00:00+00:00,7.35,21.889065,36.82925,216.30458,219.447,55.0,0.0
2025-12-19 19:00:00+00:00,7.4,21.710716,36.918873,220.29207,223.81482,20.0,0.0
2025-12-19 20:00:00+00:00,7.55,22.291674,37.55276,222.70937,225.97093,27.0,0.0
2025-12-19 21:00:00+00:00,7.5,22.862833,38.321404,220.2098,223.66785,42.0,0.0
2025-12-19 22:00:00+00:00,7.65,23.828764,39.58404,222.2445,225.18425,30.0,0.0
2025-12-19 23:00:00+00:00,7.7,24.056108,39.884117,224.69687,227.74377,30.0,0.0
2025-12-20 00:00:00+00:00,7.65,23.392384,38.77402,230.30737,232.54486,46.0,0.0
2025-12-20 01:00:00+00:00,7.35,22.644258,37.94415,233.40327,235.63141,59.0,0.1
2025-12-20 02:00:00+00:00,7.35,21.816416,36.42677,236.44101,238.74496,79.0,0.0
2025-12-20 03:00:00+00:00,7.1,21.767351,36.404972,235.78424,237.72438,77.0,0.2
2025-12-20 04:00:00+00:00,7.35,22.917328,38.157448,237.18365,239.68527,56.0,0.1
2025-12-20 05:00:00+00:00,7.25,23.31747,38.93704,237.29135,240.35378,33.0,0.0
2025-12-20 06:00:00+00:00,7.25,24.004873,40.010643,241.32106,244.12666,38.0,0.0
2025-12-20 07:00:00+00:00,7.1,22.380884,37.34382,244.25934,247.01897,91.0,0.0
2025-12-20 08:00:00+00:00,7.05,21.090746,35.737137,243.6537,247.18031,45.0,0.0
2025-12-20 09:00:00+00:00,7.0,18.847641,32.372486,241.47697,245.00238,15.0,0.0
2025-12-20 10:00:00+00:00,7.25,18.072752,30.163296,236.78473,239.91594,9.0,0.0
2025-12-20 11:00:00+00:00,7.55,17.84271,29.234346,239.03632,241.69934,23.0,0.0
2025-12-20 12:00:00+00:00,7.95,16.78156,27.388998,247.28555,250.0168,13.0,0.0
2025-12-20 13:00:00+00:00,7.75,15.655861,26.085718,250.52333,253.56575,7.0,0.0
2025-12-20 14:00:00+00:00,7.2,14.292725,25.107903,253.16245,257.15933,2.0,0.0
2025-12-20 15:00:00+00:00,6.35,12.367716,23.489136,248.66307,256.7092,2.0,0.0
2025-12-20 16:00:00+00:00,5.8,11.833546,22.71212,243.82477,251.99574,2.0,0.0
2025-12-20 17:00:00+00:00,5.2,10.495713,21.426807,239.0363,248.82419,4.0,0.0
2025-12-20 18:00:00+00:00,4.95,11.500296,22.381609,230.07967,238.48311,23.0,0.0
2025-12-20 19:00:00+00:00,4.4,10.436895,21.67786,224.9999,234.46223,16.0,0.0
2025-12-20 20:00:00+00:00,4.1,10.703569,21.928255,222.27362,232.0012,2.0,0.0
2025-12-20 21:00:00+00:00,3.9,9.931042,21.281145,223.53127,231.86995,41.0,0.0
2025-12-20 22:00:00+00:00,4.2,8.783189,19.171478,225.83023,235.71307,8.0,0.0
2025-12-20 23:00:00+00:00,3.8,7.5105524,17.273436,224.02907,236.4755,38.0,0.0
2025-12-21 00:00:00+00:00,3.65,9.585739,15.575981,214.28693,236.3099,99.0,0.0
2025-12-21 01:00:00+00:00,3.1,8.305396,15.426535,209.8988,228.31104,100.0,0.0
2025-12-21 02:00:00+00:00,2.95,4.5891175,10.1887,221.82008,237.99466,100.0,0.0
2025-12-21 03:00:00+00:00,2.95,4.39436,5.5450516,214.9921,215.75398,100.0,0.0
2025-12-21 04:00:00+00:00,2.8,4.323748,5.0432134,177.6141,177.95464,100.0,0.0
2025-12-21 05:00:00+00:00,2.65,5.09435,5.318383,147.99466,156.0375,100.0,0.0
2025-12-21 06:00:00+00:00,1.85,6.248359,7.653705,138.50363,138.81418,100.0,0.0
2025-12-21 07:00:00+00:00,1.7,7.7900705,10.233123,139.68597,140.71062,100.0,0.0
2025-12-21 08:00:00+00:00,2.2,7.1684303,11.032987,141.1155,146.3099,100.0,0.0
2025-12-21 09:00:00+00:00,2.75,5.509882,10.144082,141.63248,152.52565,100.0,0.0
2025-12-21 10:00:00+00:00,3.35,4.278551,7.5942082,104.62092,121.42952,100.0,0.0
2025-12-21 11:00:00+00:00,4.0,5.920878,9.016185,70.46326,93.43356,100.0,0.0
2025-12-21 12:00:00+00:00,5.0,9.403169,14.369594,95.49223,102.29526,100.0,0.0
2025-12-21 13:00:00+00:00,5.35,10.08,16.499237,90.0,96.892334,100.0,0.0
2025-12-21 14:00:00+00:00,5.3,11.53265,19.201874,92.68372,96.458725,100.0,0.0
2025-12-21 15:00:00+00:00,5.1,11.749741,20.39091,95.27381,98.630714,100.0,0.0
2025-12-21 16:00:00+00:00,5.1,12.125642,21.188072,95.96439,99.78234,100.0,0.0
2025-12-21 17:00:00+00:00,5.3,12.287555,21.542923,95.04236,99.61966,100.0,0.0
2025-12-21 18:00:00+00:00,5.6,11.928989,21.365477,95.19434,99.700325,100.0,0.0
2025-12-21 19:00:00+00:00,5.55,12.6462,22.375818,94.89901,98.32557,100.0,0.0
2025-12-21 20:00:00+00:00,5.5,13.039754,22.637817,96.340096,99.612045,100.0,0.0
2025-12-21 21:00:00+00:00,5.35,12.483749,22.16998,95.79271,100.76249,100.0,0.0
2025-12-21 22:00:00+00:00,5.25,12.632101,22.460365,94.08554,99.68872,100.0,0.0
2025-12-21 23:00:00+00:00,5.3,12.991212,23.200455,93.97242,99.82766,100.0,0.0
2025-12-22 00:00:00+00:00,5.35,13.722565,24.117983,94.5139,99.884056,100.0,0.0
2025-12-22 01:00:00+00:00,5.25,13.441071,23.936617,97.69597,102.15492,100.0,0.0
2025-12-22 02:00:00+00:00,5.2,13.138765,23.444958,99.46225,104.67644,100.0,0.0
2025-12-22 03:00:00+00:00,4.9,12.966248,23.395153,103.650444,108.85326,100.0,0.0
2025-12-22 04:00:00+00:00,5.0,12.882267,23.06881,105.39561,110.55613,100.0,0.0
2025-12-22 05:00:00+00:00,5.05,12.966248,22.939232,103.650444,108.29288,100.0,0.0
2025-12-22 06:00:00+00:00,4.9,13.661038,23.766136,108.43504,111.317986,90.0,0.0
2025-12-22 07:00:00+00:00,4.7,14.174356,24.94413,107.74477,110.26578,88.0,0.0
2025-12-22 08:00:00+00:00,4.55,14.348156,25.269974,109.79897,112.1804,100.0,0.0
2025-12-22 09:00:00+00:00,4.85,13.8049555,23.760681,112.21764,114.62355,100.0,0.0
2025-12-22 10:00:00+00:00,5.15,15.10821,22.90248,111.67471,113.13949,98.0,0.0
2025-12-22 11:00:00+00:00,5.3,15.825675,22.944881,109.259384,109.714386,89.0,0.0
2025-12-22 12:00:00+00:00,5.0,17.19165,25.331442,107.6762,107.7913,100.0,0.0
2025-12-22 13:00:00+00:00,4.75,16.62249,24.476028,107.650215,108.43504,100.0,0.0
2025-12-22 14:00:00+00:00,4.5,15.151039,23.706076,103.04564,103.614204,100.0,0.0
2025-12-22 15:00:00+00:00,4.05,14.535487,24.681011,97.82899,100.08054,100.0,0.0
2025-12-22 16:00:00+00:00,3.85,14.892213,25.277023,97.64032,100.66973,100.0,0.0
2025-12-22 17:00:00+00:00,3.85,14.471821,24.387177,95.7105,98.48886,100.0,0.0
2025-12-22 18:00:00+00:00,4.0,15.048042,24.387177,96.8699,98.48886,100.0,0.0
2025-12-22 19:00:00+00:00,3.75,14.799459,24.788424,94.18484,95.8347,100.0,0.0
2025-12-22 20:00:00+00:00,3.6,14.221139,23.973135,90.72521,93.012726,100.0,0.0
2025-12-22 21:00:00+00:00,3.3,13.864674,23.766134,88.51217,91.301926,77.0,0.0
2025-12-22 22:00:00+00:00,3.2,13.861168,23.950825,89.25597,91.722626,82.0,0.0
2025-12-22 23:00:00+00:00,3.1,13.330941,23.051247,87.67852,91.78987,91.0,0.0
2025-12-23 00:00:00+00:00,3.6,14.440443,23.042812,85.71093,89.10485,100.0,0.0
2025-12-23 01:00:00+00:00,3.3,14.978984,23.411074,85.86541,88.23765,100.0,0.0
2025-12-23 02:00:00+00:00,3.15,15.351793,23.61364,85.29224,86.94137,100.0,0.0
2025-12-23 03:00:00+00:00,2.8,15.941944,24.201132,83.51703,85.30723,100.0,0.0
2025-12-23 04:00:00+00:00,2.55,16.75064,25.07433,81.34755,82.16083,100.0,0.0
2025-12-23 05:00:00+00:00,2.25,17.616106,26.258415,82.36677,83.70328,100.0,0.0
2025-12-23 06:00:00+00:00,1.95,18.595839,27.767296,85.558846,86.655426,100.0,0.0
2025-12-23 07:00:00+00:00,1.9,17.468348,26.825436,88.22857,88.84657,100.0,0.0
2025-12-23 08:00:00+00:00,2.35,12.221456,20.47416,80.67649,83.4374,100.0,0.0
2025-12-23 09:00:00+00:00,3.0,13.596852,22.69785,83.15732,87.72761,100.0,0.0
2025-12-23 10:00:00+00:00,3.6,13.976394,22.90531,82.6005,86.39566,100.0,0.0
2025-12-23 11:00:00+00:00,3.8,14.471821,23.264606,84.2895,86.45139,100.0,0.0
2025-12-23 12:00:00+00:00,3.95,16.120806,25.636576,83.58926,85.570526,99.0,0.0
2025-12-23 13:00:00+00:00,3.9,15.5687,25.099514,79.33971,81.75377,100.0,0.0
2025-12-23 14:00:00+00:00,3.65,14.319901,23.584808,75.43969,77.660934,93.0,0.0
2025-12-23 15:00:00+00:00,3.1,14.48972,24.20314,63.435013,67.24899,98.0,0.0
2025-12-23 16:00:00+00:00,2.5,15.405519,25.357012,59.840027,63.435013,100.0,0.0
2025-12-23 17:00:00+00:00,2.3,15.056652,24.41705,62.209652,66.08039,100.0,0.0
2025-12-23 18:00:00+00:00,2.25,14.01806,22.66857,65.738716,69.55037,100.0,0.0
2025-12-23 19:00:00+00:00,2.25,11.594292,19.523155,62.24156,67.21756,100.0,0.0
2025-12-23 20:00:00+00:00,2.15,10.514218,18.244045,51.952908,59.133266,100.0,0.0
2025-12-23 21:00:00+00:00,2.2,10.055864,17.604149,44.27486,52.89568,100.0,0.0
2025-12-23 22:00:00+00:00,2.2,8.942214,16.502182,40.10085,50.754578,100.0,0.0
