timestamp,DayAheadPriceEUR
2025-10-01 00:00:00,102.599998
2025-10-01 00:15:00,92.239998
2025-10-01 00:30:00,86.029999
2025-10-01 00:45:00,85.389999
2025-10-01 01:00:00,89.989998
2025-10-01 01:15:00,86.029999
2025-10-01 01:30:00,85.029999
2025-10-01 01:45:00,84.089996
2025-10-01 02:00:00,85.410004
2025-10-01 02:15:00,85.0
2025-10-01 02:30:00,84.540001
2025-10-01 02:45:00,84.540001
2025-10-01 03:00:00,87.389999
2025-10-01 03:15:00,87.360001
2025-10-01 03:30:00,88.559998
2025-10-01 03:45:00,89.989998
2025-10-01 04:00:00,86.309998
2025-10-01 04:15:00,89.059998
2025-10-01 04:30:00,86.419998
2025-10-01 04:45:00,88.830002
2025-10-01 05:00:00,84.260002
2025-10-01 05:15:00,90.760002
2025-10-01 05:30:00,97.550003
2025-10-01 05:45:00,108.739998
2025-10-01 06:00:00,91.07
2025-10-01 06:15:00,111.419998
2025-10-01 06:30:00,127.339996
2025-10-01 06:45:00,146.740005
2025-10-01 07:00:00,160.949997
2025-10-01 07:15:00,181.479996
2025-10-01 07:30:00,180.229996
2025-10-01 07:45:00,170.539993
2025-10-01 08:00:00,200.25
2025-10-01 08:15:00,143.350006
2025-10-01 08:30:00,117.5
2025-10-01 08:45:00,95.25
2025-10-01 09:00:00,139.479996
2025-10-01 09:15:00,105.010002
2025-10-01 09:30:00,93.660004
2025-10-01 09:45:00,82.849998
2025-10-01 10:00:00,103.220001
2025-10-01 10:15:00,93.059998
2025-10-01 10:30:00,81.209999
2025-10-01 10:45:00,66.900002
2025-10-01 11:00:00,83.5
2025-10-01 11:15:00,72.080002
2025-10-01 11:30:00,65.32
2025-10-01 11:45:00,61.799999
2025-10-01 12:00:00,68.209999
2025-10-01 12:15:00,65.220001
2025-10-01 12:30:00,65.449997
2025-10-01 12:45:00,65.220001
2025-10-01 13:00:00,65.599998
2025-10-01 13:15:00,67.720001
2025-10-01 13:30:00,69.440002
2025-10-01 13:45:00,70.839996
2025-10-01 14:00:00,64.489998
2025-10-01 14:15:00,70.25
2025-10-01 14:30:00,74.629997
2025-10-01 14:45:00,81.139999
2025-10-01 15:00:00,65.300003
2025-10-01 15:15:00,74.629997
2025-10-01 15:30:00,88.019997
2025-10-01 15:45:00,98.940002
2025-10-01 16:00:00,62.16
2025-10-01 16:15:00,86.050003
2025-10-01 16:30:00,98.620003
2025-10-01 16:45:00,111.860001
2025-10-01 17:00:00,80.75
2025-10-01 17:15:00,110.120003
2025-10-01 17:30:00,141.559998
2025-10-01 17:45:00,192.169998
2025-10-01 18:00:00,146.949997
2025-10-01 18:15:00,200.0
2025-10-01 18:30:00,285.0
2025-10-01 18:45:00,381.0
2025-10-01 19:00:00,408.5
2025-10-01 19:15:00,376.390015
2025-10-01 19:30:00,321.940002
2025-10-01 19:45:00,253.139999
2025-10-01 20:00:00,218.029999
2025-10-01 20:15:00,155.25
2025-10-01 20:30:00,126.82
2025-10-01 20:45:00,108.0
2025-10-01 21:00:00,130.679993
2025-10-01 21:15:00,121.400002
2025-10-01 21:30:00,102.980003
2025-10-01 21:45:00,97.080002
2025-10-01 22:00:00,108.839996
2025-10-01 22:15:00,101.510002
2025-10-01 22:30:00,95.360001
2025-10-01 22:45:00,88.330002
2025-10-01 23:00:00,94.57
2025-10-01 23:15:00,91.550003
2025-10-01 23:30:00,91.110001
2025-10-01 23:45:00,85.360001
2025-10-02 00:00:00,99.580002
2025-10-02 00:15:00,91.099998
2025-10-02 00:30:00,86.089996
2025-10-02 00:45:00,86.449997
2025-10-02 01:00:00,94.449997
2025-10-02 01:15:00,90.419998
2025-10-02 01:30:00,84.589996
2025-10-02 01:45:00,82.540001
2025-10-02 02:00:00,86.459999
2025-10-02 02:15:00,84.800003
2025-10-02 02:30:00,86.019997
2025-10-02 02:45:00,86.010002
2025-10-02 03:00:00,86.110001
2025-10-02 03:15:00,86.050003
2025-10-02 03:30:00,86.040001
2025-10-02 03:45:00,84.980003
2025-10-02 04:00:00,86.019997
2025-10-02 04:15:00,86.029999
2025-10-02 04:30:00,89.050003
2025-10-02 04:45:00,89.639999
2025-10-02 05:00:00,82.720001
2025-10-02 05:15:00,87.150002
2025-10-02 05:30:00,94.150002
2025-10-02 05:45:00,109.400002
2025-10-02 06:00:00,89.300003
2025-10-02 06:15:00,112.720001
2025-10-02 06:30:00,125.129997
2025-10-02 06:45:00,158.080002
2025-10-02 07:00:00,139.789993
2025-10-02 07:15:00,174.570007
2025-10-02 07:30:00,175.360001
2025-10-02 07:45:00,159.199997
2025-10-02 08:00:00,180.240005
2025-10-02 08:15:00,150.539993
2025-10-02 08:30:00,115.269997
2025-10-02 08:45:00,90.809998
2025-10-02 09:00:00,123.279999
2025-10-02 09:15:00,112.800003
2025-10-02 09:30:00,92.010002
2025-10-02 09:45:00,74.800003
2025-10-02 10:00:00,101.949997
2025-10-02 10:15:00,99.970001
2025-10-02 10:30:00,86.080002
2025-10-02 10:45:00,77.919998
2025-10-02 11:00:00,91.75
2025-10-02 11:15:00,83.309998
2025-10-02 11:30:00,72.080002
2025-10-02 11:45:00,66.0
2025-10-02 12:00:00,70.25
2025-10-02 12:15:00,64.349998
2025-10-02 12:30:00,64.440002
2025-10-02 12:45:00,64.040001
2025-10-02 13:00:00,57.950001
2025-10-02 13:15:00,60.400002
2025-10-02 13:30:00,61.27
2025-10-02 13:45:00,62.380001
2025-10-02 14:00:00,61.700001
2025-10-02 14:15:00,66.339996
2025-10-02 14:30:00,74.629997
2025-10-02 14:45:00,82.489998
2025-10-02 15:00:00,62.119999
2025-10-02 15:15:00,74.839996
2025-10-02 15:30:00,86.809998
2025-10-02 15:45:00,97.379997
2025-10-02 16:00:00,67.459999
2025-10-02 16:15:00,78.910004
2025-10-02 16:30:00,92.480003
2025-10-02 16:45:00,106.080002
2025-10-02 17:00:00,72.870003
2025-10-02 17:15:00,85.0
2025-10-02 17:30:00,110.419998
2025-10-02 17:45:00,171.059998
2025-10-02 18:00:00,110.540001
2025-10-02 18:15:00,134.289993
2025-10-02 18:30:00,172.419998
2025-10-02 18:45:00,224.509995
2025-10-02 19:00:00,206.75
2025-10-02 19:15:00,190.720001
2025-10-02 19:30:00,156.899994
2025-10-02 19:45:00,122.900002
2025-10-02 20:00:00,136.009995
2025-10-02 20:15:00,109.330002
2025-10-02 20:30:00,96.360001
2025-10-02 20:45:00,86.0
2025-10-02 21:00:00,98.419998
2025-10-02 21:15:00,86.089996
2025-10-02 21:30:00,78.589996
2025-10-02 21:45:00,75.57
2025-10-02 22:00:00,73.290001
2025-10-02 22:15:00,71.419998
2025-10-02 22:30:00,74.110001
2025-10-02 22:45:00,61.18
2025-10-02 23:00:00,41.060001
2025-10-02 23:15:00,43.939999
2025-10-02 23:30:00,46.0
2025-10-02 23:45:00,45.0
2025-10-03 00:00:00,29.040001
2025-10-03 00:15:00,22.07
2025-10-03 00:30:00,19.700001
2025-10-03 00:45:00,19.190001
2025-10-03 01:00:00,17.309999
2025-10-03 01:15:00,16.0
2025-10-03 01:30:00,13.57
2025-10-03 01:45:00,10.72
2025-10-03 02:00:00,15.65
2025-10-03 02:15:00,12.99
2025-10-03 02:30:00,15.8
2025-10-03 02:45:00,15.38
2025-10-03 03:00:00,24.51
2025-10-03 03:15:00,22.25
2025-10-03 03:30:00,19.07
2025-10-03 03:45:00,18.16
2025-10-03 04:00:00,18.290001
2025-10-03 04:15:00,12.34
2025-10-03 04:30:00,6.84
2025-10-03 04:45:00,10.53
2025-10-03 05:00:00,13.31
2025-10-03 05:15:00,17.799999
2025-10-03 05:30:00,13.22
2025-10-03 05:45:00,10.4
2025-10-03 06:00:00,23.040001
2025-10-03 06:15:00,24.4
2025-10-03 06:30:00,34.259998
2025-10-03 06:45:00,38.75
2025-10-03 07:00:00,76.900002
2025-10-03 07:15:00,83.029999
2025-10-03 07:30:00,83.709999
2025-10-03 07:45:00,68.349998
2025-10-03 08:00:00,122.75
2025-10-03 08:15:00,105.440002
2025-10-03 08:30:00,97.260002
2025-10-03 08:45:00,74.550003
2025-10-03 09:00:00,108.0
2025-10-03 09:15:00,78.75
2025-10-03 09:30:00,40.25
2025-10-03 09:45:00,31.719999
2025-10-03 10:00:00,89.989998
2025-10-03 10:15:00,40.400002
2025-10-03 10:30:00,24.59
2025-10-03 10:45:00,24.559999
2025-10-03 11:00:00,46.91
2025-10-03 11:15:00,42.889999
2025-10-03 11:30:00,40.509998
2025-10-03 11:45:00,31.700001
2025-10-03 12:00:00,19.709999
2025-10-03 12:15:00,19.709999
2025-10-03 12:30:00,19.709999
2025-10-03 12:45:00,19.709999
2025-10-03 13:00:00,18.309999
2025-10-03 13:15:00,14.24
2025-10-03 13:30:00,14.68
2025-10-03 13:45:00,18.780001
2025-10-03 14:00:00,10.53
2025-10-03 14:15:00,23.709999
2025-10-03 14:30:00,24.52
2025-10-03 14:45:00,21.620001
2025-10-03 15:00:00,25.190001
2025-10-03 15:15:00,13.75
2025-10-03 15:30:00,10.53
2025-10-03 15:45:00,10.53
2025-10-03 16:00:00,9.97
2025-10-03 16:15:00,10.09
2025-10-03 16:30:00,16.049999
2025-10-03 16:45:00,16.889999
2025-10-03 17:00:00,14.98
2025-10-03 17:15:00,15.18
2025-10-03 17:30:00,19.700001
2025-10-03 17:45:00,10.78
2025-10-03 18:00:00,43.110001
2025-10-03 18:15:00,34.029999
2025-10-03 18:30:00,37.380001
2025-10-03 18:45:00,24.4
2025-10-03 19:00:00,26.33
2025-10-03 19:15:00,24.389999
2025-10-03 19:30:00,24.379999
2025-10-03 19:45:00,24.4
2025-10-03 20:00:00,38.700001
2025-10-03 20:15:00,38.790001
2025-10-03 20:30:00,38.77
2025-10-03 20:45:00,45.34
2025-10-03 21:00:00,24.559999
2025-10-03 21:15:00,30.0
2025-10-03 21:30:00,31.52
2025-10-03 21:45:00,16.209999
2025-10-03 22:00:00,9.92
2025-10-03 22:15:00,9.95
2025-10-03 22:30:00,10.09
2025-10-03 22:45:00,9.95
2025-10-03 23:00:00,4.4
2025-10-03 23:15:00,4.3
2025-10-03 23:30:00,4.4
2025-10-03 23:45:00,2.59
2025-10-04 00:00:00,2.93
2025-10-04 00:15:00,0.1
2025-10-04 00:30:00,-0.05
2025-10-04 00:45:00,-0.08
2025-10-04 01:00:00,0.0
2025-10-04 01:15:00,-0.01
2025-10-04 01:30:00,-0.01
2025-10-04 01:45:00,-0.02
2025-10-04 02:00:00,-0.01
2025-10-04 02:15:00,-0.01
2025-10-04 02:30:00,-0.04
2025-10-04 02:45:00,-0.11
2025-10-04 03:00:00,-0.07
2025-10-04 03:15:00,-0.09
2025-10-04 03:30:00,-0.1
2025-10-04 03:45:00,-0.13
2025-10-04 04:00:00,-0.93
2025-10-04 04:15:00,-0.97
2025-10-04 04:30:00,-1.03
2025-10-04 04:45:00,-1.58
2025-10-04 05:00:00,-1.52
2025-10-04 05:15:00,-2.02
2025-10-04 05:30:00,-2.01
2025-10-04 05:45:00,-2.01
2025-10-04 06:00:00,-2.15
2025-10-04 06:15:00,-2.02
2025-10-04 06:30:00,-1.48
2025-10-04 06:45:00,-2.01
2025-10-04 07:00:00,-0.25
2025-10-04 07:15:00,-0.81
2025-10-04 07:30:00,-1.0
2025-10-04 07:45:00,-1.04
2025-10-04 08:00:00,-0.7
2025-10-04 08:15:00,-0.09
2025-10-04 08:30:00,-0.08
2025-10-04 08:45:00,-0.33
2025-10-04 09:00:00,0.02
2025-10-04 09:15:00,0.0
2025-10-04 09:30:00,0.14
2025-10-04 09:45:00,0.12
2025-10-04 10:00:00,0.37
2025-10-04 10:15:00,0.26
2025-10-04 10:30:00,0.32
2025-10-04 10:45:00,0.01
2025-10-04 11:00:00,0.21
2025-10-04 11:15:00,0.01
2025-10-04 11:30:00,0.1
2025-10-04 11:45:00,0.1
2025-10-04 12:00:00,0.01
2025-10-04 12:15:00,0.0
2025-10-04 12:30:00,0.0
2025-10-04 12:45:00,-0.01
2025-10-04 13:00:00,-0.24
2025-10-04 13:15:00,-0.24
2025-10-04 13:30:00,-0.33
2025-10-04 13:45:00,-0.63
2025-10-04 14:00:00,-0.13
2025-10-04 14:15:00,-1.02
2025-10-04 14:30:00,-2.02
2025-10-04 14:45:00,-5.01
2025-10-04 15:00:00,-1.59
2025-10-04 15:15:00,-3.41
2025-10-04 15:30:00,-2.01
2025-10-04 15:45:00,-0.75
2025-10-04 16:00:00,-0.04
2025-10-04 16:15:00,-0.01
2025-10-04 16:30:00,-0.01
2025-10-04 16:45:00,-0.08
2025-10-04 17:00:00,-0.09
2025-10-04 17:15:00,0.18
2025-10-04 17:30:00,0.21
2025-10-04 17:45:00,1.0
2025-10-04 18:00:00,1.26
2025-10-04 18:15:00,1.06
2025-10-04 18:30:00,2.2
2025-10-04 18:45:00,2.37
2025-10-04 19:00:00,3.05
2025-10-04 19:15:00,3.39
2025-10-04 19:30:00,4.3
2025-10-04 19:45:00,3.94
2025-10-04 20:00:00,2.17
2025-10-04 20:15:00,2.09
2025-10-04 20:30:00,2.0
2025-10-04 20:45:00,1.66
2025-10-04 21:00:00,0.28
2025-10-04 21:15:00,0.56
2025-10-04 21:30:00,0.53
2025-10-04 21:45:00,0.15
2025-10-04 22:00:00,0.48
2025-10-04 22:15:00,0.35
2025-10-04 22:30:00,0.41
2025-10-04 22:45:00,0.76
2025-10-04 23:00:00,-0.01
2025-10-04 23:15:00,-0.01
2025-10-04 23:30:00,-0.08
2025-10-04 23:45:00,-0.33
2025-10-05 00:00:00,-0.01
2025-10-05 00:15:00,-0.07
2025-10-05 00:30:00,-0.77
2025-10-05 00:45:00,-0.63
2025-10-05 01:00:00,-0.67
2025-10-05 01:15:00,-1.32
2025-10-05 01:30:00,-1.31
2025-10-05 01:45:00,-0.91
2025-10-05 02:00:00,-2.59
2025-10-05 02:15:00,-2.82
2025-10-05 02:30:00,-2.81
2025-10-05 02:45:00,-2.82
2025-10-05 03:00:00,-3.4
2025-10-05 03:15:00,-3.65
2025-10-05 03:30:00,-3.64
2025-10-05 03:45:00,-3.67
2025-10-05 04:00:00,-3.24
2025-10-05 04:15:00,-3.39
2025-10-05 04:30:00,-3.62
2025-10-05 04:45:00,-4.37
2025-10-05 05:00:00,-3.67
2025-10-05 05:15:00,-3.66
2025-10-05 05:30:00,-3.55
2025-10-05 05:45:00,-3.55
2025-10-05 06:00:00,-3.64
2025-10-05 06:15:00,-3.58
2025-10-05 06:30:00,-3.35
2025-10-05 06:45:00,-2.72
2025-10-05 07:00:00,-1.78
2025-10-05 07:15:00,-1.53
2025-10-05 07:30:00,-1.19
2025-10-05 07:45:00,-0.57
2025-10-05 08:00:00,-0.09
2025-10-05 08:15:00,-0.01
2025-10-05 08:30:00,0.02
2025-10-05 08:45:00,0.01
2025-10-05 09:00:00,0.21
2025-10-05 09:15:00,0.11
2025-10-05 09:30:00,-0.79
2025-10-05 09:45:00,-1.39
2025-10-05 10:00:00,-1.48
2025-10-05 10:15:00,-2.9
2025-10-05 10:30:00,-4.06
2025-10-05 10:45:00,-4.88
2025-10-05 11:00:00,-2.02
2025-10-05 11:15:00,-2.02
2025-10-05 11:30:00,-2.01
2025-10-05 11:45:00,-2.02
2025-10-05 12:00:00,-4.07
2025-10-05 12:15:00,-3.05
2025-10-05 12:30:00,-3.02
2025-10-05 12:45:00,-3.58
2025-10-05 13:00:00,-3.22
2025-10-05 13:15:00,-3.4
2025-10-05 13:30:00,-3.04
2025-10-05 13:45:00,-3.36
2025-10-05 14:00:00,-3.03
2025-10-05 14:15:00,-2.95
2025-10-05 14:30:00,-2.94
2025-10-05 14:45:00,-2.58
2025-10-05 15:00:00,-2.41
2025-10-05 15:15:00,-2.15
2025-10-05 15:30:00,-2.03
2025-10-05 15:45:00,-3.02
2025-10-05 16:00:00,-1.59
2025-10-05 16:15:00,-1.02
2025-10-05 16:30:00,-0.1
2025-10-05 16:45:00,-0.04
2025-10-05 17:00:00,-0.91
2025-10-05 17:15:00,0.07
2025-10-05 17:30:00,2.34
2025-10-05 17:45:00,6.53
2025-10-05 18:00:00,5.37
2025-10-05 18:15:00,11.0
2025-10-05 18:30:00,19.91
2025-10-05 18:45:00,28.049999
2025-10-05 19:00:00,21.25
2025-10-05 19:15:00,26.690001
2025-10-05 19:30:00,42.84
2025-10-05 19:45:00,49.41
2025-10-05 20:00:00,34.0
2025-10-05 20:15:00,24.58
2025-10-05 20:30:00,13.66
2025-10-05 20:45:00,7.08
2025-10-05 21:00:00,7.84
2025-10-05 21:15:00,5.15
2025-10-05 21:30:00,4.75
2025-10-05 21:45:00,4.17
2025-10-05 22:00:00,5.75
2025-10-05 22:15:00,4.86
2025-10-05 22:30:00,5.96
2025-10-05 22:45:00,4.24
2025-10-05 23:00:00,4.88
2025-10-05 23:15:00,4.1
2025-10-05 23:30:00,3.96
2025-10-05 23:45:00,3.36
2025-10-06 00:00:00,30.98
2025-10-06 00:15:00,24.530001
2025-10-06 00:30:00,15.77
2025-10-06 00:45:00,12.1
2025-10-06 01:00:00,13.85
2025-10-06 01:15:00,10.57
2025-10-06 01:30:00,9.11
2025-10-06 01:45:00,6.69
2025-10-06 02:00:00,7.0
2025-10-06 02:15:00,8.7
2025-10-06 02:30:00,10.58
2025-10-06 02:45:00,10.13
2025-10-06 03:00:00,10.53
2025-10-06 03:15:00,10.52
2025-10-06 03:30:00,11.03
2025-10-06 03:45:00,10.85
2025-10-06 04:00:00,11.02
2025-10-06 04:15:00,18.120001
2025-10-06 04:30:00,17.860001
2025-10-06 04:45:00,20.200001
2025-10-06 05:00:00,7.81
2025-10-06 05:15:00,9.9
2025-10-06 05:30:00,22.799999
2025-10-06 05:45:00,49.900002
2025-10-06 06:00:00,18.389999
2025-10-06 06:15:00,66.389999
2025-10-06 06:30:00,72.410004
2025-10-06 06:45:00,76.870003
2025-10-06 07:00:00,89.970001
2025-10-06 07:15:00,99.669998
2025-10-06 07:30:00,102.919998
2025-10-06 07:45:00,115.440002
2025-10-06 08:00:00,82.0
2025-10-06 08:15:00,98.32
2025-10-06 08:30:00,93.199997
2025-10-06 08:45:00,108.669998
2025-10-06 09:00:00,76.089996
2025-10-06 09:15:00,85.75
2025-10-06 09:30:00,89.830002
2025-10-06 09:45:00,95.110001
2025-10-06 10:00:00,85.010002
2025-10-06 10:15:00,84.809998
2025-10-06 10:30:00,84.040001
2025-10-06 10:45:00,78.599998
2025-10-06 11:00:00,84.769997
2025-10-06 11:15:00,76.440002
2025-10-06 11:30:00,79.040001
2025-10-06 11:45:00,79.760002
2025-10-06 12:00:00,68.459999
2025-10-06 12:15:00,77.900002
2025-10-06 12:30:00,82.099998
2025-10-06 12:45:00,85.970001
2025-10-06 13:00:00,81.669998
2025-10-06 13:15:00,88.050003
2025-10-06 13:30:00,83.879997
2025-10-06 13:45:00,82.400002
2025-10-06 14:00:00,80.209999
2025-10-06 14:15:00,85.720001
2025-10-06 14:30:00,93.809998
2025-10-06 14:45:00,91.160004
2025-10-06 15:00:00,89.470001
2025-10-06 15:15:00,91.970001
2025-10-06 15:30:00,95.68
2025-10-06 15:45:00,101.0
2025-10-06 16:00:00,86.449997
2025-10-06 16:15:00,97.870003
2025-10-06 16:30:00,110.690002
2025-10-06 16:45:00,123.199997
2025-10-06 17:00:00,94.019997
2025-10-06 17:15:00,113.029999
2025-10-06 17:30:00,121.93
2025-10-06 17:45:00,152.580002
2025-10-06 18:00:00,109.940002
2025-10-06 18:15:00,118.489998
2025-10-06 18:30:00,147.899994
2025-10-06 18:45:00,190.940002
2025-10-06 19:00:00,169.029999
2025-10-06 19:15:00,175.5
2025-10-06 19:30:00,169.119995
2025-10-06 19:45:00,160.210007
2025-10-06 20:00:00,156.929993
2025-10-06 20:15:00,131.100006
2025-10-06 20:30:00,125.870003
2025-10-06 20:45:00,120.809998
2025-10-06 21:00:00,128.0
2025-10-06 21:15:00,123.93
2025-10-06 21:30:00,115.650002
2025-10-06 21:45:00,113.230003
2025-10-06 22:00:00,135.259995
2025-10-06 22:15:00,114.580002
2025-10-06 22:30:00,115.199997
2025-10-06 22:45:00,109.620003
2025-10-06 23:00:00,112.330002
2025-10-06 23:15:00,105.040001
2025-10-06 23:30:00,103.669998
2025-10-06 23:45:00,100.959999
2025-10-07 00:00:00,105.510002
2025-10-07 00:15:00,102.610001
2025-10-07 00:30:00,99.050003
2025-10-07 00:45:00,93.889999
2025-10-07 01:00:00,100.0
2025-10-07 01:15:00,94.82
2025-10-07 01:30:00,92.68
2025-10-07 01:45:00,88.449997
2025-10-07 02:00:00,91.230003
2025-10-07 02:15:00,89.360001
2025-10-07 02:30:00,89.449997
2025-10-07 02:45:00,89.230003
2025-10-07 03:00:00,88.660004
2025-10-07 03:15:00,88.589996
2025-10-07 03:30:00,89.470001
2025-10-07 03:45:00,91.480003
2025-10-07 04:00:00,86.919998
2025-10-07 04:15:00,88.800003
2025-10-07 04:30:00,95.029999
2025-10-07 04:45:00,101.150002
2025-10-07 05:00:00,86.940002
2025-10-07 05:15:00,93.110001
2025-10-07 05:30:00,99.050003
2025-10-07 05:45:00,107.860001
2025-10-07 06:00:00,106.769997
2025-10-07 06:15:00,125.07
2025-10-07 06:30:00,137.580002
2025-10-07 06:45:00,152.589996
2025-10-07 07:00:00,142.460007
2025-10-07 07:15:00,197.279999
2025-10-07 07:30:00,253.0
2025-10-07 07:45:00,264.570007
2025-10-07 08:00:00,285.829987
2025-10-07 08:15:00,274.299988
2025-10-07 08:30:00,266.170013
2025-10-07 08:45:00,252.779999
2025-10-07 09:00:00,283.649994
2025-10-07 09:15:00,239.389999
2025-10-07 09:30:00,163.149994
2025-10-07 09:45:00,133.309998
2025-10-07 10:00:00,194.369995
2025-10-07 10:15:00,160.300003
2025-10-07 10:30:00,135.570007
2025-10-07 10:45:00,115.650002
2025-10-07 11:00:00,153.050003
2025-10-07 11:15:00,131.059998
2025-10-07 11:30:00,118.32
2025-10-07 11:45:00,110.739998
2025-10-07 12:00:00,123.010002
2025-10-07 12:15:00,109.379997
2025-10-07 12:30:00,105.910004
2025-10-07 12:45:00,105.459999
2025-10-07 13:00:00,112.230003
2025-10-07 13:15:00,105.730003
2025-10-07 13:30:00,104.760002
2025-10-07 13:45:00,102.010002
2025-10-07 14:00:00,101.699997
2025-10-07 14:15:00,103.760002
2025-10-07 14:30:00,104.989998
2025-10-07 14:45:00,106.089996
2025-10-07 15:00:00,101.199997
2025-10-07 15:15:00,104.980003
2025-10-07 15:30:00,116.139999
2025-10-07 15:45:00,129.589996
2025-10-07 16:00:00,97.650002
2025-10-07 16:15:00,104.129997
2025-10-07 16:30:00,120.0
2025-10-07 16:45:00,138.449997
2025-10-07 17:00:00,110.639999
2025-10-07 17:15:00,124.089996
2025-10-07 17:30:00,150.100006
2025-10-07 17:45:00,199.039993
2025-10-07 18:00:00,145.119995
2025-10-07 18:15:00,151.869995
2025-10-07 18:30:00,215.429993
2025-10-07 18:45:00,278.970001
2025-10-07 19:00:00,253.389999
2025-10-07 19:15:00,221.509995
2025-10-07 19:30:00,197.410004
2025-10-07 19:45:00,180.809998
2025-10-07 20:00:00,178.470001
2025-10-07 20:15:00,158.889999
2025-10-07 20:30:00,131.020004
2025-10-07 20:45:00,117.0
2025-10-07 21:00:00,147.220001
2025-10-07 21:15:00,129.009995
2025-10-07 21:30:00,112.790001
2025-10-07 21:45:00,103.949997
2025-10-07 22:00:00,116.360001
2025-10-07 22:15:00,111.870003
2025-10-07 22:30:00,106.099998
2025-10-07 22:45:00,95.370003
2025-10-07 23:00:00,107.82
2025-10-07 23:15:00,98.43
2025-10-07 23:30:00,93.580002
2025-10-07 23:45:00,90.110001
2025-10-08 00:00:00,101.739998
2025-10-08 00:15:00,91.400002
2025-10-08 00:30:00,91.470001
2025-10-08 00:45:00,89.199997
2025-10-08 01:00:00,91.849998
2025-10-08 01:15:00,89.07
2025-10-08 01:30:00,87.330002
2025-10-08 01:45:00,85.5
2025-10-08 02:00:00,89.209999
2025-10-08 02:15:00,88.139999
2025-10-08 02:30:00,86.989998
2025-10-08 02:45:00,85.900002
2025-10-08 03:00:00,86.970001
2025-10-08 03:15:00,86.910004
2025-10-08 03:30:00,86.980003
2025-10-08 03:45:00,87.040001
2025-10-08 04:00:00,85.660004
2025-10-08 04:15:00,87.739998
2025-10-08 04:30:00,91.18
2025-10-08 04:45:00,94.110001
2025-10-08 05:00:00,86.980003
2025-10-08 05:15:00,93.279999
2025-10-08 05:30:00,99.910004
2025-10-08 05:45:00,109.410004
2025-10-08 06:00:00,93.0
2025-10-08 06:15:00,110.580002
2025-10-08 06:30:00,121.370003
2025-10-08 06:45:00,136.009995
2025-10-08 07:00:00,128.630005
2025-10-08 07:15:00,149.570007
2025-10-08 07:30:00,166.720001
2025-10-08 07:45:00,169.759995
2025-10-08 08:00:00,203.619995
2025-10-08 08:15:00,175.339996
2025-10-08 08:30:00,151.240005
2025-10-08 08:45:00,135.380005
2025-10-08 09:00:00,174.199997
2025-10-08 09:15:00,140.919998
2025-10-08 09:30:00,119.669998
2025-10-08 09:45:00,105.910004
2025-10-08 10:00:00,142.740005
2025-10-08 10:15:00,121.739998
2025-10-08 10:30:00,107.370003
2025-10-08 10:45:00,101.93
2025-10-08 11:00:00,123.010002
2025-10-08 11:15:00,104.459999
2025-10-08 11:30:00,97.580002
2025-10-08 11:45:00,88.25
2025-10-08 12:00:00,94.879997
2025-10-08 12:15:00,91.029999
2025-10-08 12:30:00,88.779999
2025-10-08 12:45:00,88.599998
2025-10-08 13:00:00,90.790001
2025-10-08 13:15:00,90.099998
2025-10-08 13:30:00,88.470001
2025-10-08 13:45:00,86.980003
2025-10-08 14:00:00,85.239998
2025-10-08 14:15:00,87.57
2025-10-08 14:30:00,89.760002
2025-10-08 14:45:00,98.290001
2025-10-08 15:00:00,86.82
2025-10-08 15:15:00,88.690002
2025-10-08 15:30:00,96.080002
2025-10-08 15:45:00,108.779999
2025-10-08 16:00:00,86.290001
2025-10-08 16:15:00,94.470001
2025-10-08 16:30:00,118.599998
2025-10-08 16:45:00,139.899994
2025-10-08 17:00:00,99.059998
2025-10-08 17:15:00,120.019997
2025-10-08 17:30:00,151.360001
2025-10-08 17:45:00,208.350006
2025-10-08 18:00:00,135.550003
2025-10-08 18:15:00,147.600006
2025-10-08 18:30:00,204.529999
2025-10-08 18:45:00,247.559998
2025-10-08 19:00:00,235.929993
2025-10-08 19:15:00,204.619995
2025-10-08 19:30:00,180.460007
2025-10-08 19:45:00,175.0
2025-10-08 20:00:00,170.479996
2025-10-08 20:15:00,149.960007
2025-10-08 20:30:00,128.089996
2025-10-08 20:45:00,118.25
2025-10-08 21:00:00,128.449997
2025-10-08 21:15:00,117.360001
2025-10-08 21:30:00,107.849998
2025-10-08 21:45:00,102.540001
2025-10-08 22:00:00,114.610001
2025-10-08 22:15:00,113.93
2025-10-08 22:30:00,106.489998
2025-10-08 22:45:00,97.93
2025-10-08 23:00:00,106.059998
2025-10-08 23:15:00,99.790001
2025-10-08 23:30:00,95.480003
2025-10-08 23:45:00,90.0
2025-10-09 00:00:00,109.230003
2025-10-09 00:15:00,100.010002
2025-10-09 00:30:00,90.879997
2025-10-09 00:45:00,88.75
2025-10-09 01:00:00,91.699997
2025-10-09 01:15:00,93.330002
2025-10-09 01:30:00,92.330002
2025-10-09 01:45:00,92.980003
2025-10-09 02:00:00,96.050003
2025-10-09 02:15:00,92.32
2025-10-09 02:30:00,92.279999
2025-10-09 02:45:00,92.400002
2025-10-09 03:00:00,91.400002
2025-10-09 03:15:00,87.760002
2025-10-09 03:30:00,87.730003
2025-10-09 03:45:00,87.339996
2025-10-09 04:00:00,86.940002
2025-10-09 04:15:00,89.029999
2025-10-09 04:30:00,92.489998
2025-10-09 04:45:00,102.339996
2025-10-09 05:00:00,83.300003
2025-10-09 05:15:00,87.690002
2025-10-09 05:30:00,99.07
2025-10-09 05:45:00,114.580002
2025-10-09 06:00:00,100.019997
2025-10-09 06:15:00,117.610001
2025-10-09 06:30:00,128.389999
2025-10-09 06:45:00,141.389999
2025-10-09 07:00:00,124.059998
2025-10-09 07:15:00,143.970001
2025-10-09 07:30:00,153.389999
2025-10-09 07:45:00,149.990005
2025-10-09 08:00:00,169.029999
2025-10-09 08:15:00,150.960007
2025-10-09 08:30:00,141.190002
2025-10-09 08:45:00,129.509995
2025-10-09 09:00:00,166.460007
2025-10-09 09:15:00,133.169998
2025-10-09 09:30:00,119.580002
2025-10-09 09:45:00,101.860001
2025-10-09 10:00:00,129.009995
2025-10-09 10:15:00,110.699997
2025-10-09 10:30:00,100.769997
2025-10-09 10:45:00,89.379997
2025-10-09 11:00:00,106.519997
2025-10-09 11:15:00,98.940002
2025-10-09 11:30:00,90.150002
2025-10-09 11:45:00,83.82
2025-10-09 12:00:00,82.120003
2025-10-09 12:15:00,79.029999
2025-10-09 12:30:00,77.330002
2025-10-09 12:45:00,74.669998
2025-10-09 13:00:00,64.360001
2025-10-09 13:15:00,67.860001
2025-10-09 13:30:00,72.260002
2025-10-09 13:45:00,65.739998
2025-10-09 14:00:00,59.75
2025-10-09 14:15:00,64.529999
2025-10-09 14:30:00,64.57
2025-10-09 14:45:00,64.919998
2025-10-09 15:00:00,63.970001
2025-10-09 15:15:00,63.709999
2025-10-09 15:30:00,63.509998
2025-10-09 15:45:00,60.299999
2025-10-09 16:00:00,66.879997
2025-10-09 16:15:00,64.239998
2025-10-09 16:30:00,64.339996
2025-10-09 16:45:00,53.110001
2025-10-09 17:00:00,76.860001
2025-10-09 17:15:00,66.139999
2025-10-09 17:30:00,66.410004
2025-10-09 17:45:00,50.630001
2025-10-09 18:00:00,83.720001
2025-10-09 18:15:00,67.779999
2025-10-09 18:30:00,68.029999
2025-10-09 18:45:00,68.059998
2025-10-09 19:00:00,67.269997
2025-10-09 19:15:00,67.150002
2025-10-09 19:30:00,67.099998
2025-10-09 19:45:00,80.25
2025-10-09 20:00:00,50.52
2025-10-09 20:15:00,63.0
2025-10-09 20:30:00,62.099998
2025-10-09 20:45:00,75.769997
2025-10-09 21:00:00,43.669998
2025-10-09 21:15:00,56.66
2025-10-09 21:30:00,56.16
2025-10-09 21:45:00,52.07
2025-10-09 22:00:00,54.549999
2025-10-09 22:15:00,49.529999
2025-10-09 22:30:00,48.509998
2025-10-09 22:45:00,46.27
2025-10-09 23:00:00,46.09
2025-10-09 23:15:00,44.360001
2025-10-09 23:30:00,42.169998
2025-10-09 23:45:00,38.549999
2025-10-10 00:00:00,93.370003
2025-10-10 00:15:00,44.48
2025-10-10 00:30:00,42.240002
2025-10-10 00:45:00,39.990002
2025-10-10 01:00:00,48.639999
2025-10-10 01:15:00,47.049999
2025-10-10 01:30:00,45.990002
2025-10-10 01:45:00,41.84
2025-10-10 02:00:00,52.0
2025-10-10 02:15:00,49.27
2025-10-10 02:30:00,49.27
2025-10-10 02:45:00,45.59
2025-10-10 03:00:00,50.040001
2025-10-10 03:15:00,44.68
2025-10-10 03:30:00,43.790001
2025-10-10 03:45:00,41.57
2025-10-10 04:00:00,44.669998
2025-10-10 04:15:00,42.009998
2025-10-10 04:30:00,41.080002
2025-10-10 04:45:00,40.75
2025-10-10 05:00:00,44.389999
2025-10-10 05:15:00,45.23
2025-10-10 05:30:00,50.18
2025-10-10 05:45:00,38.75
2025-10-10 06:00:00,78.370003
2025-10-10 06:15:00,64.610001
2025-10-10 06:30:00,63.900002
2025-10-10 06:45:00,68.400002
2025-10-10 07:00:00,77.209999
2025-10-10 07:15:00,90.290001
2025-10-10 07:30:00,92.690002
2025-10-10 07:45:00,95.389999
2025-10-10 08:00:00,97.519997
2025-10-10 08:15:00,97.18
2025-10-10 08:30:00,92.68
2025-10-10 08:45:00,92.620003
2025-10-10 09:00:00,77.139999
2025-10-10 09:15:00,74.639999
2025-10-10 09:30:00,74.129997
2025-10-10 09:45:00,73.68
2025-10-10 10:00:00,63.689999
2025-10-10 10:15:00,66.099998
2025-10-10 10:30:00,65.690002
2025-10-10 10:45:00,63.41
2025-10-10 11:00:00,56.82
2025-10-10 11:15:00,60.029999
2025-10-10 11:30:00,59.419998
2025-10-10 11:45:00,58.400002
2025-10-10 12:00:00,55.209999
2025-10-10 12:15:00,54.389999
2025-10-10 12:30:00,53.709999
2025-10-10 12:45:00,53.32
2025-10-10 13:00:00,55.509998
2025-10-10 13:15:00,52.470001
2025-10-10 13:30:00,52.57
2025-10-10 13:45:00,51.189999
2025-10-10 14:00:00,49.0
2025-10-10 14:15:00,48.849998
2025-10-10 14:30:00,51.669998
2025-10-10 14:45:00,51.790001
2025-10-10 15:00:00,51.77
2025-10-10 15:15:00,51.799999
2025-10-10 15:30:00,51.98
2025-10-10 15:45:00,43.049999
2025-10-10 16:00:00,70.620003
2025-10-10 16:15:00,60.139999
2025-10-10 16:30:00,61.529999
2025-10-10 16:45:00,44.990002
2025-10-10 17:00:00,82.93
2025-10-10 17:15:00,67.349998
2025-10-10 17:30:00,67.029999
2025-10-10 17:45:00,86.589996
2025-10-10 18:00:00,93.160004
2025-10-10 18:15:00,93.190002
2025-10-10 18:30:00,93.209999
2025-10-10 18:45:00,93.209999
2025-10-10 19:00:00,93.260002
2025-10-10 19:15:00,93.260002
2025-10-10 19:30:00,93.260002
2025-10-10 19:45:00,93.230003
2025-10-10 20:00:00,93.199997
2025-10-10 20:15:00,73.43
2025-10-10 20:30:00,67.309998
2025-10-10 20:45:00,66.989998
2025-10-10 21:00:00,67.099998
2025-10-10 21:15:00,66.82
2025-10-10 21:30:00,66.559998
2025-10-10 21:45:00,65.970001
2025-10-10 22:00:00,65.660004
2025-10-10 22:15:00,65.099998
2025-10-10 22:30:00,64.650002
2025-10-10 22:45:00,63.869999
2025-10-10 23:00:00,63.43
2025-10-10 23:15:00,61.799999
2025-10-10 23:30:00,60.529999
2025-10-10 23:45:00,60.43
2025-10-11 00:00:00,39.950001
2025-10-11 00:15:00,64.830002
2025-10-11 00:30:00,63.560001
2025-10-11 00:45:00,62.91
2025-10-11 01:00:00,62.369999
2025-10-11 01:15:00,61.470001
2025-10-11 01:30:00,59.98
2025-10-11 01:45:00,55.93
2025-10-11 02:00:00,62.41
2025-10-11 02:15:00,61.09
2025-10-11 02:30:00,60.48
2025-10-11 02:45:00,57.099998
2025-10-11 03:00:00,60.48
2025-10-11 03:15:00,59.73
2025-10-11 03:30:00,56.98
2025-10-11 03:45:00,54.549999
2025-10-11 04:00:00,58.990002
2025-10-11 04:15:00,55.799999
2025-10-11 04:30:00,55.0
2025-10-11 04:45:00,53.990002
2025-10-11 05:00:00,56.060001
2025-10-11 05:15:00,56.490002
2025-10-11 05:30:00,56.970001
2025-10-11 05:45:00,60.450001
2025-10-11 06:00:00,65.410004
2025-10-11 06:15:00,65.940002
2025-10-11 06:30:00,66.459999
2025-10-11 06:45:00,65.389999
2025-10-11 07:00:00,70.370003
2025-10-11 07:15:00,69.529999
2025-10-11 07:30:00,69.75
2025-10-11 07:45:00,70.339996
2025-10-11 08:00:00,70.980003
2025-10-11 08:15:00,77.169998
2025-10-11 08:30:00,72.940002
2025-10-11 08:45:00,72.360001
2025-10-11 09:00:00,70.760002
2025-10-11 09:15:00,70.599998
2025-10-11 09:30:00,69.879997
2025-10-11 09:45:00,69.660004
2025-10-11 10:00:00,69.349998
2025-10-11 10:15:00,69.139999
2025-10-11 10:30:00,68.43
2025-10-11 10:45:00,68.349998
2025-10-11 11:00:00,66.5
2025-10-11 11:15:00,65.730003
2025-10-11 11:30:00,62.990002
2025-10-11 11:45:00,60.540001
2025-10-11 12:00:00,59.490002
2025-10-11 12:15:00,59.299999
2025-10-11 12:30:00,51.209999
2025-10-11 12:45:00,46.919998
2025-10-11 13:00:00,51.669998
2025-10-11 13:15:00,47.130001
2025-10-11 13:30:00,43.169998
2025-10-11 13:45:00,45.119999
2025-10-11 14:00:00,41.759998
2025-10-11 14:15:00,48.540001
2025-10-11 14:30:00,52.740002
2025-10-11 14:45:00,61.080002
2025-10-11 15:00:00,54.549999
2025-10-11 15:15:00,74.389999
2025-10-11 15:30:00,69.050003
2025-10-11 15:45:00,69.860001
2025-10-11 16:00:00,62.84
2025-10-11 16:15:00,75.709999
2025-10-11 16:30:00,89.610001
2025-10-11 16:45:00,103.699997
2025-10-11 17:00:00,76.120003
2025-10-11 17:15:00,91.190002
2025-10-11 17:30:00,116.059998
2025-10-11 17:45:00,136.970001
2025-10-11 18:00:00,102.940002
2025-10-11 18:15:00,117.059998
2025-10-11 18:30:00,125.489998
2025-10-11 18:45:00,138.169998
2025-10-11 19:00:00,127.160004
2025-10-11 19:15:00,135.309998
2025-10-11 19:30:00,126.720001
2025-10-11 19:45:00,119.57
2025-10-11 20:00:00,138.949997
2025-10-11 20:15:00,108.110001
2025-10-11 20:30:00,108.269997
2025-10-11 20:45:00,99.720001
2025-10-11 21:00:00,113.949997
2025-10-11 21:15:00,111.5
2025-10-11 21:30:00,109.199997
2025-10-11 21:45:00,93.07
2025-10-11 22:00:00,112.610001
2025-10-11 22:15:00,105.919998
2025-10-11 22:30:00,101.57
2025-10-11 22:45:00,93.160004
2025-10-11 23:00:00,104.029999
2025-10-11 23:15:00,94.989998
2025-10-11 23:30:00,93.18
2025-10-11 23:45:00,87.099998
2025-10-12 00:00:00,108.389999
2025-10-12 00:15:00,87.580002
2025-10-12 00:30:00,85.669998
2025-10-12 00:45:00,82.360001
2025-10-12 01:00:00,87.550003
2025-10-12 01:15:00,87.529999
2025-10-12 01:30:00,84.260002
2025-10-12 01:45:00,77.779999
2025-10-12 02:00:00,87.519997
2025-10-12 02:15:00,85.099998
2025-10-12 02:30:00,76.440002
2025-10-12 02:45:00,71.129997
2025-10-12 03:00:00,70.82
2025-10-12 03:15:00,70.639999
2025-10-12 03:30:00,70.480003
2025-10-12 03:45:00,74.199997
2025-10-12 04:00:00,65.07
2025-10-12 04:15:00,69.089996
2025-10-12 04:30:00,68.989998
2025-10-12 04:45:00,76.989998
2025-10-12 05:00:00,59.360001
2025-10-12 05:15:00,67.529999
2025-10-12 05:30:00,67.559998
2025-10-12 05:45:00,67.760002
2025-10-12 06:00:00,67.040001
2025-10-12 06:15:00,67.470001
2025-10-12 06:30:00,67.980003
2025-10-12 06:45:00,66.910004
2025-10-12 07:00:00,70.349998
2025-10-12 07:15:00,69.290001
2025-10-12 07:30:00,69.650002
2025-10-12 07:45:00,70.07
2025-10-12 08:00:00,70.650002
2025-10-12 08:15:00,70.730003
2025-10-12 08:30:00,71.010002
2025-10-12 08:45:00,71.230003
2025-10-12 09:00:00,71.300003
2025-10-12 09:15:00,77.410004
2025-10-12 09:30:00,71.580002
2025-10-12 09:45:00,73.0
2025-10-12 10:00:00,70.410004
2025-10-12 10:15:00,72.410004
2025-10-12 10:30:00,70.730003
2025-10-12 10:45:00,70.239998
2025-10-12 11:00:00,75.449997
2025-10-12 11:15:00,71.190002
2025-10-12 11:30:00,71.269997
2025-10-12 11:45:00,69.690002
2025-10-12 12:00:00,68.940002
2025-10-12 12:15:00,67.610001
2025-10-12 12:30:00,66.599998
2025-10-12 12:45:00,64.400002
2025-10-12 13:00:00,55.84
2025-10-12 13:15:00,53.299999
2025-10-12 13:30:00,50.650002
2025-10-12 13:45:00,48.849998
2025-10-12 14:00:00,53.599998
2025-10-12 14:15:00,57.060001
2025-10-12 14:30:00,65.739998
2025-10-12 14:45:00,73.5
2025-10-12 15:00:00,70.209999
2025-10-12 15:15:00,72.519997
2025-10-12 15:30:00,84.93
2025-10-12 15:45:00,92.279999
2025-10-12 16:00:00,72.760002
2025-10-12 16:15:00,83.739998
2025-10-12 16:30:00,92.940002
2025-10-12 16:45:00,102.57
2025-10-12 17:00:00,86.889999
2025-10-12 17:15:00,102.709999
2025-10-12 17:30:00,113.230003
2025-10-12 17:45:00,119.370003
2025-10-12 18:00:00,96.760002
2025-10-12 18:15:00,105.970001
2025-10-12 18:30:00,112.019997
2025-10-12 18:45:00,120.870003
2025-10-12 19:00:00,114.629997
2025-10-12 19:15:00,115.389999
2025-10-12 19:30:00,120.919998
2025-10-12 19:45:00,115.620003
2025-10-12 20:00:00,119.389999
2025-10-12 20:15:00,118.910004
2025-10-12 20:30:00,112.639999
2025-10-12 20:45:00,111.169998
2025-10-12 21:00:00,117.970001
2025-10-12 21:15:00,114.919998
2025-10-12 21:30:00,106.629997
2025-10-12 21:45:00,102.269997
2025-10-12 22:00:00,118.919998
2025-10-12 22:15:00,111.379997
2025-10-12 22:30:00,103.650002
2025-10-12 22:45:00,97.209999
2025-10-12 23:00:00,102.839996
2025-10-12 23:15:00,93.589996
2025-10-12 23:30:00,91.830002
2025-10-12 23:45:00,85.519997
2025-10-13 00:00:00,104.050003
2025-10-13 00:15:00,93.080002
2025-10-13 00:30:00,90.190002
2025-10-13 00:45:00,86.489998
2025-10-13 01:00:00,91.309998
2025-10-13 01:15:00,87.580002
2025-10-13 01:30:00,91.610001
2025-10-13 01:45:00,90.540001
2025-10-13 02:00:00,93.669998
2025-10-13 02:15:00,91.919998
2025-10-13 02:30:00,89.269997
2025-10-13 02:45:00,88.470001
2025-10-13 03:00:00,89.669998
2025-10-13 03:15:00,89.0
2025-10-13 03:30:00,87.720001
2025-10-13 03:45:00,90.099998
2025-10-13 04:00:00,93.0
2025-10-13 04:15:00,88.57
2025-10-13 04:30:00,93.400002
2025-10-13 04:45:00,98.839996
2025-10-13 05:00:00,89.059998
2025-10-13 05:15:00,93.709999
2025-10-13 05:30:00,96.790001
2025-10-13 05:45:00,112.82
2025-10-13 06:00:00,84.709999
2025-10-13 06:15:00,114.209999
2025-10-13 06:30:00,142.960007
2025-10-13 06:45:00,183.759995
2025-10-13 07:00:00,144.360001
2025-10-13 07:15:00,213.899994
2025-10-13 07:30:00,252.529999
2025-10-13 07:45:00,263.76001
2025-10-13 08:00:00,256.609985
2025-10-13 08:15:00,228.949997
2025-10-13 08:30:00,175.679993
2025-10-13 08:45:00,136.990005
2025-10-13 09:00:00,202.360001
2025-10-13 09:15:00,153.440002
2025-10-13 09:30:00,135.960007
2025-10-13 09:45:00,108.980003
2025-10-13 10:00:00,141.470001
2025-10-13 10:15:00,132.410004
2025-10-13 10:30:00,118.190002
2025-10-13 10:45:00,108.32
2025-10-13 11:00:00,127.089996
2025-10-13 11:15:00,111.150002
2025-10-13 11:30:00,103.470001
2025-10-13 11:45:00,98.290001
2025-10-13 12:00:00,103.559998
2025-10-13 12:15:00,95.830002
2025-10-13 12:30:00,92.440002
2025-10-13 12:45:00,88.57
2025-10-13 13:00:00,95.050003
2025-10-13 13:15:00,92.199997
2025-10-13 13:30:00,87.57
2025-10-13 13:45:00,84.610001
2025-10-13 14:00:00,82.75
2025-10-13 14:15:00,87.75
2025-10-13 14:30:00,95.870003
2025-10-13 14:45:00,102.019997
2025-10-13 15:00:00,88.300003
2025-10-13 15:15:00,95.129997
2025-10-13 15:30:00,104.870003
2025-10-13 15:45:00,119.059998
2025-10-13 16:00:00,92.199997
2025-10-13 16:15:00,107.459999
2025-10-13 16:30:00,123.290001
2025-10-13 16:45:00,148.660004
2025-10-13 17:00:00,106.779999
2025-10-13 17:15:00,130.889999
2025-10-13 17:30:00,198.429993
2025-10-13 17:45:00,286.299988
2025-10-13 18:00:00,184.600006
2025-10-13 18:15:00,245.360001
2025-10-13 18:30:00,336.779999
2025-10-13 18:45:00,381.369995
2025-10-13 19:00:00,370.200012
2025-10-13 19:15:00,322.970001
2025-10-13 19:30:00,257.970001
2025-10-13 19:45:00,208.649994
2025-10-13 20:00:00,273.429993
2025-10-13 20:15:00,201.949997
2025-10-13 20:30:00,143.389999
2025-10-13 20:45:00,129.039993
2025-10-13 21:00:00,176.199997
2025-10-13 21:15:00,139.360001
2025-10-13 21:30:00,118.959999
2025-10-13 21:45:00,111.919998
2025-10-13 22:00:00,125.150002
2025-10-13 22:15:00,120.980003
2025-10-13 22:30:00,117.300003
2025-10-13 22:45:00,107.199997
2025-10-13 23:00:00,118.699997
2025-10-13 23:15:00,104.839996
2025-10-13 23:30:00,104.879997
2025-10-13 23:45:00,97.910004
2025-10-14 00:00:00,105.059998
2025-10-14 00:15:00,116.529999
2025-10-14 00:30:00,102.239998
2025-10-14 00:45:00,96.870003
2025-10-14 01:00:00,107.050003
2025-10-14 01:15:00,103.459999
2025-10-14 01:30:00,100.589996
2025-10-14 01:45:00,91.220001
2025-10-14 02:00:00,104.849998
2025-10-14 02:15:00,98.480003
2025-10-14 02:30:00,94.489998
2025-10-14 02:45:00,88.949997
2025-10-14 03:00:00,99.540001
2025-10-14 03:15:00,96.559998
2025-10-14 03:30:00,94.129997
2025-10-14 03:45:00,93.849998
2025-10-14 04:00:00,94.239998
2025-10-14 04:15:00,94.540001
2025-10-14 04:30:00,92.879997
2025-10-14 04:45:00,97.639999
2025-10-14 05:00:00,93.82
2025-10-14 05:15:00,98.449997
2025-10-14 05:30:00,99.360001
2025-10-14 05:45:00,100.800003
2025-10-14 06:00:00,88.949997
2025-10-14 06:15:00,111.919998
2025-10-14 06:30:00,138.830002
2025-10-14 06:45:00,130.160004
2025-10-14 07:00:00,132.929993
2025-10-14 07:15:00,144.539993
2025-10-14 07:30:00,177.75
2025-10-14 07:45:00,188.5
2025-10-14 08:00:00,231.080002
2025-10-14 08:15:00,224.0
2025-10-14 08:30:00,173.029999
2025-10-14 08:45:00,149.520004
2025-10-14 09:00:00,215.710007
2025-10-14 09:15:00,158.660004
2025-10-14 09:30:00,139.789993
2025-10-14 09:45:00,128.039993
2025-10-14 10:00:00,182.509995
2025-10-14 10:15:00,134.649994
2025-10-14 10:30:00,118.209999
2025-10-14 10:45:00,110.0
2025-10-14 11:00:00,135.380005
2025-10-14 11:15:00,124.660004
2025-10-14 11:30:00,116.720001
2025-10-14 11:45:00,111.910004
2025-10-14 12:00:00,114.059998
2025-10-14 12:15:00,112.32
2025-10-14 12:30:00,108.300003
2025-10-14 12:45:00,100.07
2025-10-14 13:00:00,104.839996
2025-10-14 13:15:00,102.489998
2025-10-14 13:30:00,103.489998
2025-10-14 13:45:00,101.169998
2025-10-14 14:00:00,89.230003
2025-10-14 14:15:00,101.25
2025-10-14 14:30:00,109.599998
2025-10-14 14:45:00,125.43
2025-10-14 15:00:00,102.239998
2025-10-14 15:15:00,113.5
2025-10-14 15:30:00,118.260002
2025-10-14 15:45:00,156.190002
2025-10-14 16:00:00,92.559998
2025-10-14 16:15:00,117.019997
2025-10-14 16:30:00,155.190002
2025-10-14 16:45:00,224.320007
2025-10-14 17:00:00,123.489998
2025-10-14 17:15:00,151.970001
2025-10-14 17:30:00,238.960007
2025-10-14 17:45:00,378.779999
2025-10-14 18:00:00,274.809998
2025-10-14 18:15:00,361.839996
2025-10-14 18:30:00,474.799988
2025-10-14 18:45:00,508.380005
2025-10-14 19:00:00,493.940002
2025-10-14 19:15:00,448.630005
2025-10-14 19:30:00,379.980011
2025-10-14 19:45:00,306.269989
2025-10-14 20:00:00,332.200012
2025-10-14 20:15:00,242.830002
2025-10-14 20:30:00,181.699997
2025-10-14 20:45:00,145.190002
2025-10-14 21:00:00,214.199997
2025-10-14 21:15:00,165.070007
2025-10-14 21:30:00,146.910004
2025-10-14 21:45:00,125.980003
2025-10-14 22:00:00,146.899994
2025-10-14 22:15:00,132.570007
2025-10-14 22:30:00,123.089996
2025-10-14 22:45:00,116.870003
2025-10-14 23:00:00,123.949997
2025-10-14 23:15:00,118.010002
2025-10-14 23:30:00,110.629997
2025-10-14 23:45:00,108.849998
2025-10-15 00:00:00,120.260002
2025-10-15 00:15:00,116.089996
2025-10-15 00:30:00,113.529999
2025-10-15 00:45:00,111.970001
2025-10-15 01:00:00,117.160004
2025-10-15 01:15:00,112.449997
2025-10-15 01:30:00,110.160004
2025-10-15 01:45:00,107.690002
2025-10-15 02:00:00,110.150002
2025-10-15 02:15:00,108.379997
2025-10-15 02:30:00,106.290001
2025-10-15 02:45:00,105.910004
2025-10-15 03:00:00,105.980003
2025-10-15 03:15:00,104.940002
2025-10-15 03:30:00,101.43
2025-10-15 03:45:00,102.120003
2025-10-15 04:00:00,96.019997
2025-10-15 04:15:00,99.440002
2025-10-15 04:30:00,101.620003
2025-10-15 04:45:00,106.25
2025-10-15 05:00:00,103.720001
2025-10-15 05:15:00,107.900002
2025-10-15 05:30:00,111.669998
2025-10-15 05:45:00,109.839996
2025-10-15 06:00:00,93.370003
2025-10-15 06:15:00,109.720001
2025-10-15 06:30:00,140.130005
2025-10-15 06:45:00,175.610001
2025-10-15 07:00:00,130.169998
2025-10-15 07:15:00,167.389999
2025-10-15 07:30:00,254.089996
2025-10-15 07:45:00,266.660004
2025-10-15 08:00:00,316.809998
2025-10-15 08:15:00,278.350006
2025-10-15 08:30:00,234.600006
2025-10-15 08:45:00,193.759995
2025-10-15 09:00:00,239.389999
2025-10-15 09:15:00,188.380005
2025-10-15 09:30:00,139.330002
2025-10-15 09:45:00,124.559998
2025-10-15 10:00:00,179.25
2025-10-15 10:15:00,136.100006
2025-10-15 10:30:00,127.68
2025-10-15 10:45:00,109.529999
2025-10-15 11:00:00,137.259995
2025-10-15 11:15:00,123.769997
2025-10-15 11:30:00,111.989998
2025-10-15 11:45:00,106.279999
2025-10-15 12:00:00,120.82
2025-10-15 12:15:00,116.5
2025-10-15 12:30:00,108.849998
2025-10-15 12:45:00,103.68
2025-10-15 13:00:00,110.550003
2025-10-15 13:15:00,108.550003
2025-10-15 13:30:00,102.910004
2025-10-15 13:45:00,96.910004
2025-10-15 14:00:00,100.07
2025-10-15 14:15:00,101.400002
2025-10-15 14:30:00,101.730003
2025-10-15 14:45:00,110.620003
2025-10-15 15:00:00,93.169998
2025-10-15 15:15:00,100.360001
2025-10-15 15:30:00,113.709999
2025-10-15 15:45:00,139.630005
2025-10-15 16:00:00,95.050003
2025-10-15 16:15:00,111.440002
2025-10-15 16:30:00,136.509995
2025-10-15 16:45:00,157.850006
2025-10-15 17:00:00,102.470001
2025-10-15 17:15:00,124.489998
2025-10-15 17:30:00,171.300003
2025-10-15 17:45:00,241.240005
2025-10-15 18:00:00,152.399994
2025-10-15 18:15:00,182.919998
2025-10-15 18:30:00,236.220001
2025-10-15 18:45:00,280.720001
2025-10-15 19:00:00,285.540009
2025-10-15 19:15:00,242.910004
2025-10-15 19:30:00,182.929993
2025-10-15 19:45:00,160.600006
2025-10-15 20:00:00,213.509995
2025-10-15 20:15:00,156.589996
2025-10-15 20:30:00,123.949997
2025-10-15 20:45:00,114.0
2025-10-15 21:00:00,144.350006
2025-10-15 21:15:00,127.470001
2025-10-15 21:30:00,115.529999
2025-10-15 21:45:00,94.419998
2025-10-15 22:00:00,113.419998
2025-10-15 22:15:00,98.18
2025-10-15 22:30:00,95.349998
2025-10-15 22:45:00,81.459999
2025-10-15 23:00:00,94.419998
2025-10-15 23:15:00,87.169998
2025-10-15 23:30:00,87.099998
2025-10-15 23:45:00,81.790001
2025-10-16 00:00:00,85.860001
2025-10-16 00:15:00,91.470001
2025-10-16 00:30:00,87.419998
2025-10-16 00:45:00,81.839996
2025-10-16 01:00:00,86.330002
2025-10-16 01:15:00,83.43
2025-10-16 01:30:00,82.650002
2025-10-16 01:45:00,78.080002
2025-10-16 02:00:00,87.440002
2025-10-16 02:15:00,87.260002
2025-10-16 02:30:00,83.379997
2025-10-16 02:45:00,78.980003
2025-10-16 03:00:00,85.660004
2025-10-16 03:15:00,81.910004
2025-10-16 03:30:00,80.540001
2025-10-16 03:45:00,72.82
2025-10-16 04:00:00,77.260002
2025-10-16 04:15:00,76.730003
2025-10-16 04:30:00,77.330002
2025-10-16 04:45:00,72.68
2025-10-16 05:00:00,71.220001
2025-10-16 05:15:00,78.0
2025-10-16 05:30:00,80.0
2025-10-16 05:45:00,84.75
2025-10-16 06:00:00,67.089996
2025-10-16 06:15:00,82.199997
2025-10-16 06:30:00,93.489998
2025-10-16 06:45:00,105.529999
2025-10-16 07:00:00,93.040001
2025-10-16 07:15:00,105.099998
2025-10-16 07:30:00,106.660004
2025-10-16 07:45:00,105.970001
2025-10-16 08:00:00,140.139999
2025-10-16 08:15:00,133.199997
2025-10-16 08:30:00,122.940002
2025-10-16 08:45:00,96.82
2025-10-16 09:00:00,143.889999
2025-10-16 09:15:00,125.080002
2025-10-16 09:30:00,106.379997
2025-10-16 09:45:00,86.339996
2025-10-16 10:00:00,108.540001
2025-10-16 10:15:00,90.589996
2025-10-16 10:30:00,79.470001
2025-10-16 10:45:00,76.010002
2025-10-16 11:00:00,87.470001
2025-10-16 11:15:00,79.449997
2025-10-16 11:30:00,72.169998
2025-10-16 11:45:00,72.919998
2025-10-16 12:00:00,66.639999
2025-10-16 12:15:00,68.550003
2025-10-16 12:30:00,68.110001
2025-10-16 12:45:00,68.540001
2025-10-16 13:00:00,68.599998
2025-10-16 13:15:00,69.040001
2025-10-16 13:30:00,69.099998
2025-10-16 13:45:00,69.269997
2025-10-16 14:00:00,68.309998
2025-10-16 14:15:00,68.410004
2025-10-16 14:30:00,68.480003
2025-10-16 14:45:00,69.480003
2025-10-16 15:00:00,68.470001
2025-10-16 15:15:00,69.559998
2025-10-16 15:30:00,72.620003
2025-10-16 15:45:00,81.760002
2025-10-16 16:00:00,67.080002
2025-10-16 16:15:00,78.440002
2025-10-16 16:30:00,88.360001
2025-10-16 16:45:00,105.540001
2025-10-16 17:00:00,78.400002
2025-10-16 17:15:00,109.889999
2025-10-16 17:30:00,126.459999
2025-10-16 17:45:00,137.75
2025-10-16 18:00:00,109.519997
2025-10-16 18:15:00,126.099998
2025-10-16 18:30:00,134.600006
2025-10-16 18:45:00,144.820007
2025-10-16 19:00:00,137.229996
2025-10-16 19:15:00,143.639999
2025-10-16 19:30:00,144.399994
2025-10-16 19:45:00,136.190002
2025-10-16 20:00:00,133.869995
2025-10-16 20:15:00,120.849998
2025-10-16 20:30:00,125.339996
2025-10-16 20:45:00,103.510002
2025-10-16 21:00:00,123.849998
2025-10-16 21:15:00,103.559998
2025-10-16 21:30:00,89.779999
2025-10-16 21:45:00,86.449997
2025-10-16 22:00:00,87.790001
2025-10-16 22:15:00,98.540001
2025-10-16 22:30:00,101.620003
2025-10-16 22:45:00,93.25
2025-10-16 23:00:00,100.099998
2025-10-16 23:15:00,94.18
2025-10-16 23:30:00,93.190002
2025-10-16 23:45:00,83.220001
2025-10-17 00:00:00,91.400002
2025-10-17 00:15:00,88.110001
2025-10-17 00:30:00,87.029999
2025-10-17 00:45:00,84.970001
2025-10-17 01:00:00,86.0
2025-10-17 01:15:00,84.199997
2025-10-17 01:30:00,86.510002
2025-10-17 01:45:00,86.800003
2025-10-17 02:00:00,91.050003
2025-10-17 02:15:00,86.260002
2025-10-17 02:30:00,85.660004
2025-10-17 02:45:00,86.389999
2025-10-17 03:00:00,87.860001
2025-10-17 03:15:00,86.82
2025-10-17 03:30:00,88.220001
2025-10-17 03:45:00,85.650002
2025-10-17 04:00:00,85.290001
2025-10-17 04:15:00,84.18
2025-10-17 04:30:00,88.120003
2025-10-17 04:45:00,94.139999
2025-10-17 05:00:00,88.209999
2025-10-17 05:15:00,88.910004
2025-10-17 05:30:00,95.489998
2025-10-17 05:45:00,96.029999
2025-10-17 06:00:00,83.129997
2025-10-17 06:15:00,89.839996
2025-10-17 06:30:00,109.440002
2025-10-17 06:45:00,119.400002
2025-10-17 07:00:00,114.169998
2025-10-17 07:15:00,116.639999
2025-10-17 07:30:00,133.009995
2025-10-17 07:45:00,146.880005
2025-10-17 08:00:00,158.089996
2025-10-17 08:15:00,159.990005
2025-10-17 08:30:00,140.789993
2025-10-17 08:45:00,118.169998
2025-10-17 09:00:00,161.020004
2025-10-17 09:15:00,133.0
2025-10-17 09:30:00,120.0
2025-10-17 09:45:00,102.059998
2025-10-17 10:00:00,124.910004
2025-10-17 10:15:00,120.370003
2025-10-17 10:30:00,108.660004
2025-10-17 10:45:00,102.339996
2025-10-17 11:00:00,111.660004
2025-10-17 11:15:00,99.720001
2025-10-17 11:30:00,89.940002
2025-10-17 11:45:00,84.290001
2025-10-17 12:00:00,90.669998
2025-10-17 12:15:00,85.309998
2025-10-17 12:30:00,84.150002
2025-10-17 12:45:00,79.860001
2025-10-17 13:00:00,84.309998
2025-10-17 13:15:00,80.230003
2025-10-17 13:30:00,78.510002
2025-10-17 13:45:00,75.82
2025-10-17 14:00:00,75.970001
2025-10-17 14:15:00,78.379997
2025-10-17 14:30:00,80.230003
2025-10-17 14:45:00,81.0
2025-10-17 15:00:00,73.870003
2025-10-17 15:15:00,78.839996
2025-10-17 15:30:00,83.279999
2025-10-17 15:45:00,85.279999
2025-10-17 16:00:00,75.849998
2025-10-17 16:15:00,82.970001
2025-10-17 16:30:00,90.589996
2025-10-17 16:45:00,109.639999
2025-10-17 17:00:00,87.860001
2025-10-17 17:15:00,106.620003
2025-10-17 17:30:00,121.599998
2025-10-17 17:45:00,147.020004
2025-10-17 18:00:00,126.400002
2025-10-17 18:15:00,129.320007
2025-10-17 18:30:00,125.330002
2025-10-17 18:45:00,136.190002
2025-10-17 19:00:00,127.860001
2025-10-17 19:15:00,129.539993
2025-10-17 19:30:00,136.449997
2025-10-17 19:45:00,128.910004
2025-10-17 20:00:00,131.429993
2025-10-17 20:15:00,111.150002
2025-10-17 20:30:00,119.440002
2025-10-17 20:45:00,105.93
2025-10-17 21:00:00,114.699997
2025-10-17 21:15:00,101.440002
2025-10-17 21:30:00,101.449997
2025-10-17 21:45:00,98.629997
2025-10-17 22:00:00,108.120003
2025-10-17 22:15:00,102.809998
2025-10-17 22:30:00,101.980003
2025-10-17 22:45:00,95.82
2025-10-17 23:00:00,105.449997
2025-10-17 23:15:00,95.300003
2025-10-17 23:30:00,87.849998
2025-10-17 23:45:00,81.389999
2025-10-18 00:00:00,93.610001
2025-10-18 00:15:00,103.620003
2025-10-18 00:30:00,93.400002
2025-10-18 00:45:00,87.830002
2025-10-18 01:00:00,96.349998
2025-10-18 01:15:00,89.709999
2025-10-18 01:30:00,86.82
2025-10-18 01:45:00,86.559998
2025-10-18 02:00:00,97.199997
2025-10-18 02:15:00,89.800003
2025-10-18 02:30:00,86.870003
2025-10-18 02:45:00,85.379997
2025-10-18 03:00:00,86.510002
2025-10-18 03:15:00,86.830002
2025-10-18 03:30:00,89.629997
2025-10-18 03:45:00,90.379997
2025-10-18 04:00:00,85.410004
2025-10-18 04:15:00,86.07
2025-10-18 04:30:00,89.290001
2025-10-18 04:45:00,92.629997
2025-10-18 05:00:00,82.360001
2025-10-18 05:15:00,85.059998
2025-10-18 05:30:00,93.410004
2025-10-18 05:45:00,92.43
2025-10-18 06:00:00,80.220001
2025-10-18 06:15:00,85.400002
2025-10-18 06:30:00,95.699997
2025-10-18 06:45:00,106.5
2025-10-18 07:00:00,93.190002
2025-10-18 07:15:00,108.739998
2025-10-18 07:30:00,115.870003
2025-10-18 07:45:00,120.089996
2025-10-18 08:00:00,121.199997
2025-10-18 08:15:00,117.519997
2025-10-18 08:30:00,116.5
2025-10-18 08:45:00,102.970001
2025-10-18 09:00:00,124.989998
2025-10-18 09:15:00,115.669998
2025-10-18 09:30:00,92.870003
2025-10-18 09:45:00,75.440002
2025-10-18 10:00:00,114.910004
2025-10-18 10:15:00,91.690002
2025-10-18 10:30:00,82.879997
2025-10-18 10:45:00,76.389999
2025-10-18 11:00:00,87.989998
2025-10-18 11:15:00,82.610001
2025-10-18 11:30:00,79.790001
2025-10-18 11:45:00,72.760002
2025-10-18 12:00:00,78.449997
2025-10-18 12:15:00,75.849998
2025-10-18 12:30:00,73.779999
2025-10-18 12:45:00,67.690002
2025-10-18 13:00:00,68.669998
2025-10-18 13:15:00,65.599998
2025-10-18 13:30:00,67.529999
2025-10-18 13:45:00,68.330002
2025-10-18 14:00:00,64.410004
2025-10-18 14:15:00,70.400002
2025-10-18 14:30:00,75.139999
2025-10-18 14:45:00,79.25
2025-10-18 15:00:00,71.220001
2025-10-18 15:15:00,78.410004
2025-10-18 15:30:00,86.269997
2025-10-18 15:45:00,98.099998
2025-10-18 16:00:00,66.900002
2025-10-18 16:15:00,84.650002
2025-10-18 16:30:00,106.150002
2025-10-18 16:45:00,128.5
2025-10-18 17:00:00,86.889999
2025-10-18 17:15:00,106.099998
2025-10-18 17:30:00,117.519997
2025-10-18 17:45:00,155.940002
2025-10-18 18:00:00,126.18
2025-10-18 18:15:00,132.020004
2025-10-18 18:30:00,138.520004
2025-10-18 18:45:00,136.220001
2025-10-18 19:00:00,138.389999
2025-10-18 19:15:00,127.220001
2025-10-18 19:30:00,118.059998
2025-10-18 19:45:00,115.620003
2025-10-18 20:00:00,132.559998
2025-10-18 20:15:00,114.449997
2025-10-18 20:30:00,104.769997
2025-10-18 20:45:00,96.389999
2025-10-18 21:00:00,99.160004
2025-10-18 21:15:00,97.019997
2025-10-18 21:30:00,89.139999
2025-10-18 21:45:00,84.889999
2025-10-18 22:00:00,104.169998
2025-10-18 22:15:00,95.860001
2025-10-18 22:30:00,96.879997
2025-10-18 22:45:00,85.410004
2025-10-18 23:00:00,105.760002
2025-10-18 23:15:00,96.349998
2025-10-18 23:30:00,89.309998
2025-10-18 23:45:00,85.889999
2025-10-19 00:00:00,102.019997
2025-10-19 00:15:00,92.0
2025-10-19 00:30:00,86.57
2025-10-19 00:45:00,83.260002
2025-10-19 01:00:00,92.440002
2025-10-19 01:15:00,86.889999
2025-10-19 01:30:00,83.239998
2025-10-19 01:45:00,78.529999
2025-10-19 02:00:00,84.93
2025-10-19 02:15:00,79.150002
2025-10-19 02:30:00,78.25
2025-10-19 02:45:00,75.040001
2025-10-19 03:00:00,76.239998
2025-10-19 03:15:00,72.150002
2025-10-19 03:30:00,72.57
2025-10-19 03:45:00,74.099998
2025-10-19 04:00:00,74.239998
2025-10-19 04:15:00,72.889999
2025-10-19 04:30:00,74.300003
2025-10-19 04:45:00,73.25
2025-10-19 05:00:00,75.989998
2025-10-19 05:15:00,74.370003
2025-10-19 05:30:00,78.260002
2025-10-19 05:45:00,77.239998
2025-10-19 06:00:00,73.260002
2025-10-19 06:15:00,73.110001
2025-10-19 06:30:00,75.199997
2025-10-19 06:45:00,79.0
2025-10-19 07:00:00,76.459999
2025-10-19 07:15:00,77.690002
2025-10-19 07:30:00,75.089996
2025-10-19 07:45:00,77.940002
2025-10-19 08:00:00,86.82
2025-10-19 08:15:00,86.300003
2025-10-19 08:30:00,76.160004
2025-10-19 08:45:00,67.510002
2025-10-19 09:00:00,86.830002
2025-10-19 09:15:00,73.540001
2025-10-19 09:30:00,66.290001
2025-10-19 09:45:00,57.130001
2025-10-19 10:00:00,70.32
2025-10-19 10:15:00,68.720001
2025-10-19 10:30:00,67.209999
2025-10-19 10:45:00,59.360001
2025-10-19 11:00:00,74.050003
2025-10-19 11:15:00,66.199997
2025-10-19 11:30:00,60.029999
2025-10-19 11:45:00,40.919998
2025-10-19 12:00:00,54.360001
2025-10-19 12:15:00,40.049999
2025-10-19 12:30:00,28.0
2025-10-19 12:45:00,15.86
2025-10-19 13:00:00,24.08
2025-10-19 13:15:00,21.25
2025-10-19 13:30:00,19.780001
2025-10-19 13:45:00,16.07
2025-10-19 14:00:00,11.68
2025-10-19 14:15:00,22.67
2025-10-19 14:30:00,44.709999
2025-10-19 14:45:00,65.809998
2025-10-19 15:00:00,40.060001
2025-10-19 15:15:00,68.889999
2025-10-19 15:30:00,73.099998
2025-10-19 15:45:00,85.040001
2025-10-19 16:00:00,50.68
2025-10-19 16:15:00,70.010002
2025-10-19 16:30:00,84.989998
2025-10-19 16:45:00,97.099998
2025-10-19 17:00:00,74.43
2025-10-19 17:15:00,86.879997
2025-10-19 17:30:00,93.82
2025-10-19 17:45:00,103.260002
2025-10-19 18:00:00,99.900002
2025-10-19 18:15:00,101.150002
2025-10-19 18:30:00,89.519997
2025-10-19 18:45:00,86.849998
2025-10-19 19:00:00,96.440002
2025-10-19 19:15:00,86.940002
2025-10-19 19:30:00,83.0
2025-10-19 19:45:00,69.919998
2025-10-19 20:00:00,70.959999
2025-10-19 20:15:00,70.400002
2025-10-19 20:30:00,72.18
2025-10-19 20:45:00,67.860001
2025-10-19 21:00:00,73.919998
2025-10-19 21:15:00,71.190002
2025-10-19 21:30:00,66.059998
2025-10-19 21:45:00,56.709999
2025-10-19 22:00:00,67.209999
2025-10-19 22:15:00,66.529999
2025-10-19 22:30:00,65.639999
2025-10-19 22:45:00,56.900002
2025-10-19 23:00:00,64.279999
2025-10-19 23:15:00,55.119999
2025-10-19 23:30:00,51.52
2025-10-19 23:45:00,51.330002
2025-10-20 00:00:00,59.93
2025-10-20 00:15:00,65.620003
2025-10-20 00:30:00,59.419998
2025-10-20 00:45:00,49.389999
2025-10-20 01:00:00,59.380001
2025-10-20 01:15:00,56.209999
2025-10-20 01:30:00,51.540001
2025-10-20 01:45:00,50.5
2025-10-20 02:00:00,57.66
2025-10-20 02:15:00,53.16
2025-10-20 02:30:00,52.09
2025-10-20 02:45:00,50.59
2025-10-20 03:00:00,53.299999
2025-10-20 03:15:00,51.59
2025-10-20 03:30:00,50.709999
2025-10-20 03:45:00,52.709999
2025-10-20 04:00:00,47.439999
2025-10-20 04:15:00,50.220001
2025-10-20 04:30:00,51.400002
2025-10-20 04:45:00,59.740002
2025-10-20 05:00:00,49.759998
2025-10-20 05:15:00,53.07
2025-10-20 05:30:00,53.310001
2025-10-20 05:45:00,55.650002
2025-10-20 06:00:00,52.77
2025-10-20 06:15:00,65.510002
2025-10-20 06:30:00,67.639999
2025-10-20 06:45:00,68.910004
2025-10-20 07:00:00,74.230003
2025-10-20 07:15:00,77.919998
2025-10-20 07:30:00,82.809998
2025-10-20 07:45:00,86.860001
2025-10-20 08:00:00,89.389999
2025-10-20 08:15:00,88.059998
2025-10-20 08:30:00,86.849998
2025-10-20 08:45:00,85.370003
2025-10-20 09:00:00,86.879997
2025-10-20 09:15:00,86.510002
2025-10-20 09:30:00,73.419998
2025-10-20 09:45:00,70.970001
2025-10-20 10:00:00,71.970001
2025-10-20 10:15:00,70.269997
2025-10-20 10:30:00,66.470001
2025-10-20 10:45:00,62.380001
2025-10-20 11:00:00,66.209999
2025-10-20 11:15:00,63.98
2025-10-20 11:30:00,62.27
2025-10-20 11:45:00,60.900002
2025-10-20 12:00:00,61.900002
2025-10-20 12:15:00,57.279999
2025-10-20 12:30:00,54.459999
2025-10-20 12:45:00,57.34
2025-10-20 13:00:00,59.130001
2025-10-20 13:15:00,60.549999
2025-10-20 13:30:00,59.950001
2025-10-20 13:45:00,61.48
2025-10-20 14:00:00,57.040001
2025-10-20 14:15:00,62.009998
2025-10-20 14:30:00,65.110001
2025-10-20 14:45:00,76.550003
2025-10-20 15:00:00,65.959999
2025-10-20 15:15:00,70.459999
2025-10-20 15:30:00,72.300003
2025-10-20 15:45:00,73.129997
2025-10-20 16:00:00,72.120003
2025-10-20 16:15:00,73.230003
2025-10-20 16:30:00,75.949997
2025-10-20 16:45:00,77.889999
2025-10-20 17:00:00,86.870003
2025-10-20 17:15:00,90.809998
2025-10-20 17:30:00,90.900002
2025-10-20 17:45:00,90.900002
2025-10-20 18:00:00,109.199997
2025-10-20 18:15:00,86.879997
2025-10-20 18:30:00,86.879997
2025-10-20 18:45:00,86.870003
2025-10-20 19:00:00,86.809998
2025-10-20 19:15:00,82.129997
2025-10-20 19:30:00,86.830002
2025-10-20 19:45:00,84.199997
2025-10-20 20:00:00,59.360001
2025-10-20 20:15:00,59.470001
2025-10-20 20:30:00,67.239998
2025-10-20 20:45:00,67.220001
2025-10-20 21:00:00,68.290001
2025-10-20 21:15:00,67.900002
2025-10-20 21:30:00,69.32
2025-10-20 21:45:00,54.34
2025-10-20 22:00:00,64.82
2025-10-20 22:15:00,64.57
2025-10-20 22:30:00,60.560001
2025-10-20 22:45:00,50.18
2025-10-20 23:00:00,53.349998
2025-10-20 23:15:00,56.810001
2025-10-20 23:30:00,54.200001
2025-10-20 23:45:00,39.639999
2025-10-21 00:00:00,80.900002
2025-10-21 00:15:00,65.699997
2025-10-21 00:30:00,53.650002
2025-10-21 00:45:00,45.669998
2025-10-21 01:00:00,55.529999
2025-10-21 01:15:00,49.849998
2025-10-21 01:30:00,42.57
2025-10-21 01:45:00,27.379999
2025-10-21 02:00:00,46.5
2025-10-21 02:15:00,34.759998
2025-10-21 02:30:00,31.049999
2025-10-21 02:45:00,19.98
2025-10-21 03:00:00,32.18
2025-10-21 03:15:00,22.4
2025-10-21 03:30:00,17.5
2025-10-21 03:45:00,17.030001
2025-10-21 04:00:00,20.27
2025-10-21 04:15:00,20.959999
2025-10-21 04:30:00,30.620001
2025-10-21 04:45:00,31.799999
2025-10-21 05:00:00,26.049999
2025-10-21 05:15:00,46.220001
2025-10-21 05:30:00,52.869999
2025-10-21 05:45:00,64.699997
2025-10-21 06:00:00,36.41
2025-10-21 06:15:00,68.190002
2025-10-21 06:30:00,82.910004
2025-10-21 06:45:00,83.099998
2025-10-21 07:00:00,62.310001
2025-10-21 07:15:00,83.790001
2025-10-21 07:30:00,91.849998
2025-10-21 07:45:00,83.760002
2025-10-21 08:00:00,85.559998
2025-10-21 08:15:00,82.290001
2025-10-21 08:30:00,78.339996
2025-10-21 08:45:00,77.010002
2025-10-21 09:00:00,87.730003
2025-10-21 09:15:00,78.07
2025-10-21 09:30:00,74.669998
2025-10-21 09:45:00,69.410004
2025-10-21 10:00:00,92.0
2025-10-21 10:15:00,84.059998
2025-10-21 10:30:00,66.349998
2025-10-21 10:45:00,54.669998
2025-10-21 11:00:00,85.0
2025-10-21 11:15:00,72.910004
2025-10-21 11:30:00,58.400002
2025-10-21 11:45:00,44.139999
2025-10-21 12:00:00,57.650002
2025-10-21 12:15:00,52.32
2025-10-21 12:30:00,49.830002
2025-10-21 12:45:00,30.02
2025-10-21 13:00:00,44.220001
2025-10-21 13:15:00,36.310001
2025-10-21 13:30:00,25.209999
2025-10-21 13:45:00,20.59
2025-10-21 14:00:00,16.49
2025-10-21 14:15:00,28.18
2025-10-21 14:30:00,35.48
2025-10-21 14:45:00,52.09
2025-10-21 15:00:00,23.389999
2025-10-21 15:15:00,47.689999
2025-10-21 15:30:00,78.830002
2025-10-21 15:45:00,91.010002
2025-10-21 16:00:00,35.439999
2025-10-21 16:15:00,53.419998
2025-10-21 16:30:00,83.300003
2025-10-21 16:45:00,81.949997
2025-10-21 17:00:00,49.34
2025-10-21 17:15:00,87.449997
2025-10-21 17:30:00,92.370003
2025-10-21 17:45:00,79.220001
2025-10-21 18:00:00,86.629997
2025-10-21 18:15:00,86.839996
2025-10-21 18:30:00,86.82
2025-10-21 18:45:00,72.550003
2025-10-21 19:00:00,75.300003
2025-10-21 19:15:00,71.379997
2025-10-21 19:30:00,70.660004
2025-10-21 19:45:00,81.900002
2025-10-21 20:00:00,57.459999
2025-10-21 20:15:00,68.0
2025-10-21 20:30:00,67.610001
2025-10-21 20:45:00,84.839996
2025-10-21 21:00:00,48.59
2025-10-21 21:15:00,65.830002
2025-10-21 21:30:00,65.629997
2025-10-21 21:45:00,69.269997
2025-10-21 22:00:00,60.759998
2025-10-21 22:15:00,64.720001
2025-10-21 22:30:00,63.470001
2025-10-21 22:45:00,63.330002
2025-10-21 23:00:00,61.009998
2025-10-21 23:15:00,63.16
2025-10-21 23:30:00,64.669998
2025-10-21 23:45:00,61.740002
2025-10-22 00:00:00,58.240002
2025-10-22 00:15:00,58.43
2025-10-22 00:30:00,58.419998
2025-10-22 00:45:00,58.439999
2025-10-22 01:00:00,56.860001
2025-10-22 01:15:00,56.889999
2025-10-22 01:30:00,57.0
2025-10-22 01:45:00,57.25
2025-10-22 02:00:00,56.84
2025-10-22 02:15:00,56.970001
2025-10-22 02:30:00,58.130001
2025-10-22 02:45:00,58.310001
2025-10-22 03:00:00,59.080002
2025-10-22 03:15:00,58.970001
2025-10-22 03:30:00,58.98
2025-10-22 03:45:00,58.779999
2025-10-22 04:00:00,61.189999
2025-10-22 04:15:00,61.09
2025-10-22 04:30:00,60.75
2025-10-22 04:45:00,60.970001
2025-10-22 05:00:00,61.48
2025-10-22 05:15:00,61.619999
2025-10-22 05:30:00,61.970001
2025-10-22 05:45:00,62.32
2025-10-22 06:00:00,68.879997
2025-10-22 06:15:00,69.75
2025-10-22 06:30:00,69.900002
2025-10-22 06:45:00,62.349998
2025-10-22 07:00:00,85.050003
2025-10-22 07:15:00,80.510002
2025-10-22 07:30:00,80.449997
2025-10-22 07:45:00,83.25
2025-10-22 08:00:00,82.989998
2025-10-22 08:15:00,89.220001
2025-10-22 08:30:00,90.839996
2025-10-22 08:45:00,86.809998
2025-10-22 09:00:00,97.389999
2025-10-22 09:15:00,99.349998
2025-10-22 09:30:00,95.0
2025-10-22 09:45:00,97.160004
2025-10-22 10:00:00,112.480003
2025-10-22 10:15:00,97.300003
2025-10-22 10:30:00,86.860001
2025-10-22 10:45:00,85.730003
2025-10-22 11:00:00,90.410004
2025-10-22 11:15:00,86.620003
2025-10-22 11:30:00,79.699997
2025-10-22 11:45:00,74.599998
2025-10-22 12:00:00,86.860001
2025-10-22 12:15:00,78.260002
2025-10-22 12:30:00,77.230003
2025-10-22 12:45:00,74.989998
2025-10-22 13:00:00,85.660004
2025-10-22 13:15:00,77.699997
2025-10-22 13:30:00,77.839996
2025-10-22 13:45:00,75.510002
2025-10-22 14:00:00,78.860001
2025-10-22 14:15:00,86.610001
2025-10-22 14:30:00,86.849998
2025-10-22 14:45:00,94.650002
2025-10-22 15:00:00,82.629997
2025-10-22 15:15:00,92.400002
2025-10-22 15:30:00,114.589996
2025-10-22 15:45:00,130.589996
2025-10-22 16:00:00,77.769997
2025-10-22 16:15:00,101.459999
2025-10-22 16:30:00,130.779999
2025-10-22 16:45:00,184.729996
2025-10-22 17:00:00,122.919998
2025-10-22 17:15:00,148.919998
2025-10-22 17:30:00,203.160004
2025-10-22 17:45:00,260.76001
2025-10-22 18:00:00,213.309998
2025-10-22 18:15:00,259.649994
2025-10-22 18:30:00,339.070007
2025-10-22 18:45:00,353.269989
2025-10-22 19:00:00,330.329987
2025-10-22 19:15:00,305.029999
2025-10-22 19:30:00,258.059998
2025-10-22 19:45:00,221.449997
2025-10-22 20:00:00,244.869995
2025-10-22 20:15:00,184.559998
2025-10-22 20:30:00,143.479996
2025-10-22 20:45:00,130.220001
2025-10-22 21:00:00,175.970001
2025-10-22 21:15:00,139.360001
2025-10-22 21:30:00,117.860001
2025-10-22 21:45:00,102.599998
2025-10-22 22:00:00,141.330002
2025-10-22 22:15:00,127.010002
2025-10-22 22:30:00,113.629997
2025-10-22 22:45:00,106.290001
2025-10-22 23:00:00,106.830002
2025-10-22 23:15:00,111.360001
2025-10-22 23:30:00,105.529999
2025-10-22 23:45:00,96.290001
2025-10-23 00:00:00,168.960007
2025-10-23 00:15:00,105.550003
2025-10-23 00:30:00,97.199997
2025-10-23 00:45:00,92.580002
2025-10-23 01:00:00,106.099998
2025-10-23 01:15:00,103.849998
2025-10-23 01:30:00,94.459999
2025-10-23 01:45:00,90.580002
2025-10-23 02:00:00,107.080002
2025-10-23 02:15:00,98.400002
2025-10-23 02:30:00,89.07
2025-10-23 02:45:00,85.720001
2025-10-23 03:00:00,93.18
2025-10-23 03:15:00,87.129997
2025-10-23 03:30:00,74.379997
2025-10-23 03:45:00,65.0
2025-10-23 04:00:00,75.269997
2025-10-23 04:15:00,70.769997
2025-10-23 04:30:00,69.809998
2025-10-23 04:45:00,68.139999
2025-10-23 05:00:00,67.309998
2025-10-23 05:15:00,67.309998
2025-10-23 05:30:00,67.550003
2025-10-23 05:45:00,67.910004
2025-10-23 06:00:00,64.540001
2025-10-23 06:15:00,74.019997
2025-10-23 06:30:00,72.080002
2025-10-23 06:45:00,78.360001
2025-10-23 07:00:00,78.970001
2025-10-23 07:15:00,84.379997
2025-10-23 07:30:00,86.889999
2025-10-23 07:45:00,78.889999
2025-10-23 08:00:00,100.099998
2025-10-23 08:15:00,100.010002
2025-10-23 08:30:00,85.010002
2025-10-23 08:45:00,74.879997
2025-10-23 09:00:00,91.980003
2025-10-23 09:15:00,87.529999
2025-10-23 09:30:00,82.980003
2025-10-23 09:45:00,69.580002
2025-10-23 10:00:00,95.339996
2025-10-23 10:15:00,84.900002
2025-10-23 10:30:00,72.650002
2025-10-23 10:45:00,65.919998
2025-10-23 11:00:00,73.080002
2025-10-23 11:15:00,68.650002
2025-10-23 11:30:00,67.489998
2025-10-23 11:45:00,66.660004
2025-10-23 12:00:00,67.5
2025-10-23 12:15:00,66.120003
2025-10-23 12:30:00,65.68
2025-10-23 12:45:00,64.540001
2025-10-23 13:00:00,65.93
2025-10-23 13:15:00,63.990002
2025-10-23 13:30:00,63.560001
2025-10-23 13:45:00,62.939999
2025-10-23 14:00:00,58.779999
2025-10-23 14:15:00,63.02
2025-10-23 14:30:00,65.040001
2025-10-23 14:45:00,67.300003
2025-10-23 15:00:00,64.559998
2025-10-23 15:15:00,68.730003
2025-10-23 15:30:00,79.339996
2025-10-23 15:45:00,74.68
2025-10-23 16:00:00,70.790001
2025-10-23 16:15:00,73.970001
2025-10-23 16:30:00,73.660004
2025-10-23 16:45:00,80.160004
2025-10-23 17:00:00,75.400002
2025-10-23 17:15:00,86.900002
2025-10-23 17:30:00,91.989998
2025-10-23 17:45:00,93.650002
2025-10-23 18:00:00,92.220001
2025-10-23 18:15:00,96.769997
2025-10-23 18:30:00,104.139999
2025-10-23 18:45:00,94.639999
2025-10-23 19:00:00,104.779999
2025-10-23 19:15:00,93.629997
2025-10-23 19:30:00,99.089996
2025-10-23 19:45:00,92.470001
2025-10-23 20:00:00,97.0
2025-10-23 20:15:00,89.489998
2025-10-23 20:30:00,86.849998
2025-10-23 20:45:00,77.510002
2025-10-23 21:00:00,92.309998
2025-10-23 21:15:00,85.57
2025-10-23 21:30:00,79.639999
2025-10-23 21:45:00,73.739998
2025-10-23 22:00:00,97.980003
2025-10-23 22:15:00,76.699997
2025-10-23 22:30:00,73.360001
2025-10-23 22:45:00,62.59
2025-10-23 23:00:00,68.339996
2025-10-23 23:15:00,61.360001
2025-10-23 23:30:00,58.84
2025-10-23 23:45:00,51.790001
2025-10-24 00:00:00,31.4
2025-10-24 00:15:00,19.4
2025-10-24 00:30:00,12.93
2025-10-24 00:45:00,9.05
2025-10-24 01:00:00,13.98
2025-10-24 01:15:00,10.02
2025-10-24 01:30:00,8.99
2025-10-24 01:45:00,6.35
2025-10-24 02:00:00,10.03
2025-10-24 02:15:00,6.88
2025-10-24 02:30:00,5.06
2025-10-24 02:45:00,4.26
2025-10-24 03:00:00,4.59
2025-10-24 03:15:00,3.29
2025-10-24 03:30:00,3.29
2025-10-24 03:45:00,3.28
2025-10-24 04:00:00,3.37
2025-10-24 04:15:00,3.24
2025-10-24 04:30:00,3.27
2025-10-24 04:45:00,3.49
2025-10-24 05:00:00,4.13
2025-10-24 05:15:00,4.66
2025-10-24 05:30:00,7.35
2025-10-24 05:45:00,13.96
2025-10-24 06:00:00,7.31
2025-10-24 06:15:00,17.08
2025-10-24 06:30:00,28.18
2025-10-24 06:45:00,40.540001
2025-10-24 07:00:00,50.599998
2025-10-24 07:15:00,58.610001
2025-10-24 07:30:00,72.699997
2025-10-24 07:45:00,78.029999
2025-10-24 08:00:00,85.699997
2025-10-24 08:15:00,88.970001
2025-10-24 08:30:00,85.870003
2025-10-24 08:45:00,78.949997
2025-10-24 09:00:00,88.370003
2025-10-24 09:15:00,81.150002
2025-10-24 09:30:00,71.860001
2025-10-24 09:45:00,64.809998
2025-10-24 10:00:00,75.800003
2025-10-24 10:15:00,63.27
2025-10-24 10:30:00,54.099998
2025-10-24 10:45:00,41.52
2025-10-24 11:00:00,56.880001
2025-10-24 11:15:00,46.130001
2025-10-24 11:30:00,27.790001
2025-10-24 11:45:00,23.360001
2025-10-24 12:00:00,39.389999
2025-10-24 12:15:00,38.75
2025-10-24 12:30:00,38.740002
2025-10-24 12:45:00,38.169998
2025-10-24 13:00:00,37.099998
2025-10-24 13:15:00,33.32
2025-10-24 13:30:00,30.110001
2025-10-24 13:45:00,26.74
2025-10-24 14:00:00,31.01
2025-10-24 14:15:00,29.16
2025-10-24 14:30:00,27.49
2025-10-24 14:45:00,25.42
2025-10-24 15:00:00,20.18
2025-10-24 15:15:00,19.690001
2025-10-24 15:30:00,25.58
2025-10-24 15:45:00,34.009998
2025-10-24 16:00:00,10.41
2025-10-24 16:15:00,31.82
2025-10-24 16:30:00,50.220001
2025-10-24 16:45:00,67.360001
2025-10-24 17:00:00,49.82
2025-10-24 17:15:00,62.259998
2025-10-24 17:30:00,70.18
2025-10-24 17:45:00,82.790001
2025-10-24 18:00:00,68.510002
2025-10-24 18:15:00,70.879997
2025-10-24 18:30:00,78.440002
2025-10-24 18:45:00,80.610001
2025-10-24 19:00:00,85.150002
2025-10-24 19:15:00,72.730003
2025-10-24 19:30:00,70.559998
2025-10-24 19:45:00,70.010002
2025-10-24 20:00:00,70.010002
2025-10-24 20:15:00,62.380001
2025-10-24 20:30:00,49.009998
2025-10-24 20:45:00,46.799999
2025-10-24 21:00:00,60.52
2025-10-24 21:15:00,51.5
2025-10-24 21:30:00,36.689999
2025-10-24 21:45:00,17.32
2025-10-24 22:00:00,36.41
2025-10-24 22:15:00,28.450001
2025-10-24 22:30:00,30.82
2025-10-24 22:45:00,20.01
2025-10-24 23:00:00,23.190001
2025-10-24 23:15:00,7.52
2025-10-24 23:30:00,5.27
2025-10-24 23:45:00,4.01
2025-10-25 00:00:00,3.26
2025-10-25 00:15:00,4.21
2025-10-25 00:30:00,3.84
2025-10-25 00:45:00,2.79
2025-10-25 01:00:00,2.34
2025-10-25 01:15:00,2.11
2025-10-25 01:30:00,0.78
2025-10-25 01:45:00,0.05
2025-10-25 02:00:00,2.28
2025-10-25 02:15:00,1.32
2025-10-25 02:30:00,0.1
2025-10-25 02:45:00,0.0
2025-10-25 03:00:00,0.63
2025-10-25 03:15:00,0.26
2025-10-25 03:30:00,0.2
2025-10-25 03:45:00,0.1
2025-10-25 04:00:00,0.17
2025-10-25 04:15:00,0.13
2025-10-25 04:30:00,0.13
2025-10-25 04:45:00,0.12
2025-10-25 05:00:00,0.12
2025-10-25 05:15:00,0.12
2025-10-25 05:30:00,0.47
2025-10-25 05:45:00,0.54
2025-10-25 06:00:00,0.0
2025-10-25 06:15:00,0.02
2025-10-25 06:30:00,0.54
2025-10-25 06:45:00,1.62
2025-10-25 07:00:00,1.6
2025-10-25 07:15:00,1.93
2025-10-25 07:30:00,1.07
2025-10-25 07:45:00,0.55
2025-10-25 08:00:00,3.92
2025-10-25 08:15:00,3.32
2025-10-25 08:30:00,4.41
2025-10-25 08:45:00,5.11
2025-10-25 09:00:00,9.1
2025-10-25 09:15:00,8.83
2025-10-25 09:30:00,8.83
2025-10-25 09:45:00,8.8
2025-10-25 10:00:00,8.86
2025-10-25 10:15:00,8.81
2025-10-25 10:30:00,8.13
2025-10-25 10:45:00,6.39
2025-10-25 11:00:00,8.57
2025-10-25 11:15:00,4.5
2025-10-25 11:30:00,5.97
2025-10-25 11:45:00,5.75
2025-10-25 12:00:00,5.2
2025-10-25 12:15:00,5.91
2025-10-25 12:30:00,7.55
2025-10-25 12:45:00,6.09
2025-10-25 13:00:00,5.47
2025-10-25 13:15:00,4.8
2025-10-25 13:30:00,4.3
2025-10-25 13:45:00,5.0
2025-10-25 14:00:00,4.29
2025-10-25 14:15:00,4.26
2025-10-25 14:30:00,5.24
2025-10-25 14:45:00,7.04
2025-10-25 15:00:00,4.22
2025-10-25 15:15:00,5.07
2025-10-25 15:30:00,5.32
2025-10-25 15:45:00,4.7
2025-10-25 16:00:00,4.27
2025-10-25 16:15:00,5.5
2025-10-25 16:30:00,5.14
2025-10-25 16:45:00,9.43
2025-10-25 17:00:00,12.32
2025-10-25 17:15:00,27.360001
2025-10-25 17:30:00,33.18
2025-10-25 17:45:00,35.82
2025-10-25 18:00:00,48.759998
2025-10-25 18:15:00,52.25
2025-10-25 18:30:00,60.0
2025-10-25 18:45:00,60.009998
2025-10-25 19:00:00,66.190002
2025-10-25 19:15:00,64.410004
2025-10-25 19:30:00,60.0
2025-10-25 19:45:00,54.459999
2025-10-25 20:00:00,58.09
2025-10-25 20:15:00,43.970001
2025-10-25 20:30:00,32.040001
2025-10-25 20:45:00,33.82
2025-10-25 21:00:00,33.759998
2025-10-25 21:15:00,17.91
2025-10-25 21:30:00,14.5
2025-10-25 21:45:00,14.16
2025-10-25 22:00:00,21.83
2025-10-25 22:15:00,13.02
2025-10-25 22:30:00,17.65
2025-10-25 22:45:00,14.23
2025-10-25 23:00:00,13.2
2025-10-25 23:15:00,8.18
2025-10-25 23:30:00,7.01
2025-10-25 23:45:00,4.3
2025-10-26 00:00:00,7.17
2025-10-26 00:15:00,6.57
2025-10-26 00:30:00,4.29
2025-10-26 00:45:00,4.26
2025-10-26 01:00:00,4.01
2025-10-26 01:15:00,3.76
2025-10-26 01:30:00,3.75
2025-10-26 01:45:00,3.27
2025-10-26 02:00:00,3.99
2025-10-26 02:15:00,2.5
2025-10-26 02:30:00,3.04
2025-10-26 02:45:00,0.83
2025-10-26 03:00:00,1.28
2025-10-26 03:15:00,0.78
2025-10-26 03:30:00,0.66
2025-10-26 03:45:00,0.14
2025-10-26 04:00:00,0.99
2025-10-26 04:15:00,0.26
2025-10-26 04:30:00,0.26
2025-10-26 04:45:00,0.19
2025-10-26 05:00:00,0.35
2025-10-26 05:15:00,0.43
2025-10-26 05:30:00,0.58
2025-10-26 05:45:00,0.56
2025-10-26 06:00:00,0.78
2025-10-26 06:15:00,0.95
2025-10-26 06:30:00,1.12
2025-10-26 06:45:00,1.38
2025-10-26 07:00:00,2.38
2025-10-26 07:15:00,2.3
2025-10-26 07:30:00,2.38
2025-10-26 07:45:00,2.51
2025-10-26 08:00:00,4.3
2025-10-26 08:15:00,4.42
2025-10-26 08:30:00,4.44
2025-10-26 08:45:00,4.17
2025-10-26 09:00:00,4.56
2025-10-26 09:15:00,4.05
2025-10-26 09:30:00,3.7
2025-10-26 09:45:00,3.3
2025-10-26 10:00:00,4.39
2025-10-26 10:15:00,4.02
2025-10-26 10:30:00,3.7
2025-10-26 10:45:00,3.49
2025-10-26 11:00:00,4.29
2025-10-26 11:15:00,4.2
2025-10-26 11:30:00,4.23
2025-10-26 11:45:00,4.25
2025-10-26 12:00:00,4.32
2025-10-26 12:15:00,4.3
2025-10-26 12:30:00,4.33
2025-10-26 12:45:00,4.48
2025-10-26 13:00:00,5.13
2025-10-26 13:15:00,5.13
2025-10-26 13:30:00,5.14
2025-10-26 13:45:00,5.16
2025-10-26 14:00:00,5.16
2025-10-26 14:15:00,5.4
2025-10-26 14:30:00,6.03
2025-10-26 14:45:00,7.46
2025-10-26 15:00:00,5.63
2025-10-26 15:15:00,11.7
2025-10-26 15:30:00,12.31
2025-10-26 15:45:00,13.05
2025-10-26 16:00:00,14.37
2025-10-26 16:15:00,20.01
2025-10-26 16:30:00,34.540001
2025-10-26 16:45:00,47.330002
2025-10-26 17:00:00,33.18
2025-10-26 17:15:00,42.66
2025-10-26 17:30:00,51.060001
2025-10-26 17:45:00,58.610001
2025-10-26 18:00:00,49.400002
2025-10-26 18:15:00,47.48
2025-10-26 18:30:00,51.310001
2025-10-26 18:45:00,35.459999
2025-10-26 19:00:00,47.099998
2025-10-26 19:15:00,44.939999
2025-10-26 19:30:00,35.93
2025-10-26 19:45:00,33.959999
2025-10-26 20:00:00,47.77
2025-10-26 20:15:00,36.869999
2025-10-26 20:30:00,33.029999
2025-10-26 20:45:00,26.450001
2025-10-26 21:00:00,28.99
2025-10-26 21:15:00,18.530001
2025-10-26 21:30:00,18.190001
2025-10-26 21:45:00,20.0
2025-10-26 22:00:00,21.08
2025-10-26 22:15:00,19.59
2025-10-26 22:30:00,24.459999
2025-10-26 22:45:00,12.76
2025-10-26 23:00:00,6.19
2025-10-26 23:15:00,9.13
2025-10-26 23:30:00,5.53
2025-10-26 23:45:00,4.01
2025-10-27 00:00:00,3.27
2025-10-27 00:15:00,3.24
2025-10-27 00:30:00,2.93
2025-10-27 00:45:00,2.73
2025-10-27 01:00:00,3.41
2025-10-27 01:15:00,3.2
2025-10-27 01:30:00,2.43
2025-10-27 01:45:00,2.69
2025-10-27 02:00:00,2.81
2025-10-27 02:15:00,3.22
2025-10-27 02:30:00,2.94
2025-10-27 02:45:00,2.52
2025-10-27 03:00:00,2.66
2025-10-27 03:15:00,2.74
2025-10-27 03:30:00,2.76
2025-10-27 03:45:00,2.81
2025-10-27 04:00:00,2.39
2025-10-27 04:15:00,2.4
2025-10-27 04:30:00,2.85
2025-10-27 04:45:00,4.26
2025-10-27 05:00:00,3.82
2025-10-27 05:15:00,4.27
2025-10-27 05:30:00,10.77
2025-10-27 05:45:00,24.27
2025-10-27 06:00:00,15.5
2025-10-27 06:15:00,36.200001
2025-10-27 06:30:00,68.269997
2025-10-27 06:45:00,100.029999
2025-10-27 07:00:00,74.099998
2025-10-27 07:15:00,89.68
2025-10-27 07:30:00,89.989998
2025-10-27 07:45:00,90.489998
2025-10-27 08:00:00,101.980003
2025-10-27 08:15:00,101.699997
2025-10-27 08:30:00,101.870003
2025-10-27 08:45:00,95.040001
2025-10-27 09:00:00,109.349998
2025-10-27 09:15:00,105.010002
2025-10-27 09:30:00,100.970001
2025-10-27 09:45:00,92.110001
2025-10-27 10:00:00,105.0
2025-10-27 10:15:00,99.629997
2025-10-27 10:30:00,95.010002
2025-10-27 10:45:00,87.309998
2025-10-27 11:00:00,99.209999
2025-10-27 11:15:00,97.529999
2025-10-27 11:30:00,93.010002
2025-10-27 11:45:00,88.779999
2025-10-27 12:00:00,88.050003
2025-10-27 12:15:00,80.050003
2025-10-27 12:30:00,81.150002
2025-10-27 12:45:00,81.540001
2025-10-27 13:00:00,82.550003
2025-10-27 13:15:00,82.169998
2025-10-27 13:30:00,81.339996
2025-10-27 13:45:00,78.43
2025-10-27 14:00:00,75.339996
2025-10-27 14:15:00,80.389999
2025-10-27 14:30:00,84.720001
2025-10-27 14:45:00,92.940002
2025-10-27 15:00:00,73.919998
2025-10-27 15:15:00,73.989998
2025-10-27 15:30:00,87.300003
2025-10-27 15:45:00,99.449997
2025-10-27 16:00:00,87.300003
2025-10-27 16:15:00,94.730003
2025-10-27 16:30:00,103.889999
2025-10-27 16:45:00,111.010002
2025-10-27 17:00:00,100.519997
2025-10-27 17:15:00,106.690002
2025-10-27 17:30:00,113.07
2025-10-27 17:45:00,122.599998
2025-10-27 18:00:00,114.269997
2025-10-27 18:15:00,119.639999
2025-10-27 18:30:00,136.429993
2025-10-27 18:45:00,135.809998
2025-10-27 19:00:00,136.770004
2025-10-27 19:15:00,123.879997
2025-10-27 19:30:00,102.93
2025-10-27 19:45:00,90.410004
2025-10-27 20:00:00,104.980003
2025-10-27 20:15:00,107.919998
2025-10-27 20:30:00,92.68
2025-10-27 20:45:00,74.559998
2025-10-27 21:00:00,88.900002
2025-10-27 21:15:00,87.330002
2025-10-27 21:30:00,72.519997
2025-10-27 21:45:00,63.009998
2025-10-27 22:00:00,83.93
2025-10-27 22:15:00,76.050003
2025-10-27 22:30:00,76.190002
2025-10-27 22:45:00,61.75
2025-10-27 23:00:00,80.0
2025-10-27 23:15:00,68.019997
2025-10-27 23:30:00,55.610001
2025-10-27 23:45:00,46.07
2025-10-28 00:00:00,54.939999
2025-10-28 00:15:00,51.650002
2025-10-28 00:30:00,41.119999
2025-10-28 00:45:00,28.73
2025-10-28 01:00:00,39.939999
2025-10-28 01:15:00,28.49
2025-10-28 01:30:00,26.73
2025-10-28 01:45:00,20.370001
2025-10-28 02:00:00,21.790001
2025-10-28 02:15:00,18.07
2025-10-28 02:30:00,17.4
2025-10-28 02:45:00,16.91
2025-10-28 03:00:00,13.19
2025-10-28 03:15:00,10.03
2025-10-28 03:30:00,8.85
2025-10-28 03:45:00,8.82
2025-10-28 04:00:00,5.02
2025-10-28 04:15:00,6.43
2025-10-28 04:30:00,12.33
2025-10-28 04:45:00,20.030001
2025-10-28 05:00:00,12.9
2025-10-28 05:15:00,15.49
2025-10-28 05:30:00,39.93
2025-10-28 05:45:00,53.310001
2025-10-28 06:00:00,23.629999
2025-10-28 06:15:00,56.049999
2025-10-28 06:30:00,74.519997
2025-10-28 06:45:00,79.550003
2025-10-28 07:00:00,84.709999
2025-10-28 07:15:00,82.029999
2025-10-28 07:30:00,77.07
2025-10-28 07:45:00,74.75
2025-10-28 08:00:00,99.589996
2025-10-28 08:15:00,90.629997
2025-10-28 08:30:00,84.760002
2025-10-28 08:45:00,82.599998
2025-10-28 09:00:00,98.480003
2025-10-28 09:15:00,89.910004
2025-10-28 09:30:00,84.169998
2025-10-28 09:45:00,76.900002
2025-10-28 10:00:00,92.910004
2025-10-28 10:15:00,81.699997
2025-10-28 10:30:00,77.580002
2025-10-28 10:45:00,71.82
2025-10-28 11:00:00,78.610001
2025-10-28 11:15:00,75.209999
2025-10-28 11:30:00,74.040001
2025-10-28 11:45:00,73.800003
2025-10-28 12:00:00,73.589996
2025-10-28 12:15:00,68.300003
2025-10-28 12:30:00,66.07
2025-10-28 12:45:00,63.240002
2025-10-28 13:00:00,65.529999
2025-10-28 13:15:00,63.040001
2025-10-28 13:30:00,61.619999
2025-10-28 13:45:00,60.959999
2025-10-28 14:00:00,61.25
2025-10-28 14:15:00,64.690002
2025-10-28 14:30:00,71.150002
2025-10-28 14:45:00,74.839996
2025-10-28 15:00:00,51.119999
2025-10-28 15:15:00,82.709999
2025-10-28 15:30:00,89.230003
2025-10-28 15:45:00,89.339996
2025-10-28 16:00:00,73.980003
2025-10-28 16:15:00,89.410004
2025-10-28 16:30:00,87.489998
2025-10-28 16:45:00,96.959999
2025-10-28 17:00:00,88.290001
2025-10-28 17:15:00,97.559998
2025-10-28 17:30:00,105.330002
2025-10-28 17:45:00,108.0
2025-10-28 18:00:00,107.989998
2025-10-28 18:15:00,108.529999
2025-10-28 18:30:00,115.510002
2025-10-28 18:45:00,112.059998
2025-10-28 19:00:00,113.690002
2025-10-28 19:15:00,109.18
2025-10-28 19:30:00,104.730003
2025-10-28 19:45:00,101.239998
2025-10-28 20:00:00,100.300003
2025-10-28 20:15:00,92.970001
2025-10-28 20:30:00,87.910004
2025-10-28 20:45:00,86.519997
2025-10-28 21:00:00,89.669998
2025-10-28 21:15:00,85.879997
2025-10-28 21:30:00,78.360001
2025-10-28 21:45:00,69.440002
2025-10-28 22:00:00,87.360001
2025-10-28 22:15:00,77.269997
2025-10-28 22:30:00,77.040001
2025-10-28 22:45:00,76.650002
2025-10-28 23:00:00,78.010002
2025-10-28 23:15:00,73.459999
2025-10-28 23:30:00,74.589996
2025-10-28 23:45:00,66.830002
2025-10-29 00:00:00,65.830002
2025-10-29 00:15:00,62.099998
2025-10-29 00:30:00,55.900002
2025-10-29 00:45:00,51.380001
2025-10-29 01:00:00,57.959999
2025-10-29 01:15:00,53.66
2025-10-29 01:30:00,53.02
2025-10-29 01:45:00,51.5
2025-10-29 02:00:00,53.209999
2025-10-29 02:15:00,52.59
2025-10-29 02:30:00,55.540001
2025-10-29 02:45:00,55.279999
2025-10-29 03:00:00,57.349998
2025-10-29 03:15:00,57.599998
2025-10-29 03:30:00,56.18
2025-10-29 03:45:00,54.259998
2025-10-29 04:00:00,48.639999
2025-10-29 04:15:00,53.060001
2025-10-29 04:30:00,56.34
2025-10-29 04:45:00,60.860001
2025-10-29 05:00:00,51.669998
2025-10-29 05:15:00,58.77
2025-10-29 05:30:00,70.949997
2025-10-29 05:45:00,77.230003
2025-10-29 06:00:00,59.959999
2025-10-29 06:15:00,77.599998
2025-10-29 06:30:00,87.370003
2025-10-29 06:45:00,102.75
2025-10-29 07:00:00,101.489998
2025-10-29 07:15:00,100.18
2025-10-29 07:30:00,99.980003
2025-10-29 07:45:00,94.110001
2025-10-29 08:00:00,120.339996
2025-10-29 08:15:00,108.57
2025-10-29 08:30:00,97.150002
2025-10-29 08:45:00,75.0
2025-10-29 09:00:00,108.089996
2025-10-29 09:15:00,91.25
2025-10-29 09:30:00,75.099998
2025-10-29 09:45:00,68.779999
2025-10-29 10:00:00,82.129997
2025-10-29 10:15:00,71.669998
2025-10-29 10:30:00,68.57
2025-10-29 10:45:00,65.440002
2025-10-29 11:00:00,70.940002
2025-10-29 11:15:00,69.510002
2025-10-29 11:30:00,70.050003
2025-10-29 11:45:00,70.349998
2025-10-29 12:00:00,64.699997
2025-10-29 12:15:00,68.900002
2025-10-29 12:30:00,71.57
2025-10-29 12:45:00,78.18
2025-10-29 13:00:00,70.07
2025-10-29 13:15:00,74.879997
2025-10-29 13:30:00,75.639999
2025-10-29 13:45:00,87.860001
2025-10-29 14:00:00,60.029999
2025-10-29 14:15:00,80.0
2025-10-29 14:30:00,100.199997
2025-10-29 14:45:00,115.18
2025-10-29 15:00:00,77.980003
2025-10-29 15:15:00,87.349998
2025-10-29 15:30:00,98.57
2025-10-29 15:45:00,123.690002
2025-10-29 16:00:00,87.32
2025-10-29 16:15:00,87.389999
2025-10-29 16:30:00,111.940002
2025-10-29 16:45:00,121.089996
2025-10-29 17:00:00,128.830002
2025-10-29 17:15:00,121.900002
2025-10-29 17:30:00,122.269997
2025-10-29 17:45:00,110.989998
2025-10-29 18:00:00,122.68
2025-10-29 18:15:00,122.900002
2025-10-29 18:30:00,129.259995
2025-10-29 18:45:00,126.269997
2025-10-29 19:00:00,128.240005
2025-10-29 19:15:00,114.919998
2025-10-29 19:30:00,111.550003
2025-10-29 19:45:00,99.459999
2025-10-29 20:00:00,108.089996
2025-10-29 20:15:00,102.57
2025-10-29 20:30:00,101.0
2025-10-29 20:45:00,98.940002
2025-10-29 21:00:00,101.959999
2025-10-29 21:15:00,101.919998
2025-10-29 21:30:00,98.32
2025-10-29 21:45:00,83.809998
2025-10-29 22:00:00,105.43
2025-10-29 22:15:00,102.160004
2025-10-29 22:30:00,89.639999
2025-10-29 22:45:00,80.459999
2025-10-29 23:00:00,94.639999
2025-10-29 23:15:00,87.360001
2025-10-29 23:30:00,85.129997
2025-10-29 23:45:00,81.440002
2025-10-30 00:00:00,90.0
2025-10-30 00:15:00,77.0
2025-10-30 00:30:00,72.120003
2025-10-30 00:45:00,61.860001
2025-10-30 01:00:00,78.779999
2025-10-30 01:15:00,68.010002
2025-10-30 01:30:00,68.379997
2025-10-30 01:45:00,65.25
2025-10-30 02:00:00,67.449997
2025-10-30 02:15:00,64.230003
2025-10-30 02:30:00,66.790001
2025-10-30 02:45:00,63.630001
2025-10-30 03:00:00,67.07
2025-10-30 03:15:00,64.470001
2025-10-30 03:30:00,59.360001
2025-10-30 03:45:00,50.77
2025-10-30 04:00:00,63.060001
2025-10-30 04:15:00,55.799999
2025-10-30 04:30:00,54.650002
2025-10-30 04:45:00,55.099998
2025-10-30 05:00:00,53.169998
2025-10-30 05:15:00,59.099998
2025-10-30 05:30:00,61.650002
2025-10-30 05:45:00,66.129997
2025-10-30 06:00:00,60.599998
2025-10-30 06:15:00,67.559998
2025-10-30 06:30:00,72.349998
2025-10-30 06:45:00,76.199997
2025-10-30 07:00:00,70.389999
2025-10-30 07:15:00,81.57
2025-10-30 07:30:00,85.199997
2025-10-30 07:45:00,82.589996
2025-10-30 08:00:00,98.839996
2025-10-30 08:15:00,86.349998
2025-10-30 08:30:00,88.330002
2025-10-30 08:45:00,67.669998
2025-10-30 09:00:00,87.82
2025-10-30 09:15:00,74.599998
2025-10-30 09:30:00,58.720001
2025-10-30 09:45:00,45.75
2025-10-30 10:00:00,77.57
2025-10-30 10:15:00,58.849998
2025-10-30 10:30:00,44.48
2025-10-30 10:45:00,43.040001
2025-10-30 11:00:00,49.23
2025-10-30 11:15:00,49.049999
2025-10-30 11:30:00,48.0
2025-10-30 11:45:00,45.23
2025-10-30 12:00:00,45.200001
2025-10-30 12:15:00,44.23
2025-10-30 12:30:00,42.09
2025-10-30 12:45:00,40.509998
2025-10-30 13:00:00,43.110001
2025-10-30 13:15:00,41.830002
2025-10-30 13:30:00,40.84
2025-10-30 13:45:00,34.950001
2025-10-30 14:00:00,18.190001
2025-10-30 14:15:00,16.790001
2025-10-30 14:30:00,47.130001
2025-10-30 14:45:00,61.869999
2025-10-30 15:00:00,20.18
2025-10-30 15:15:00,52.450001
2025-10-30 15:30:00,88.589996
2025-10-30 15:45:00,117.980003
2025-10-30 16:00:00,43.759998
2025-10-30 16:15:00,72.470001
2025-10-30 16:30:00,97.760002
2025-10-30 16:45:00,127.190002
2025-10-30 17:00:00,89.32
2025-10-30 17:15:00,91.790001
2025-10-30 17:30:00,92.769997
2025-10-30 17:45:00,92.790001
2025-10-30 18:00:00,98.379997
2025-10-30 18:15:00,98.290001
2025-10-30 18:30:00,98.25
2025-10-30 18:45:00,96.860001
2025-10-30 19:00:00,103.269997
2025-10-30 19:15:00,102.339996
2025-10-30 19:30:00,96.040001
2025-10-30 19:45:00,92.82
2025-10-30 20:00:00,87.400002
2025-10-30 20:15:00,87.400002
2025-10-30 20:30:00,87.870003
2025-10-30 20:45:00,87.389999
2025-10-30 21:00:00,75.160004
2025-10-30 21:15:00,86.010002
2025-10-30 21:30:00,88.029999
2025-10-30 21:45:00,82.419998
2025-10-30 22:00:00,69.099998
2025-10-30 22:15:00,76.970001
2025-10-30 22:30:00,77.529999
2025-10-30 22:45:00,86.150002
2025-10-30 23:00:00,79.470001
2025-10-30 23:15:00,85.639999
2025-10-30 23:30:00,79.75
2025-10-30 23:45:00,63.07
2025-10-31 00:00:00,78.699997
2025-10-31 00:15:00,87.839996
2025-10-31 00:30:00,81.660004
2025-10-31 00:45:00,76.730003
2025-10-31 01:00:00,87.489998
2025-10-31 01:15:00,82.050003
2025-10-31 01:30:00,74.0
2025-10-31 01:45:00,69.089996
2025-10-31 02:00:00,80.93
2025-10-31 02:15:00,73.07
2025-10-31 02:30:00,73.0
2025-10-31 02:45:00,71.959999
2025-10-31 03:00:00,71.050003
2025-10-31 03:15:00,72.699997
2025-10-31 03:30:00,78.150002
2025-10-31 03:45:00,80.809998
2025-10-31 04:00:00,72.260002
2025-10-31 04:15:00,74.82
2025-10-31 04:30:00,87.360001
2025-10-31 04:45:00,84.610001
2025-10-31 05:00:00,67.129997
2025-10-31 05:15:00,69.199997
2025-10-31 05:30:00,73.669998
2025-10-31 05:45:00,74.800003
2025-10-31 06:00:00,76.639999
2025-10-31 06:15:00,82.660004
2025-10-31 06:30:00,84.400002
2025-10-31 06:45:00,87.809998
2025-10-31 07:00:00,104.160004
2025-10-31 07:15:00,117.639999
2025-10-31 07:30:00,111.339996
2025-10-31 07:45:00,101.93
2025-10-31 08:00:00,121.650002
2025-10-31 08:15:00,106.510002
2025-10-31 08:30:00,91.209999
2025-10-31 08:45:00,81.349998
2025-10-31 09:00:00,108.209999
2025-10-31 09:15:00,86.290001
2025-10-31 09:30:00,71.550003
2025-10-31 09:45:00,66.309998
2025-10-31 10:00:00,79.449997
2025-10-31 10:15:00,76.260002
2025-10-31 10:30:00,75.019997
2025-10-31 10:45:00,71.949997
2025-10-31 11:00:00,75.080002
2025-10-31 11:15:00,73.870003
2025-10-31 11:30:00,73.0
2025-10-31 11:45:00,74.400002
2025-10-31 12:00:00,71.470001
2025-10-31 12:15:00,71.889999
2025-10-31 12:30:00,78.919998
2025-10-31 12:45:00,81.68
2025-10-31 13:00:00,74.029999
2025-10-31 13:15:00,77.779999
2025-10-31 13:30:00,84.449997
2025-10-31 13:45:00,91.470001
2025-10-31 14:00:00,74.900002
2025-10-31 14:15:00,89.410004
2025-10-31 14:30:00,102.919998
2025-10-31 14:45:00,115.839996
2025-10-31 15:00:00,93.699997
2025-10-31 15:15:00,94.040001
2025-10-31 15:30:00,107.410004
2025-10-31 15:45:00,113.879997
2025-10-31 16:00:00,102.239998
2025-10-31 16:15:00,106.040001
2025-10-31 16:30:00,105.43
2025-10-31 16:45:00,87.900002
2025-10-31 17:00:00,91.790001
2025-10-31 17:15:00,87.889999
2025-10-31 17:30:00,87.870003
2025-10-31 17:45:00,87.839996
2025-10-31 18:00:00,112.0
2025-10-31 18:15:00,103.489998
2025-10-31 18:30:00,87.889999
2025-10-31 18:45:00,78.300003
2025-10-31 19:00:00,90.099998
2025-10-31 19:15:00,76.43
2025-10-31 19:30:00,87.0
2025-10-31 19:45:00,78.540001
2025-10-31 20:00:00,87.610001
2025-10-31 20:15:00,82.419998
2025-10-31 20:30:00,72.629997
2025-10-31 20:45:00,64.18
2025-10-31 21:00:00,82.989998
2025-10-31 21:15:00,78.760002
2025-10-31 21:30:00,68.989998
2025-10-31 21:45:00,65.720001
2025-10-31 22:00:00,70.790001
2025-10-31 22:15:00,68.68
2025-10-31 22:30:00,67.470001
2025-10-31 22:45:00,63.720001
2025-10-31 23:00:00,64.510002
2025-10-31 23:15:00,63.830002
2025-10-31 23:30:00,49.970001
2025-10-31 23:45:00,36.099998
2025-11-01 00:00:00,59.509998
2025-11-01 00:15:00,50.259998
2025-11-01 00:30:00,47.66
2025-11-01 00:45:00,43.740002
2025-11-01 01:00:00,46.580002
2025-11-01 01:15:00,38.66
2025-11-01 01:30:00,26.780001
2025-11-01 01:45:00,18.370001
2025-11-01 02:00:00,22.639999
2025-11-01 02:15:00,18.02
2025-11-01 02:30:00,27.200001
2025-11-01 02:45:00,20.0
2025-11-01 03:00:00,26.9
2025-11-01 03:15:00,18.559999
2025-11-01 03:30:00,15.05
2025-11-01 03:45:00,12.68
2025-11-01 04:00:00,17.110001
2025-11-01 04:15:00,16.0
2025-11-01 04:30:00,14.21
2025-11-01 04:45:00,11.86
2025-11-01 05:00:00,14.65
2025-11-01 05:15:00,14.3
2025-11-01 05:30:00,10.71
2025-11-01 05:45:00,8.92
2025-11-01 06:00:00,14.96
2025-11-01 06:15:00,11.44
2025-11-01 06:30:00,11.12
2025-11-01 06:45:00,8.94
2025-11-01 07:00:00,21.09
2025-11-01 07:15:00,16.17
2025-11-01 07:30:00,13.01
2025-11-01 07:45:00,20.1
2025-11-01 08:00:00,45.580002
2025-11-01 08:15:00,37.759998
2025-11-01 08:30:00,22.059999
2025-11-01 08:45:00,14.4
2025-11-01 09:00:00,45.740002
2025-11-01 09:15:00,30.08
2025-11-01 09:30:00,19.440001
2025-11-01 09:45:00,12.92
2025-11-01 10:00:00,23.719999
2025-11-01 10:15:00,18.08
2025-11-01 10:30:00,16.4
2025-11-01 10:45:00,15.0
2025-11-01 11:00:00,15.0
2025-11-01 11:15:00,15.06
2025-11-01 11:30:00,15.0
2025-11-01 11:45:00,17.969999
2025-11-01 12:00:00,14.85
2025-11-01 12:15:00,18.0
2025-11-01 12:30:00,24.780001
2025-11-01 12:45:00,26.43
2025-11-01 13:00:00,20.25
2025-11-01 13:15:00,25.51
2025-11-01 13:30:00,39.360001
2025-11-01 13:45:00,41.84
2025-11-01 14:00:00,40.130001
2025-11-01 14:15:00,50.0
2025-11-01 14:30:00,51.02
2025-11-01 14:45:00,52.48
2025-11-01 15:00:00,44.110001
2025-11-01 15:15:00,52.950001
2025-11-01 15:30:00,59.080002
2025-11-01 15:45:00,51.799999
2025-11-01 16:00:00,57.759998
2025-11-01 16:15:00,69.080002
2025-11-01 16:30:00,78.040001
2025-11-01 16:45:00,63.119999
2025-11-01 17:00:00,77.809998
2025-11-01 17:15:00,69.230003
2025-11-01 17:30:00,72.989998
2025-11-01 17:45:00,73.0
2025-11-01 18:00:00,80.400002
2025-11-01 18:15:00,78.040001
2025-11-01 18:30:00,73.870003
2025-11-01 18:45:00,71.279999
2025-11-01 19:00:00,70.0
2025-11-01 19:15:00,67.610001
2025-11-01 19:30:00,67.519997
2025-11-01 19:45:00,69.870003
2025-11-01 20:00:00,64.400002
2025-11-01 20:15:00,66.730003
2025-11-01 20:30:00,66.580002
2025-11-01 20:45:00,68.699997
2025-11-01 21:00:00,63.93
2025-11-01 21:15:00,66.190002
2025-11-01 21:30:00,66.260002
2025-11-01 21:45:00,66.32
2025-11-01 22:00:00,66.650002
2025-11-01 22:15:00,66.720001
2025-11-01 22:30:00,66.870003
2025-11-01 22:45:00,66.949997
2025-11-01 23:00:00,65.410004
2025-11-01 23:15:00,65.900002
2025-11-01 23:30:00,66.309998
2025-11-01 23:45:00,65.43
2025-11-02 00:00:00,38.439999
2025-11-02 00:15:00,57.349998
2025-11-02 00:30:00,56.669998
2025-11-02 00:45:00,55.080002
2025-11-02 01:00:00,54.560001
2025-11-02 01:15:00,53.66
2025-11-02 01:30:00,53.07
2025-11-02 01:45:00,51.98
2025-11-02 02:00:00,55.200001
2025-11-02 02:15:00,53.119999
2025-11-02 02:30:00,53.509998
2025-11-02 02:45:00,52.419998
2025-11-02 03:00:00,55.279999
2025-11-02 03:15:00,54.09
2025-11-02 03:30:00,56.110001
2025-11-02 03:45:00,53.73
2025-11-02 04:00:00,54.459999
2025-11-02 04:15:00,55.880001
2025-11-02 04:30:00,56.919998
2025-11-02 04:45:00,62.900002
2025-11-02 05:00:00,56.299999
2025-11-02 05:15:00,56.25
2025-11-02 05:30:00,55.939999
2025-11-02 05:45:00,55.970001
2025-11-02 06:00:00,54.810001
2025-11-02 06:15:00,59.610001
2025-11-02 06:30:00,58.43
2025-11-02 06:45:00,55.240002
2025-11-02 07:00:00,64.830002
2025-11-02 07:15:00,63.209999
2025-11-02 07:30:00,63.18
2025-11-02 07:45:00,62.41
2025-11-02 08:00:00,74.599998
2025-11-02 08:15:00,71.57
2025-11-02 08:30:00,64.730003
2025-11-02 08:45:00,63.880001
2025-11-02 09:00:00,78.970001
2025-11-02 09:15:00,66.699997
2025-11-02 09:30:00,65.309998
2025-11-02 09:45:00,58.610001
2025-11-02 10:00:00,72.610001
2025-11-02 10:15:00,66.620003
2025-11-02 10:30:00,62.950001
2025-11-02 10:45:00,60.209999
2025-11-02 11:00:00,66.0
2025-11-02 11:15:00,64.800003
2025-11-02 11:30:00,63.990002
2025-11-02 11:45:00,63.540001
2025-11-02 12:00:00,63.990002
2025-11-02 12:15:00,63.75
2025-11-02 12:30:00,65.449997
2025-11-02 12:45:00,69.5
2025-11-02 13:00:00,65.220001
2025-11-02 13:15:00,66.0
2025-11-02 13:30:00,70.209999
2025-11-02 13:45:00,74.160004
2025-11-02 14:00:00,71.580002
2025-11-02 14:15:00,75.440002
2025-11-02 14:30:00,85.089996
2025-11-02 14:45:00,90.739998
2025-11-02 15:00:00,84.589996
2025-11-02 15:15:00,94.449997
2025-11-02 15:30:00,100.0
2025-11-02 15:45:00,114.529999
2025-11-02 16:00:00,92.57
2025-11-02 16:15:00,99.800003
2025-11-02 16:30:00,106.980003
2025-11-02 16:45:00,120.940002
2025-11-02 17:00:00,118.0
2025-11-02 17:15:00,131.389999
2025-11-02 17:30:00,138.830002
2025-11-02 17:45:00,135.470001
2025-11-02 18:00:00,137.520004
2025-11-02 18:15:00,135.710007
2025-11-02 18:30:00,130.5
2025-11-02 18:45:00,117.529999
2025-11-02 19:00:00,127.199997
2025-11-02 19:15:00,125.139999
2025-11-02 19:30:00,108.0
2025-11-02 19:45:00,94.089996
2025-11-02 20:00:00,110.970001
2025-11-02 20:15:00,104.419998
2025-11-02 20:30:00,92.099998
2025-11-02 20:45:00,86.910004
2025-11-02 21:00:00,94.540001
2025-11-02 21:15:00,94.080002
2025-11-02 21:30:00,93.699997
2025-11-02 21:45:00,83.610001
2025-11-02 22:00:00,87.300003
2025-11-02 22:15:00,87.330002
2025-11-02 22:30:00,88.510002
2025-11-02 22:45:00,77.980003
2025-11-02 23:00:00,92.459999
2025-11-02 23:15:00,76.940002
2025-11-02 23:30:00,78.550003
2025-11-02 23:45:00,64.910004
2025-11-03 00:00:00,84.190002
2025-11-03 00:15:00,82.0
2025-11-03 00:30:00,82.129997
2025-11-03 00:45:00,70.129997
2025-11-03 01:00:00,81.970001
2025-11-03 01:15:00,79.169998
2025-11-03 01:30:00,73.129997
2025-11-03 01:45:00,69.389999
2025-11-03 02:00:00,80.769997
2025-11-03 02:15:00,69.989998
2025-11-03 02:30:00,66.989998
2025-11-03 02:45:00,61.52
2025-11-03 03:00:00,70.089996
2025-11-03 03:15:00,67.830002
2025-11-03 03:30:00,68.519997
2025-11-03 03:45:00,69.059998
2025-11-03 04:00:00,67.0
2025-11-03 04:15:00,65.839996
2025-11-03 04:30:00,68.379997
2025-11-03 04:45:00,69.110001
2025-11-03 05:00:00,68.43
2025-11-03 05:15:00,63.169998
2025-11-03 05:30:00,64.959999
2025-11-03 05:45:00,63.490002
2025-11-03 06:00:00,68.639999
2025-11-03 06:15:00,85.410004
2025-11-03 06:30:00,91.860001
2025-11-03 06:45:00,91.900002
2025-11-03 07:00:00,83.25
2025-11-03 07:15:00,91.800003
2025-11-03 07:30:00,89.82
2025-11-03 07:45:00,89.449997
2025-11-03 08:00:00,91.849998
2025-11-03 08:15:00,91.830002
2025-11-03 08:30:00,84.419998
2025-11-03 08:45:00,77.610001
2025-11-03 09:00:00,99.440002
2025-11-03 09:15:00,90.410004
2025-11-03 09:30:00,78.949997
2025-11-03 09:45:00,65.709999
2025-11-03 10:00:00,88.860001
2025-11-03 10:15:00,73.050003
2025-11-03 10:30:00,68.589996
2025-11-03 10:45:00,64.470001
2025-11-03 11:00:00,71.050003
2025-11-03 11:15:00,67.790001
2025-11-03 11:30:00,66.0
2025-11-03 11:45:00,66.730003
2025-11-03 12:00:00,66.839996
2025-11-03 12:15:00,66.379997
2025-11-03 12:30:00,66.300003
2025-11-03 12:45:00,66.989998
2025-11-03 13:00:00,65.389999
2025-11-03 13:15:00,66.209999
2025-11-03 13:30:00,67.669998
2025-11-03 13:45:00,66.769997
2025-11-03 14:00:00,64.129997
2025-11-03 14:15:00,64.269997
2025-11-03 14:30:00,69.239998
2025-11-03 14:45:00,70.169998
2025-11-03 15:00:00,62.200001
2025-11-03 15:15:00,73.379997
2025-11-03 15:30:00,69.019997
2025-11-03 15:45:00,68.980003
2025-11-03 16:00:00,68.050003
2025-11-03 16:15:00,68.269997
2025-11-03 16:30:00,68.489998
2025-11-03 16:45:00,75.18
2025-11-03 17:00:00,91.830002
2025-11-03 17:15:00,91.879997
2025-11-03 17:30:00,86.900002
2025-11-03 17:45:00,89.389999
2025-11-03 18:00:00,86.839996
2025-11-03 18:15:00,72.949997
2025-11-03 18:30:00,75.260002
2025-11-03 18:45:00,78.709999
2025-11-03 19:00:00,59.740002
2025-11-03 19:15:00,63.02
2025-11-03 19:30:00,69.0
2025-11-03 19:45:00,66.699997
2025-11-03 20:00:00,63.630001
2025-11-03 20:15:00,64.720001
2025-11-03 20:30:00,64.919998
2025-11-03 20:45:00,57.630001
2025-11-03 21:00:00,59.349998
2025-11-03 21:15:00,56.73
2025-11-03 21:30:00,61.029999
2025-11-03 21:45:00,54.139999
2025-11-03 22:00:00,49.48
2025-11-03 22:15:00,49.470001
2025-11-03 22:30:00,47.16
2025-11-03 22:45:00,38.869999
2025-11-03 23:00:00,47.369999
2025-11-03 23:15:00,26.030001
2025-11-03 23:30:00,27.34
2025-11-03 23:45:00,8.98
2025-11-04 00:00:00,32.439999
2025-11-04 00:15:00,14.8
2025-11-04 00:30:00,8.96
2025-11-04 00:45:00,6.0
2025-11-04 01:00:00,9.0
2025-11-04 01:15:00,6.72
2025-11-04 01:30:00,7.42
2025-11-04 01:45:00,5.89
2025-11-04 02:00:00,5.14
2025-11-04 02:15:00,4.35
2025-11-04 02:30:00,5.05
2025-11-04 02:45:00,5.16
2025-11-04 03:00:00,5.11
2025-11-04 03:15:00,5.16
2025-11-04 03:30:00,5.76
2025-11-04 03:45:00,6.69
2025-11-04 04:00:00,5.19
2025-11-04 04:15:00,5.17
2025-11-04 04:30:00,6.69
2025-11-04 04:45:00,8.28
2025-11-04 05:00:00,7.04
2025-11-04 05:15:00,8.93
2025-11-04 05:30:00,8.98
2025-11-04 05:45:00,22.629999
2025-11-04 06:00:00,13.38
2025-11-04 06:15:00,42.060001
2025-11-04 06:30:00,40.310001
2025-11-04 06:45:00,16.17
2025-11-04 07:00:00,67.0
2025-11-04 07:15:00,47.59
2025-11-04 07:30:00,48.419998
2025-11-04 07:45:00,25.48
2025-11-04 08:00:00,80.629997
2025-11-04 08:15:00,58.450001
2025-11-04 08:30:00,58.07
2025-11-04 08:45:00,57.860001
2025-11-04 09:00:00,61.459999
2025-11-04 09:15:00,61.200001
2025-11-04 09:30:00,60.939999
2025-11-04 09:45:00,56.400002
2025-11-04 10:00:00,64.300003
2025-11-04 10:15:00,60.639999
2025-11-04 10:30:00,57.450001
2025-11-04 10:45:00,51.470001
2025-11-04 11:00:00,57.790001
2025-11-04 11:15:00,54.470001
2025-11-04 11:30:00,50.23
2025-11-04 11:45:00,48.990002
2025-11-04 12:00:00,47.130001
2025-11-04 12:15:00,47.950001
2025-11-04 12:30:00,50.099998
2025-11-04 12:45:00,55.43
2025-11-04 13:00:00,44.990002
2025-11-04 13:15:00,62.799999
2025-11-04 13:30:00,69.379997
2025-11-04 13:45:00,65.720001
2025-11-04 14:00:00,52.889999
2025-11-04 14:15:00,70.410004
2025-11-04 14:30:00,66.580002
2025-11-04 14:45:00,66.57
2025-11-04 15:00:00,66.339996
2025-11-04 15:15:00,66.589996
2025-11-04 15:30:00,70.25
2025-11-04 15:45:00,75.779999
2025-11-04 16:00:00,67.209999
2025-11-04 16:15:00,71.279999
2025-11-04 16:30:00,77.129997
2025-11-04 16:45:00,79.690002
2025-11-04 17:00:00,95.449997
2025-11-04 17:15:00,97.989998
2025-11-04 17:30:00,109.129997
2025-11-04 17:45:00,93.699997
2025-11-04 18:00:00,96.360001
2025-11-04 18:15:00,87.889999
2025-11-04 18:30:00,87.879997
2025-11-04 18:45:00,87.860001
2025-11-04 19:00:00,87.809998
2025-11-04 19:15:00,87.809998
2025-11-04 19:30:00,75.849998
2025-11-04 19:45:00,68.529999
2025-11-04 20:00:00,67.839996
2025-11-04 20:15:00,67.800003
2025-11-04 20:30:00,67.779999
2025-11-04 20:45:00,72.709999
2025-11-04 21:00:00,62.849998
2025-11-04 21:15:00,67.760002
2025-11-04 21:30:00,67.779999
2025-11-04 21:45:00,66.629997
2025-11-04 22:00:00,68.330002
2025-11-04 22:15:00,67.790001
2025-11-04 22:30:00,67.839996
2025-11-04 22:45:00,67.809998
2025-11-04 23:00:00,67.580002
2025-11-04 23:15:00,67.510002
2025-11-04 23:30:00,72.690002
2025-11-04 23:45:00,61.369999
2025-11-05 00:00:00,28.42
2025-11-05 00:15:00,67.349998
2025-11-05 00:30:00,69.120003
2025-11-05 00:45:00,67.110001
2025-11-05 01:00:00,66.610001
2025-11-05 01:15:00,66.400002
2025-11-05 01:30:00,66.959999
2025-11-05 01:45:00,65.849998
2025-11-05 02:00:00,63.299999
2025-11-05 02:15:00,65.120003
2025-11-05 02:30:00,66.040001
2025-11-05 02:45:00,65.529999
2025-11-05 03:00:00,65.139999
2025-11-05 03:15:00,64.610001
2025-11-05 03:30:00,64.419998
2025-11-05 03:45:00,61.82
2025-11-05 04:00:00,61.91
2025-11-05 04:15:00,62.139999
2025-11-05 04:30:00,62.889999
2025-11-05 04:45:00,62.82
2025-11-05 05:00:00,62.560001
2025-11-05 05:15:00,67.339996
2025-11-05 05:30:00,67.529999
2025-11-05 05:45:00,60.169998
2025-11-05 06:00:00,70.989998
2025-11-05 06:15:00,73.580002
2025-11-05 06:30:00,68.470001
2025-11-05 06:45:00,77.650002
2025-11-05 07:00:00,78.849998
2025-11-05 07:15:00,83.449997
2025-11-05 07:30:00,82.370003
2025-11-05 07:45:00,77.199997
2025-11-05 08:00:00,87.809998
2025-11-05 08:15:00,86.610001
2025-11-05 08:30:00,82.269997
2025-11-05 08:45:00,57.23
2025-11-05 09:00:00,87.870003
2025-11-05 09:15:00,71.419998
2025-11-05 09:30:00,67.650002
2025-11-05 09:45:00,64.690002
2025-11-05 10:00:00,70.150002
2025-11-05 10:15:00,60.040001
2025-11-05 10:30:00,61.689999
2025-11-05 10:45:00,59.650002
2025-11-05 11:00:00,61.310001
2025-11-05 11:15:00,59.990002
2025-11-05 11:30:00,61.029999
2025-11-05 11:45:00,65.699997
2025-11-05 12:00:00,50.889999
2025-11-05 12:15:00,61.080002
2025-11-05 12:30:00,65.410004
2025-11-05 12:45:00,70.900002
2025-11-05 13:00:00,60.790001
2025-11-05 13:15:00,71.089996
2025-11-05 13:30:00,75.330002
2025-11-05 13:45:00,79.730003
2025-11-05 14:00:00,67.709999
2025-11-05 14:15:00,76.889999
2025-11-05 14:30:00,84.160004
2025-11-05 14:45:00,95.330002
2025-11-05 15:00:00,69.830002
2025-11-05 15:15:00,83.599998
2025-11-05 15:30:00,91.57
2025-11-05 15:45:00,120.860001
2025-11-05 16:00:00,87.82
2025-11-05 16:15:00,113.120003
2025-11-05 16:30:00,124.889999
2025-11-05 16:45:00,141.25
2025-11-05 17:00:00,129.289993
2025-11-05 17:15:00,132.449997
2025-11-05 17:30:00,131.419998
2025-11-05 17:45:00,119.730003
2025-11-05 18:00:00,126.980003
2025-11-05 18:15:00,116.82
2025-11-05 18:30:00,107.43
2025-11-05 18:45:00,100.0
2025-11-05 19:00:00,117.019997
2025-11-05 19:15:00,106.739998
2025-11-05 19:30:00,100.860001
2025-11-05 19:45:00,90.489998
2025-11-05 20:00:00,100.949997
2025-11-05 20:15:00,93.589996
2025-11-05 20:30:00,92.860001
2025-11-05 20:45:00,89.110001
2025-11-05 21:00:00,97.440002
2025-11-05 21:15:00,91.379997
2025-11-05 21:30:00,87.839996
2025-11-05 21:45:00,85.43
2025-11-05 22:00:00,93.269997
2025-11-05 22:15:00,87.889999
2025-11-05 22:30:00,85.489998
2025-11-05 22:45:00,77.529999
2025-11-05 23:00:00,84.720001
2025-11-05 23:15:00,84.949997
2025-11-05 23:30:00,83.199997
2025-11-05 23:45:00,72.650002
2025-11-06 00:00:00,85.669998
2025-11-06 00:15:00,87.080002
2025-11-06 00:30:00,87.809998
2025-11-06 00:45:00,87.82
2025-11-06 01:00:00,87.879997
2025-11-06 01:15:00,87.889999
2025-11-06 01:30:00,89.860001
2025-11-06 01:45:00,88.610001
2025-11-06 02:00:00,87.889999
2025-11-06 02:15:00,87.879997
2025-11-06 02:30:00,87.879997
2025-11-06 02:45:00,87.870003
2025-11-06 03:00:00,87.839996
2025-11-06 03:15:00,87.839996
2025-11-06 03:30:00,87.839996
2025-11-06 03:45:00,87.830002
2025-11-06 04:00:00,84.470001
2025-11-06 04:15:00,82.690002
2025-11-06 04:30:00,83.080002
2025-11-06 04:45:00,84.949997
2025-11-06 05:00:00,78.889999
2025-11-06 05:15:00,82.870003
2025-11-06 05:30:00,87.82
2025-11-06 05:45:00,87.830002
2025-11-06 06:00:00,83.660004
2025-11-06 06:15:00,101.190002
2025-11-06 06:30:00,110.470001
2025-11-06 06:45:00,130.830002
2025-11-06 07:00:00,116.889999
2025-11-06 07:15:00,131.899994
2025-11-06 07:30:00,135.990005
2025-11-06 07:45:00,121.980003
2025-11-06 08:00:00,139.580002
2025-11-06 08:15:00,129.0
2025-11-06 08:30:00,111.68
2025-11-06 08:45:00,93.059998
2025-11-06 09:00:00,110.730003
2025-11-06 09:15:00,100.599998
2025-11-06 09:30:00,86.290001
2025-11-06 09:45:00,75.230003
2025-11-06 10:00:00,94.800003
2025-11-06 10:15:00,87.550003
2025-11-06 10:30:00,80.339996
2025-11-06 10:45:00,77.940002
2025-11-06 11:00:00,86.900002
2025-11-06 11:15:00,84.970001
2025-11-06 11:30:00,82.93
2025-11-06 11:45:00,80.0
2025-11-06 12:00:00,81.129997
2025-11-06 12:15:00,78.760002
2025-11-06 12:30:00,86.639999
2025-11-06 12:45:00,89.440002
2025-11-06 13:00:00,80.800003
2025-11-06 13:15:00,86.580002
2025-11-06 13:30:00,87.599998
2025-11-06 13:45:00,93.739998
2025-11-06 14:00:00,78.510002
2025-11-06 14:15:00,94.529999
2025-11-06 14:30:00,102.900002
2025-11-06 14:45:00,122.0
2025-11-06 15:00:00,96.080002
2025-11-06 15:15:00,104.779999
2025-11-06 15:30:00,128.130005
2025-11-06 15:45:00,165.059998
2025-11-06 16:00:00,123.099998
2025-11-06 16:15:00,137.009995
2025-11-06 16:30:00,156.789993
2025-11-06 16:45:00,173.080002
2025-11-06 17:00:00,165.460007
2025-11-06 17:15:00,162.869995
2025-11-06 17:30:00,150.190002
2025-11-06 17:45:00,138.5
2025-11-06 18:00:00,149.089996
2025-11-06 18:15:00,139.039993
2025-11-06 18:30:00,134.820007
2025-11-06 18:45:00,126.839996
2025-11-06 19:00:00,138.149994
2025-11-06 19:15:00,129.360001
2025-11-06 19:30:00,119.699997
2025-11-06 19:45:00,118.629997
2025-11-06 20:00:00,123.019997
2025-11-06 20:15:00,119.839996
2025-11-06 20:30:00,112.480003
2025-11-06 20:45:00,104.519997
2025-11-06 21:00:00,109.639999
2025-11-06 21:15:00,103.660004
2025-11-06 21:30:00,101.510002
2025-11-06 21:45:00,89.110001
2025-11-06 22:00:00,100.089996
2025-11-06 22:15:00,93.669998
2025-11-06 22:30:00,101.050003
2025-11-06 22:45:00,95.110001
2025-11-06 23:00:00,99.889999
2025-11-06 23:15:00,94.989998
2025-11-06 23:30:00,87.839996
2025-11-06 23:45:00,79.480003
2025-11-07 00:00:00,90.900002
2025-11-07 00:15:00,88.269997
2025-11-07 00:30:00,92.980003
2025-11-07 00:45:00,88.540001
2025-11-07 01:00:00,90.519997
2025-11-07 01:15:00,88.43
2025-11-07 01:30:00,88.440002
2025-11-07 01:45:00,87.870003
2025-11-07 02:00:00,90.580002
2025-11-07 02:15:00,88.980003
2025-11-07 02:30:00,89.889999
2025-11-07 02:45:00,88.940002
2025-11-07 03:00:00,89.889999
2025-11-07 03:15:00,89.529999
2025-11-07 03:30:00,89.07
2025-11-07 03:45:00,89.93
2025-11-07 04:00:00,87.059998
2025-11-07 04:15:00,88.199997
2025-11-07 04:30:00,84.0
2025-11-07 04:45:00,84.339996
2025-11-07 05:00:00,80.470001
2025-11-07 05:15:00,85.449997
2025-11-07 05:30:00,89.349998
2025-11-07 05:45:00,94.93
2025-11-07 06:00:00,86.900002
2025-11-07 06:15:00,98.370003
2025-11-07 06:30:00,108.419998
2025-11-07 06:45:00,137.550003
2025-11-07 07:00:00,113.959999
2025-11-07 07:15:00,130.429993
2025-11-07 07:30:00,130.009995
2025-11-07 07:45:00,134.350006
2025-11-07 08:00:00,150.229996
2025-11-07 08:15:00,136.949997
2025-11-07 08:30:00,114.040001
2025-11-07 08:45:00,92.910004
2025-11-07 09:00:00,122.160004
2025-11-07 09:15:00,112.760002
2025-11-07 09:30:00,96.449997
2025-11-07 09:45:00,88.239998
2025-11-07 10:00:00,102.849998
2025-11-07 10:15:00,94.959999
2025-11-07 10:30:00,89.230003
2025-11-07 10:45:00,86.480003
2025-11-07 11:00:00,92.540001
2025-11-07 11:15:00,89.690002
2025-11-07 11:30:00,89.830002
2025-11-07 11:45:00,87.889999
2025-11-07 12:00:00,88.290001
2025-11-07 12:15:00,88.220001
2025-11-07 12:30:00,88.800003
2025-11-07 12:45:00,89.900002
2025-11-07 13:00:00,88.230003
2025-11-07 13:15:00,90.559998
2025-11-07 13:30:00,93.540001
2025-11-07 13:45:00,95.879997
2025-11-07 14:00:00,77.370003
2025-11-07 14:15:00,94.300003
2025-11-07 14:30:00,101.169998
2025-11-07 14:45:00,118.870003
2025-11-07 15:00:00,88.269997
2025-11-07 15:15:00,106.459999
2025-11-07 15:30:00,125.120003
2025-11-07 15:45:00,165.979996
2025-11-07 16:00:00,129.330002
2025-11-07 16:15:00,144.570007
2025-11-07 16:30:00,166.960007
2025-11-07 16:45:00,219.630005
2025-11-07 17:00:00,172.059998
2025-11-07 17:15:00,184.759995
2025-11-07 17:30:00,180.720001
2025-11-07 17:45:00,176.619995
2025-11-07 18:00:00,154.589996
2025-11-07 18:15:00,141.429993
2025-11-07 18:30:00,142.949997
2025-11-07 18:45:00,143.770004
2025-11-07 19:00:00,140.779999
2025-11-07 19:15:00,133.720001
2025-11-07 19:30:00,121.739998
2025-11-07 19:45:00,120.669998
2025-11-07 20:00:00,129.550003
2025-11-07 20:15:00,117.129997
2025-11-07 20:30:00,111.93
2025-11-07 20:45:00,105.379997
2025-11-07 21:00:00,117.269997
2025-11-07 21:15:00,109.599998
2025-11-07 21:30:00,103.769997
2025-11-07 21:45:00,95.970001
2025-11-07 22:00:00,107.300003
2025-11-07 22:15:00,104.5
2025-11-07 22:30:00,94.989998
2025-11-07 22:45:00,86.290001
2025-11-07 23:00:00,100.730003
2025-11-07 23:15:00,94.989998
2025-11-07 23:30:00,88.889999
2025-11-07 23:45:00,83.599998
2025-11-08 00:00:00,102.32
2025-11-08 00:15:00,101.099998
2025-11-08 00:30:00,90.129997
2025-11-08 00:45:00,92.57
2025-11-08 01:00:00,100.410004
2025-11-08 01:15:00,96.559998
2025-11-08 01:30:00,94.989998
2025-11-08 01:45:00,93.339996
2025-11-08 02:00:00,95.959999
2025-11-08 02:15:00,93.290001
2025-11-08 02:30:00,93.879997
2025-11-08 02:45:00,92.839996
2025-11-08 03:00:00,94.760002
2025-11-08 03:15:00,94.220001
2025-11-08 03:30:00,93.860001
2025-11-08 03:45:00,93.050003
2025-11-08 04:00:00,92.559998
2025-11-08 04:15:00,94.040001
2025-11-08 04:30:00,94.300003
2025-11-08 04:45:00,93.360001
2025-11-08 05:00:00,93.82
2025-11-08 05:15:00,93.650002
2025-11-08 05:30:00,94.510002
2025-11-08 05:45:00,94.800003
2025-11-08 06:00:00,87.610001
2025-11-08 06:15:00,90.699997
2025-11-08 06:30:00,98.629997
2025-11-08 06:45:00,100.410004
2025-11-08 07:00:00,99.970001
2025-11-08 07:15:00,102.660004
2025-11-08 07:30:00,106.919998
2025-11-08 07:45:00,105.790001
2025-11-08 08:00:00,111.07
2025-11-08 08:15:00,108.309998
2025-11-08 08:30:00,102.82
2025-11-08 08:45:00,99.800003
2025-11-08 09:00:00,111.370003
2025-11-08 09:15:00,103.769997
2025-11-08 09:30:00,102.139999
2025-11-08 09:45:00,97.199997
2025-11-08 10:00:00,110.809998
2025-11-08 10:15:00,102.830002
2025-11-08 10:30:00,99.75
2025-11-08 10:45:00,95.32
2025-11-08 11:00:00,100.050003
2025-11-08 11:15:00,97.889999
2025-11-08 11:30:00,94.849998
2025-11-08 11:45:00,95.0
2025-11-08 12:00:00,99.940002
2025-11-08 12:15:00,95.839996
2025-11-08 12:30:00,92.589996
2025-11-08 12:45:00,92.269997
2025-11-08 13:00:00,93.150002
2025-11-08 13:15:00,93.589996
2025-11-08 13:30:00,96.919998
2025-11-08 13:45:00,99.989998
2025-11-08 14:00:00,86.330002
2025-11-08 14:15:00,97.209999
2025-11-08 14:30:00,104.410004
2025-11-08 14:45:00,118.220001
2025-11-08 15:00:00,95.68
2025-11-08 15:15:00,109.93
2025-11-08 15:30:00,127.0
2025-11-08 15:45:00,137.860001
2025-11-08 16:00:00,112.510002
2025-11-08 16:15:00,118.599998
2025-11-08 16:30:00,124.419998
2025-11-08 16:45:00,143.009995
2025-11-08 17:00:00,123.900002
2025-11-08 17:15:00,136.880005
2025-11-08 17:30:00,138.039993
2025-11-08 17:45:00,140.839996
2025-11-08 18:00:00,137.720001
2025-11-08 18:15:00,135.990005
2025-11-08 18:30:00,136.779999
2025-11-08 18:45:00,135.639999
2025-11-08 19:00:00,136.149994
2025-11-08 19:15:00,133.429993
2025-11-08 19:30:00,131.0
2025-11-08 19:45:00,124.360001
2025-11-08 20:00:00,128.889999
2025-11-08 20:15:00,122.559998
2025-11-08 20:30:00,118.550003
2025-11-08 20:45:00,108.760002
2025-11-08 21:00:00,122.269997
2025-11-08 21:15:00,116.370003
2025-11-08 21:30:00,108.389999
2025-11-08 21:45:00,102.18
2025-11-08 22:00:00,112.300003
2025-11-08 22:15:00,107.43
2025-11-08 22:30:00,104.690002
2025-11-08 22:45:00,100.620003
2025-11-08 23:00:00,104.400002
2025-11-08 23:15:00,99.93
2025-11-08 23:30:00,95.0
2025-11-08 23:45:00,88.279999
2025-11-09 00:00:00,96.199997
2025-11-09 00:15:00,89.339996
2025-11-09 00:30:00,97.980003
2025-11-09 00:45:00,95.620003
2025-11-09 01:00:00,100.389999
2025-11-09 01:15:00,95.0
2025-11-09 01:30:00,92.419998
2025-11-09 01:45:00,90.410004
2025-11-09 02:00:00,95.07
2025-11-09 02:15:00,93.769997
2025-11-09 02:30:00,92.059998
2025-11-09 02:45:00,90.400002
2025-11-09 03:00:00,91.510002
2025-11-09 03:15:00,90.400002
2025-11-09 03:30:00,89.989998
2025-11-09 03:45:00,92.620003
2025-11-09 04:00:00,90.489998
2025-11-09 04:15:00,91.410004
2025-11-09 04:30:00,90.980003
2025-11-09 04:45:00,93.690002
2025-11-09 05:00:00,91.82
2025-11-09 05:15:00,91.290001
2025-11-09 05:30:00,93.199997
2025-11-09 05:45:00,90.410004
2025-11-09 06:00:00,90.169998
2025-11-09 06:15:00,89.129997
2025-11-09 06:30:00,90.400002
2025-11-09 06:45:00,90.029999
2025-11-09 07:00:00,89.970001
2025-11-09 07:15:00,84.959999
2025-11-09 07:30:00,88.559998
2025-11-09 07:45:00,90.949997
2025-11-09 08:00:00,93.739998
2025-11-09 08:15:00,100.089996
2025-11-09 08:30:00,98.75
2025-11-09 08:45:00,96.5
2025-11-09 09:00:00,101.0
2025-11-09 09:15:00,98.900002
2025-11-09 09:30:00,96.220001
2025-11-09 09:45:00,94.32
2025-11-09 10:00:00,99.489998
2025-11-09 10:15:00,96.050003
2025-11-09 10:30:00,97.190002
2025-11-09 10:45:00,95.400002
2025-11-09 11:00:00,99.690002
2025-11-09 11:15:00,98.449997
2025-11-09 11:30:00,96.330002
2025-11-09 11:45:00,94.739998
2025-11-09 12:00:00,98.790001
2025-11-09 12:15:00,97.629997
2025-11-09 12:30:00,96.68
2025-11-09 12:45:00,98.239998
2025-11-09 13:00:00,99.370003
2025-11-09 13:15:00,98.779999
2025-11-09 13:30:00,93.879997
2025-11-09 13:45:00,93.57
2025-11-09 14:00:00,93.93
2025-11-09 14:15:00,93.709999
2025-11-09 14:30:00,98.580002
2025-11-09 14:45:00,103.040001
2025-11-09 15:00:00,89.970001
2025-11-09 15:15:00,97.230003
2025-11-09 15:30:00,99.870003
2025-11-09 15:45:00,104.099998
2025-11-09 16:00:00,102.660004
2025-11-09 16:15:00,109.599998
2025-11-09 16:30:00,112.629997
2025-11-09 16:45:00,114.5
2025-11-09 17:00:00,112.919998
2025-11-09 17:15:00,124.239998
2025-11-09 17:30:00,130.729996
2025-11-09 17:45:00,132.509995
2025-11-09 18:00:00,125.57
2025-11-09 18:15:00,127.510002
2025-11-09 18:30:00,126.709999
2025-11-09 18:45:00,124.620003
2025-11-09 19:00:00,122.089996
2025-11-09 19:15:00,121.360001
2025-11-09 19:30:00,114.5
2025-11-09 19:45:00,113.870003
2025-11-09 20:00:00,115.160004
2025-11-09 20:15:00,116.18
2025-11-09 20:30:00,102.879997
2025-11-09 20:45:00,89.779999
2025-11-09 21:00:00,102.839996
2025-11-09 21:15:00,89.970001
2025-11-09 21:30:00,93.050003
2025-11-09 21:45:00,88.290001
2025-11-09 22:00:00,102.830002
2025-11-09 22:15:00,93.830002
2025-11-09 22:30:00,89.489998
2025-11-09 22:45:00,83.099998
2025-11-09 23:00:00,95.099998
2025-11-09 23:15:00,89.529999
2025-11-09 23:30:00,89.489998
2025-11-09 23:45:00,85.589996
2025-11-10 00:00:00,92.379997
2025-11-10 00:15:00,89.980003
2025-11-10 00:30:00,87.400002
2025-11-10 00:45:00,86.160004
2025-11-10 01:00:00,88.709999
2025-11-10 01:15:00,88.459999
2025-11-10 01:30:00,86.43
2025-11-10 01:45:00,86.940002
2025-11-10 02:00:00,86.440002
2025-11-10 02:15:00,87.129997
2025-11-10 02:30:00,82.389999
2025-11-10 02:45:00,79.879997
2025-11-10 03:00:00,88.169998
2025-11-10 03:15:00,87.269997
2025-11-10 03:30:00,87.620003
2025-11-10 03:45:00,87.019997
2025-11-10 04:00:00,85.32
2025-11-10 04:15:00,85.050003
2025-11-10 04:30:00,87.019997
2025-11-10 04:45:00,91.309998
2025-11-10 05:00:00,86.07
2025-11-10 05:15:00,86.540001
2025-11-10 05:30:00,94.57
2025-11-10 05:45:00,102.07
2025-11-10 06:00:00,88.269997
2025-11-10 06:15:00,102.139999
2025-11-10 06:30:00,112.400002
2025-11-10 06:45:00,138.720001
2025-11-10 07:00:00,125.129997
2025-11-10 07:15:00,140.929993
2025-11-10 07:30:00,149.449997
2025-11-10 07:45:00,156.470001
2025-11-10 08:00:00,176.399994
2025-11-10 08:15:00,159.139999
2025-11-10 08:30:00,156.149994
2025-11-10 08:45:00,139.809998
2025-11-10 09:00:00,175.949997
2025-11-10 09:15:00,146.070007
2025-11-10 09:30:00,130.850006
2025-11-10 09:45:00,115.120003
2025-11-10 10:00:00,145.699997
2025-11-10 10:15:00,127.550003
2025-11-10 10:30:00,123.339996
2025-11-10 10:45:00,108.510002
2025-11-10 11:00:00,122.57
2025-11-10 11:15:00,117.760002
2025-11-10 11:30:00,111.809998
2025-11-10 11:45:00,108.839996
2025-11-10 12:00:00,109.43
2025-11-10 12:15:00,107.389999
2025-11-10 12:30:00,102.830002
2025-11-10 12:45:00,104.040001
2025-11-10 13:00:00,107.910004
2025-11-10 13:15:00,107.080002
2025-11-10 13:30:00,105.470001
2025-11-10 13:45:00,113.18
2025-11-10 14:00:00,102.379997
2025-11-10 14:15:00,104.129997
2025-11-10 14:30:00,118.620003
2025-11-10 14:45:00,137.130005
2025-11-10 15:00:00,100.639999
2025-11-10 15:15:00,107.470001
2025-11-10 15:30:00,124.029999
2025-11-10 15:45:00,154.929993
2025-11-10 16:00:00,120.889999
2025-11-10 16:15:00,124.769997
2025-11-10 16:30:00,127.989998
2025-11-10 16:45:00,146.830002
2025-11-10 17:00:00,146.009995
2025-11-10 17:15:00,146.300003
2025-11-10 17:30:00,136.770004
2025-11-10 17:45:00,128.100006
2025-11-10 18:00:00,154.369995
2025-11-10 18:15:00,130.559998
2025-11-10 18:30:00,103.389999
2025-11-10 18:45:00,94.580002
2025-11-10 19:00:00,133.080002
2025-11-10 19:15:00,102.169998
2025-11-10 19:30:00,90.580002
2025-11-10 19:45:00,88.879997
2025-11-10 20:00:00,89.699997
2025-11-10 20:15:00,96.400002
2025-11-10 20:30:00,88.440002
2025-11-10 20:45:00,85.959999
2025-11-10 21:00:00,91.269997
2025-11-10 21:15:00,87.629997
2025-11-10 21:30:00,84.300003
2025-11-10 21:45:00,81.900002
2025-11-10 22:00:00,88.269997
2025-11-10 22:15:00,85.239998
2025-11-10 22:30:00,80.790001
2025-11-10 22:45:00,79.519997
2025-11-10 23:00:00,86.010002
2025-11-10 23:15:00,78.82
2025-11-10 23:30:00,77.379997
2025-11-10 23:45:00,69.139999
2025-11-11 00:00:00,88.419998
2025-11-11 00:15:00,82.010002
2025-11-11 00:30:00,73.489998
2025-11-11 00:45:00,66.839996
2025-11-11 01:00:00,88.230003
2025-11-11 01:15:00,80.93
2025-11-11 01:30:00,71.160004
2025-11-11 01:45:00,66.290001
2025-11-11 02:00:00,77.650002
2025-11-11 02:15:00,70.239998
2025-11-11 02:30:00,68.739998
2025-11-11 02:45:00,66.860001
2025-11-11 03:00:00,66.68
2025-11-11 03:15:00,69.349998
2025-11-11 03:30:00,68.400002
2025-11-11 03:45:00,65.830002
2025-11-11 04:00:00,65.849998
2025-11-11 04:15:00,65.980003
2025-11-11 04:30:00,67.010002
2025-11-11 04:45:00,70.040001
2025-11-11 05:00:00,63.07
2025-11-11 05:15:00,66.800003
2025-11-11 05:30:00,68.010002
2025-11-11 05:45:00,74.330002
2025-11-11 06:00:00,66.610001
2025-11-11 06:15:00,68.57
2025-11-11 06:30:00,79.480003
2025-11-11 06:45:00,96.110001
2025-11-11 07:00:00,86.360001
2025-11-11 07:15:00,90.290001
2025-11-11 07:30:00,96.32
2025-11-11 07:45:00,94.239998
2025-11-11 08:00:00,105.839996
2025-11-11 08:15:00,100.519997
2025-11-11 08:30:00,100.32
2025-11-11 08:45:00,93.32
2025-11-11 09:00:00,107.529999
2025-11-11 09:15:00,94.730003
2025-11-11 09:30:00,95.889999
2025-11-11 09:45:00,88.269997
2025-11-11 10:00:00,103.760002
2025-11-11 10:15:00,88.290001
2025-11-11 10:30:00,84.150002
2025-11-11 10:45:00,81.25
2025-11-11 11:00:00,89.470001
2025-11-11 11:15:00,85.779999
2025-11-11 11:30:00,81.980003
2025-11-11 11:45:00,78.690002
2025-11-11 12:00:00,79.919998
2025-11-11 12:15:00,78.440002
2025-11-11 12:30:00,79.389999
2025-11-11 12:45:00,83.459999
2025-11-11 13:00:00,77.330002
2025-11-11 13:15:00,78.940002
2025-11-11 13:30:00,82.019997
2025-11-11 13:45:00,85.709999
2025-11-11 14:00:00,87.43
2025-11-11 14:15:00,91.099998
2025-11-11 14:30:00,98.669998
2025-11-11 14:45:00,100.970001
2025-11-11 15:00:00,88.480003
2025-11-11 15:15:00,100.529999
2025-11-11 15:30:00,115.580002
2025-11-11 15:45:00,114.470001
2025-11-11 16:00:00,111.279999
2025-11-11 16:15:00,117.599998
2025-11-11 16:30:00,130.240005
2025-11-11 16:45:00,134.559998
2025-11-11 17:00:00,136.210007
2025-11-11 17:15:00,138.520004
2025-11-11 17:30:00,133.470001
2025-11-11 17:45:00,125.0
2025-11-11 18:00:00,127.669998
2025-11-11 18:15:00,115.510002
2025-11-11 18:30:00,100.110001
2025-11-11 18:45:00,88.25
2025-11-11 19:00:00,101.410004
2025-11-11 19:15:00,88.25
2025-11-11 19:30:00,96.120003
2025-11-11 19:45:00,88.269997
2025-11-11 20:00:00,94.709999
2025-11-11 20:15:00,89.589996
2025-11-11 20:30:00,84.470001
2025-11-11 20:45:00,73.720001
2025-11-11 21:00:00,90.050003
2025-11-11 21:15:00,84.129997
2025-11-11 21:30:00,70.93
2025-11-11 21:45:00,74.080002
2025-11-11 22:00:00,60.200001
2025-11-11 22:15:00,66.690002
2025-11-11 22:30:00,77.239998
2025-11-11 22:45:00,62.310001
2025-11-11 23:00:00,55.189999
2025-11-11 23:15:00,62.619999
2025-11-11 23:30:00,66.309998
2025-11-11 23:45:00,49.669998
2025-11-12 00:00:00,62.32
2025-11-12 00:15:00,62.139999
2025-11-12 00:30:00,60.889999
2025-11-12 00:45:00,54.66
2025-11-12 01:00:00,62.48
2025-11-12 01:15:00,56.580002
2025-11-12 01:30:00,53.73
2025-11-12 01:45:00,52.130001
2025-11-12 02:00:00,54.669998
2025-11-12 02:15:00,53.200001
2025-11-12 02:30:00,51.080002
2025-11-12 02:45:00,50.389999
2025-11-12 03:00:00,49.889999
2025-11-12 03:15:00,49.66
2025-11-12 03:30:00,47.810001
2025-11-12 03:45:00,47.080002
2025-11-12 04:00:00,44.34
2025-11-12 04:15:00,43.380001
2025-11-12 04:30:00,43.18
2025-11-12 04:45:00,43.560001
2025-11-12 05:00:00,44.68
2025-11-12 05:15:00,45.18
2025-11-12 05:30:00,46.970001
2025-11-12 05:45:00,47.34
2025-11-12 06:00:00,41.029999
2025-11-12 06:15:00,55.41
2025-11-12 06:30:00,52.110001
2025-11-12 06:45:00,51.450001
2025-11-12 07:00:00,50.32
2025-11-12 07:15:00,52.060001
2025-11-12 07:30:00,52.669998
2025-11-12 07:45:00,52.849998
2025-11-12 08:00:00,53.959999
2025-11-12 08:15:00,53.66
2025-11-12 08:30:00,50.299999
2025-11-12 08:45:00,47.669998
2025-11-12 09:00:00,51.349998
2025-11-12 09:15:00,50.869999
2025-11-12 09:30:00,49.830002
2025-11-12 09:45:00,47.970001
2025-11-12 10:00:00,45.939999
2025-11-12 10:15:00,45.759998
2025-11-12 10:30:00,46.16
2025-11-12 10:45:00,43.880001
2025-11-12 11:00:00,44.950001
2025-11-12 11:15:00,49.200001
2025-11-12 11:30:00,48.790001
2025-11-12 11:45:00,48.029999
2025-11-12 12:00:00,47.16
2025-11-12 12:15:00,47.939999
2025-11-12 12:30:00,50.950001
2025-11-12 12:45:00,50.540001
2025-11-12 13:00:00,47.799999
2025-11-12 13:15:00,50.900002
2025-11-12 13:30:00,50.790001
2025-11-12 13:45:00,48.669998
2025-11-12 14:00:00,48.860001
2025-11-12 14:15:00,49.959999
2025-11-12 14:30:00,55.32
2025-11-12 14:45:00,55.450001
2025-11-12 15:00:00,53.849998
2025-11-12 15:15:00,55.0
2025-11-12 15:30:00,58.68
2025-11-12 15:45:00,63.900002
2025-11-12 16:00:00,62.419998
2025-11-12 16:15:00,54.740002
2025-11-12 16:30:00,49.110001
2025-11-12 16:45:00,49.540001
2025-11-12 17:00:00,98.239998
2025-11-12 17:15:00,66.529999
2025-11-12 17:30:00,66.610001
2025-11-12 17:45:00,66.629997
2025-11-12 18:00:00,66.5
2025-11-12 18:15:00,66.510002
2025-11-12 18:30:00,66.57
2025-11-12 18:45:00,74.889999
2025-11-12 19:00:00,58.029999
2025-11-12 19:15:00,66.349998
2025-11-12 19:30:00,66.379997
2025-11-12 19:45:00,72.190002
2025-11-12 20:00:00,45.560001
2025-11-12 20:15:00,56.450001
2025-11-12 20:30:00,56.02
2025-11-12 20:45:00,61.07
2025-11-12 21:00:00,53.080002
2025-11-12 21:15:00,72.68
2025-11-12 21:30:00,55.43
2025-11-12 21:45:00,44.470001
2025-11-12 22:00:00,59.0
2025-11-12 22:15:00,63.02
2025-11-12 22:30:00,57.240002
2025-11-12 22:45:00,49.880001
2025-11-12 23:00:00,62.880001
2025-11-12 23:15:00,58.349998
2025-11-12 23:30:00,49.360001
2025-11-12 23:45:00,36.75
2025-11-13 00:00:00,40.259998
2025-11-13 00:15:00,32.779999
2025-11-13 00:30:00,29.67
2025-11-13 00:45:00,19.27
2025-11-13 01:00:00,25.370001
2025-11-13 01:15:00,19.030001
2025-11-13 01:30:00,17.26
2025-11-13 01:45:00,14.23
2025-11-13 02:00:00,14.2
2025-11-13 02:15:00,13.36
2025-11-13 02:30:00,9.25
2025-11-13 02:45:00,7.94
2025-11-13 03:00:00,8.57
2025-11-13 03:15:00,8.09
2025-11-13 03:30:00,7.91
2025-11-13 03:45:00,6.55
2025-11-13 04:00:00,5.64
2025-11-13 04:15:00,5.63
2025-11-13 04:30:00,5.63
2025-11-13 04:45:00,7.1
2025-11-13 05:00:00,8.26
2025-11-13 05:15:00,15.63
2025-11-13 05:30:00,31.09
2025-11-13 05:45:00,46.98
2025-11-13 06:00:00,24.01
2025-11-13 06:15:00,46.709999
2025-11-13 06:30:00,48.82
2025-11-13 06:45:00,49.689999
2025-11-13 07:00:00,55.150002
2025-11-13 07:15:00,58.580002
2025-11-13 07:30:00,56.990002
2025-11-13 07:45:00,47.209999
2025-11-13 08:00:00,83.370003
2025-11-13 08:15:00,66.690002
2025-11-13 08:30:00,51.09
2025-11-13 08:45:00,58.540001
2025-11-13 09:00:00,58.790001
2025-11-13 09:15:00,56.759998
2025-11-13 09:30:00,50.599998
2025-11-13 09:45:00,48.290001
2025-11-13 10:00:00,57.84
2025-11-13 10:15:00,49.889999
2025-11-13 10:30:00,47.110001
2025-11-13 10:45:00,44.330002
2025-11-13 11:00:00,46.77
2025-11-13 11:15:00,36.580002
2025-11-13 11:30:00,39.66
2025-11-13 11:45:00,47.09
2025-11-13 12:00:00,41.619999
2025-11-13 12:15:00,46.380001
2025-11-13 12:30:00,50.700001
2025-11-13 12:45:00,51.68
2025-11-13 13:00:00,49.98
2025-11-13 13:15:00,51.790001
2025-11-13 13:30:00,67.089996
2025-11-13 13:45:00,70.690002
2025-11-13 14:00:00,48.23
2025-11-13 14:15:00,63.689999
2025-11-13 14:30:00,79.110001
2025-11-13 14:45:00,65.800003
2025-11-13 15:00:00,65.889999
2025-11-13 15:15:00,69.349998
2025-11-13 15:30:00,67.75
2025-11-13 15:45:00,68.559998
2025-11-13 16:00:00,66.550003
2025-11-13 16:15:00,71.720001
2025-11-13 16:30:00,70.559998
2025-11-13 16:45:00,88.230003
2025-11-13 17:00:00,88.269997
2025-11-13 17:15:00,92.559998
2025-11-13 17:30:00,115.120003
2025-11-13 17:45:00,115.169998
2025-11-13 18:00:00,115.139999
2025-11-13 18:15:00,115.190002
2025-11-13 18:30:00,115.129997
2025-11-13 18:45:00,97.949997
2025-11-13 19:00:00,107.919998
2025-11-13 19:15:00,102.129997
2025-11-13 19:30:00,100.849998
2025-11-13 19:45:00,93.099998
2025-11-13 20:00:00,97.82
2025-11-13 20:15:00,93.089996
2025-11-13 20:30:00,94.010002
2025-11-13 20:45:00,104.0
2025-11-13 21:00:00,98.459999
2025-11-13 21:15:00,97.010002
2025-11-13 21:30:00,100.330002
2025-11-13 21:45:00,88.209999
2025-11-13 22:00:00,111.760002
2025-11-13 22:15:00,100.160004
2025-11-13 22:30:00,91.949997
2025-11-13 22:45:00,86.919998
2025-11-13 23:00:00,103.68
2025-11-13 23:15:00,97.260002
2025-11-13 23:30:00,89.010002
2025-11-13 23:45:00,75.489998
2025-11-14 00:00:00,97.959999
2025-11-14 00:15:00,85.18
2025-11-14 00:30:00,89.610001
2025-11-14 00:45:00,90.160004
2025-11-14 01:00:00,86.75
2025-11-14 01:15:00,88.830002
2025-11-14 01:30:00,91.059998
2025-11-14 01:45:00,95.629997
2025-11-14 02:00:00,86.639999
2025-11-14 02:15:00,86.129997
2025-11-14 02:30:00,85.860001
2025-11-14 02:45:00,77.980003
2025-11-14 03:00:00,81.910004
2025-11-14 03:15:00,81.589996
2025-11-14 03:30:00,79.339996
2025-11-14 03:45:00,82.449997
2025-11-14 04:00:00,76.720001
2025-11-14 04:15:00,77.860001
2025-11-14 04:30:00,80.5
2025-11-14 04:45:00,83.599998
2025-11-14 05:00:00,82.870003
2025-11-14 05:15:00,80.059998
2025-11-14 05:30:00,75.019997
2025-11-14 05:45:00,79.07
2025-11-14 06:00:00,88.879997
2025-11-14 06:15:00,103.07
2025-11-14 06:30:00,100.110001
2025-11-14 06:45:00,117.260002
2025-11-14 07:00:00,120.059998
2025-11-14 07:15:00,127.010002
2025-11-14 07:30:00,129.419998
2025-11-14 07:45:00,131.330002
2025-11-14 08:00:00,153.679993
2025-11-14 08:15:00,140.309998
2025-11-14 08:30:00,132.539993
2025-11-14 08:45:00,119.010002
2025-11-14 09:00:00,134.740005
2025-11-14 09:15:00,121.919998
2025-11-14 09:30:00,119.900002
2025-11-14 09:45:00,107.040001
2025-11-14 10:00:00,122.800003
2025-11-14 10:15:00,115.269997
2025-11-14 10:30:00,106.120003
2025-11-14 10:45:00,103.5
2025-11-14 11:00:00,108.949997
2025-11-14 11:15:00,105.519997
2025-11-14 11:30:00,104.57
2025-11-14 11:45:00,102.040001
2025-11-14 12:00:00,102.099998
2025-11-14 12:15:00,100.0
2025-11-14 12:30:00,99.550003
2025-11-14 12:45:00,103.25
2025-11-14 13:00:00,99.540001
2025-11-14 13:15:00,99.120003
2025-11-14 13:30:00,102.199997
2025-11-14 13:45:00,107.93
2025-11-14 14:00:00,100.690002
2025-11-14 14:15:00,103.870003
2025-11-14 14:30:00,99.559998
2025-11-14 14:45:00,106.239998
2025-11-14 15:00:00,107.589996
2025-11-14 15:15:00,104.190002
2025-11-14 15:30:00,112.43
2025-11-14 15:45:00,122.489998
2025-11-14 16:00:00,108.309998
2025-11-14 16:15:00,115.690002
2025-11-14 16:30:00,102.0
2025-11-14 16:45:00,110.639999
2025-11-14 17:00:00,122.870003
2025-11-14 17:15:00,122.830002
2025-11-14 17:30:00,122.220001
2025-11-14 17:45:00,117.690002
2025-11-14 18:00:00,105.949997
2025-11-14 18:15:00,95.889999
2025-11-14 18:30:00,97.620003
2025-11-14 18:45:00,107.220001
2025-11-14 19:00:00,103.709999
2025-11-14 19:15:00,88.860001
2025-11-14 19:30:00,88.830002
2025-11-14 19:45:00,88.879997
2025-11-14 20:00:00,91.379997
2025-11-14 20:15:00,87.029999
2025-11-14 20:30:00,79.209999
2025-11-14 20:45:00,73.419998
2025-11-14 21:00:00,73.190002
2025-11-14 21:15:00,76.169998
2025-11-14 21:30:00,80.220001
2025-11-14 21:45:00,76.709999
2025-11-14 22:00:00,54.720001
2025-11-14 22:15:00,64.07
2025-11-14 22:30:00,68.349998
2025-11-14 22:45:00,66.059998
2025-11-14 23:00:00,60.43
2025-11-14 23:15:00,61.07
2025-11-14 23:30:00,65.239998
2025-11-14 23:45:00,52.400002
2025-11-15 00:00:00,62.09
2025-11-15 00:15:00,62.549999
2025-11-15 00:30:00,62.259998
2025-11-15 00:45:00,57.099998
2025-11-15 01:00:00,63.950001
2025-11-15 01:15:00,60.52
2025-11-15 01:30:00,60.060001
2025-11-15 01:45:00,58.540001
2025-11-15 02:00:00,57.919998
2025-11-15 02:15:00,57.900002
2025-11-15 02:30:00,57.700001
2025-11-15 02:45:00,56.959999
2025-11-15 03:00:00,56.919998
2025-11-15 03:15:00,55.869999
2025-11-15 03:30:00,54.060001
2025-11-15 03:45:00,53.189999
2025-11-15 04:00:00,53.189999
2025-11-15 04:15:00,52.689999
2025-11-15 04:30:00,52.509998
2025-11-15 04:45:00,52.330002
2025-11-15 05:00:00,52.459999
2025-11-15 05:15:00,51.41
2025-11-15 05:30:00,52.580002
2025-11-15 05:45:00,57.82
2025-11-15 06:00:00,46.790001
2025-11-15 06:15:00,57.009998
2025-11-15 06:30:00,60.560001
2025-11-15 06:45:00,62.630001
2025-11-15 07:00:00,63.23
2025-11-15 07:15:00,63.77
2025-11-15 07:30:00,64.5
2025-11-15 07:45:00,58.990002
2025-11-15 08:00:00,74.370003
2025-11-15 08:15:00,75.050003
2025-11-15 08:30:00,73.589996
2025-11-15 08:45:00,68.25
2025-11-15 09:00:00,85.339996
2025-11-15 09:15:00,80.120003
2025-11-15 09:30:00,79.910004
2025-11-15 09:45:00,79.959999
2025-11-15 10:00:00,81.470001
2025-11-15 10:15:00,81.480003
2025-11-15 10:30:00,81.459999
2025-11-15 10:45:00,81.690002
2025-11-15 11:00:00,84.230003
2025-11-15 11:15:00,82.709999
2025-11-15 11:30:00,82.669998
2025-11-15 11:45:00,82.669998
2025-11-15 12:00:00,80.739998
2025-11-15 12:15:00,81.230003
2025-11-15 12:30:00,82.870003
2025-11-15 12:45:00,87.489998
2025-11-15 13:00:00,83.589996
2025-11-15 13:15:00,83.769997
2025-11-15 13:30:00,89.309998
2025-11-15 13:45:00,89.449997
2025-11-15 14:00:00,84.07
2025-11-15 14:15:00,83.360001
2025-11-15 14:30:00,86.989998
2025-11-15 14:45:00,98.889999
2025-11-15 15:00:00,86.940002
2025-11-15 15:15:00,96.459999
2025-11-15 15:30:00,85.089996
2025-11-15 15:45:00,101.980003
2025-11-15 16:00:00,86.389999
2025-11-15 16:15:00,88.389999
2025-11-15 16:30:00,100.0
2025-11-15 16:45:00,110.5
2025-11-15 17:00:00,102.330002
2025-11-15 17:15:00,110.910004
2025-11-15 17:30:00,117.589996
2025-11-15 17:45:00,116.449997
2025-11-15 18:00:00,118.209999
2025-11-15 18:15:00,120.110001
2025-11-15 18:30:00,115.75
2025-11-15 18:45:00,109.599998
2025-11-15 19:00:00,109.050003
2025-11-15 19:15:00,102.349998
2025-11-15 19:30:00,107.760002
2025-11-15 19:45:00,101.32
2025-11-15 20:00:00,100.93
2025-11-15 20:15:00,100.099998
2025-11-15 20:30:00,91.699997
2025-11-15 20:45:00,85.040001
2025-11-15 21:00:00,96.449997
2025-11-15 21:15:00,94.580002
2025-11-15 21:30:00,93.43
2025-11-15 21:45:00,89.040001
2025-11-15 22:00:00,98.790001
2025-11-15 22:15:00,96.629997
2025-11-15 22:30:00,93.389999
2025-11-15 22:45:00,91.190002
2025-11-15 23:00:00,102.309998
2025-11-15 23:15:00,99.989998
2025-11-15 23:30:00,98.089996
2025-11-15 23:45:00,82.050003
2025-11-16 00:00:00,96.709999
2025-11-16 00:15:00,93.150002
2025-11-16 00:30:00,92.080002
2025-11-16 00:45:00,93.050003
2025-11-16 01:00:00,97.779999
2025-11-16 01:15:00,91.709999
2025-11-16 01:30:00,96.650002
2025-11-16 01:45:00,93.860001
2025-11-16 02:00:00,93.269997
2025-11-16 02:15:00,88.559998
2025-11-16 02:30:00,95.809998
2025-11-16 02:45:00,95.75
2025-11-16 03:00:00,96.809998
2025-11-16 03:15:00,94.75
2025-11-16 03:30:00,87.089996
2025-11-16 03:45:00,87.150002
2025-11-16 04:00:00,90.809998
2025-11-16 04:15:00,88.209999
2025-11-16 04:30:00,87.089996
2025-11-16 04:45:00,86.739998
2025-11-16 05:00:00,97.370003
2025-11-16 05:15:00,86.239998
2025-11-16 05:30:00,78.720001
2025-11-16 05:45:00,77.099998
2025-11-16 06:00:00,75.940002
2025-11-16 06:15:00,80.709999
2025-11-16 06:30:00,80.419998
2025-11-16 06:45:00,80.010002
2025-11-16 07:00:00,77.5
2025-11-16 07:15:00,87.589996
2025-11-16 07:30:00,80.169998
2025-11-16 07:45:00,86.209999
2025-11-16 08:00:00,87.169998
2025-11-16 08:15:00,87.059998
2025-11-16 08:30:00,87.730003
2025-11-16 08:45:00,84.129997
2025-11-16 09:00:00,100.349998
2025-11-16 09:15:00,90.139999
2025-11-16 09:30:00,86.790001
2025-11-16 09:45:00,87.949997
2025-11-16 10:00:00,92.57
2025-11-16 10:15:00,87.300003
2025-11-16 10:30:00,83.830002
2025-11-16 10:45:00,86.809998
2025-11-16 11:00:00,90.900002
2025-11-16 11:15:00,91.32
2025-11-16 11:30:00,89.93
2025-11-16 11:45:00,89.879997
2025-11-16 12:00:00,96.190002
2025-11-16 12:15:00,92.699997
2025-11-16 12:30:00,96.529999
2025-11-16 12:45:00,94.720001
2025-11-16 13:00:00,95.169998
2025-11-16 13:15:00,92.730003
2025-11-16 13:30:00,90.230003
2025-11-16 13:45:00,91.849998
2025-11-16 14:00:00,86.900002
2025-11-16 14:15:00,95.599998
2025-11-16 14:30:00,98.32
2025-11-16 14:45:00,101.449997
2025-11-16 15:00:00,92.290001
2025-11-16 15:15:00,94.199997
2025-11-16 15:30:00,101.029999
2025-11-16 15:45:00,110.43
2025-11-16 16:00:00,100.349998
2025-11-16 16:15:00,105.620003
2025-11-16 16:30:00,108.959999
2025-11-16 16:45:00,119.040001
2025-11-16 17:00:00,110.93
2025-11-16 17:15:00,117.309998
2025-11-16 17:30:00,121.440002
2025-11-16 17:45:00,122.809998
2025-11-16 18:00:00,118.830002
2025-11-16 18:15:00,117.199997
2025-11-16 18:30:00,117.43
2025-11-16 18:45:00,116.160004
2025-11-16 19:00:00,114.410004
2025-11-16 19:15:00,111.690002
2025-11-16 19:30:00,108.050003
2025-11-16 19:45:00,102.32
2025-11-16 20:00:00,106.730003
2025-11-16 20:15:00,96.360001
2025-11-16 20:30:00,88.529999
2025-11-16 20:45:00,84.110001
2025-11-16 21:00:00,87.360001
2025-11-16 21:15:00,84.120003
2025-11-16 21:30:00,82.089996
2025-11-16 21:45:00,79.949997
2025-11-16 22:00:00,80.690002
2025-11-16 22:15:00,80.190002
2025-11-16 22:30:00,78.889999
2025-11-16 22:45:00,80.18
2025-11-16 23:00:00,63.630001
2025-11-16 23:15:00,66.989998
2025-11-16 23:30:00,71.239998
2025-11-16 23:45:00,70.790001
2025-11-17 00:00:00,70.040001
2025-11-17 00:15:00,68.559998
2025-11-17 00:30:00,68.690002
2025-11-17 00:45:00,68.690002
2025-11-17 01:00:00,66.209999
2025-11-17 01:15:00,66.889999
2025-11-17 01:30:00,65.790001
2025-11-17 01:45:00,65.07
2025-11-17 02:00:00,64.330002
2025-11-17 02:15:00,64.300003
2025-11-17 02:30:00,62.959999
2025-11-17 02:45:00,61.779999
2025-11-17 03:00:00,60.380001
2025-11-17 03:15:00,58.639999
2025-11-17 03:30:00,58.490002
2025-11-17 03:45:00,58.400002
2025-11-17 04:00:00,58.5
2025-11-17 04:15:00,58.43
2025-11-17 04:30:00,58.389999
2025-11-17 04:45:00,57.799999
2025-11-17 05:00:00,61.330002
2025-11-17 05:15:00,61.91
2025-11-17 05:30:00,62.790001
2025-11-17 05:45:00,66.790001
2025-11-17 06:00:00,71.800003
2025-11-17 06:15:00,72.870003
2025-11-17 06:30:00,74.57
2025-11-17 06:45:00,75.32
2025-11-17 07:00:00,84.5
2025-11-17 07:15:00,90.0
2025-11-17 07:30:00,97.339996
2025-11-17 07:45:00,100.169998
2025-11-17 08:00:00,104.080002
2025-11-17 08:15:00,106.300003
2025-11-17 08:30:00,105.830002
2025-11-17 08:45:00,103.800003
2025-11-17 09:00:00,112.470001
2025-11-17 09:15:00,105.339996
2025-11-17 09:30:00,100.190002
2025-11-17 09:45:00,96.540001
2025-11-17 10:00:00,109.339996
2025-11-17 10:15:00,98.300003
2025-11-17 10:30:00,90.5
2025-11-17 10:45:00,87.300003
2025-11-17 11:00:00,91.349998
2025-11-17 11:15:00,84.019997
2025-11-17 11:30:00,83.629997
2025-11-17 11:45:00,77.730003
2025-11-17 12:00:00,81.779999
2025-11-17 12:15:00,77.5
2025-11-17 12:30:00,77.040001
2025-11-17 12:45:00,74.900002
2025-11-17 13:00:00,73.220001
2025-11-17 13:15:00,76.309998
2025-11-17 13:30:00,77.919998
2025-11-17 13:45:00,83.690002
2025-11-17 14:00:00,84.870003
2025-11-17 14:15:00,84.889999
2025-11-17 14:30:00,84.540001
2025-11-17 14:45:00,93.300003
2025-11-17 15:00:00,81.440002
2025-11-17 15:15:00,92.269997
2025-11-17 15:30:00,99.010002
2025-11-17 15:45:00,107.639999
2025-11-17 16:00:00,89.540001
2025-11-17 16:15:00,98.239998
2025-11-17 16:30:00,102.019997
2025-11-17 16:45:00,104.889999
2025-11-17 17:00:00,114.300003
2025-11-17 17:15:00,117.220001
2025-11-17 17:30:00,117.68
2025-11-17 17:45:00,118.629997
2025-11-17 18:00:00,119.699997
2025-11-17 18:15:00,114.32
2025-11-17 18:30:00,115.849998
2025-11-17 18:45:00,116.099998
2025-11-17 19:00:00,114.589996
2025-11-17 19:15:00,112.220001
2025-11-17 19:30:00,108.720001
2025-11-17 19:45:00,107.279999
2025-11-17 20:00:00,107.980003
2025-11-17 20:15:00,107.059998
2025-11-17 20:30:00,103.919998
2025-11-17 20:45:00,91.980003
2025-11-17 21:00:00,101.209999
2025-11-17 21:15:00,94.230003
2025-11-17 21:30:00,90.050003
2025-11-17 21:45:00,84.540001
2025-11-17 22:00:00,91.07
2025-11-17 22:15:00,87.150002
2025-11-17 22:30:00,88.410004
2025-11-17 22:45:00,84.720001
2025-11-17 23:00:00,90.059998
2025-11-17 23:15:00,83.650002
2025-11-17 23:30:00,78.389999
2025-11-17 23:45:00,72.0
2025-11-18 00:00:00,89.07
2025-11-18 00:15:00,83.519997
2025-11-18 00:30:00,85.139999
2025-11-18 00:45:00,80.629997
2025-11-18 01:00:00,86.660004
2025-11-18 01:15:00,82.760002
2025-11-18 01:30:00,82.160004
2025-11-18 01:45:00,79.230003
2025-11-18 02:00:00,81.290001
2025-11-18 02:15:00,79.089996
2025-11-18 02:30:00,78.809998
2025-11-18 02:45:00,76.779999
2025-11-18 03:00:00,78.209999
2025-11-18 03:15:00,77.690002
2025-11-18 03:30:00,77.620003
2025-11-18 03:45:00,77.290001
2025-11-18 04:00:00,76.879997
2025-11-18 04:15:00,78.739998
2025-11-18 04:30:00,81.419998
2025-11-18 04:45:00,82.93
2025-11-18 05:00:00,76.629997
2025-11-18 05:15:00,81.940002
2025-11-18 05:30:00,85.32
2025-11-18 05:45:00,88.099998
2025-11-18 06:00:00,87.150002
2025-11-18 06:15:00,95.110001
2025-11-18 06:30:00,91.550003
2025-11-18 06:45:00,90.379997
2025-11-18 07:00:00,102.160004
2025-11-18 07:15:00,98.889999
2025-11-18 07:30:00,107.790001
2025-11-18 07:45:00,109.889999
2025-11-18 08:00:00,132.089996
2025-11-18 08:15:00,125.599998
2025-11-18 08:30:00,118.919998
2025-11-18 08:45:00,103.099998
2025-11-18 09:00:00,134.289993
2025-11-18 09:15:00,110.839996
2025-11-18 09:30:00,98.059998
2025-11-18 09:45:00,88.25
2025-11-18 10:00:00,101.889999
2025-11-18 10:15:00,90.040001
2025-11-18 10:30:00,89.599998
2025-11-18 10:45:00,88.199997
2025-11-18 11:00:00,87.419998
2025-11-18 11:15:00,88.459999
2025-11-18 11:30:00,89.849998
2025-11-18 11:45:00,90.650002
2025-11-18 12:00:00,89.419998
2025-11-18 12:15:00,89.110001
2025-11-18 12:30:00,89.690002
2025-11-18 12:45:00,90.870003
2025-11-18 13:00:00,91.470001
2025-11-18 13:15:00,93.730003
2025-11-18 13:30:00,91.309998
2025-11-18 13:45:00,93.760002
2025-11-18 14:00:00,90.379997
2025-11-18 14:15:00,93.18
2025-11-18 14:30:00,106.199997
2025-11-18 14:45:00,109.93
2025-11-18 15:00:00,106.379997
2025-11-18 15:15:00,114.279999
2025-11-18 15:30:00,125.730003
2025-11-18 15:45:00,135.990005
2025-11-18 16:00:00,123.050003
2025-11-18 16:15:00,138.559998
2025-11-18 16:30:00,148.199997
2025-11-18 16:45:00,167.25
2025-11-18 17:00:00,147.259995
2025-11-18 17:15:00,155.759995
2025-11-18 17:30:00,154.399994
2025-11-18 17:45:00,151.660004
2025-11-18 18:00:00,154.970001
2025-11-18 18:15:00,148.369995
2025-11-18 18:30:00,141.779999
2025-11-18 18:45:00,140.940002
2025-11-18 19:00:00,136.360001
2025-11-18 19:15:00,134.149994
2025-11-18 19:30:00,131.759995
2025-11-18 19:45:00,126.709999
2025-11-18 20:00:00,123.839996
2025-11-18 20:15:00,105.029999
2025-11-18 20:30:00,104.129997
2025-11-18 20:45:00,97.860001
2025-11-18 21:00:00,100.709999
2025-11-18 21:15:00,92.900002
2025-11-18 21:30:00,95.32
2025-11-18 21:45:00,90.860001
2025-11-18 22:00:00,102.610001
2025-11-18 22:15:00,96.239998
2025-11-18 22:30:00,100.080002
2025-11-18 22:45:00,91.32
2025-11-18 23:00:00,97.349998
2025-11-18 23:15:00,89.120003
2025-11-18 23:30:00,88.849998
2025-11-18 23:45:00,84.529999
2025-11-19 00:00:00,91.459999
2025-11-19 00:15:00,87.18
2025-11-19 00:30:00,86.519997
2025-11-19 00:45:00,84.349998
2025-11-19 01:00:00,86.849998
2025-11-19 01:15:00,84.699997
2025-11-19 01:30:00,87.120003
2025-11-19 01:45:00,86.230003
2025-11-19 02:00:00,85.769997
2025-11-19 02:15:00,82.580002
2025-11-19 02:30:00,84.400002
2025-11-19 02:45:00,83.919998
2025-11-19 03:00:00,82.07
2025-11-19 03:15:00,82.879997
2025-11-19 03:30:00,83.550003
2025-11-19 03:45:00,84.239998
2025-11-19 04:00:00,81.160004
2025-11-19 04:15:00,83.489998
2025-11-19 04:30:00,85.599998
2025-11-19 04:45:00,87.32
2025-11-19 05:00:00,87.230003
2025-11-19 05:15:00,87.989998
2025-11-19 05:30:00,87.739998
2025-11-19 05:45:00,85.650002
2025-11-19 06:00:00,88.900002
2025-11-19 06:15:00,98.07
2025-11-19 06:30:00,100.769997
2025-11-19 06:45:00,114.330002
2025-11-19 07:00:00,124.139999
2025-11-19 07:15:00,128.610001
2025-11-19 07:30:00,131.539993
2025-11-19 07:45:00,133.130005
2025-11-19 08:00:00,157.460007
2025-11-19 08:15:00,143.720001
2025-11-19 08:30:00,136.419998
2025-11-19 08:45:00,121.889999
2025-11-19 09:00:00,132.619995
2025-11-19 09:15:00,123.900002
2025-11-19 09:30:00,118.830002
2025-11-19 09:45:00,103.0
2025-11-19 10:00:00,115.269997
2025-11-19 10:15:00,101.889999
2025-11-19 10:30:00,98.0
2025-11-19 10:45:00,93.050003
2025-11-19 11:00:00,98.720001
2025-11-19 11:15:00,95.459999
2025-11-19 11:30:00,93.760002
2025-11-19 11:45:00,94.610001
2025-11-19 12:00:00,94.290001
2025-11-19 12:15:00,93.82
2025-11-19 12:30:00,93.870003
2025-11-19 12:45:00,93.199997
2025-11-19 13:00:00,93.110001
2025-11-19 13:15:00,94.080002
2025-11-19 13:30:00,98.699997
2025-11-19 13:45:00,105.160004
2025-11-19 14:00:00,92.300003
2025-11-19 14:15:00,103.400002
2025-11-19 14:30:00,113.459999
2025-11-19 14:45:00,123.120003
2025-11-19 15:00:00,109.239998
2025-11-19 15:15:00,123.57
2025-11-19 15:30:00,119.800003
2025-11-19 15:45:00,129.309998
2025-11-19 16:00:00,116.68
2025-11-19 16:15:00,128.179993
2025-11-19 16:30:00,128.919998
2025-11-19 16:45:00,129.360001
2025-11-19 17:00:00,130.179993
2025-11-19 17:15:00,133.919998
2025-11-19 17:30:00,134.779999
2025-11-19 17:45:00,133.669998
2025-11-19 18:00:00,122.730003
2025-11-19 18:15:00,122.879997
2025-11-19 18:30:00,124.360001
2025-11-19 18:45:00,121.419998
2025-11-19 19:00:00,121.959999
2025-11-19 19:15:00,118.230003
2025-11-19 19:30:00,118.940002
2025-11-19 19:45:00,121.330002
2025-11-19 20:00:00,119.940002
2025-11-19 20:15:00,108.709999
2025-11-19 20:30:00,102.209999
2025-11-19 20:45:00,93.43
2025-11-19 21:00:00,103.870003
2025-11-19 21:15:00,102.610001
2025-11-19 21:30:00,101.360001
2025-11-19 21:45:00,93.93
2025-11-19 22:00:00,100.029999
2025-11-19 22:15:00,99.379997
2025-11-19 22:30:00,101.660004
2025-11-19 22:45:00,95.610001
2025-11-19 23:00:00,95.75
2025-11-19 23:15:00,93.480003
2025-11-19 23:30:00,90.190002
2025-11-19 23:45:00,88.120003
2025-11-20 00:00:00,93.389999
2025-11-20 00:15:00,92.389999
2025-11-20 00:30:00,89.120003
2025-11-20 00:45:00,87.610001
2025-11-20 01:00:00,89.489998
2025-11-20 01:15:00,88.279999
2025-11-20 01:30:00,87.610001
2025-11-20 01:45:00,86.989998
2025-11-20 02:00:00,88.110001
2025-11-20 02:15:00,87.199997
2025-11-20 02:30:00,86.519997
2025-11-20 02:45:00,86.300003
2025-11-20 03:00:00,86.300003
2025-11-20 03:15:00,87.139999
2025-11-20 03:30:00,86.879997
2025-11-20 03:45:00,86.860001
2025-11-20 04:00:00,85.809998
2025-11-20 04:15:00,86.330002
2025-11-20 04:30:00,87.059998
2025-11-20 04:45:00,88.580002
2025-11-20 05:00:00,87.650002
2025-11-20 05:15:00,91.110001
2025-11-20 05:30:00,89.5
2025-11-20 05:45:00,92.220001
2025-11-20 06:00:00,90.699997
2025-11-20 06:15:00,98.720001
2025-11-20 06:30:00,104.75
2025-11-20 06:45:00,118.050003
2025-11-20 07:00:00,137.440002
2025-11-20 07:15:00,135.720001
2025-11-20 07:30:00,146.380005
2025-11-20 07:45:00,156.740005
2025-11-20 08:00:00,153.529999
2025-11-20 08:15:00,161.759995
2025-11-20 08:30:00,156.669998
2025-11-20 08:45:00,149.669998
2025-11-20 09:00:00,173.289993
2025-11-20 09:15:00,153.75
2025-11-20 09:30:00,150.429993
2025-11-20 09:45:00,135.169998
2025-11-20 10:00:00,162.520004
2025-11-20 10:15:00,140.75
2025-11-20 10:30:00,135.649994
2025-11-20 10:45:00,124.650002
2025-11-20 11:00:00,134.940002
2025-11-20 11:15:00,130.570007
2025-11-20 11:30:00,127.629997
2025-11-20 11:45:00,122.559998
2025-11-20 12:00:00,127.510002
2025-11-20 12:15:00,123.010002
2025-11-20 12:30:00,124.290001
2025-11-20 12:45:00,123.940002
2025-11-20 13:00:00,120.440002
2025-11-20 13:15:00,122.040001
2025-11-20 13:30:00,124.800003
2025-11-20 13:45:00,127.18
2025-11-20 14:00:00,121.839996
2025-11-20 14:15:00,130.320007
2025-11-20 14:30:00,135.050003
2025-11-20 14:45:00,139.300003
2025-11-20 15:00:00,131.850006
2025-11-20 15:15:00,144.759995
2025-11-20 15:30:00,150.0
2025-11-20 15:45:00,170.639999
2025-11-20 16:00:00,151.630005
2025-11-20 16:15:00,164.110001
2025-11-20 16:30:00,183.929993
2025-11-20 16:45:00,193.589996
2025-11-20 17:00:00,176.399994
2025-11-20 17:15:00,178.080002
2025-11-20 17:30:00,175.020004
2025-11-20 17:45:00,170.899994
2025-11-20 18:00:00,170.259995
2025-11-20 18:15:00,163.740005
2025-11-20 18:30:00,159.669998
2025-11-20 18:45:00,158.320007
2025-11-20 19:00:00,166.699997
2025-11-20 19:15:00,156.789993
2025-11-20 19:30:00,153.529999
2025-11-20 19:45:00,146.059998
2025-11-20 20:00:00,144.850006
2025-11-20 20:15:00,146.270004
2025-11-20 20:30:00,133.889999
2025-11-20 20:45:00,118.800003
2025-11-20 21:00:00,131.179993
2025-11-20 21:15:00,124.269997
2025-11-20 21:30:00,114.43
2025-11-20 21:45:00,103.919998
2025-11-20 22:00:00,114.260002
2025-11-20 22:15:00,109.849998
2025-11-20 22:30:00,105.029999
2025-11-20 22:45:00,99.980003
2025-11-20 23:00:00,105.349998
2025-11-20 23:15:00,93.489998
2025-11-20 23:30:00,90.0
2025-11-20 23:45:00,85.699997
2025-11-21 00:00:00,104.010002
2025-11-21 00:15:00,101.779999
2025-11-21 00:30:00,97.349998
2025-11-21 00:45:00,91.209999
2025-11-21 01:00:00,101.019997
2025-11-21 01:15:00,95.010002
2025-11-21 01:30:00,90.029999
2025-11-21 01:45:00,87.900002
2025-11-21 02:00:00,93.989998
2025-11-21 02:15:00,88.839996
2025-11-21 02:30:00,88.279999
2025-11-21 02:45:00,87.129997
2025-11-21 03:00:00,90.0
2025-11-21 03:15:00,89.110001
2025-11-21 03:30:00,88.349998
2025-11-21 03:45:00,88.040001
2025-11-21 04:00:00,88.150002
2025-11-21 04:15:00,88.589996
2025-11-21 04:30:00,91.029999
2025-11-21 04:45:00,97.360001
2025-11-21 05:00:00,87.339996
2025-11-21 05:15:00,95.470001
2025-11-21 05:30:00,101.230003
2025-11-21 05:45:00,111.169998
2025-11-21 06:00:00,103.150002
2025-11-21 06:15:00,113.839996
2025-11-21 06:30:00,128.210007
2025-11-21 06:45:00,169.149994
2025-11-21 07:00:00,149.320007
2025-11-21 07:15:00,182.25
2025-11-21 07:30:00,190.110001
2025-11-21 07:45:00,200.0
2025-11-21 08:00:00,229.619995
2025-11-21 08:15:00,223.389999
2025-11-21 08:30:00,200.0
2025-11-21 08:45:00,168.520004
2025-11-21 09:00:00,220.0
2025-11-21 09:15:00,190.320007
2025-11-21 09:30:00,168.300003
2025-11-21 09:45:00,148.699997
2025-11-21 10:00:00,179.320007
2025-11-21 10:15:00,155.779999
2025-11-21 10:30:00,143.509995
2025-11-21 10:45:00,125.449997
2025-11-21 11:00:00,152.429993
2025-11-21 11:15:00,140.0
2025-11-21 11:30:00,132.490005
2025-11-21 11:45:00,125.959999
2025-11-21 12:00:00,132.800003
2025-11-21 12:15:00,128.75
2025-11-21 12:30:00,129.270004
2025-11-21 12:45:00,130.550003
2025-11-21 13:00:00,125.980003
2025-11-21 13:15:00,130.740005
2025-11-21 13:30:00,135.25
2025-11-21 13:45:00,150.330002
2025-11-21 14:00:00,120.800003
2025-11-21 14:15:00,147.570007
2025-11-21 14:30:00,172.740005
2025-11-21 14:45:00,173.899994
2025-11-21 15:00:00,148.820007
2025-11-21 15:15:00,171.789993
2025-11-21 15:30:00,202.289993
2025-11-21 15:45:00,263.540009
2025-11-21 16:00:00,196.539993
2025-11-21 16:15:00,237.520004
2025-11-21 16:30:00,259.149994
2025-11-21 16:45:00,312.059998
2025-11-21 17:00:00,258.170013
2025-11-21 17:15:00,269.779999
2025-11-21 17:30:00,245.699997
2025-11-21 17:45:00,226.380005
2025-11-21 18:00:00,230.039993
2025-11-21 18:15:00,214.600006
2025-11-21 18:30:00,193.800003
2025-11-21 18:45:00,181.910004
2025-11-21 19:00:00,184.350006
2025-11-21 19:15:00,166.059998
2025-11-21 19:30:00,167.699997
2025-11-21 19:45:00,167.360001
2025-11-21 20:00:00,174.199997
2025-11-21 20:15:00,153.410004
2025-11-21 20:30:00,123.980003
2025-11-21 20:45:00,116.209999
2025-11-21 21:00:00,133.600006
2025-11-21 21:15:00,120.269997
2025-11-21 21:30:00,112.349998
2025-11-21 21:45:00,103.010002
2025-11-21 22:00:00,115.68
2025-11-21 22:15:00,109.620003
2025-11-21 22:30:00,100.470001
2025-11-21 22:45:00,89.160004
2025-11-21 23:00:00,105.470001
2025-11-21 23:15:00,95.0
2025-11-21 23:30:00,90.370003
2025-11-21 23:45:00,86.059998
2025-11-22 00:00:00,118.949997
2025-11-22 00:15:00,104.559998
2025-11-22 00:30:00,92.290001
2025-11-22 00:45:00,85.889999
2025-11-22 01:00:00,98.949997
2025-11-22 01:15:00,93.040001
2025-11-22 01:30:00,92.220001
2025-11-22 01:45:00,93.5
2025-11-22 02:00:00,90.370003
2025-11-22 02:15:00,89.160004
2025-11-22 02:30:00,87.230003
2025-11-22 02:45:00,87.0
2025-11-22 03:00:00,86.639999
2025-11-22 03:15:00,85.07
2025-11-22 03:30:00,85.489998
2025-11-22 03:45:00,83.910004
2025-11-22 04:00:00,82.139999
2025-11-22 04:15:00,82.809998
2025-11-22 04:30:00,80.769997
2025-11-22 04:45:00,79.760002
2025-11-22 05:00:00,80.059998
2025-11-22 05:15:00,77.940002
2025-11-22 05:30:00,77.519997
2025-11-22 05:45:00,76.480003
2025-11-22 06:00:00,77.18
2025-11-22 06:15:00,77.669998
2025-11-22 06:30:00,78.400002
2025-11-22 06:45:00,79.440002
2025-11-22 07:00:00,79.580002
2025-11-22 07:15:00,81.910004
2025-11-22 07:30:00,83.510002
2025-11-22 07:45:00,83.629997
2025-11-22 08:00:00,83.620003
2025-11-22 08:15:00,83.739998
2025-11-22 08:30:00,84.0
2025-11-22 08:45:00,83.339996
2025-11-22 09:00:00,84.769997
2025-11-22 09:15:00,84.93
2025-11-22 09:30:00,85.290001
2025-11-22 09:45:00,71.010002
2025-11-22 10:00:00,87.160004
2025-11-22 10:15:00,79.529999
2025-11-22 10:30:00,80.660004
2025-11-22 10:45:00,80.690002
2025-11-22 11:00:00,79.769997
2025-11-22 11:15:00,79.089996
2025-11-22 11:30:00,78.739998
2025-11-22 11:45:00,76.629997
2025-11-22 12:00:00,76.860001
2025-11-22 12:15:00,75.919998
2025-11-22 12:30:00,76.419998
2025-11-22 12:45:00,75.830002
2025-11-22 13:00:00,74.0
2025-11-22 13:15:00,74.010002
2025-11-22 13:30:00,74.940002
2025-11-22 13:45:00,78.519997
2025-11-22 14:00:00,76.870003
2025-11-22 14:15:00,75.730003
2025-11-22 14:30:00,79.870003
2025-11-22 14:45:00,89.120003
2025-11-22 15:00:00,70.339996
2025-11-22 15:15:00,76.459999
2025-11-22 15:30:00,80.559998
2025-11-22 15:45:00,82.800003
2025-11-22 16:00:00,84.910004
2025-11-22 16:15:00,84.959999
2025-11-22 16:30:00,85.629997
2025-11-22 16:45:00,86.540001
2025-11-22 17:00:00,89.089996
2025-11-22 17:15:00,89.110001
2025-11-22 17:30:00,88.529999
2025-11-22 17:45:00,86.68
2025-11-22 18:00:00,85.529999
2025-11-22 18:15:00,84.489998
2025-11-22 18:30:00,83.419998
2025-11-22 18:45:00,82.690002
2025-11-22 19:00:00,70.129997
2025-11-22 19:15:00,75.050003
2025-11-22 19:30:00,73.940002
2025-11-22 19:45:00,76.339996
2025-11-22 20:00:00,69.690002
2025-11-22 20:15:00,71.620003
2025-11-22 20:30:00,71.139999
2025-11-22 20:45:00,70.830002
2025-11-22 21:00:00,70.699997
2025-11-22 21:15:00,70.300003
2025-11-22 21:30:00,69.720001
2025-11-22 21:45:00,69.279999
2025-11-22 22:00:00,69.459999
2025-11-22 22:15:00,68.949997
2025-11-22 22:30:00,68.489998
2025-11-22 22:45:00,67.099998
2025-11-22 23:00:00,68.190002
2025-11-22 23:15:00,67.900002
2025-11-22 23:30:00,66.190002
2025-11-22 23:45:00,64.489998
2025-11-23 00:00:00,57.389999
2025-11-23 00:15:00,47.52
2025-11-23 00:30:00,52.220001
2025-11-23 00:45:00,46.439999
2025-11-23 01:00:00,50.66
2025-11-23 01:15:00,46.630001
2025-11-23 01:30:00,46.23
2025-11-23 01:45:00,50.200001
2025-11-23 02:00:00,48.439999
2025-11-23 02:15:00,47.849998
2025-11-23 02:30:00,45.389999
2025-11-23 02:45:00,44.259998
2025-11-23 03:00:00,50.889999
2025-11-23 03:15:00,50.290001
2025-11-23 03:30:00,50.09
2025-11-23 03:45:00,49.889999
2025-11-23 04:00:00,47.91
2025-11-23 04:15:00,49.189999
2025-11-23 04:30:00,47.290001
2025-11-23 04:45:00,48.389999
2025-11-23 05:00:00,43.0
2025-11-23 05:15:00,44.73
2025-11-23 05:30:00,46.509998
2025-11-23 05:45:00,48.110001
2025-11-23 06:00:00,42.880001
2025-11-23 06:15:00,46.990002
2025-11-23 06:30:00,47.0
2025-11-23 06:45:00,51.0
2025-11-23 07:00:00,49.310001
2025-11-23 07:15:00,52.799999
2025-11-23 07:30:00,61.73
2025-11-23 07:45:00,63.200001
2025-11-23 08:00:00,64.019997
2025-11-23 08:15:00,62.630001
2025-11-23 08:30:00,62.41
2025-11-23 08:45:00,57.970001
2025-11-23 09:00:00,69.199997
2025-11-23 09:15:00,62.450001
2025-11-23 09:30:00,62.07
2025-11-23 09:45:00,58.990002
2025-11-23 10:00:00,68.879997
2025-11-23 10:15:00,68.339996
2025-11-23 10:30:00,63.25
2025-11-23 10:45:00,63.43
2025-11-23 11:00:00,64.309998
2025-11-23 11:15:00,66.75
2025-11-23 11:30:00,67.160004
2025-11-23 11:45:00,68.540001
2025-11-23 12:00:00,66.760002
2025-11-23 12:15:00,67.459999
2025-11-23 12:30:00,68.510002
2025-11-23 12:45:00,68.720001
2025-11-23 13:00:00,69.370003
2025-11-23 13:15:00,64.57
2025-11-23 13:30:00,63.849998
2025-11-23 13:45:00,64.040001
2025-11-23 14:00:00,66.480003
2025-11-23 14:15:00,66.800003
2025-11-23 14:30:00,71.089996
2025-11-23 14:45:00,73.339996
2025-11-23 15:00:00,71.300003
2025-11-23 15:15:00,74.440002
2025-11-23 15:30:00,80.209999
2025-11-23 15:45:00,83.209999
2025-11-23 16:00:00,82.389999
2025-11-23 16:15:00,75.580002
2025-11-23 16:30:00,75.419998
2025-11-23 16:45:00,78.160004
2025-11-23 17:00:00,78.900002
2025-11-23 17:15:00,82.150002
2025-11-23 17:30:00,80.93
2025-11-23 17:45:00,81.379997
2025-11-23 18:00:00,82.349998
2025-11-23 18:15:00,81.089996
2025-11-23 18:30:00,78.629997
2025-11-23 18:45:00,88.099998
2025-11-23 19:00:00,87.370003
2025-11-23 19:15:00,86.209999
2025-11-23 19:30:00,82.110001
2025-11-23 19:45:00,79.489998
2025-11-23 20:00:00,82.169998
2025-11-23 20:15:00,79.080002
2025-11-23 20:30:00,76.769997
2025-11-23 20:45:00,71.629997
2025-11-23 21:00:00,79.199997
2025-11-23 21:15:00,74.199997
2025-11-23 21:30:00,72.580002
2025-11-23 21:45:00,70.660004
2025-11-23 22:00:00,75.610001
2025-11-23 22:15:00,73.699997
2025-11-23 22:30:00,73.730003
2025-11-23 22:45:00,70.639999
2025-11-23 23:00:00,70.339996
2025-11-23 23:15:00,69.559998
2025-11-23 23:30:00,70.480003
2025-11-23 23:45:00,66.870003
2025-11-24 00:00:00,69.18
2025-11-24 00:15:00,70.809998
2025-11-24 00:30:00,68.32
2025-11-24 00:45:00,67.389999
2025-11-24 01:00:00,69.68
2025-11-24 01:15:00,68.610001
2025-11-24 01:30:00,69.050003
2025-11-24 01:45:00,68.650002
2025-11-24 02:00:00,68.260002
2025-11-24 02:15:00,70.790001
2025-11-24 02:30:00,70.860001
2025-11-24 02:45:00,70.68
2025-11-24 03:00:00,69.150002
2025-11-24 03:15:00,68.900002
2025-11-24 03:30:00,70.720001
2025-11-24 03:45:00,69.93
2025-11-24 04:00:00,66.110001
2025-11-24 04:15:00,68.629997
2025-11-24 04:30:00,67.220001
2025-11-24 04:45:00,73.309998
2025-11-24 05:00:00,69.669998
2025-11-24 05:15:00,70.059998
2025-11-24 05:30:00,78.690002
2025-11-24 05:45:00,84.300003
2025-11-24 06:00:00,75.580002
2025-11-24 06:15:00,88.169998
2025-11-24 06:30:00,91.139999
2025-11-24 06:45:00,95.809998
2025-11-24 07:00:00,91.279999
2025-11-24 07:15:00,91.410004
2025-11-24 07:30:00,94.57
2025-11-24 07:45:00,97.029999
2025-11-24 08:00:00,101.830002
2025-11-24 08:15:00,94.309998
2025-11-24 08:30:00,96.129997
2025-11-24 08:45:00,103.709999
2025-11-24 09:00:00,99.059998
2025-11-24 09:15:00,98.540001
2025-11-24 09:30:00,110.540001
2025-11-24 09:45:00,109.540001
2025-11-24 10:00:00,115.970001
2025-11-24 10:15:00,112.529999
2025-11-24 10:30:00,116.269997
2025-11-24 10:45:00,125.019997
2025-11-24 11:00:00,121.379997
2025-11-24 11:15:00,126.839996
2025-11-24 11:30:00,129.880005
2025-11-24 11:45:00,133.669998
2025-11-24 12:00:00,117.059998
2025-11-24 12:15:00,124.870003
2025-11-24 12:30:00,129.919998
2025-11-24 12:45:00,141.550003
2025-11-24 13:00:00,131.149994
2025-11-24 13:15:00,140.619995
2025-11-24 13:30:00,155.820007
2025-11-24 13:45:00,171.339996
2025-11-24 14:00:00,157.020004
2025-11-24 14:15:00,176.639999
2025-11-24 14:30:00,158.199997
2025-11-24 14:45:00,162.339996
2025-11-24 15:00:00,160.339996
2025-11-24 15:15:00,177.860001
2025-11-24 15:30:00,195.059998
2025-11-24 15:45:00,199.380005
2025-11-24 16:00:00,178.550003
2025-11-24 16:15:00,198.949997
2025-11-24 16:30:00,216.660004
2025-11-24 16:45:00,280.980011
2025-11-24 17:00:00,218.600006
2025-11-24 17:15:00,250.0
2025-11-24 17:30:00,258.579987
2025-11-24 17:45:00,263.779999
2025-11-24 18:00:00,252.070007
2025-11-24 18:15:00,215.830002
2025-11-24 18:30:00,207.979996
2025-11-24 18:45:00,194.320007
2025-11-24 19:00:00,204.0
2025-11-24 19:15:00,175.059998
2025-11-24 19:30:00,177.369995
2025-11-24 19:45:00,164.610001
2025-11-24 20:00:00,159.669998
2025-11-24 20:15:00,141.720001
2025-11-24 20:30:00,151.960007
2025-11-24 20:45:00,137.820007
2025-11-24 21:00:00,152.279999
2025-11-24 21:15:00,134.970001
2025-11-24 21:30:00,126.25
2025-11-24 21:45:00,116.449997
2025-11-24 22:00:00,131.779999
2025-11-24 22:15:00,126.330002
2025-11-24 22:30:00,113.690002
2025-11-24 22:45:00,103.07
2025-11-24 23:00:00,109.230003
2025-11-24 23:15:00,101.459999
2025-11-24 23:30:00,99.389999
2025-11-24 23:45:00,91.519997
2025-11-25 00:00:00,97.940002
2025-11-25 00:15:00,94.940002
2025-11-25 00:30:00,93.809998
2025-11-25 00:45:00,93.389999
2025-11-25 01:00:00,94.540001
2025-11-25 01:15:00,93.199997
2025-11-25 01:30:00,89.339996
2025-11-25 01:45:00,88.519997
2025-11-25 02:00:00,91.879997
2025-11-25 02:15:00,90.269997
2025-11-25 02:30:00,89.440002
2025-11-25 02:45:00,88.860001
2025-11-25 03:00:00,89.5
2025-11-25 03:15:00,85.040001
2025-11-25 03:30:00,85.510002
2025-11-25 03:45:00,85.459999
2025-11-25 04:00:00,86.830002
2025-11-25 04:15:00,87.989998
2025-11-25 04:30:00,87.919998
2025-11-25 04:45:00,91.040001
2025-11-25 05:00:00,89.980003
2025-11-25 05:15:00,88.220001
2025-11-25 05:30:00,89.75
2025-11-25 05:45:00,94.370003
2025-11-25 06:00:00,82.440002
2025-11-25 06:15:00,95.269997
2025-11-25 06:30:00,121.349998
2025-11-25 06:45:00,139.550003
2025-11-25 07:00:00,133.490005
2025-11-25 07:15:00,214.669998
2025-11-25 07:30:00,304.149994
2025-11-25 07:45:00,316.040009
2025-11-25 08:00:00,279.109985
2025-11-25 08:15:00,304.029999
2025-11-25 08:30:00,303.690002
2025-11-25 08:45:00,301.640015
2025-11-25 09:00:00,269.209991
2025-11-25 09:15:00,293.48999
2025-11-25 09:30:00,259.230011
2025-11-25 09:45:00,221.330002
2025-11-25 10:00:00,321.299988
2025-11-25 10:15:00,271.339996
2025-11-25 10:30:00,254.259995
2025-11-25 10:45:00,245.440002
2025-11-25 11:00:00,280.059998
2025-11-25 11:15:00,326.350006
2025-11-25 11:30:00,339.059998
2025-11-25 11:45:00,336.850006
2025-11-25 12:00:00,278.559998
2025-11-25 12:15:00,286.790009
2025-11-25 12:30:00,296.200012
2025-11-25 12:45:00,338.440002
2025-11-25 13:00:00,293.980011
2025-11-25 13:15:00,286.779999
2025-11-25 13:30:00,265.230011
2025-11-25 13:45:00,250.0
2025-11-25 14:00:00,247.429993
2025-11-25 14:15:00,278.01001
2025-11-25 14:30:00,274.910004
2025-11-25 14:45:00,332.890015
2025-11-25 15:00:00,293.890015
2025-11-25 15:15:00,326.869995
2025-11-25 15:30:00,285.019989
2025-11-25 15:45:00,294.230011
2025-11-25 16:00:00,274.059998
2025-11-25 16:15:00,314.25
2025-11-25 16:30:00,356.640015
2025-11-25 16:45:00,384.690002
2025-11-25 17:00:00,350.980011
2025-11-25 17:15:00,401.179993
2025-11-25 17:30:00,396.420013
2025-11-25 17:45:00,350.950012
2025-11-25 18:00:00,334.119995
2025-11-25 18:15:00,301.420013
2025-11-25 18:30:00,309.51001
2025-11-25 18:45:00,250.0
2025-11-25 19:00:00,357.059998
2025-11-25 19:15:00,266.609985
2025-11-25 19:30:00,205.809998
2025-11-25 19:45:00,168.009995
2025-11-25 20:00:00,223.669998
2025-11-25 20:15:00,175.869995
2025-11-25 20:30:00,155.800003
2025-11-25 20:45:00,136.0
2025-11-25 21:00:00,168.0
2025-11-25 21:15:00,141.869995
2025-11-25 21:30:00,122.150002
2025-11-25 21:45:00,108.059998
2025-11-25 22:00:00,130.410004
2025-11-25 22:15:00,123.860001
2025-11-25 22:30:00,116.800003
2025-11-25 22:45:00,105.550003
2025-11-25 23:00:00,117.110001
2025-11-25 23:15:00,105.589996
2025-11-25 23:30:00,97.139999
2025-11-25 23:45:00,88.300003
2025-11-26 00:00:00,102.07
2025-11-26 00:15:00,90.139999
2025-11-26 00:30:00,90.5
2025-11-26 00:45:00,88.709999
2025-11-26 01:00:00,92.32
2025-11-26 01:15:00,89.410004
2025-11-26 01:30:00,89.07
2025-11-26 01:45:00,89.0
2025-11-26 02:00:00,89.5
2025-11-26 02:15:00,88.980003
2025-11-26 02:30:00,87.419998
2025-11-26 02:45:00,87.400002
2025-11-26 03:00:00,88.93
2025-11-26 03:15:00,88.989998
2025-11-26 03:30:00,90.07
2025-11-26 03:45:00,89.75
2025-11-26 04:00:00,87.279999
2025-11-26 04:15:00,88.739998
2025-11-26 04:30:00,90.260002
2025-11-26 04:45:00,92.93
2025-11-26 05:00:00,87.089996
2025-11-26 05:15:00,90.589996
2025-11-26 05:30:00,101.190002
2025-11-26 05:45:00,110.129997
2025-11-26 06:00:00,100.889999
2025-11-26 06:15:00,118.839996
2025-11-26 06:30:00,133.259995
2025-11-26 06:45:00,166.300003
2025-11-26 07:00:00,146.660004
2025-11-26 07:15:00,182.570007
2025-11-26 07:30:00,204.0
2025-11-26 07:45:00,231.449997
2025-11-26 08:00:00,213.039993
2025-11-26 08:15:00,220.619995
2025-11-26 08:30:00,270.100006
2025-11-26 08:45:00,245.130005
2025-11-26 09:00:00,240.509995
2025-11-26 09:15:00,204.080002
2025-11-26 09:30:00,206.850006
2025-11-26 09:45:00,195.949997
2025-11-26 10:00:00,240.399994
2025-11-26 10:15:00,199.520004
2025-11-26 10:30:00,179.529999
2025-11-26 10:45:00,169.100006
2025-11-26 11:00:00,177.089996
2025-11-26 11:15:00,175.279999
2025-11-26 11:30:00,169.820007
2025-11-26 11:45:00,159.800003
2025-11-26 12:00:00,166.550003
2025-11-26 12:15:00,160.429993
2025-11-26 12:30:00,165.759995
2025-11-26 12:45:00,165.990005
2025-11-26 13:00:00,169.649994
2025-11-26 13:15:00,177.179993
2025-11-26 13:30:00,167.440002
2025-11-26 13:45:00,158.679993
2025-11-26 14:00:00,161.770004
2025-11-26 14:15:00,171.429993
2025-11-26 14:30:00,196.699997
2025-11-26 14:45:00,208.059998
2025-11-26 15:00:00,169.440002
2025-11-26 15:15:00,200.039993
2025-11-26 15:30:00,236.809998
2025-11-26 15:45:00,288.600006
2025-11-26 16:00:00,214.949997
2025-11-26 16:15:00,277.290009
2025-11-26 16:30:00,314.029999
2025-11-26 16:45:00,371.23999
2025-11-26 17:00:00,291.5
2025-11-26 17:15:00,298.579987
2025-11-26 17:30:00,295.420013
2025-11-26 17:45:00,292.940002
2025-11-26 18:00:00,267.959991
2025-11-26 18:15:00,213.570007
2025-11-26 18:30:00,226.25
2025-11-26 18:45:00,207.940002
2025-11-26 19:00:00,219.259995
2025-11-26 19:15:00,190.0
2025-11-26 19:30:00,169.809998
2025-11-26 19:45:00,155.630005
2025-11-26 20:00:00,175.009995
2025-11-26 20:15:00,149.990005
2025-11-26 20:30:00,128.889999
2025-11-26 20:45:00,111.150002
2025-11-26 21:00:00,141.0
2025-11-26 21:15:00,124.330002
2025-11-26 21:30:00,103.059998
2025-11-26 21:45:00,91.400002
2025-11-26 22:00:00,118.940002
2025-11-26 22:15:00,105.080002
2025-11-26 22:30:00,94.269997
2025-11-26 22:45:00,89.68
2025-11-26 23:00:00,99.790001
2025-11-26 23:15:00,90.900002
2025-11-26 23:30:00,88.059998
2025-11-26 23:45:00,82.0
2025-11-27 00:00:00,94.07
2025-11-27 00:15:00,91.209999
2025-11-27 00:30:00,87.809998
2025-11-27 00:45:00,86.690002
2025-11-27 01:00:00,88.580002
2025-11-27 01:15:00,85.120003
2025-11-27 01:30:00,82.32
2025-11-27 01:45:00,79.809998
2025-11-27 02:00:00,83.099998
2025-11-27 02:15:00,80.260002
2025-11-27 02:30:00,78.459999
2025-11-27 02:45:00,74.900002
2025-11-27 03:00:00,75.470001
2025-11-27 03:15:00,73.879997
2025-11-27 03:30:00,73.709999
2025-11-27 03:45:00,69.959999
2025-11-27 04:00:00,67.839996
2025-11-27 04:15:00,67.839996
2025-11-27 04:30:00,67.599998
2025-11-27 04:45:00,67.620003
2025-11-27 05:00:00,64.589996
2025-11-27 05:15:00,65.099998
2025-11-27 05:30:00,65.830002
2025-11-27 05:45:00,68.349998
2025-11-27 06:00:00,67.089996
2025-11-27 06:15:00,74.190002
2025-11-27 06:30:00,76.059998
2025-11-27 06:45:00,75.059998
2025-11-27 07:00:00,83.019997
2025-11-27 07:15:00,86.199997
2025-11-27 07:30:00,88.949997
2025-11-27 07:45:00,89.419998
2025-11-27 08:00:00,92.190002
2025-11-27 08:15:00,91.699997
2025-11-27 08:30:00,90.120003
2025-11-27 08:45:00,88.300003
2025-11-27 09:00:00,83.080002
2025-11-27 09:15:00,80.959999
2025-11-27 09:30:00,79.980003
2025-11-27 09:45:00,78.169998
2025-11-27 10:00:00,77.419998
2025-11-27 10:15:00,77.110001
2025-11-27 10:30:00,76.5
2025-11-27 10:45:00,76.589996
2025-11-27 11:00:00,75.860001
2025-11-27 11:15:00,75.870003
2025-11-27 11:30:00,75.709999
2025-11-27 11:45:00,75.559998
2025-11-27 12:00:00,74.779999
2025-11-27 12:15:00,73.209999
2025-11-27 12:30:00,72.32
2025-11-27 12:45:00,71.669998
2025-11-27 13:00:00,70.919998
2025-11-27 13:15:00,70.309998
2025-11-27 13:30:00,69.519997
2025-11-27 13:45:00,69.230003
2025-11-27 14:00:00,71.190002
2025-11-27 14:15:00,71.489998
2025-11-27 14:30:00,69.900002
2025-11-27 14:45:00,69.900002
2025-11-27 15:00:00,67.230003
2025-11-27 15:15:00,67.650002
2025-11-27 15:30:00,71.839996
2025-11-27 15:45:00,72.019997
2025-11-27 16:00:00,70.400002
2025-11-27 16:15:00,75.150002
2025-11-27 16:30:00,75.07
2025-11-27 16:45:00,74.099998
2025-11-27 17:00:00,77.660004
2025-11-27 17:15:00,76.650002
2025-11-27 17:30:00,76.510002
2025-11-27 17:45:00,75.940002
2025-11-27 18:00:00,75.099998
2025-11-27 18:15:00,73.690002
2025-11-27 18:30:00,69.830002
2025-11-27 18:45:00,69.370003
2025-11-27 19:00:00,70.089996
2025-11-27 19:15:00,67.309998
2025-11-27 19:30:00,67.5
2025-11-27 19:45:00,66.349998
2025-11-27 20:00:00,64.199997
2025-11-27 20:15:00,66.059998
2025-11-27 20:30:00,60.380001
2025-11-27 20:45:00,52.860001
2025-11-27 21:00:00,62.84
2025-11-27 21:15:00,62.540001
2025-11-27 21:30:00,55.860001
2025-11-27 21:45:00,50.200001
2025-11-27 22:00:00,61.27
2025-11-27 22:15:00,56.560001
2025-11-27 22:30:00,52.299999
2025-11-27 22:45:00,49.900002
2025-11-27 23:00:00,57.41
2025-11-27 23:15:00,56.119999
2025-11-27 23:30:00,52.900002
2025-11-27 23:45:00,43.400002
2025-11-28 00:00:00,40.16
2025-11-28 00:15:00,37.48
2025-11-28 00:30:00,40.919998
2025-11-28 00:45:00,40.169998
2025-11-28 01:00:00,40.450001
2025-11-28 01:15:00,40.900002
2025-11-28 01:30:00,40.939999
2025-11-28 01:45:00,40.93
2025-11-28 02:00:00,39.57
2025-11-28 02:15:00,38.43
2025-11-28 02:30:00,37.099998
2025-11-28 02:45:00,36.889999
2025-11-28 03:00:00,37.799999
2025-11-28 03:15:00,38.150002
2025-11-28 03:30:00,37.91
2025-11-28 03:45:00,38.080002
2025-11-28 04:00:00,38.040001
2025-11-28 04:15:00,38.09
2025-11-28 04:30:00,38.610001
2025-11-28 04:45:00,40.799999
2025-11-28 05:00:00,37.099998
2025-11-28 05:15:00,40.459999
2025-11-28 05:30:00,41.02
2025-11-28 05:45:00,50.939999
2025-11-28 06:00:00,54.299999
2025-11-28 06:15:00,51.23
2025-11-28 06:30:00,47.490002
2025-11-28 06:45:00,40.990002
2025-11-28 07:00:00,73.790001
2025-11-28 07:15:00,82.550003
2025-11-28 07:30:00,69.489998
2025-11-28 07:45:00,64.279999
2025-11-28 08:00:00,84.089996
2025-11-28 08:15:00,73.639999
2025-11-28 08:30:00,73.779999
2025-11-28 08:45:00,73.779999
2025-11-28 09:00:00,73.839996
2025-11-28 09:15:00,73.739998
2025-11-28 09:30:00,73.57
2025-11-28 09:45:00,73.730003
2025-11-28 10:00:00,73.620003
2025-11-28 10:15:00,73.769997
2025-11-28 10:30:00,73.690002
2025-11-28 10:45:00,73.699997
2025-11-28 11:00:00,66.800003
2025-11-28 11:15:00,68.169998
2025-11-28 11:30:00,67.879997
2025-11-28 11:45:00,67.639999
2025-11-28 12:00:00,67.940002
2025-11-28 12:15:00,67.879997
2025-11-28 12:30:00,69.07
2025-11-28 12:45:00,68.879997
2025-11-28 13:00:00,69.129997
2025-11-28 13:15:00,69.150002
2025-11-28 13:30:00,69.209999
2025-11-28 13:45:00,69.309998
2025-11-28 14:00:00,68.760002
2025-11-28 14:15:00,69.059998
2025-11-28 14:30:00,67.949997
2025-11-28 14:45:00,72.470001
2025-11-28 15:00:00,68.190002
2025-11-28 15:15:00,71.269997
2025-11-28 15:30:00,72.849998
2025-11-28 15:45:00,75.669998
2025-11-28 16:00:00,67.690002
2025-11-28 16:15:00,70.519997
2025-11-28 16:30:00,71.010002
2025-11-28 16:45:00,71.139999
2025-11-28 17:00:00,68.440002
2025-11-28 17:15:00,68.57
2025-11-28 17:30:00,68.389999
2025-11-28 17:45:00,67.5
2025-11-28 18:00:00,68.339996
2025-11-28 18:15:00,66.5
2025-11-28 18:30:00,65.040001
2025-11-28 18:45:00,61.299999
2025-11-28 19:00:00,61.150002
2025-11-28 19:15:00,57.599998
2025-11-28 19:30:00,57.790001
2025-11-28 19:45:00,58.98
2025-11-28 20:00:00,55.98
2025-11-28 20:15:00,57.040001
2025-11-28 20:30:00,56.939999
2025-11-28 20:45:00,55.610001
2025-11-28 21:00:00,57.02
2025-11-28 21:15:00,56.59
2025-11-28 21:30:00,52.900002
2025-11-28 21:45:00,47.259998
2025-11-28 22:00:00,55.68
2025-11-28 22:15:00,54.23
2025-11-28 22:30:00,51.700001
2025-11-28 22:45:00,49.0
2025-11-28 23:00:00,53.200001
2025-11-28 23:15:00,54.009998
2025-11-28 23:30:00,54.200001
2025-11-28 23:45:00,54.75
2025-11-29 00:00:00,46.200001
2025-11-29 00:15:00,45.5
2025-11-29 00:30:00,46.959999
2025-11-29 00:45:00,49.34
2025-11-29 01:00:00,49.400002
2025-11-29 01:15:00,52.880001
2025-11-29 01:30:00,54.93
2025-11-29 01:45:00,54.880001
2025-11-29 02:00:00,54.700001
2025-11-29 02:15:00,54.880001
2025-11-29 02:30:00,55.060001
2025-11-29 02:45:00,55.240002
2025-11-29 03:00:00,56.259998
2025-11-29 03:15:00,57.099998
2025-11-29 03:30:00,57.290001
2025-11-29 03:45:00,57.349998
2025-11-29 04:00:00,56.439999
2025-11-29 04:15:00,56.549999
2025-11-29 04:30:00,56.779999
2025-11-29 04:45:00,57.0
2025-11-29 05:00:00,56.099998
2025-11-29 05:15:00,56.799999
2025-11-29 05:30:00,56.799999
2025-11-29 05:45:00,56.299999
2025-11-29 06:00:00,57.889999
2025-11-29 06:15:00,57.490002
2025-11-29 06:30:00,58.029999
2025-11-29 06:45:00,59.709999
2025-11-29 07:00:00,61.799999
2025-11-29 07:15:00,63.959999
2025-11-29 07:30:00,64.199997
2025-11-29 07:45:00,65.019997
2025-11-29 08:00:00,68.629997
2025-11-29 08:15:00,68.959999
2025-11-29 08:30:00,69.43
2025-11-29 08:45:00,66.550003
2025-11-29 09:00:00,74.919998
2025-11-29 09:15:00,71.510002
2025-11-29 09:30:00,71.519997
2025-11-29 09:45:00,71.660004
2025-11-29 10:00:00,72.010002
2025-11-29 10:15:00,72.080002
2025-11-29 10:30:00,72.25
2025-11-29 10:45:00,72.120003
2025-11-29 11:00:00,71.669998
2025-11-29 11:15:00,71.870003
2025-11-29 11:30:00,72.059998
2025-11-29 11:45:00,73.410004
2025-11-29 12:00:00,71.870003
2025-11-29 12:15:00,72.080002
2025-11-29 12:30:00,72.559998
2025-11-29 12:45:00,73.080002
2025-11-29 13:00:00,73.889999
2025-11-29 13:15:00,75.290001
2025-11-29 13:30:00,79.860001
2025-11-29 13:45:00,80.599998
2025-11-29 14:00:00,80.610001
2025-11-29 14:15:00,83.32
2025-11-29 14:30:00,87.790001
2025-11-29 14:45:00,91.669998
2025-11-29 15:00:00,79.300003
2025-11-29 15:15:00,89.830002
2025-11-29 15:30:00,89.889999
2025-11-29 15:45:00,96.970001
2025-11-29 16:00:00,86.739998
2025-11-29 16:15:00,89.870003
2025-11-29 16:30:00,93.279999
2025-11-29 16:45:00,102.099998
2025-11-29 17:00:00,92.540001
2025-11-29 17:15:00,104.43
2025-11-29 17:30:00,101.599998
2025-11-29 17:45:00,99.5
2025-11-29 18:00:00,104.900002
2025-11-29 18:15:00,98.0
2025-11-29 18:30:00,93.800003
2025-11-29 18:45:00,91.290001
2025-11-29 19:00:00,92.169998
2025-11-29 19:15:00,89.879997
2025-11-29 19:30:00,85.610001
2025-11-29 19:45:00,86.059998
2025-11-29 20:00:00,89.879997
2025-11-29 20:15:00,83.110001
2025-11-29 20:30:00,76.910004
2025-11-29 20:45:00,74.550003
2025-11-29 21:00:00,82.989998
2025-11-29 21:15:00,79.419998
2025-11-29 21:30:00,76.120003
2025-11-29 21:45:00,75.019997
2025-11-29 22:00:00,76.589996
2025-11-29 22:15:00,75.199997
2025-11-29 22:30:00,75.099998
2025-11-29 22:45:00,74.919998
2025-11-29 23:00:00,75.290001
2025-11-29 23:15:00,75.010002
2025-11-29 23:30:00,74.360001
2025-11-29 23:45:00,73.290001
2025-11-30 00:00:00,40.990002
2025-11-30 00:15:00,67.089996
2025-11-30 00:30:00,68.599998
2025-11-30 00:45:00,68.18
2025-11-30 01:00:00,67.370003
2025-11-30 01:15:00,62.900002
2025-11-30 01:30:00,64.389999
2025-11-30 01:45:00,61.580002
2025-11-30 02:00:00,62.919998
2025-11-30 02:15:00,61.48
2025-11-30 02:30:00,60.419998
2025-11-30 02:45:00,58.869999
2025-11-30 03:00:00,56.959999
2025-11-30 03:15:00,56.59
2025-11-30 03:30:00,55.889999
2025-11-30 03:45:00,55.360001
2025-11-30 04:00:00,54.02
2025-11-30 04:15:00,53.970001
2025-11-30 04:30:00,53.799999
2025-11-30 04:45:00,52.240002
2025-11-30 05:00:00,50.099998
2025-11-30 05:15:00,50.689999
2025-11-30 05:30:00,51.59
2025-11-30 05:45:00,43.32
2025-11-30 06:00:00,52.869999
2025-11-30 06:15:00,52.950001
2025-11-30 06:30:00,53.299999
2025-11-30 06:45:00,53.360001
2025-11-30 07:00:00,58.689999
2025-11-30 07:15:00,59.549999
2025-11-30 07:30:00,59.709999
2025-11-30 07:45:00,50.040001
2025-11-30 08:00:00,57.700001
2025-11-30 08:15:00,58.099998
2025-11-30 08:30:00,59.59
2025-11-30 08:45:00,57.040001
2025-11-30 09:00:00,64.010002
2025-11-30 09:15:00,64.290001
2025-11-30 09:30:00,57.240002
2025-11-30 09:45:00,51.66
2025-11-30 10:00:00,61.490002
2025-11-30 10:15:00,56.529999
2025-11-30 10:30:00,54.900002
2025-11-30 10:45:00,53.610001
2025-11-30 11:00:00,56.73
2025-11-30 11:15:00,54.82
2025-11-30 11:30:00,54.169998
2025-11-30 11:45:00,53.810001
2025-11-30 12:00:00,57.150002
2025-11-30 12:15:00,56.360001
2025-11-30 12:30:00,55.259998
2025-11-30 12:45:00,54.580002
2025-11-30 13:00:00,56.549999
2025-11-30 13:15:00,55.0
2025-11-30 13:30:00,55.43
2025-11-30 13:45:00,55.720001
2025-11-30 14:00:00,56.049999
2025-11-30 14:15:00,56.630001
2025-11-30 14:30:00,57.0
2025-11-30 14:45:00,57.52
2025-11-30 15:00:00,57.259998
2025-11-30 15:15:00,58.439999
2025-11-30 15:30:00,60.84
2025-11-30 15:45:00,63.939999
2025-11-30 16:00:00,60.639999
2025-11-30 16:15:00,61.779999
2025-11-30 16:30:00,65.169998
2025-11-30 16:45:00,69.0
2025-11-30 17:00:00,68.980003
2025-11-30 17:15:00,69.5
2025-11-30 17:30:00,71.480003
2025-11-30 17:45:00,72.260002
2025-11-30 18:00:00,66.849998
2025-11-30 18:15:00,69.029999
2025-11-30 18:30:00,68.800003
2025-11-30 18:45:00,68.510002
2025-11-30 19:00:00,67.919998
2025-11-30 19:15:00,67.199997
2025-11-30 19:30:00,66.260002
2025-11-30 19:45:00,65.57
2025-11-30 20:00:00,66.25
2025-11-30 20:15:00,65.550003
2025-11-30 20:30:00,65.099998
2025-11-30 20:45:00,64.669998
2025-11-30 21:00:00,65.099998
2025-11-30 21:15:00,64.82
2025-11-30 21:30:00,64.5
2025-11-30 21:45:00,63.599998
2025-11-30 22:00:00,64.230003
2025-11-30 22:15:00,63.689999
2025-11-30 22:30:00,63.66
2025-11-30 22:45:00,63.470001
2025-11-30 23:00:00,64.360001
2025-11-30 23:15:00,64.25
2025-11-30 23:30:00,64.690002
2025-11-30 23:45:00,64.959999
2025-12-01 00:00:00,61.939999
2025-12-01 00:15:00,62.900002
2025-12-01 00:30:00,63.290001
2025-12-01 00:45:00,63.860001
2025-12-01 01:00:00,61.349998
2025-12-01 01:15:00,61.509998
2025-12-01 01:30:00,62.389999
2025-12-01 01:45:00,61.950001
2025-12-01 02:00:00,58.57
2025-12-01 02:15:00,59.130001
2025-12-01 02:30:00,59.790001
2025-12-01 02:45:00,64.910004
2025-12-01 03:00:00,50.82
2025-12-01 03:15:00,55.700001
2025-12-01 03:30:00,56.689999
2025-12-01 03:45:00,55.73
2025-12-01 04:00:00,58.799999
2025-12-01 04:15:00,58.200001
2025-12-01 04:30:00,56.759998
2025-12-01 04:45:00,57.099998
2025-12-01 05:00:00,54.040001
2025-12-01 05:15:00,55.330002
2025-12-01 05:30:00,56.75
2025-12-01 05:45:00,58.73
2025-12-01 06:00:00,60.439999
2025-12-01 06:15:00,64.489998
2025-12-01 06:30:00,61.77
2025-12-01 06:45:00,59.68
2025-12-01 07:00:00,73.449997
2025-12-01 07:15:00,77.940002
2025-12-01 07:30:00,88.129997
2025-12-01 07:45:00,75.57
2025-12-01 08:00:00,78.839996
2025-12-01 08:15:00,78.949997
2025-12-01 08:30:00,79.110001
2025-12-01 08:45:00,79.18
2025-12-01 09:00:00,82.269997
2025-12-01 09:15:00,82.230003
2025-12-01 09:30:00,81.910004
2025-12-01 09:45:00,81.580002
2025-12-01 10:00:00,82.370003
2025-12-01 10:15:00,82.220001
2025-12-01 10:30:00,82.120003
2025-12-01 10:45:00,79.709999
2025-12-01 11:00:00,80.519997
2025-12-01 11:15:00,79.389999
2025-12-01 11:30:00,79.050003
2025-12-01 11:45:00,78.389999
2025-12-01 12:00:00,76.93
2025-12-01 12:15:00,76.809998
2025-12-01 12:30:00,76.730003
2025-12-01 12:45:00,76.769997
2025-12-01 13:00:00,78.209999
2025-12-01 13:15:00,78.480003
2025-12-01 13:30:00,78.970001
2025-12-01 13:45:00,79.650002
2025-12-01 14:00:00,76.769997
2025-12-01 14:15:00,77.0
2025-12-01 14:30:00,77.940002
2025-12-01 14:45:00,80.300003
2025-12-01 15:00:00,76.400002
2025-12-01 15:15:00,78.800003
2025-12-01 15:30:00,79.650002
2025-12-01 15:45:00,80.379997
2025-12-01 16:00:00,80.089996
2025-12-01 16:15:00,81.550003
2025-12-01 16:30:00,81.580002
2025-12-01 16:45:00,81.889999
2025-12-01 17:00:00,82.080002
2025-12-01 17:15:00,81.800003
2025-12-01 17:30:00,80.510002
2025-12-01 17:45:00,79.620003
2025-12-01 18:00:00,76.360001
2025-12-01 18:15:00,76.209999
2025-12-01 18:30:00,74.730003
2025-12-01 18:45:00,73.279999
2025-12-01 19:00:00,72.580002
2025-12-01 19:15:00,71.300003
2025-12-01 19:30:00,69.830002
2025-12-01 19:45:00,68.629997
2025-12-01 20:00:00,70.949997
2025-12-01 20:15:00,69.860001
2025-12-01 20:30:00,67.019997
2025-12-01 20:45:00,61.700001
2025-12-01 21:00:00,66.190002
2025-12-01 21:15:00,65.459999
2025-12-01 21:30:00,64.370003
2025-12-01 21:45:00,61.950001
2025-12-01 22:00:00,63.619999
2025-12-01 22:15:00,62.48
2025-12-01 22:30:00,61.169998
2025-12-01 22:45:00,59.889999
2025-12-01 23:00:00,61.200001
2025-12-01 23:15:00,59.48
2025-12-01 23:30:00,58.93
2025-12-01 23:45:00,57.810001
2025-12-02 00:00:00,51.200001
2025-12-02 00:15:00,56.380001
2025-12-02 00:30:00,55.73
2025-12-02 00:45:00,52.580002
2025-12-02 01:00:00,54.43
2025-12-02 01:15:00,49.5
2025-12-02 01:30:00,52.849998
2025-12-02 01:45:00,51.150002
2025-12-02 02:00:00,48.66
2025-12-02 02:15:00,49.48
2025-12-02 02:30:00,47.099998
2025-12-02 02:45:00,46.700001
2025-12-02 03:00:00,48.68
2025-12-02 03:15:00,48.02
2025-12-02 03:30:00,44.209999
2025-12-02 03:45:00,40.970001
2025-12-02 04:00:00,46.150002
2025-12-02 04:15:00,46.439999
2025-12-02 04:30:00,47.150002
2025-12-02 04:45:00,46.869999
2025-12-02 05:00:00,48.169998
2025-12-02 05:15:00,50.84
2025-12-02 05:30:00,53.16
2025-12-02 05:45:00,50.009998
2025-12-02 06:00:00,60.09
2025-12-02 06:15:00,60.509998
2025-12-02 06:30:00,62.709999
2025-12-02 06:45:00,59.150002
2025-12-02 07:00:00,64.519997
2025-12-02 07:15:00,67.610001
2025-12-02 07:30:00,68.25
2025-12-02 07:45:00,68.57
2025-12-02 08:00:00,69.849998
2025-12-02 08:15:00,69.879997
2025-12-02 08:30:00,72.599998
2025-12-02 08:45:00,69.879997
2025-12-02 09:00:00,71.779999
2025-12-02 09:15:00,69.919998
2025-12-02 09:30:00,70.18
2025-12-02 09:45:00,68.290001
2025-12-02 10:00:00,82.400002
2025-12-02 10:15:00,76.830002
2025-12-02 10:30:00,76.870003
2025-12-02 10:45:00,76.870003
2025-12-02 11:00:00,76.919998
2025-12-02 11:15:00,76.910004
2025-12-02 11:30:00,76.870003
2025-12-02 11:45:00,68.970001
2025-12-02 12:00:00,84.800003
2025-12-02 12:15:00,76.669998
2025-12-02 12:30:00,77.790001
2025-12-02 12:45:00,76.660004
2025-12-02 13:00:00,85.639999
2025-12-02 13:15:00,83.480003
2025-12-02 13:30:00,89.099998
2025-12-02 13:45:00,95.620003
2025-12-02 14:00:00,83.07
2025-12-02 14:15:00,84.239998
2025-12-02 14:30:00,91.150002
2025-12-02 14:45:00,101.989998
2025-12-02 15:00:00,81.68
2025-12-02 15:15:00,90.650002
2025-12-02 15:30:00,94.139999
2025-12-02 15:45:00,119.860001
2025-12-02 16:00:00,96.160004
2025-12-02 16:15:00,104.32
2025-12-02 16:30:00,133.990005
2025-12-02 16:45:00,148.410004
2025-12-02 17:00:00,112.57
2025-12-02 17:15:00,146.020004
2025-12-02 17:30:00,153.259995
2025-12-02 17:45:00,150.100006
2025-12-02 18:00:00,146.25
2025-12-02 18:15:00,117.809998
2025-12-02 18:30:00,108.959999
2025-12-02 18:45:00,105.099998
2025-12-02 19:00:00,133.199997
2025-12-02 19:15:00,127.410004
2025-12-02 19:30:00,118.389999
2025-12-02 19:45:00,109.0
2025-12-02 20:00:00,110.5
2025-12-02 20:15:00,103.279999
2025-12-02 20:30:00,103.25
2025-12-02 20:45:00,99.730003
2025-12-02 21:00:00,99.910004
2025-12-02 21:15:00,99.599998
2025-12-02 21:30:00,100.989998
2025-12-02 21:45:00,98.989998
2025-12-02 22:00:00,99.919998
2025-12-02 22:15:00,93.919998
2025-12-02 22:30:00,92.220001
2025-12-02 22:45:00,92.0
2025-12-02 23:00:00,103.529999
2025-12-02 23:15:00,101.269997
2025-12-02 23:30:00,92.989998
2025-12-02 23:45:00,86.339996
2025-12-03 00:00:00,92.089996
2025-12-03 00:15:00,89.980003
2025-12-03 00:30:00,90.879997
2025-12-03 00:45:00,90.260002
2025-12-03 01:00:00,87.220001
2025-12-03 01:15:00,86.510002
2025-12-03 01:30:00,91.300003
2025-12-03 01:45:00,91.260002
2025-12-03 02:00:00,89.980003
2025-12-03 02:15:00,89.870003
2025-12-03 02:30:00,90.639999
2025-12-03 02:45:00,90.139999
2025-12-03 03:00:00,88.940002
2025-12-03 03:15:00,88.32
2025-12-03 03:30:00,87.57
2025-12-03 03:45:00,86.599998
2025-12-03 04:00:00,85.279999
2025-12-03 04:15:00,83.910004
2025-12-03 04:30:00,84.940002
2025-12-03 04:45:00,85.870003
2025-12-03 05:00:00,87.660004
2025-12-03 05:15:00,88.57
2025-12-03 05:30:00,89.82
2025-12-03 05:45:00,104.440002
2025-12-03 06:00:00,86.389999
2025-12-03 06:15:00,96.010002
2025-12-03 06:30:00,109.809998
2025-12-03 06:45:00,136.720001
2025-12-03 07:00:00,102.5
2025-12-03 07:15:00,120.160004
2025-12-03 07:30:00,159.289993
2025-12-03 07:45:00,180.830002
2025-12-03 08:00:00,156.679993
2025-12-03 08:15:00,203.279999
2025-12-03 08:30:00,208.389999
2025-12-03 08:45:00,183.970001
2025-12-03 09:00:00,215.610001
2025-12-03 09:15:00,185.130005
2025-12-03 09:30:00,141.330002
2025-12-03 09:45:00,137.270004
2025-12-03 10:00:00,168.369995
2025-12-03 10:15:00,148.190002
2025-12-03 10:30:00,142.179993
2025-12-03 10:45:00,141.029999
2025-12-03 11:00:00,147.330002
2025-12-03 11:15:00,143.860001
2025-12-03 11:30:00,144.899994
2025-12-03 11:45:00,145.330002
2025-12-03 12:00:00,145.679993
2025-12-03 12:15:00,138.410004
2025-12-03 12:30:00,141.300003
2025-12-03 12:45:00,145.320007
2025-12-03 13:00:00,139.039993
2025-12-03 13:15:00,149.910004
2025-12-03 13:30:00,150.440002
2025-12-03 13:45:00,153.020004
2025-12-03 14:00:00,158.960007
2025-12-03 14:15:00,173.080002
2025-12-03 14:30:00,196.369995
2025-12-03 14:45:00,194.009995
2025-12-03 15:00:00,177.229996
2025-12-03 15:15:00,199.080002
2025-12-03 15:30:00,242.470001
2025-12-03 15:45:00,267.709991
2025-12-03 16:00:00,213.979996
2025-12-03 16:15:00,271.940002
2025-12-03 16:30:00,296.829987
2025-12-03 16:45:00,319.519989
2025-12-03 17:00:00,260.0
2025-12-03 17:15:00,271.940002
2025-12-03 17:30:00,245.320007
2025-12-03 17:45:00,217.410004
2025-12-03 18:00:00,210.059998
2025-12-03 18:15:00,211.050003
2025-12-03 18:30:00,193.330002
2025-12-03 18:45:00,178.699997
2025-12-03 19:00:00,199.309998
2025-12-03 19:15:00,169.949997
2025-12-03 19:30:00,156.679993
2025-12-03 19:45:00,148.139999
2025-12-03 20:00:00,167.100006
2025-12-03 20:15:00,146.830002
2025-12-03 20:30:00,132.509995
2025-12-03 20:45:00,122.190002
2025-12-03 21:00:00,136.839996
2025-12-03 21:15:00,122.919998
2025-12-03 21:30:00,107.370003
2025-12-03 21:45:00,104.440002
2025-12-03 22:00:00,109.639999
2025-12-03 22:15:00,104.489998
2025-12-03 22:30:00,103.230003
2025-12-03 22:45:00,100.839996
2025-12-03 23:00:00,105.459999
2025-12-03 23:15:00,92.139999
2025-12-03 23:30:00,87.57
2025-12-03 23:45:00,81.370003
2025-12-04 00:00:00,100.720001
2025-12-04 00:15:00,99.639999
2025-12-04 00:30:00,96.839996
2025-12-04 00:45:00,92.330002
2025-12-04 01:00:00,99.989998
2025-12-04 01:15:00,95.230003
2025-12-04 01:30:00,91.260002
2025-12-04 01:45:00,89.050003
2025-12-04 02:00:00,93.32
2025-12-04 02:15:00,89.900002
2025-12-04 02:30:00,89.5
2025-12-04 02:45:00,90.610001
2025-12-04 03:00:00,92.25
2025-12-04 03:15:00,90.519997
2025-12-04 03:30:00,89.910004
2025-12-04 03:45:00,88.75
2025-12-04 04:00:00,89.809998
2025-12-04 04:15:00,91.730003
2025-12-04 04:30:00,92.82
2025-12-04 04:45:00,94.949997
2025-12-04 05:00:00,91.169998
2025-12-04 05:15:00,95.629997
2025-12-04 05:30:00,99.739998
2025-12-04 05:45:00,100.480003
2025-12-04 06:00:00,95.800003
2025-12-04 06:15:00,98.32
2025-12-04 06:30:00,113.010002
2025-12-04 06:45:00,142.089996
2025-12-04 07:00:00,129.0
2025-12-04 07:15:00,130.039993
2025-12-04 07:30:00,121.660004
2025-12-04 07:45:00,132.940002
2025-12-04 08:00:00,140.210007
2025-12-04 08:15:00,150.0
2025-12-04 08:30:00,148.389999
2025-12-04 08:45:00,140.210007
2025-12-04 09:00:00,154.910004
2025-12-04 09:15:00,152.899994
2025-12-04 09:30:00,139.619995
2025-12-04 09:45:00,134.850006
2025-12-04 10:00:00,136.0
2025-12-04 10:15:00,136.899994
2025-12-04 10:30:00,140.210007
2025-12-04 10:45:00,140.509995
2025-12-04 11:00:00,149.679993
2025-12-04 11:15:00,148.160004
2025-12-04 11:30:00,145.779999
2025-12-04 11:45:00,148.75
2025-12-04 12:00:00,140.990005
2025-12-04 12:15:00,136.0
2025-12-04 12:30:00,140.850006
2025-12-04 12:45:00,150.0
2025-12-04 13:00:00,142.009995
2025-12-04 13:15:00,144.399994
2025-12-04 13:30:00,146.320007
2025-12-04 13:45:00,148.0
2025-12-04 14:00:00,142.619995
2025-12-04 14:15:00,151.160004
2025-12-04 14:30:00,158.570007
2025-12-04 14:45:00,155.880005
2025-12-04 15:00:00,151.660004
2025-12-04 15:15:00,160.550003
2025-12-04 15:30:00,149.759995
2025-12-04 15:45:00,142.0
2025-12-04 16:00:00,151.580002
2025-12-04 16:15:00,149.970001
2025-12-04 16:30:00,137.179993
2025-12-04 16:45:00,140.300003
2025-12-04 17:00:00,149.990005
2025-12-04 17:15:00,146.130005
2025-12-04 17:30:00,141.320007
2025-12-04 17:45:00,141.350006
2025-12-04 18:00:00,139.320007
2025-12-04 18:15:00,138.009995
2025-12-04 18:30:00,142.009995
2025-12-04 18:45:00,149.990005
2025-12-04 19:00:00,149.649994
2025-12-04 19:15:00,139.350006
2025-12-04 19:30:00,129.529999
2025-12-04 19:45:00,119.709999
2025-12-04 20:00:00,133.600006
2025-12-04 20:15:00,123.550003
2025-12-04 20:30:00,111.019997
2025-12-04 20:45:00,104.260002
2025-12-04 21:00:00,108.349998
2025-12-04 21:15:00,106.879997
2025-12-04 21:30:00,102.989998
2025-12-04 21:45:00,95.190002
2025-12-04 22:00:00,105.279999
2025-12-04 22:15:00,100.449997
2025-12-04 22:30:00,92.589996
2025-12-04 22:45:00,89.889999
2025-12-04 23:00:00,90.690002
2025-12-04 23:15:00,91.410004
2025-12-04 23:30:00,91.529999
2025-12-04 23:45:00,87.220001
2025-12-05 00:00:00,99.599998
2025-12-05 00:15:00,97.5
2025-12-05 00:30:00,94.699997
2025-12-05 00:45:00,90.669998
2025-12-05 01:00:00,97.419998
2025-12-05 01:15:00,94.779999
2025-12-05 01:30:00,92.790001
2025-12-05 01:45:00,90.459999
2025-12-05 02:00:00,92.0
2025-12-05 02:15:00,91.830002
2025-12-05 02:30:00,89.639999
2025-12-05 02:45:00,87.0
2025-12-05 03:00:00,87.669998
2025-12-05 03:15:00,86.589996
2025-12-05 03:30:00,84.989998
2025-12-05 03:45:00,83.400002
2025-12-05 04:00:00,80.389999
2025-12-05 04:15:00,80.0
2025-12-05 04:30:00,82.800003
2025-12-05 04:45:00,84.080002
2025-12-05 05:00:00,80.779999
2025-12-05 05:15:00,84.5
2025-12-05 05:30:00,92.43
2025-12-05 05:45:00,104.230003
2025-12-05 06:00:00,89.910004
2025-12-05 06:15:00,109.269997
2025-12-05 06:30:00,121.830002
2025-12-05 06:45:00,150.720001
2025-12-05 07:00:00,152.669998
2025-12-05 07:15:00,168.449997
2025-12-05 07:30:00,165.119995
2025-12-05 07:45:00,163.419998
2025-12-05 08:00:00,160.729996
2025-12-05 08:15:00,182.130005
2025-12-05 08:30:00,198.710007
2025-12-05 08:45:00,196.160004
2025-12-05 09:00:00,197.600006
2025-12-05 09:15:00,192.320007
2025-12-05 09:30:00,177.470001
2025-12-05 09:45:00,169.179993
2025-12-05 10:00:00,177.770004
2025-12-05 10:15:00,177.740005
2025-12-05 10:30:00,168.309998
2025-12-05 10:45:00,161.570007
2025-12-05 11:00:00,172.429993
2025-12-05 11:15:00,168.429993
2025-12-05 11:30:00,169.869995
2025-12-05 11:45:00,159.330002
2025-12-05 12:00:00,166.369995
2025-12-05 12:15:00,157.449997
2025-12-05 12:30:00,158.610001
2025-12-05 12:45:00,163.809998
2025-12-05 13:00:00,162.399994
2025-12-05 13:15:00,160.039993
2025-12-05 13:30:00,157.360001
2025-12-05 13:45:00,149.990005
2025-12-05 14:00:00,158.699997
2025-12-05 14:15:00,155.660004
2025-12-05 14:30:00,160.490005
2025-12-05 14:45:00,169.860001
2025-12-05 15:00:00,158.610001
2025-12-05 15:15:00,156.089996
2025-12-05 15:30:00,169.869995
2025-12-05 15:45:00,164.820007
2025-12-05 16:00:00,157.910004
2025-12-05 16:15:00,171.110001
2025-12-05 16:30:00,173.899994
2025-12-05 16:45:00,175.070007
2025-12-05 17:00:00,164.229996
2025-12-05 17:15:00,155.190002
2025-12-05 17:30:00,161.130005
2025-12-05 17:45:00,148.979996
2025-12-05 18:00:00,152.690002
2025-12-05 18:15:00,149.229996
2025-12-05 18:30:00,143.380005
2025-12-05 18:45:00,124.0
2025-12-05 19:00:00,146.270004
2025-12-05 19:15:00,128.380005
2025-12-05 19:30:00,100.370003
2025-12-05 19:45:00,96.629997
2025-12-05 20:00:00,119.519997
2025-12-05 20:15:00,111.529999
2025-12-05 20:30:00,106.379997
2025-12-05 20:45:00,95.980003
2025-12-05 21:00:00,107.07
2025-12-05 21:15:00,102.440002
2025-12-05 21:30:00,92.410004
2025-12-05 21:45:00,88.300003
2025-12-05 22:00:00,97.099998
2025-12-05 22:15:00,90.120003
2025-12-05 22:30:00,82.120003
2025-12-05 22:45:00,78.5
2025-12-05 23:00:00,98.57
2025-12-05 23:15:00,88.019997
2025-12-05 23:30:00,78.650002
2025-12-05 23:45:00,71.25
2025-12-06 00:00:00,89.870003
2025-12-06 00:15:00,76.919998
2025-12-06 00:30:00,73.150002
2025-12-06 00:45:00,72.639999
2025-12-06 01:00:00,85.239998
2025-12-06 01:15:00,73.540001
2025-12-06 01:30:00,73.199997
2025-12-06 01:45:00,68.379997
2025-12-06 02:00:00,73.010002
2025-12-06 02:15:00,72.290001
2025-12-06 02:30:00,69.209999
2025-12-06 02:45:00,68.970001
2025-12-06 03:00:00,67.629997
2025-12-06 03:15:00,63.389999
2025-12-06 03:30:00,64.519997
2025-12-06 03:45:00,64.760002
2025-12-06 04:00:00,59.919998
2025-12-06 04:15:00,62.029999
2025-12-06 04:30:00,62.490002
2025-12-06 04:45:00,62.52
2025-12-06 05:00:00,59.169998
2025-12-06 05:15:00,56.860001
2025-12-06 05:30:00,57.610001
2025-12-06 05:45:00,54.490002
2025-12-06 06:00:00,54.43
2025-12-06 06:15:00,55.900002
2025-12-06 06:30:00,58.060001
2025-12-06 06:45:00,58.029999
2025-12-06 07:00:00,59.810001
2025-12-06 07:15:00,61.16
2025-12-06 07:30:00,61.119999
2025-12-06 07:45:00,64.889999
2025-12-06 08:00:00,67.730003
2025-12-06 08:15:00,68.860001
2025-12-06 08:30:00,73.400002
2025-12-06 08:45:00,74.589996
2025-12-06 09:00:00,75.589996
2025-12-06 09:15:00,76.209999
2025-12-06 09:30:00,76.349998
2025-12-06 09:45:00,76.389999
2025-12-06 10:00:00,77.269997
2025-12-06 10:15:00,77.68
2025-12-06 10:30:00,76.610001
2025-12-06 10:45:00,73.809998
2025-12-06 11:00:00,77.879997
2025-12-06 11:15:00,77.510002
2025-12-06 11:30:00,77.239998
2025-12-06 11:45:00,77.029999
2025-12-06 12:00:00,77.07
2025-12-06 12:15:00,74.900002
2025-12-06 12:30:00,74.900002
2025-12-06 12:45:00,77.580002
2025-12-06 13:00:00,77.010002
2025-12-06 13:15:00,75.139999
2025-12-06 13:30:00,77.940002
2025-12-06 13:45:00,78.010002
2025-12-06 14:00:00,74.349998
2025-12-06 14:15:00,78.160004
2025-12-06 14:30:00,79.160004
2025-12-06 14:45:00,80.25
2025-12-06 15:00:00,79.489998
2025-12-06 15:15:00,80.540001
2025-12-06 15:30:00,80.459999
2025-12-06 15:45:00,80.540001
2025-12-06 16:00:00,80.650002
2025-12-06 16:15:00,80.709999
2025-12-06 16:30:00,80.800003
2025-12-06 16:45:00,80.790001
2025-12-06 17:00:00,84.110001
2025-12-06 17:15:00,83.5
2025-12-06 17:30:00,81.269997
2025-12-06 17:45:00,81.120003
2025-12-06 18:00:00,80.989998
2025-12-06 18:15:00,80.769997
2025-12-06 18:30:00,80.5
2025-12-06 18:45:00,80.32
2025-12-06 19:00:00,80.019997
2025-12-06 19:15:00,79.809998
2025-12-06 19:30:00,78.720001
2025-12-06 19:45:00,78.190002
2025-12-06 20:00:00,81.779999
2025-12-06 20:15:00,75.089996
2025-12-06 20:30:00,77.410004
2025-12-06 20:45:00,70.099998
2025-12-06 21:00:00,82.099998
2025-12-06 21:15:00,75.68
2025-12-06 21:30:00,70.309998
2025-12-06 21:45:00,64.900002
2025-12-06 22:00:00,79.559998
2025-12-06 22:15:00,71.389999
2025-12-06 22:30:00,68.339996
2025-12-06 22:45:00,66.080002
2025-12-06 23:00:00,73.330002
2025-12-06 23:15:00,70.489998
2025-12-06 23:30:00,68.900002
2025-12-06 23:45:00,65.400002
2025-12-07 00:00:00,76.599998
2025-12-07 00:15:00,68.610001
2025-12-07 00:30:00,63.439999
2025-12-07 00:45:00,60.639999
2025-12-07 01:00:00,61.889999
2025-12-07 01:15:00,60.77
2025-12-07 01:30:00,60.93
2025-12-07 01:45:00,60.389999
2025-12-07 02:00:00,59.990002
2025-12-07 02:15:00,59.549999
2025-12-07 02:30:00,59.130001
2025-12-07 02:45:00,59.02
2025-12-07 03:00:00,58.380001
2025-12-07 03:15:00,58.380001
2025-12-07 03:30:00,58.57
2025-12-07 03:45:00,58.91
2025-12-07 04:00:00,60.740002
2025-12-07 04:15:00,61.939999
2025-12-07 04:30:00,62.619999
2025-12-07 04:45:00,63.0
2025-12-07 05:00:00,60.91
2025-12-07 05:15:00,61.509998
2025-12-07 05:30:00,64.599998
2025-12-07 05:45:00,61.0
2025-12-07 06:00:00,60.470001
2025-12-07 06:15:00,65.139999
2025-12-07 06:30:00,64.459999
2025-12-07 06:45:00,64.809998
2025-12-07 07:00:00,71.230003
2025-12-07 07:15:00,65.209999
2025-12-07 07:30:00,72.589996
2025-12-07 07:45:00,78.309998
2025-12-07 08:00:00,70.080002
2025-12-07 08:15:00,72.739998
2025-12-07 08:30:00,82.589996
2025-12-07 08:45:00,86.580002
2025-12-07 09:00:00,85.010002
2025-12-07 09:15:00,89.349998
2025-12-07 09:30:00,84.989998
2025-12-07 09:45:00,82.870003
2025-12-07 10:00:00,91.889999
2025-12-07 10:15:00,91.209999
2025-12-07 10:30:00,87.830002
2025-12-07 10:45:00,91.190002
2025-12-07 11:00:00,86.879997
2025-12-07 11:15:00,90.629997
2025-12-07 11:30:00,91.970001
2025-12-07 11:45:00,98.209999
2025-12-07 12:00:00,97.110001
2025-12-07 12:15:00,95.989998
2025-12-07 12:30:00,98.610001
2025-12-07 12:45:00,98.040001
2025-12-07 13:00:00,97.660004
2025-12-07 13:15:00,96.620003
2025-12-07 13:30:00,99.410004
2025-12-07 13:45:00,104.599998
2025-12-07 14:00:00,101.589996
2025-12-07 14:15:00,104.220001
2025-12-07 14:30:00,102.82
2025-12-07 14:45:00,107.949997
2025-12-07 15:00:00,102.779999
2025-12-07 15:15:00,105.379997
2025-12-07 15:30:00,106.290001
2025-12-07 15:45:00,108.489998
2025-12-07 16:00:00,101.57
2025-12-07 16:15:00,107.010002
2025-12-07 16:30:00,109.419998
2025-12-07 16:45:00,116.0
2025-12-07 17:00:00,116.010002
2025-12-07 17:15:00,116.269997
2025-12-07 17:30:00,109.559998
2025-12-07 17:45:00,105.440002
2025-12-07 18:00:00,106.599998
2025-12-07 18:15:00,98.529999
2025-12-07 18:30:00,95.900002
2025-12-07 18:45:00,86.489998
2025-12-07 19:00:00,94.690002
2025-12-07 19:15:00,83.139999
2025-12-07 19:30:00,90.120003
2025-12-07 19:45:00,81.900002
2025-12-07 20:00:00,83.620003
2025-12-07 20:15:00,83.790001
2025-12-07 20:30:00,80.519997
2025-12-07 20:45:00,73.550003
2025-12-07 21:00:00,81.559998
2025-12-07 21:15:00,75.860001
2025-12-07 21:30:00,72.879997
2025-12-07 21:45:00,56.93
2025-12-07 22:00:00,75.330002
2025-12-07 22:15:00,67.739998
2025-12-07 22:30:00,62.869999
2025-12-07 22:45:00,53.240002
2025-12-07 23:00:00,57.759998
2025-12-07 23:15:00,45.860001
2025-12-07 23:30:00,38.299999
2025-12-07 23:45:00,25.030001
2025-12-08 00:00:00,22.030001
2025-12-08 00:15:00,26.49
2025-12-08 00:30:00,20.030001
2025-12-08 00:45:00,8.53
2025-12-08 01:00:00,15.71
2025-12-08 01:15:00,16.059999
2025-12-08 01:30:00,10.74
2025-12-08 01:45:00,7.4
2025-12-08 02:00:00,16.82
2025-12-08 02:15:00,12.36
2025-12-08 02:30:00,9.35
2025-12-08 02:45:00,8.27
2025-12-08 03:00:00,7.31
2025-12-08 03:15:00,6.96
2025-12-08 03:30:00,6.82
2025-12-08 03:45:00,6.89
2025-12-08 04:00:00,6.91
2025-12-08 04:15:00,9.32
2025-12-08 04:30:00,13.83
2025-12-08 04:45:00,21.5
2025-12-08 05:00:00,8.97
2025-12-08 05:15:00,18.559999
2025-12-08 05:30:00,35.09
2025-12-08 05:45:00,45.240002
2025-12-08 06:00:00,33.48
2025-12-08 06:15:00,46.860001
2025-12-08 06:30:00,51.27
2025-12-08 06:45:00,56.290001
2025-12-08 07:00:00,63.240002
2025-12-08 07:15:00,63.939999
2025-12-08 07:30:00,64.849998
2025-12-08 07:45:00,66.160004
2025-12-08 08:00:00,66.980003
2025-12-08 08:15:00,67.129997
2025-12-08 08:30:00,67.160004
2025-12-08 08:45:00,67.449997
2025-12-08 09:00:00,67.849998
2025-12-08 09:15:00,68.080002
2025-12-08 09:30:00,67.860001
2025-12-08 09:45:00,67.209999
2025-12-08 10:00:00,67.690002
2025-12-08 10:15:00,67.389999
2025-12-08 10:30:00,66.5
2025-12-08 10:45:00,66.339996
2025-12-08 11:00:00,67.029999
2025-12-08 11:15:00,66.709999
2025-12-08 11:30:00,66.900002
2025-12-08 11:45:00,65.099998
2025-12-08 12:00:00,68.699997
2025-12-08 12:15:00,66.480003
2025-12-08 12:30:00,67.120003
2025-12-08 12:45:00,67.169998
2025-12-08 13:00:00,66.360001
2025-12-08 13:15:00,66.370003
2025-12-08 13:30:00,66.25
2025-12-08 13:45:00,66.400002
2025-12-08 14:00:00,65.400002
2025-12-08 14:15:00,65.580002
2025-12-08 14:30:00,66.769997
2025-12-08 14:45:00,66.540001
2025-12-08 15:00:00,67.220001
2025-12-08 15:15:00,70.230003
2025-12-08 15:30:00,70.339996
2025-12-08 15:45:00,70.790001
2025-12-08 16:00:00,68.089996
2025-12-08 16:15:00,68.82
2025-12-08 16:30:00,70.129997
2025-12-08 16:45:00,71.389999
2025-12-08 17:00:00,72.089996
2025-12-08 17:15:00,72.110001
2025-12-08 17:30:00,72.089996
2025-12-08 17:45:00,72.080002
2025-12-08 18:00:00,70.739998
2025-12-08 18:15:00,70.389999
2025-12-08 18:30:00,70.040001
2025-12-08 18:45:00,67.239998
2025-12-08 19:00:00,69.779999
2025-12-08 19:15:00,65.279999
2025-12-08 19:30:00,64.889999
2025-12-08 19:45:00,64.370003
2025-12-08 20:00:00,65.510002
2025-12-08 20:15:00,65.199997
2025-12-08 20:30:00,64.650002
2025-12-08 20:45:00,64.25
2025-12-08 21:00:00,65.239998
2025-12-08 21:15:00,64.900002
2025-12-08 21:30:00,64.330002
2025-12-08 21:45:00,62.049999
2025-12-08 22:00:00,64.489998
2025-12-08 22:15:00,63.990002
2025-12-08 22:30:00,63.139999
2025-12-08 22:45:00,59.59
2025-12-08 23:00:00,62.75
2025-12-08 23:15:00,61.959999
2025-12-08 23:30:00,62.240002
2025-12-08 23:45:00,59.360001
2025-12-09 00:00:00,73.690002
2025-12-09 00:15:00,68.0
2025-12-09 00:30:00,65.970001
2025-12-09 00:45:00,64.599998
2025-12-09 01:00:00,65.830002
2025-12-09 01:15:00,65.620003
2025-12-09 01:30:00,66.660004
2025-12-09 01:45:00,66.199997
2025-12-09 02:00:00,65.75
2025-12-09 02:15:00,66.029999
2025-12-09 02:30:00,67.360001
2025-12-09 02:45:00,68.629997
2025-12-09 03:00:00,66.169998
2025-12-09 03:15:00,66.410004
2025-12-09 03:30:00,66.959999
2025-12-09 03:45:00,70.519997
2025-12-09 04:00:00,60.150002
2025-12-09 04:15:00,64.150002
2025-12-09 04:30:00,65.169998
2025-12-09 04:45:00,67.5
2025-12-09 05:00:00,57.279999
2025-12-09 05:15:00,61.48
2025-12-09 05:30:00,64.139999
2025-12-09 05:45:00,65.739998
2025-12-09 06:00:00,65.019997
2025-12-09 06:15:00,68.879997
2025-12-09 06:30:00,90.150002
2025-12-09 06:45:00,99.040001
2025-12-09 07:00:00,87.260002
2025-12-09 07:15:00,91.349998
2025-12-09 07:30:00,99.160004
2025-12-09 07:45:00,118.0
2025-12-09 08:00:00,90.190002
2025-12-09 08:15:00,101.07
2025-12-09 08:30:00,107.019997
2025-12-09 08:45:00,114.519997
2025-12-09 09:00:00,120.720001
2025-12-09 09:15:00,105.529999
2025-12-09 09:30:00,101.089996
2025-12-09 09:45:00,91.330002
2025-12-09 10:00:00,101.029999
2025-12-09 10:15:00,96.010002
2025-12-09 10:30:00,94.25
2025-12-09 10:45:00,90.019997
2025-12-09 11:00:00,95.510002
2025-12-09 11:15:00,93.43
2025-12-09 11:30:00,92.18
2025-12-09 11:45:00,90.099998
2025-12-09 12:00:00,90.150002
2025-12-09 12:15:00,87.5
2025-12-09 12:30:00,89.660004
2025-12-09 12:45:00,90.18
2025-12-09 13:00:00,90.779999
2025-12-09 13:15:00,91.32
2025-12-09 13:30:00,92.25
2025-12-09 13:45:00,93.300003
2025-12-09 14:00:00,84.419998
2025-12-09 14:15:00,89.919998
2025-12-09 14:30:00,94.120003
2025-12-09 14:45:00,95.980003
2025-12-09 15:00:00,92.540001
2025-12-09 15:15:00,95.900002
2025-12-09 15:30:00,105.639999
2025-12-09 15:45:00,104.660004
2025-12-09 16:00:00,93.529999
2025-12-09 16:15:00,95.730003
2025-12-09 16:30:00,97.690002
2025-12-09 16:45:00,99.459999
2025-12-09 17:00:00,97.010002
2025-12-09 17:15:00,98.169998
2025-12-09 17:30:00,100.129997
2025-12-09 17:45:00,95.360001
2025-12-09 18:00:00,95.720001
2025-12-09 18:15:00,90.139999
2025-12-09 18:30:00,88.059998
2025-12-09 18:45:00,82.5
2025-12-09 19:00:00,88.019997
2025-12-09 19:15:00,83.339996
2025-12-09 19:30:00,75.889999
2025-12-09 19:45:00,74.540001
2025-12-09 20:00:00,83.610001
2025-12-09 20:15:00,78.589996
2025-12-09 20:30:00,72.57
2025-12-09 20:45:00,70.260002
2025-12-09 21:00:00,74.220001
2025-12-09 21:15:00,71.870003
2025-12-09 21:30:00,65.290001
2025-12-09 21:45:00,63.470001
2025-12-09 22:00:00,66.629997
2025-12-09 22:15:00,64.339996
2025-12-09 22:30:00,62.119999
2025-12-09 22:45:00,57.290001
2025-12-09 23:00:00,56.799999
2025-12-09 23:15:00,51.18
2025-12-09 23:30:00,44.959999
2025-12-09 23:45:00,39.07
2025-12-10 00:00:00,51.400002
2025-12-10 00:15:00,46.59
2025-12-10 00:30:00,37.02
2025-12-10 00:45:00,29.719999
2025-12-10 01:00:00,38.080002
2025-12-10 01:15:00,33.959999
2025-12-10 01:30:00,32.830002
2025-12-10 01:45:00,28.65
2025-12-10 02:00:00,30.77
2025-12-10 02:15:00,27.450001
2025-12-10 02:30:00,27.030001
2025-12-10 02:45:00,26.41
2025-12-10 03:00:00,32.330002
2025-12-10 03:15:00,30.950001
2025-12-10 03:30:00,25.860001
2025-12-10 03:45:00,26.299999
2025-12-10 04:00:00,25.74
2025-12-10 04:15:00,30.43
2025-12-10 04:30:00,30.84
2025-12-10 04:45:00,30.209999
2025-12-10 05:00:00,28.950001
2025-12-10 05:15:00,31.120001
2025-12-10 05:30:00,35.91
2025-12-10 05:45:00,40.169998
2025-12-10 06:00:00,40.939999
2025-12-10 06:15:00,42.880001
2025-12-10 06:30:00,45.380001
2025-12-10 06:45:00,46.77
2025-12-10 07:00:00,67.5
2025-12-10 07:15:00,68.089996
2025-12-10 07:30:00,60.389999
2025-12-10 07:45:00,48.610001
2025-12-10 08:00:00,87.410004
2025-12-10 08:15:00,73.699997
2025-12-10 08:30:00,68.610001
2025-12-10 08:45:00,64.400002
2025-12-10 09:00:00,70.540001
2025-12-10 09:15:00,68.269997
2025-12-10 09:30:00,68.0
2025-12-10 09:45:00,67.800003
2025-12-10 10:00:00,68.989998
2025-12-10 10:15:00,68.610001
2025-12-10 10:30:00,68.029999
2025-12-10 10:45:00,71.190002
2025-12-10 11:00:00,63.610001
2025-12-10 11:15:00,66.790001
2025-12-10 11:30:00,66.489998
2025-12-10 11:45:00,67.669998
2025-12-10 12:00:00,64.07
2025-12-10 12:15:00,64.160004
2025-12-10 12:30:00,62.029999
2025-12-10 12:45:00,62.900002
2025-12-10 13:00:00,62.119999
2025-12-10 13:15:00,61.369999
2025-12-10 13:30:00,63.869999
2025-12-10 13:45:00,64.07
2025-12-10 14:00:00,64.010002
2025-12-10 14:15:00,63.799999
2025-12-10 14:30:00,64.540001
2025-12-10 14:45:00,65.150002
2025-12-10 15:00:00,63.130001
2025-12-10 15:15:00,63.400002
2025-12-10 15:30:00,63.349998
2025-12-10 15:45:00,64.269997
2025-12-10 16:00:00,65.669998
2025-12-10 16:15:00,65.0
2025-12-10 16:30:00,64.900002
2025-12-10 16:45:00,64.639999
2025-12-10 17:00:00,65.919998
2025-12-10 17:15:00,65.629997
2025-12-10 17:30:00,64.620003
2025-12-10 17:45:00,64.199997
2025-12-10 18:00:00,63.880001
2025-12-10 18:15:00,63.799999
2025-12-10 18:30:00,62.360001
2025-12-10 18:45:00,60.919998
2025-12-10 19:00:00,60.25
2025-12-10 19:15:00,58.0
2025-12-10 19:30:00,56.610001
2025-12-10 19:45:00,57.84
2025-12-10 20:00:00,54.389999
2025-12-10 20:15:00,55.43
2025-12-10 20:30:00,55.990002
2025-12-10 20:45:00,56.619999
2025-12-10 21:00:00,55.52
2025-12-10 21:15:00,55.369999
2025-12-10 21:30:00,55.91
2025-12-10 21:45:00,56.34
2025-12-10 22:00:00,55.689999
2025-12-10 22:15:00,55.59
2025-12-10 22:30:00,55.0
2025-12-10 22:45:00,52.59
2025-12-10 23:00:00,54.23
2025-12-10 23:15:00,54.130001
2025-12-10 23:30:00,53.970001
2025-12-10 23:45:00,53.689999
2025-12-11 00:00:00,50.970001
2025-12-11 00:15:00,50.630001
2025-12-11 00:30:00,49.560001
2025-12-11 00:45:00,48.549999
2025-12-11 01:00:00,48.220001
2025-12-11 01:15:00,46.27
2025-12-11 01:30:00,45.310001
2025-12-11 01:45:00,44.419998
2025-12-11 02:00:00,43.419998
2025-12-11 02:15:00,42.549999
2025-12-11 02:30:00,42.009998
2025-12-11 02:45:00,40.599998
2025-12-11 03:00:00,39.849998
2025-12-11 03:15:00,36.0
2025-12-11 03:30:00,36.0
2025-12-11 03:45:00,35.700001
2025-12-11 04:00:00,33.75
2025-12-11 04:15:00,34.189999
2025-12-11 04:30:00,33.790001
2025-12-11 04:45:00,34.23
2025-12-11 05:00:00,34.630001
2025-12-11 05:15:00,38.790001
2025-12-11 05:30:00,42.049999
2025-12-11 05:45:00,47.040001
2025-12-11 06:00:00,49.580002
2025-12-11 06:15:00,51.200001
2025-12-11 06:30:00,52.669998
2025-12-11 06:45:00,54.5
2025-12-11 07:00:00,35.98
2025-12-11 07:15:00,45.509998
2025-12-11 07:30:00,45.59
2025-12-11 07:45:00,48.669998
2025-12-11 08:00:00,42.02
2025-12-11 08:15:00,42.48
2025-12-11 08:30:00,43.349998
2025-12-11 08:45:00,51.549999
2025-12-11 09:00:00,46.830002
2025-12-11 09:15:00,50.619999
2025-12-11 09:30:00,50.34
2025-12-11 09:45:00,52.68
2025-12-11 10:00:00,49.07
2025-12-11 10:15:00,49.34
2025-12-11 10:30:00,47.32
2025-12-11 10:45:00,40.029999
2025-12-11 11:00:00,9.39
2025-12-11 11:15:00,9.35
2025-12-11 11:30:00,9.37
2025-12-11 11:45:00,9.37
2025-12-11 12:00:00,7.01
2025-12-11 12:15:00,7.01
2025-12-11 12:30:00,7.02
2025-12-11 12:45:00,7.05
2025-12-11 13:00:00,12.82
2025-12-11 13:15:00,13.4
2025-12-11 13:30:00,13.2
2025-12-11 13:45:00,9.43
2025-12-11 14:00:00,50.740002
2025-12-11 14:15:00,58.0
2025-12-11 14:30:00,59.849998
2025-12-11 14:45:00,46.709999
2025-12-11 15:00:00,84.230003
2025-12-11 15:15:00,65.660004
2025-12-11 15:30:00,65.440002
2025-12-11 15:45:00,65.849998
2025-12-11 16:00:00,67.32
2025-12-11 16:15:00,67.349998
2025-12-11 16:30:00,68.370003
2025-12-11 16:45:00,67.190002
2025-12-11 17:00:00,71.68
2025-12-11 17:15:00,70.07
2025-12-11 17:30:00,69.970001
2025-12-11 17:45:00,81.449997
2025-12-11 18:00:00,90.129997
2025-12-11 18:15:00,90.099998
2025-12-11 18:30:00,79.599998
2025-12-11 18:45:00,82.800003
2025-12-11 19:00:00,90.129997
2025-12-11 19:15:00,88.389999
2025-12-11 19:30:00,87.089996
2025-12-11 19:45:00,83.709999
2025-12-11 20:00:00,89.290001
2025-12-11 20:15:00,87.099998
2025-12-11 20:30:00,85.0
2025-12-11 20:45:00,90.110001
2025-12-11 21:00:00,78.400002
2025-12-11 21:15:00,83.0
2025-12-11 21:30:00,85.989998
2025-12-11 21:45:00,80.599998
2025-12-11 22:00:00,68.830002
2025-12-11 22:15:00,87.459999
2025-12-11 22:30:00,90.120003
2025-12-11 22:45:00,87.449997
2025-12-11 23:00:00,88.169998
2025-12-11 23:15:00,84.870003
2025-12-11 23:30:00,85.889999
2025-12-11 23:45:00,86.470001
2025-12-12 00:00:00,70.550003
2025-12-12 00:15:00,72.790001
2025-12-12 00:30:00,76.730003
2025-12-12 00:45:00,77.959999
2025-12-12 01:00:00,79.68
2025-12-12 01:15:00,81.629997
2025-12-12 01:30:00,82.800003
2025-12-12 01:45:00,83.75
2025-12-12 02:00:00,86.349998
2025-12-12 02:15:00,82.709999
2025-12-12 02:30:00,85.309998
2025-12-12 02:45:00,84.449997
2025-12-12 03:00:00,87.290001
2025-12-12 03:15:00,84.529999
2025-12-12 03:30:00,85.220001
2025-12-12 03:45:00,83.779999
2025-12-12 04:00:00,83.059998
2025-12-12 04:15:00,83.5
2025-12-12 04:30:00,82.870003
2025-12-12 04:45:00,81.889999
2025-12-12 05:00:00,76.669998
2025-12-12 05:15:00,81.32
2025-12-12 05:30:00,85.010002
2025-12-12 05:45:00,90.769997
2025-12-12 06:00:00,79.5
2025-12-12 06:15:00,89.889999
2025-12-12 06:30:00,95.400002
2025-12-12 06:45:00,106.849998
2025-12-12 07:00:00,105.029999
2025-12-12 07:15:00,124.330002
2025-12-12 07:30:00,122.779999
2025-12-12 07:45:00,128.899994
2025-12-12 08:00:00,128.789993
2025-12-12 08:15:00,132.960007
2025-12-12 08:30:00,133.520004
2025-12-12 08:45:00,128.139999
2025-12-12 09:00:00,133.970001
2025-12-12 09:15:00,127.0
2025-12-12 09:30:00,124.639999
2025-12-12 09:45:00,122.0
2025-12-12 10:00:00,129.199997
2025-12-12 10:15:00,126.919998
2025-12-12 10:30:00,118.18
2025-12-12 10:45:00,113.519997
2025-12-12 11:00:00,122.099998
2025-12-12 11:15:00,118.519997
2025-12-12 11:30:00,117.910004
2025-12-12 11:45:00,114.690002
2025-12-12 12:00:00,111.629997
2025-12-12 12:15:00,112.75
2025-12-12 12:30:00,113.290001
2025-12-12 12:45:00,114.599998
2025-12-12 13:00:00,114.220001
2025-12-12 13:15:00,112.57
2025-12-12 13:30:00,115.050003
2025-12-12 13:45:00,122.339996
2025-12-12 14:00:00,109.629997
2025-12-12 14:15:00,117.650002
2025-12-12 14:30:00,127.849998
2025-12-12 14:45:00,133.809998
2025-12-12 15:00:00,117.580002
2025-12-12 15:15:00,123.279999
2025-12-12 15:30:00,131.139999
2025-12-12 15:45:00,138.479996
2025-12-12 16:00:00,132.110001
2025-12-12 16:15:00,135.75
2025-12-12 16:30:00,146.580002
2025-12-12 16:45:00,157.960007
2025-12-12 17:00:00,147.990005
2025-12-12 17:15:00,150.169998
2025-12-12 17:30:00,143.570007
2025-12-12 17:45:00,139.619995
2025-12-12 18:00:00,137.039993
2025-12-12 18:15:00,131.720001
2025-12-12 18:30:00,128.25
2025-12-12 18:45:00,125.260002
2025-12-12 19:00:00,127.019997
2025-12-12 19:15:00,123.699997
2025-12-12 19:30:00,120.879997
2025-12-12 19:45:00,100.839996
2025-12-12 20:00:00,120.300003
2025-12-12 20:15:00,112.019997
2025-12-12 20:30:00,94.699997
2025-12-12 20:45:00,86.279999
2025-12-12 21:00:00,101.400002
2025-12-12 21:15:00,98.370003
2025-12-12 21:30:00,94.589996
2025-12-12 21:45:00,91.510002
2025-12-12 22:00:00,93.959999
2025-12-12 22:15:00,92.889999
2025-12-12 22:30:00,91.540001
2025-12-12 22:45:00,86.370003
2025-12-12 23:00:00,100.43
2025-12-12 23:15:00,91.57
2025-12-12 23:30:00,87.470001
2025-12-12 23:45:00,80.980003
2025-12-13 00:00:00,102.190002
2025-12-13 00:15:00,93.330002
2025-12-13 00:30:00,89.209999
2025-12-13 00:45:00,82.779999
2025-12-13 01:00:00,99.349998
2025-12-13 01:15:00,92.779999
2025-12-13 01:30:00,87.519997
2025-12-13 01:45:00,82.360001
2025-12-13 02:00:00,92.519997
2025-12-13 02:15:00,85.519997
2025-12-13 02:30:00,87.480003
2025-12-13 02:45:00,82.470001
2025-12-13 03:00:00,88.959999
2025-12-13 03:15:00,82.82
2025-12-13 03:30:00,81.139999
2025-12-13 03:45:00,79.059998
2025-12-13 04:00:00,81.269997
2025-12-13 04:15:00,78.709999
2025-12-13 04:30:00,80.690002
2025-12-13 04:45:00,81.449997
2025-12-13 05:00:00,81.830002
2025-12-13 05:15:00,81.089996
2025-12-13 05:30:00,80.43
2025-12-13 05:45:00,82.480003
2025-12-13 06:00:00,80.099998
2025-12-13 06:15:00,74.480003
2025-12-13 06:30:00,76.459999
2025-12-13 06:45:00,77.550003
2025-12-13 07:00:00,72.739998
2025-12-13 07:15:00,74.629997
2025-12-13 07:30:00,83.57
2025-12-13 07:45:00,86.559998
2025-12-13 08:00:00,84.800003
2025-12-13 08:15:00,89.629997
2025-12-13 08:30:00,97.330002
2025-12-13 08:45:00,104.199997
2025-12-13 09:00:00,104.75
2025-12-13 09:15:00,103.870003
2025-12-13 09:30:00,103.43
2025-12-13 09:45:00,97.480003
2025-12-13 10:00:00,104.07
2025-12-13 10:15:00,100.940002
2025-12-13 10:30:00,96.769997
2025-12-13 10:45:00,91.57
2025-12-13 11:00:00,98.099998
2025-12-13 11:15:00,96.220001
2025-12-13 11:30:00,90.589996
2025-12-13 11:45:00,80.589996
2025-12-13 12:00:00,81.5
2025-12-13 12:15:00,80.5
2025-12-13 12:30:00,79.400002
2025-12-13 12:45:00,78.440002
2025-12-13 13:00:00,81.120003
2025-12-13 13:15:00,80.839996
2025-12-13 13:30:00,79.360001
2025-12-13 13:45:00,76.599998
2025-12-13 14:00:00,81.040001
2025-12-13 14:15:00,80.669998
2025-12-13 14:30:00,77.07
2025-12-13 14:45:00,85.209999
2025-12-13 15:00:00,78.269997
2025-12-13 15:15:00,80.010002
2025-12-13 15:30:00,91.519997
2025-12-13 15:45:00,103.690002
2025-12-13 16:00:00,88.209999
2025-12-13 16:15:00,91.57
2025-12-13 16:30:00,103.239998
2025-12-13 16:45:00,119.779999
2025-12-13 17:00:00,93.0
2025-12-13 17:15:00,110.349998
2025-12-13 17:30:00,115.599998
2025-12-13 17:45:00,106.050003
2025-12-13 18:00:00,115.0
2025-12-13 18:15:00,112.68
2025-12-13 18:30:00,108.989998
2025-12-13 18:45:00,97.790001
2025-12-13 19:00:00,113.480003
2025-12-13 19:15:00,104.349998
2025-12-13 19:30:00,91.599998
2025-12-13 19:45:00,91.050003
2025-12-13 20:00:00,97.269997
2025-12-13 20:15:00,91.510002
2025-12-13 20:30:00,81.389999
2025-12-13 20:45:00,77.790001
2025-12-13 21:00:00,91.040001
2025-12-13 21:15:00,75.699997
2025-12-13 21:30:00,70.57
2025-12-13 21:45:00,65.900002
2025-12-13 22:00:00,63.529999
2025-12-13 22:15:00,62.740002
2025-12-13 22:30:00,62.049999
2025-12-13 22:45:00,61.799999
2025-12-13 23:00:00,59.599998
2025-12-13 23:15:00,57.59
2025-12-13 23:30:00,54.830002
2025-12-13 23:45:00,53.25
2025-12-14 00:00:00,45.439999
2025-12-14 00:15:00,54.299999
2025-12-14 00:30:00,53.869999
2025-12-14 00:45:00,54.389999
2025-12-14 01:00:00,47.77
2025-12-14 01:15:00,48.610001
2025-12-14 01:30:00,48.220001
2025-12-14 01:45:00,47.84
2025-12-14 02:00:00,48.0
2025-12-14 02:15:00,47.639999
2025-12-14 02:30:00,47.259998
2025-12-14 02:45:00,48.25
2025-12-14 03:00:00,43.189999
2025-12-14 03:15:00,42.790001
2025-12-14 03:30:00,41.16
2025-12-14 03:45:00,39.0
2025-12-14 04:00:00,37.5
2025-12-14 04:15:00,35.389999
2025-12-14 04:30:00,33.16
2025-12-14 04:45:00,31.549999
2025-12-14 05:00:00,32.91
2025-12-14 05:15:00,31.049999
2025-12-14 05:30:00,29.01
2025-12-14 05:45:00,32.0
2025-12-14 06:00:00,30.870001
2025-12-14 06:15:00,30.700001
2025-12-14 06:30:00,29.280001
2025-12-14 06:45:00,29.26
2025-12-14 07:00:00,33.990002
2025-12-14 07:15:00,33.169998
2025-12-14 07:30:00,33.389999
2025-12-14 07:45:00,33.84
2025-12-14 08:00:00,34.560001
2025-12-14 08:15:00,34.619999
2025-12-14 08:30:00,35.450001
2025-12-14 08:45:00,35.490002
2025-12-14 09:00:00,35.290001
2025-12-14 09:15:00,35.799999
2025-12-14 09:30:00,35.900002
2025-12-14 09:45:00,36.209999
2025-12-14 10:00:00,35.849998
2025-12-14 10:15:00,37.380001
2025-12-14 10:30:00,37.740002
2025-12-14 10:45:00,37.43
2025-12-14 11:00:00,39.759998
2025-12-14 11:15:00,40.66
2025-12-14 11:30:00,39.82
2025-12-14 11:45:00,39.759998
2025-12-14 12:00:00,36.619999
2025-12-14 12:15:00,37.66
2025-12-14 12:30:00,36.57
2025-12-14 12:45:00,37.189999
2025-12-14 13:00:00,36.889999
2025-12-14 13:15:00,36.709999
2025-12-14 13:30:00,37.099998
2025-12-14 13:45:00,37.700001
2025-12-14 14:00:00,37.0
2025-12-14 14:15:00,37.669998
2025-12-14 14:30:00,38.240002
2025-12-14 14:45:00,38.509998
2025-12-14 15:00:00,37.84
2025-12-14 15:15:00,38.549999
2025-12-14 15:30:00,38.950001
2025-12-14 15:45:00,43.630001
2025-12-14 16:00:00,49.93
2025-12-14 16:15:00,50.599998
2025-12-14 16:30:00,51.09
2025-12-14 16:45:00,50.610001
2025-12-14 17:00:00,51.57
2025-12-14 17:15:00,51.509998
2025-12-14 17:30:00,50.82
2025-12-14 17:45:00,50.68
2025-12-14 18:00:00,50.790001
2025-12-14 18:15:00,50.470001
2025-12-14 18:30:00,50.080002
2025-12-14 18:45:00,52.029999
2025-12-14 19:00:00,46.560001
2025-12-14 19:15:00,49.16
2025-12-14 19:30:00,48.450001
2025-12-14 19:45:00,56.0
2025-12-14 20:00:00,39.700001
2025-12-14 20:15:00,47.209999
2025-12-14 20:30:00,46.880001
2025-12-14 20:45:00,44.360001
2025-12-14 21:00:00,50.09
2025-12-14 21:15:00,47.52
2025-12-14 21:30:00,47.27
2025-12-14 21:45:00,47.07
2025-12-14 22:00:00,46.779999
2025-12-14 22:15:00,46.290001
2025-12-14 22:30:00,45.580002
2025-12-14 22:45:00,43.669998
2025-12-14 23:00:00,45.93
2025-12-14 23:15:00,44.110001
2025-12-14 23:30:00,42.189999
2025-12-14 23:45:00,39.16
2025-12-15 00:00:00,28.9
2025-12-15 00:15:00,28.309999
2025-12-15 00:30:00,33.439999
2025-12-15 00:45:00,31.15
2025-12-15 01:00:00,34.060001
2025-12-15 01:15:00,32.080002
2025-12-15 01:30:00,30.92
2025-12-15 01:45:00,28.1
2025-12-15 02:00:00,31.209999
2025-12-15 02:15:00,30.049999
2025-12-15 02:30:00,28.75
2025-12-15 02:45:00,27.959999
2025-12-15 03:00:00,29.43
2025-12-15 03:15:00,27.9
2025-12-15 03:30:00,31.200001
2025-12-15 03:45:00,27.610001
2025-12-15 04:00:00,29.17
2025-12-15 04:15:00,30.65
2025-12-15 04:30:00,31.200001
2025-12-15 04:45:00,32.09
2025-12-15 05:00:00,30.799999
2025-12-15 05:15:00,33.080002
2025-12-15 05:30:00,36.18
2025-12-15 05:45:00,35.93
2025-12-15 06:00:00,48.919998
2025-12-15 06:15:00,44.400002
2025-12-15 06:30:00,41.34
2025-12-15 06:45:00,40.16
2025-12-15 07:00:00,55.669998
2025-12-15 07:15:00,58.099998
2025-12-15 07:30:00,58.099998
2025-12-15 07:45:00,57.889999
2025-12-15 08:00:00,69.230003
2025-12-15 08:15:00,67.989998
2025-12-15 08:30:00,66.870003
2025-12-15 08:45:00,63.810001
2025-12-15 09:00:00,67.019997
2025-12-15 09:15:00,67.230003
2025-12-15 09:30:00,68.900002
2025-12-15 09:45:00,69.449997
2025-12-15 10:00:00,70.68
2025-12-15 10:15:00,71.029999
2025-12-15 10:30:00,71.120003
2025-12-15 10:45:00,67.82
2025-12-15 11:00:00,75.089996
2025-12-15 11:15:00,74.800003
2025-12-15 11:30:00,75.309998
2025-12-15 11:45:00,75.059998
2025-12-15 12:00:00,74.769997
2025-12-15 12:15:00,74.599998
2025-12-15 12:30:00,77.099998
2025-12-15 12:45:00,77.480003
2025-12-15 13:00:00,79.790001
2025-12-15 13:15:00,79.489998
2025-12-15 13:30:00,80.029999
2025-12-15 13:45:00,80.580002
2025-12-15 14:00:00,79.419998
2025-12-15 14:15:00,85.449997
2025-12-15 14:30:00,91.550003
2025-12-15 14:45:00,91.589996
2025-12-15 15:00:00,88.5
2025-12-15 15:15:00,91.589996
2025-12-15 15:30:00,93.699997
2025-12-15 15:45:00,106.540001
2025-12-15 16:00:00,91.589996
2025-12-15 16:15:00,98.989998
2025-12-15 16:30:00,100.230003
2025-12-15 16:45:00,109.190002
2025-12-15 17:00:00,102.879997
2025-12-15 17:15:00,104.480003
2025-12-15 17:30:00,102.809998
2025-12-15 17:45:00,101.830002
2025-12-15 18:00:00,102.139999
2025-12-15 18:15:00,97.089996
2025-12-15 18:30:00,99.160004
2025-12-15 18:45:00,91.580002
2025-12-15 19:00:00,99.709999
2025-12-15 19:15:00,91.029999
2025-12-15 19:30:00,86.25
2025-12-15 19:45:00,82.339996
2025-12-15 20:00:00,91.559998
2025-12-15 20:15:00,86.269997
2025-12-15 20:30:00,78.290001
2025-12-15 20:45:00,75.370003
2025-12-15 21:00:00,79.760002
2025-12-15 21:15:00,80.139999
2025-12-15 21:30:00,80.389999
2025-12-15 21:45:00,78.919998
2025-12-15 22:00:00,77.379997
2025-12-15 22:15:00,76.080002
2025-12-15 22:30:00,74.900002
2025-12-15 22:45:00,74.900002
2025-12-15 23:00:00,79.489998
2025-12-15 23:15:00,79.089996
2025-12-15 23:30:00,72.510002
2025-12-15 23:45:00,70.199997
2025-12-16 00:00:00,80.910004
2025-12-16 00:15:00,83.07
2025-12-16 00:30:00,74.18
2025-12-16 00:45:00,72.790001
2025-12-16 01:00:00,81.160004
2025-12-16 01:15:00,77.699997
2025-12-16 01:30:00,77.0
2025-12-16 01:45:00,75.300003
2025-12-16 02:00:00,76.93
2025-12-16 02:15:00,75.32
2025-12-16 02:30:00,76.400002
2025-12-16 02:45:00,76.730003
2025-12-16 03:00:00,76.010002
2025-12-16 03:15:00,75.160004
2025-12-16 03:30:00,77.699997
2025-12-16 03:45:00,79.800003
2025-12-16 04:00:00,75.93
2025-12-16 04:15:00,80.879997
2025-12-16 04:30:00,77.980003
2025-12-16 04:45:00,80.400002
2025-12-16 05:00:00,77.190002
2025-12-16 05:15:00,77.970001
2025-12-16 05:30:00,80.040001
2025-12-16 05:45:00,86.410004
2025-12-16 06:00:00,80.18
2025-12-16 06:15:00,86.589996
2025-12-16 06:30:00,88.099998
2025-12-16 06:45:00,93.059998
2025-12-16 07:00:00,88.260002
2025-12-16 07:15:00,89.68
2025-12-16 07:30:00,90.099998
2025-12-16 07:45:00,91.580002
2025-12-16 08:00:00,99.809998
2025-12-16 08:15:00,103.779999
2025-12-16 08:30:00,103.650002
2025-12-16 08:45:00,92.43
2025-12-16 09:00:00,107.879997
2025-12-16 09:15:00,105.230003
2025-12-16 09:30:00,92.610001
2025-12-16 09:45:00,84.809998
2025-12-16 10:00:00,100.690002
2025-12-16 10:15:00,93.959999
2025-12-16 10:30:00,88.779999
2025-12-16 10:45:00,85.949997
2025-12-16 11:00:00,91.580002
2025-12-16 11:15:00,90.029999
2025-12-16 11:30:00,90.139999
2025-12-16 11:45:00,90.68
2025-12-16 12:00:00,89.720001
2025-12-16 12:15:00,87.919998
2025-12-16 12:30:00,91.32
2025-12-16 12:45:00,97.089996
2025-12-16 13:00:00,87.760002
2025-12-16 13:15:00,90.75
2025-12-16 13:30:00,98.93
2025-12-16 13:45:00,116.139999
2025-12-16 14:00:00,99.129997
2025-12-16 14:15:00,112.269997
2025-12-16 14:30:00,134.270004
2025-12-16 14:45:00,136.960007
2025-12-16 15:00:00,118.68
2025-12-16 15:15:00,134.929993
2025-12-16 15:30:00,142.179993
2025-12-16 15:45:00,151.449997
2025-12-16 16:00:00,137.779999
2025-12-16 16:15:00,139.830002
2025-12-16 16:30:00,159.570007
2025-12-16 16:45:00,174.210007
2025-12-16 17:00:00,156.529999
2025-12-16 17:15:00,166.990005
2025-12-16 17:30:00,163.830002
2025-12-16 17:45:00,156.259995
2025-12-16 18:00:00,147.860001
2025-12-16 18:15:00,140.479996
2025-12-16 18:30:00,138.220001
2025-12-16 18:45:00,136.860001
2025-12-16 19:00:00,147.279999
2025-12-16 19:15:00,140.410004
2025-12-16 19:30:00,131.699997
2025-12-16 19:45:00,128.990005
2025-12-16 20:00:00,130.080002
2025-12-16 20:15:00,136.800003
2025-12-16 20:30:00,120.860001
2025-12-16 20:45:00,117.050003
2025-12-16 21:00:00,130.080002
2025-12-16 21:15:00,120.93
2025-12-16 21:30:00,113.720001
2025-12-16 21:45:00,101.919998
2025-12-16 22:00:00,121.93
2025-12-16 22:15:00,113.349998
2025-12-16 22:30:00,110.459999
2025-12-16 22:45:00,103.339996
2025-12-16 23:00:00,110.949997
2025-12-16 23:15:00,103.68
2025-12-16 23:30:00,99.080002
2025-12-16 23:45:00,90.410004
2025-12-17 00:00:00,88.489998
2025-12-17 00:15:00,87.519997
2025-12-17 00:30:00,87.260002
2025-12-17 00:45:00,86.199997
2025-12-17 01:00:00,91.5
2025-12-17 01:15:00,88.370003
2025-12-17 01:30:00,86.029999
2025-12-17 01:45:00,85.410004
2025-12-17 02:00:00,86.440002
2025-12-17 02:15:00,83.989998
2025-12-17 02:30:00,84.830002
2025-12-17 02:45:00,84.860001
2025-12-17 03:00:00,82.5
2025-12-17 03:15:00,82.589996
2025-12-17 03:30:00,82.980003
2025-12-17 03:45:00,82.019997
2025-12-17 04:00:00,83.540001
2025-12-17 04:15:00,82.220001
2025-12-17 04:30:00,84.589996
2025-12-17 04:45:00,84.650002
2025-12-17 05:00:00,85.699997
2025-12-17 05:15:00,84.510002
2025-12-17 05:30:00,88.93
2025-12-17 05:45:00,91.519997
2025-12-17 06:00:00,76.709999
2025-12-17 06:15:00,85.099998
2025-12-17 06:30:00,95.239998
2025-12-17 06:45:00,115.669998
2025-12-17 07:00:00,86.32
2025-12-17 07:15:00,96.519997
2025-12-17 07:30:00,118.629997
2025-12-17 07:45:00,127.260002
2025-12-17 08:00:00,127.93
2025-12-17 08:15:00,135.910004
2025-12-17 08:30:00,134.440002
2025-12-17 08:45:00,130.139999
2025-12-17 09:00:00,131.690002
2025-12-17 09:15:00,132.199997
2025-12-17 09:30:00,121.449997
2025-12-17 09:45:00,113.43
2025-12-17 10:00:00,132.729996
2025-12-17 10:15:00,123.650002
2025-12-17 10:30:00,118.349998
2025-12-17 10:45:00,112.419998
2025-12-17 11:00:00,122.449997
2025-12-17 11:15:00,116.099998
2025-12-17 11:30:00,113.129997
2025-12-17 11:45:00,109.519997
2025-12-17 12:00:00,109.660004
2025-12-17 12:15:00,108.339996
2025-12-17 12:30:00,113.0
2025-12-17 12:45:00,116.580002
2025-12-17 13:00:00,114.879997
2025-12-17 13:15:00,117.800003
2025-12-17 13:30:00,125.209999
2025-12-17 13:45:00,125.949997
2025-12-17 14:00:00,119.400002
2025-12-17 14:15:00,121.660004
2025-12-17 14:30:00,129.0
2025-12-17 14:45:00,148.570007
2025-12-17 15:00:00,116.919998
2025-12-17 15:15:00,124.980003
2025-12-17 15:30:00,133.289993
2025-12-17 15:45:00,134.820007
2025-12-17 16:00:00,121.610001
2025-12-17 16:15:00,125.559998
2025-12-17 16:30:00,128.630005
2025-12-17 16:45:00,130.190002
2025-12-17 17:00:00,129.910004
2025-12-17 17:15:00,126.370003
2025-12-17 17:30:00,121.82
2025-12-17 17:45:00,110.870003
2025-12-17 18:00:00,131.399994
2025-12-17 18:15:00,118.559998
2025-12-17 18:30:00,104.779999
2025-12-17 18:45:00,90.860001
2025-12-17 19:00:00,114.239998
2025-12-17 19:15:00,95.629997
2025-12-17 19:30:00,92.980003
2025-12-17 19:45:00,87.169998
2025-12-17 20:00:00,110.989998
2025-12-17 20:15:00,91.57
2025-12-17 20:30:00,83.639999
2025-12-17 20:45:00,83.400002
2025-12-17 21:00:00,98.730003
2025-12-17 21:15:00,89.739998
2025-12-17 21:30:00,82.410004
2025-12-17 21:45:00,79.470001
2025-12-17 22:00:00,84.529999
2025-12-17 22:15:00,82.089996
2025-12-17 22:30:00,80.150002
2025-12-17 22:45:00,76.699997
2025-12-17 23:00:00,82.489998
2025-12-17 23:15:00,78.18
2025-12-17 23:30:00,72.940002
2025-12-17 23:45:00,66.379997
2025-12-18 00:00:00,71.690002
2025-12-18 00:15:00,73.059998
2025-12-18 00:30:00,69.059998
2025-12-18 00:45:00,64.190002
2025-12-18 01:00:00,64.870003
2025-12-18 01:15:00,65.779999
2025-12-18 01:30:00,61.41
2025-12-18 01:45:00,52.450001
2025-12-18 02:00:00,56.549999
2025-12-18 02:15:00,53.5
2025-12-18 02:30:00,52.970001
2025-12-18 02:45:00,51.790001
2025-12-18 03:00:00,49.66
2025-12-18 03:15:00,44.759998
2025-12-18 03:30:00,38.09
2025-12-18 03:45:00,34.52
2025-12-18 04:00:00,32.16
2025-12-18 04:15:00,30.120001
2025-12-18 04:30:00,29.309999
2025-12-18 04:45:00,29.59
2025-12-18 05:00:00,21.43
2025-12-18 05:15:00,26.5
2025-12-18 05:30:00,30.280001
2025-12-18 05:45:00,31.790001
2025-12-18 06:00:00,39.049999
2025-12-18 06:15:00,45.98
2025-12-18 06:30:00,48.740002
2025-12-18 06:45:00,47.41
2025-12-18 07:00:00,60.369999
2025-12-18 07:15:00,59.41
2025-12-18 07:30:00,56.740002
2025-12-18 07:45:00,54.299999
2025-12-18 08:00:00,63.369999
2025-12-18 08:15:00,60.419998
2025-12-18 08:30:00,60.200001
2025-12-18 08:45:00,61.57
2025-12-18 09:00:00,62.220001
2025-12-18 09:15:00,62.330002
2025-12-18 09:30:00,62.740002
2025-12-18 09:45:00,61.290001
2025-12-18 10:00:00,61.299999
2025-12-18 10:15:00,60.240002
2025-12-18 10:30:00,59.959999
2025-12-18 10:45:00,59.700001
2025-12-18 11:00:00,60.790001
2025-12-18 11:15:00,60.389999
2025-12-18 11:30:00,60.290001
2025-12-18 11:45:00,59.91
2025-12-18 12:00:00,60.790001
2025-12-18 12:15:00,61.380001
2025-12-18 12:30:00,61.41
2025-12-18 12:45:00,62.009998
2025-12-18 13:00:00,64.660004
2025-12-18 13:15:00,65.0
2025-12-18 13:30:00,65.489998
2025-12-18 13:45:00,65.599998
2025-12-18 14:00:00,67.07
2025-12-18 14:15:00,72.75
2025-12-18 14:30:00,76.059998
2025-12-18 14:45:00,77.199997
2025-12-18 15:00:00,77.559998
2025-12-18 15:15:00,78.419998
2025-12-18 15:30:00,80.099998
2025-12-18 15:45:00,81.400002
2025-12-18 16:00:00,81.290001
2025-12-18 16:15:00,82.160004
2025-12-18 16:30:00,82.760002
2025-12-18 16:45:00,83.440002
2025-12-18 17:00:00,85.410004
2025-12-18 17:15:00,86.099998
2025-12-18 17:30:00,84.589996
2025-12-18 17:45:00,83.900002
2025-12-18 18:00:00,80.199997
2025-12-18 18:15:00,80.5
2025-12-18 18:30:00,79.470001
2025-12-18 18:45:00,77.43
2025-12-18 19:00:00,74.32
2025-12-18 19:15:00,73.5
2025-12-18 19:30:00,69.519997
2025-12-18 19:45:00,62.349998
2025-12-18 20:00:00,72.07
2025-12-18 20:15:00,69.360001
2025-12-18 20:30:00,61.169998
2025-12-18 20:45:00,50.720001
2025-12-18 21:00:00,60.02
2025-12-18 21:15:00,58.799999
2025-12-18 21:30:00,50.23
2025-12-18 21:45:00,43.970001
2025-12-18 22:00:00,57.040001
2025-12-18 22:15:00,50.860001
2025-12-18 22:30:00,49.009998
2025-12-18 22:45:00,37.209999
2025-12-18 23:00:00,30.01
2025-12-18 23:15:00,19.799999
2025-12-18 23:30:00,14.46
2025-12-18 23:45:00,7.08
2025-12-19 00:00:00,12.77
2025-12-19 00:15:00,10.35
2025-12-19 00:30:00,9.24
2025-12-19 00:45:00,7.0
2025-12-19 01:00:00,8.1
2025-12-19 01:15:00,5.89
2025-12-19 01:30:00,5.05
2025-12-19 01:45:00,4.39
2025-12-19 02:00:00,4.35
2025-12-19 02:15:00,4.32
2025-12-19 02:30:00,4.33
2025-12-19 02:45:00,4.32
2025-12-19 03:00:00,3.69
2025-12-19 03:15:00,3.47
2025-12-19 03:30:00,3.28
2025-12-19 03:45:00,3.62
2025-12-19 04:00:00,3.4
2025-12-19 04:15:00,4.01
2025-12-19 04:30:00,4.32
2025-12-19 04:45:00,4.4
2025-12-19 05:00:00,4.58
2025-12-19 05:15:00,6.68
2025-12-19 05:30:00,8.14
2025-12-19 05:45:00,17.33
2025-12-19 06:00:00,14.43
2025-12-19 06:15:00,31.43
2025-12-19 06:30:00,37.799999
2025-12-19 06:45:00,41.5
2025-12-19 07:00:00,48.709999
2025-12-19 07:15:00,50.900002
2025-12-19 07:30:00,52.740002
2025-12-19 07:45:00,49.939999
2025-12-19 08:00:00,62.330002
2025-12-19 08:15:00,58.880001
2025-12-19 08:30:00,59.43
2025-12-19 08:45:00,58.0
2025-12-19 09:00:00,63.27
2025-12-19 09:15:00,61.490002
2025-12-19 09:30:00,61.84
2025-12-19 09:45:00,62.099998
2025-12-19 10:00:00,62.709999
2025-12-19 10:15:00,62.970001
2025-12-19 10:30:00,63.220001
2025-12-19 10:45:00,62.240002
2025-12-19 11:00:00,63.200001
2025-12-19 11:15:00,63.259998
2025-12-19 11:30:00,63.400002
2025-12-19 11:45:00,63.18
2025-12-19 12:00:00,61.98
2025-12-19 12:15:00,61.869999
2025-12-19 12:30:00,61.869999
2025-12-19 12:45:00,61.91
2025-12-19 13:00:00,61.259998
2025-12-19 13:15:00,61.220001
2025-12-19 13:30:00,61.450001
2025-12-19 13:45:00,61.669998
2025-12-19 14:00:00,61.669998
2025-12-19 14:15:00,62.0
2025-12-19 14:30:00,63.66
2025-12-19 14:45:00,64.220001
2025-12-19 15:00:00,67.169998
2025-12-19 15:15:00,73.190002
2025-12-19 15:30:00,75.389999
2025-12-19 15:45:00,78.690002
2025-12-19 16:00:00,80.889999
2025-12-19 16:15:00,81.889999
2025-12-19 16:30:00,80.400002
2025-12-19 16:45:00,79.5
2025-12-19 17:00:00,83.290001
2025-12-19 17:15:00,81.599998
2025-12-19 17:30:00,80.339996
2025-12-19 17:45:00,80.150002
2025-12-19 18:00:00,78.400002
2025-12-19 18:15:00,75.0
2025-12-19 18:30:00,75.190002
2025-12-19 18:45:00,66.120003
2025-12-19 19:00:00,58.0
2025-12-19 19:15:00,50.009998
2025-12-19 19:30:00,49.41
2025-12-19 19:45:00,51.169998
2025-12-19 20:00:00,54.919998
2025-12-19 20:15:00,55.470001
2025-12-19 20:30:00,56.169998
2025-12-19 20:45:00,53.290001
2025-12-19 21:00:00,52.799999
2025-12-19 21:15:00,50.68
2025-12-19 21:30:00,51.68
2025-12-19 21:45:00,52.189999
2025-12-19 22:00:00,49.200001
2025-12-19 22:15:00,51.549999
2025-12-19 22:30:00,52.09
2025-12-19 22:45:00,50.599998
2025-12-19 23:00:00,58.599998
2025-12-19 23:15:00,57.880001
2025-12-19 23:30:00,57.380001
2025-12-19 23:45:00,56.759998
2025-12-20 00:00:00,72.599998
2025-12-20 00:15:00,69.910004
2025-12-20 00:30:00,63.700001
2025-12-20 00:45:00,63.400002
2025-12-20 01:00:00,63.259998
2025-12-20 01:15:00,65.699997
2025-12-20 01:30:00,68.599998
2025-12-20 01:45:00,71.669998
2025-12-20 02:00:00,66.900002
2025-12-20 02:15:00,75.040001
2025-12-20 02:30:00,78.599998
2025-12-20 02:45:00,78.589996
2025-12-20 03:00:00,69.779999
2025-12-20 03:15:00,78.040001
2025-12-20 03:30:00,82.589996
2025-12-20 03:45:00,85.199997
2025-12-20 04:00:00,76.209999
2025-12-20 04:15:00,81.0
2025-12-20 04:30:00,83.800003
2025-12-20 04:45:00,87.129997
2025-12-20 05:00:00,74.699997
2025-12-20 05:15:00,81.989998
2025-12-20 05:30:00,85.07
2025-12-20 05:45:00,90.75
2025-12-20 06:00:00,72.529999
2025-12-20 06:15:00,81.779999
2025-12-20 06:30:00,90.769997
2025-12-20 06:45:00,96.739998
2025-12-20 07:00:00,90.730003
2025-12-20 07:15:00,92.050003
2025-12-20 07:30:00,100.059998
2025-12-20 07:45:00,104.300003
2025-12-20 08:00:00,90.699997
2025-12-20 08:15:00,104.419998
2025-12-20 08:30:00,110.080002
2025-12-20 08:45:00,112.25
2025-12-20 09:00:00,110.239998
2025-12-20 09:15:00,111.400002
2025-12-20 09:30:00,109.080002
2025-12-20 09:45:00,107.400002
2025-12-20 10:00:00,109.129997
2025-12-20 10:15:00,109.410004
2025-12-20 10:30:00,106.440002
2025-12-20 10:45:00,102.599998
2025-12-20 11:00:00,106.760002
2025-12-20 11:15:00,103.779999
2025-12-20 11:30:00,103.82
2025-12-20 11:45:00,101.650002
2025-12-20 12:00:00,101.900002
2025-12-20 12:15:00,100.519997
2025-12-20 12:30:00,105.18
2025-12-20 12:45:00,104.790001
2025-12-20 13:00:00,101.089996
2025-12-20 13:15:00,102.32
2025-12-20 13:30:00,107.480003
2025-12-20 13:45:00,109.75
2025-12-20 14:00:00,109.550003
2025-12-20 14:15:00,113.809998
2025-12-20 14:30:00,112.839996
2025-12-20 14:45:00,112.720001
2025-12-20 15:00:00,109.629997
2025-12-20 15:15:00,111.160004
2025-12-20 15:30:00,114.059998
2025-12-20 15:45:00,119.93
2025-12-20 16:00:00,108.050003
2025-12-20 16:15:00,114.519997
2025-12-20 16:30:00,115.120003
2025-12-20 16:45:00,120.440002
2025-12-20 17:00:00,120.93
2025-12-20 17:15:00,117.32
2025-12-20 17:30:00,115.879997
2025-12-20 17:45:00,115.32
2025-12-20 18:00:00,122.449997
2025-12-20 18:15:00,115.18
2025-12-20 18:30:00,109.099998
2025-12-20 18:45:00,106.129997
2025-12-20 19:00:00,113.480003
2025-12-20 19:15:00,104.489998
2025-12-20 19:30:00,103.379997
2025-12-20 19:45:00,95.089996
2025-12-20 20:00:00,104.080002
2025-12-20 20:15:00,96.550003
2025-12-20 20:30:00,95.040001
2025-12-20 20:45:00,89.860001
2025-12-20 21:00:00,95.029999
2025-12-20 21:15:00,91.540001
2025-12-20 21:30:00,94.5
2025-12-20 21:45:00,90.970001
2025-12-20 22:00:00,101.529999
2025-12-20 22:15:00,90.730003
2025-12-20 22:30:00,86.010002
2025-12-20 22:45:00,90.709999
2025-12-20 23:00:00,104.360001
2025-12-20 23:15:00,90.860001
2025-12-20 23:30:00,84.5
2025-12-20 23:45:00,82.970001
2025-12-21 00:00:00,103.919998
2025-12-21 00:15:00,98.0
2025-12-21 00:30:00,93.129997
2025-12-21 00:45:00,87.75
2025-12-21 01:00:00,98.989998
2025-12-21 01:15:00,90.050003
2025-12-21 01:30:00,86.139999
2025-12-21 01:45:00,85.0
2025-12-21 02:00:00,90.75
2025-12-21 02:15:00,86.559998
2025-12-21 02:30:00,85.690002
2025-12-21 02:45:00,82.940002
2025-12-21 03:00:00,85.730003
2025-12-21 03:15:00,86.410004
2025-12-21 03:30:00,85.510002
2025-12-21 03:45:00,83.93
2025-12-21 04:00:00,85.540001
2025-12-21 04:15:00,84.290001
2025-12-21 04:30:00,87.029999
2025-12-21 04:45:00,85.650002
2025-12-21 05:00:00,87.230003
2025-12-21 05:15:00,79.25
2025-12-21 05:30:00,80.099998
2025-12-21 05:45:00,80.059998
2025-12-21 06:00:00,78.519997
2025-12-21 06:15:00,80.589996
2025-12-21 06:30:00,81.629997
2025-12-21 06:45:00,86.910004
2025-12-21 07:00:00,81.919998
2025-12-21 07:15:00,88.529999
2025-12-21 07:30:00,90.720001
2025-12-21 07:45:00,93.809998
2025-12-21 08:00:00,93.610001
2025-12-21 08:15:00,96.550003
2025-12-21 08:30:00,97.290001
2025-12-21 08:45:00,98.18
2025-12-21 09:00:00,100.459999
2025-12-21 09:15:00,103.199997
2025-12-21 09:30:00,104.230003
2025-12-21 09:45:00,98.18
2025-12-21 10:00:00,111.830002
2025-12-21 10:15:00,105.540001
2025-12-21 10:30:00,99.370003
2025-12-21 10:45:00,93.589996
2025-12-21 11:00:00,104.580002
2025-12-21 11:15:00,103.519997
2025-12-21 11:30:00,99.290001
2025-12-21 11:45:00,97.809998
2025-12-21 12:00:00,101.949997
2025-12-21 12:15:00,98.059998
2025-12-21 12:30:00,97.470001
2025-12-21 12:45:00,96.449997
2025-12-21 13:00:00,99.32
2025-12-21 13:15:00,96.870003
2025-12-21 13:30:00,92.860001
2025-12-21 13:45:00,90.419998
2025-12-21 14:00:00,94.389999
2025-12-21 14:15:00,96.150002
2025-12-21 14:30:00,101.07
2025-12-21 14:45:00,103.959999
2025-12-21 15:00:00,94.029999
2025-12-21 15:15:00,103.080002
2025-12-21 15:30:00,102.629997
2025-12-21 15:45:00,103.739998
2025-12-21 16:00:00,91.639999
2025-12-21 16:15:00,100.110001
2025-12-21 16:30:00,98.559998
2025-12-21 16:45:00,99.75
2025-12-21 17:00:00,102.099998
2025-12-21 17:15:00,99.940002
2025-12-21 17:30:00,95.529999
2025-12-21 17:45:00,90.699997
2025-12-21 18:00:00,100.830002
2025-12-21 18:15:00,90.75
2025-12-21 18:30:00,86.029999
2025-12-21 18:45:00,85.57
2025-12-21 19:00:00,86.029999
2025-12-21 19:15:00,85.849998
2025-12-21 19:30:00,84.18
2025-12-21 19:45:00,83.940002
2025-12-21 20:00:00,84.800003
2025-12-21 20:15:00,82.279999
2025-12-21 20:30:00,80.610001
2025-12-21 20:45:00,78.93
2025-12-21 21:00:00,82.660004
2025-12-21 21:15:00,77.699997
2025-12-21 21:30:00,78.050003
2025-12-21 21:45:00,72.900002
2025-12-21 22:00:00,81.709999
2025-12-21 22:15:00,77.010002
2025-12-21 22:30:00,75.449997
2025-12-21 22:45:00,70.580002
2025-12-21 23:00:00,78.029999
2025-12-21 23:15:00,72.290001
2025-12-21 23:30:00,69.169998
2025-12-21 23:45:00,64.129997
2025-12-22 00:00:00,72.5
2025-12-22 00:15:00,70.489998
2025-12-22 00:30:00,69.349998
2025-12-22 00:45:00,68.57
2025-12-22 01:00:00,71.269997
2025-12-22 01:15:00,68.330002
2025-12-22 01:30:00,68.669998
2025-12-22 01:45:00,67.029999
2025-12-22 02:00:00,69.220001
2025-12-22 02:15:00,67.470001
2025-12-22 02:30:00,67.230003
2025-12-22 02:45:00,67.220001
2025-12-22 03:00:00,65.889999
2025-12-22 03:15:00,65.870003
2025-12-22 03:30:00,66.309998
2025-12-22 03:45:00,67.010002
2025-12-22 04:00:00,64.75
2025-12-22 04:15:00,65.43
2025-12-22 04:30:00,65.220001
2025-12-22 04:45:00,66.529999
2025-12-22 05:00:00,65.559998
2025-12-22 05:15:00,66.459999
2025-12-22 05:30:00,71.110001
2025-12-22 05:45:00,70.449997
2025-12-22 06:00:00,67.919998
2025-12-22 06:15:00,72.480003
2025-12-22 06:30:00,75.300003
2025-12-22 06:45:00,73.510002
2025-12-22 07:00:00,79.220001
2025-12-22 07:15:00,80.870003
2025-12-22 07:30:00,81.510002
2025-12-22 07:45:00,89.68
2025-12-22 08:00:00,81.110001
2025-12-22 08:15:00,84.18
2025-12-22 08:30:00,86.809998
2025-12-22 08:45:00,86.559998
2025-12-22 09:00:00,92.230003
2025-12-22 09:15:00,90.660004
2025-12-22 09:30:00,89.660004
2025-12-22 09:45:00,89.029999
2025-12-22 10:00:00,101.089996
2025-12-22 10:15:00,90.699997
2025-12-22 10:30:00,86.169998
2025-12-22 10:45:00,77.699997
2025-12-22 11:00:00,86.139999
2025-12-22 11:15:00,82.360001
2025-12-22 11:30:00,84.959999
2025-12-22 11:45:00,86.190002
2025-12-22 12:00:00,87.639999
2025-12-22 12:15:00,84.129997
2025-12-22 12:30:00,86.879997
2025-12-22 12:45:00,86.629997
2025-12-22 13:00:00,90.0
2025-12-22 13:15:00,88.32
2025-12-22 13:30:00,87.139999
2025-12-22 13:45:00,88.5
2025-12-22 14:00:00,91.07
2025-12-22 14:15:00,91.82
2025-12-22 14:30:00,91.769997
2025-12-22 14:45:00,93.309998
2025-12-22 15:00:00,90.790001
2025-12-22 15:15:00,93.940002
2025-12-22 15:30:00,93.529999
2025-12-22 15:45:00,101.739998
2025-12-22 16:00:00,92.940002
2025-12-22 16:15:00,100.25
2025-12-22 16:30:00,102.230003
2025-12-22 16:45:00,104.610001
2025-12-22 17:00:00,104.800003
2025-12-22 17:15:00,107.18
2025-12-22 17:30:00,108.0
2025-12-22 17:45:00,106.07
2025-12-22 18:00:00,104.309998
2025-12-22 18:15:00,102.099998
2025-12-22 18:30:00,98.730003
2025-12-22 18:45:00,98.459999
2025-12-22 19:00:00,94.949997
2025-12-22 19:15:00,95.040001
2025-12-22 19:30:00,93.07
2025-12-22 19:45:00,92.099998
2025-12-22 20:00:00,90.739998
2025-12-22 20:15:00,90.709999
2025-12-22 20:30:00,82.82
2025-12-22 20:45:00,75.559998
2025-12-22 21:00:00,85.599998
2025-12-22 21:15:00,77.07
2025-12-22 21:30:00,75.230003
2025-12-22 21:45:00,74.980003
2025-12-22 22:00:00,77.879997
2025-12-22 22:15:00,74.839996
2025-12-22 22:30:00,74.110001
2025-12-22 22:45:00,72.269997
2025-12-22 23:00:00,71.830002
2025-12-22 23:15:00,70.809998
2025-12-22 23:30:00,68.870003
2025-12-22 23:45:00,67.559998
2025-12-23 00:00:00,73.0
2025-12-23 00:15:00,69.940002
2025-12-23 00:30:00,71.0
2025-12-23 00:45:00,64.199997
2025-12-23 01:00:00,66.599998
2025-12-23 01:15:00,64.709999
2025-12-23 01:30:00,64.879997
2025-12-23 01:45:00,63.939999
2025-12-23 02:00:00,64.099998
2025-12-23 02:15:00,62.060001
2025-12-23 02:30:00,60.990002
2025-12-23 02:45:00,60.869999
2025-12-23 03:00:00,59.529999
2025-12-23 03:15:00,59.59
2025-12-23 03:30:00,59.580002
2025-12-23 03:45:00,57.540001
2025-12-23 04:00:00,58.369999
2025-12-23 04:15:00,58.119999
2025-12-23 04:30:00,58.130001
2025-12-23 04:45:00,57.830002
2025-12-23 05:00:00,58.209999
2025-12-23 05:15:00,58.139999
2025-12-23 05:30:00,58.93
2025-12-23 05:45:00,58.959999
2025-12-23 06:00:00,63.59
2025-12-23 06:15:00,64.339996
2025-12-23 06:30:00,70.75
2025-12-23 06:45:00,72.709999
2025-12-23 07:00:00,72.080002
2025-12-23 07:15:00,75.910004
2025-12-23 07:30:00,79.379997
2025-12-23 07:45:00,82.18
2025-12-23 08:00:00,79.199997
2025-12-23 08:15:00,83.870003
2025-12-23 08:30:00,84.010002
2025-12-23 08:45:00,85.269997
2025-12-23 09:00:00,85.379997
2025-12-23 09:15:00,86.190002
2025-12-23 09:30:00,86.779999
2025-12-23 09:45:00,83.510002
2025-12-23 10:00:00,84.82
2025-12-23 10:15:00,86.449997
2025-12-23 10:30:00,84.080002
2025-12-23 10:45:00,80.0
2025-12-23 11:00:00,86.110001
2025-12-23 11:15:00,82.459999
2025-12-23 11:30:00,80.599998
2025-12-23 11:45:00,78.300003
2025-12-23 12:00:00,83.330002
2025-12-23 12:15:00,79.900002
2025-12-23 12:30:00,80.120003
2025-12-23 12:45:00,78.589996
2025-12-23 13:00:00,80.860001
2025-12-23 13:15:00,79.0
2025-12-23 13:30:00,78.25
2025-12-23 13:45:00,78.739998
2025-12-23 14:00:00,76.589996
2025-12-23 14:15:00,78.349998
2025-12-23 14:30:00,80.540001
2025-12-23 14:45:00,81.379997
2025-12-23 15:00:00,76.150002
2025-12-23 15:15:00,80.599998
2025-12-23 15:30:00,84.300003
2025-12-23 15:45:00,86.260002
2025-12-23 16:00:00,81.809998
2025-12-23 16:15:00,79.75
2025-12-23 16:30:00,84.589996
2025-12-23 16:45:00,88.599998
2025-12-23 17:00:00,80.07
2025-12-23 17:15:00,80.589996
2025-12-23 17:30:00,84.489998
2025-12-23 17:45:00,84.720001
2025-12-23 18:00:00,84.110001
2025-12-23 18:15:00,82.32
2025-12-23 18:30:00,84.989998
2025-12-23 18:45:00,84.360001
2025-12-23 19:00:00,83.370003
2025-12-23 19:15:00,82.660004
2025-12-23 19:30:00,82.080002
2025-12-23 19:45:00,81.75
2025-12-23 20:00:00,86.599998
2025-12-23 20:15:00,83.099998
2025-12-23 20:30:00,74.18
2025-12-23 20:45:00,68.139999
2025-12-23 21:00:00,76.690002
2025-12-23 21:15:00,73.839996
2025-12-23 21:30:00,68.150002
2025-12-23 21:45:00,61.040001
2025-12-23 22:00:00,77.360001
2025-12-23 22:15:00,70.830002
2025-12-23 22:30:00,72.5
2025-12-23 22:45:00,66.650002
2025-12-23 23:00:00,71.559998
2025-12-23 23:15:00,63.889999
2025-12-23 23:30:00,63.57
2025-12-23 23:45:00,57.349998
2025-12-24 00:00:00,66.410004
2025-12-24 00:15:00,66.209999
2025-12-24 00:30:00,56.849998
2025-12-24 00:45:00,51.52
2025-12-24 01:00:00,58.470001
2025-12-24 01:15:00,55.700001
2025-12-24 01:30:00,54.169998
2025-12-24 01:45:00,55.110001
2025-12-24 02:00:00,56.84
2025-12-24 02:15:00,57.540001
2025-12-24 02:30:00,57.98
2025-12-24 02:45:00,57.419998
2025-12-24 03:00:00,57.619999
2025-12-24 03:15:00,56.740002
2025-12-24 03:30:00,56.68
2025-12-24 03:45:00,55.400002
2025-12-24 04:00:00,55.639999
2025-12-24 04:15:00,56.16
2025-12-24 04:30:00,55.84
2025-12-24 04:45:00,55.75
2025-12-24 05:00:00,56.490002
2025-12-24 05:15:00,53.099998
2025-12-24 05:30:00,56.5
2025-12-24 05:45:00,57.310001
2025-12-24 06:00:00,54.299999
2025-12-24 06:15:00,54.389999
2025-12-24 06:30:00,59.73
2025-12-24 06:45:00,60.439999
2025-12-24 07:00:00,59.240002
2025-12-24 07:15:00,66.760002
2025-12-24 07:30:00,67.470001
2025-12-24 07:45:00,76.309998
2025-12-24 08:00:00,74.889999
2025-12-24 08:15:00,75.010002
2025-12-24 08:30:00,85.540001
2025-12-24 08:45:00,88.559998
2025-12-24 09:00:00,89.370003
2025-12-24 09:15:00,84.949997
2025-12-24 09:30:00,80.959999
2025-12-24 09:45:00,74.599998
2025-12-24 10:00:00,80.220001
2025-12-24 10:15:00,75.900002
2025-12-24 10:30:00,75.080002
2025-12-24 10:45:00,72.889999
2025-12-24 11:00:00,71.470001
2025-12-24 11:15:00,69.709999
2025-12-24 11:30:00,68.5
2025-12-24 11:45:00,67.470001
2025-12-24 12:00:00,69.919998
2025-12-24 12:15:00,68.75
2025-12-24 12:30:00,68.230003
2025-12-24 12:45:00,67.239998
2025-12-24 13:00:00,67.260002
2025-12-24 13:15:00,67.260002
2025-12-24 13:30:00,68.360001
2025-12-24 13:45:00,69.160004
2025-12-24 14:00:00,69.239998
2025-12-24 14:15:00,70.68
2025-12-24 14:30:00,73.910004
2025-12-24 14:45:00,81.199997
2025-12-24 15:00:00,72.629997
2025-12-24 15:15:00,87.510002
2025-12-24 15:30:00,86.830002
2025-12-24 15:45:00,85.239998
2025-12-24 16:00:00,83.230003
2025-12-24 16:15:00,88.82
2025-12-24 16:30:00,90.739998
2025-12-24 16:45:00,88.809998
2025-12-24 17:00:00,90.050003
2025-12-24 17:15:00,89.660004
2025-12-24 17:30:00,90.099998
2025-12-24 17:45:00,87.709999
2025-12-24 18:00:00,88.82
2025-12-24 18:15:00,76.360001
2025-12-24 18:30:00,77.160004
2025-12-24 18:45:00,73.290001
2025-12-24 19:00:00,73.860001
2025-12-24 19:15:00,72.290001
2025-12-24 19:30:00,71.75
2025-12-24 19:45:00,69.190002
2025-12-24 20:00:00,71.18
2025-12-24 20:15:00,69.489998
2025-12-24 20:30:00,68.010002
2025-12-24 20:45:00,63.950001
2025-12-24 21:00:00,71.129997
2025-12-24 21:15:00,67.489998
2025-12-24 21:30:00,67.550003
2025-12-24 21:45:00,65.779999
2025-12-24 22:00:00,71.809998
2025-12-24 22:15:00,69.309998
2025-12-24 22:30:00,68.599998
2025-12-24 22:45:00,66.309998
2025-12-24 23:00:00,70.300003
2025-12-24 23:15:00,70.849998
2025-12-24 23:30:00,64.949997
2025-12-24 23:45:00,54.549999
2025-12-25 00:00:00,66.139999
2025-12-25 00:15:00,61.290001
2025-12-25 00:30:00,61.360001
2025-12-25 00:45:00,64.089996
2025-12-25 01:00:00,60.029999
2025-12-25 01:15:00,59.0
2025-12-25 01:30:00,57.450001
2025-12-25 01:45:00,57.290001
2025-12-25 02:00:00,57.860001
2025-12-25 02:15:00,56.630001
2025-12-25 02:30:00,56.639999
2025-12-25 02:45:00,56.299999
2025-12-25 03:00:00,56.939999
2025-12-25 03:15:00,55.869999
2025-12-25 03:30:00,55.540001
2025-12-25 03:45:00,55.029999
2025-12-25 04:00:00,54.669998
2025-12-25 04:15:00,54.330002
2025-12-25 04:30:00,54.57
2025-12-25 04:45:00,54.549999
2025-12-25 05:00:00,53.889999
2025-12-25 05:15:00,53.990002
2025-12-25 05:30:00,50.919998
2025-12-25 05:45:00,51.619999
2025-12-25 06:00:00,47.490002
2025-12-25 06:15:00,51.02
2025-12-25 06:30:00,51.0
2025-12-25 06:45:00,47.150002
2025-12-25 07:00:00,46.549999
2025-12-25 07:15:00,50.990002
2025-12-25 07:30:00,58.130001
2025-12-25 07:45:00,60.439999
2025-12-25 08:00:00,64.0
2025-12-25 08:15:00,64.43
2025-12-25 08:30:00,67.489998
2025-12-25 08:45:00,60.900002
2025-12-25 09:00:00,67.599998
2025-12-25 09:15:00,65.449997
2025-12-25 09:30:00,64.080002
2025-12-25 09:45:00,61.700001
2025-12-25 10:00:00,58.07
2025-12-25 10:15:00,53.549999
2025-12-25 10:30:00,49.459999
2025-12-25 10:45:00,53.98
2025-12-25 11:00:00,51.73
2025-12-25 11:15:00,49.400002
2025-12-25 11:30:00,48.709999
2025-12-25 11:45:00,51.0
2025-12-25 12:00:00,54.849998
2025-12-25 12:15:00,50.009998
2025-12-25 12:30:00,45.040001
2025-12-25 12:45:00,44.049999
2025-12-25 13:00:00,42.150002
2025-12-25 13:15:00,42.549999
2025-12-25 13:30:00,47.02
2025-12-25 13:45:00,59.740002
2025-12-25 14:00:00,51.790001
2025-12-25 14:15:00,66.389999
2025-12-25 14:30:00,71.540001
2025-12-25 14:45:00,84.470001
2025-12-25 15:00:00,74.940002
2025-12-25 15:15:00,83.889999
2025-12-25 15:30:00,97.889999
2025-12-25 15:45:00,100.940002
2025-12-25 16:00:00,89.959999
2025-12-25 16:15:00,85.110001
2025-12-25 16:30:00,96.940002
2025-12-25 16:45:00,96.93
2025-12-25 17:00:00,88.019997
2025-12-25 17:15:00,94.110001
2025-12-25 17:30:00,96.910004
2025-12-25 17:45:00,96.980003
2025-12-25 18:00:00,95.150002
2025-12-25 18:15:00,94.919998
2025-12-25 18:30:00,93.919998
2025-12-25 18:45:00,92.230003
2025-12-25 19:00:00,92.029999
2025-12-25 19:15:00,91.790001
2025-12-25 19:30:00,90.709999
2025-12-25 19:45:00,92.330002
2025-12-25 20:00:00,95.690002
2025-12-25 20:15:00,96.370003
2025-12-25 20:30:00,87.550003
2025-12-25 20:45:00,84.519997
2025-12-25 21:00:00,89.709999
2025-12-25 21:15:00,96.150002
2025-12-25 21:30:00,94.519997
2025-12-25 21:45:00,90.419998
2025-12-25 22:00:00,97.650002
2025-12-25 22:15:00,96.980003
2025-12-25 22:30:00,96.919998
2025-12-25 22:45:00,93.059998
2025-12-25 23:00:00,95.849998
2025-12-25 23:15:00,91.489998
2025-12-25 23:30:00,90.529999
2025-12-25 23:45:00,88.010002
2025-12-26 00:00:00,106.449997
2025-12-26 00:15:00,99.959999
2025-12-26 00:30:00,91.459999
2025-12-26 00:45:00,90.529999
2025-12-26 01:00:00,95.660004
2025-12-26 01:15:00,91.349998
2025-12-26 01:30:00,90.739998
2025-12-26 01:45:00,86.459999
2025-12-26 02:00:00,90.739998
2025-12-26 02:15:00,86.279999
2025-12-26 02:30:00,84.529999
2025-12-26 02:45:00,81.720001
2025-12-26 03:00:00,85.0
2025-12-26 03:15:00,83.089996
2025-12-26 03:30:00,82.120003
2025-12-26 03:45:00,82.0
2025-12-26 04:00:00,80.260002
2025-12-26 04:15:00,81.839996
2025-12-26 04:30:00,83.150002
2025-12-26 04:45:00,84.32
2025-12-26 05:00:00,81.040001
2025-12-26 05:15:00,81.330002
2025-12-26 05:30:00,83.440002
2025-12-26 05:45:00,85.529999
2025-12-26 06:00:00,80.379997
2025-12-26 06:15:00,81.349998
2025-12-26 06:30:00,87.889999
2025-12-26 06:45:00,90.459999
2025-12-26 07:00:00,86.82
2025-12-26 07:15:00,91.010002
2025-12-26 07:30:00,94.040001
2025-12-26 07:45:00,100.589996
2025-12-26 08:00:00,94.739998
2025-12-26 08:15:00,97.110001
2025-12-26 08:30:00,101.949997
2025-12-26 08:45:00,101.800003
2025-12-26 09:00:00,103.68
2025-12-26 09:15:00,103.440002
2025-12-26 09:30:00,94.57
2025-12-26 09:45:00,85.230003
2025-12-26 10:00:00,96.0
2025-12-26 10:15:00,91.220001
2025-12-26 10:30:00,86.900002
2025-12-26 10:45:00,82.879997
2025-12-26 11:00:00,89.0
2025-12-26 11:15:00,85.279999
2025-12-26 11:30:00,83.709999
2025-12-26 11:45:00,81.980003
2025-12-26 12:00:00,83.110001
2025-12-26 12:15:00,82.0
2025-12-26 12:30:00,81.830002
2025-12-26 12:45:00,82.309998
2025-12-26 13:00:00,80.0
2025-12-26 13:15:00,80.68
2025-12-26 13:30:00,85.919998
2025-12-26 13:45:00,85.790001
2025-12-26 14:00:00,75.120003
2025-12-26 14:15:00,85.68
2025-12-26 14:30:00,94.0
2025-12-26 14:45:00,116.0
2025-12-26 15:00:00,90.519997
2025-12-26 15:15:00,107.970001
2025-12-26 15:30:00,116.440002
2025-12-26 15:45:00,121.639999
2025-12-26 16:00:00,110.82
2025-12-26 16:15:00,117.290001
2025-12-26 16:30:00,118.339996
2025-12-26 16:45:00,120.639999
2025-12-26 17:00:00,119.019997
2025-12-26 17:15:00,121.339996
2025-12-26 17:30:00,121.709999
2025-12-26 17:45:00,119.809998
2025-12-26 18:00:00,118.830002
2025-12-26 18:15:00,117.480003
2025-12-26 18:30:00,117.760002
2025-12-26 18:45:00,113.82
2025-12-26 19:00:00,117.660004
2025-12-26 19:15:00,116.290001
2025-12-26 19:30:00,116.580002
2025-12-26 19:45:00,114.519997
2025-12-26 20:00:00,121.690002
2025-12-26 20:15:00,116.970001
2025-12-26 20:30:00,110.580002
2025-12-26 20:45:00,105.660004
2025-12-26 21:00:00,118.290001
2025-12-26 21:15:00,115.419998
2025-12-26 21:30:00,109.07
2025-12-26 21:45:00,103.220001
2025-12-26 22:00:00,117.25
2025-12-26 22:15:00,114.029999
2025-12-26 22:30:00,105.25
2025-12-26 22:45:00,96.489998
2025-12-26 23:00:00,110.830002
2025-12-26 23:15:00,103.959999
2025-12-26 23:30:00,94.410004
2025-12-26 23:45:00,88.269997
2025-12-27 00:00:00,103.599998
2025-12-27 00:15:00,99.389999
2025-12-27 00:30:00,93.919998
2025-12-27 00:45:00,89.849998
2025-12-27 01:00:00,102.480003
2025-12-27 01:15:00,91.150002
2025-12-27 01:30:00,88.660004
2025-12-27 01:45:00,84.610001
2025-12-27 02:00:00,88.610001
2025-12-27 02:15:00,85.120003
2025-12-27 02:30:00,82.400002
2025-12-27 02:45:00,80.0
2025-12-27 03:00:00,83.5
2025-12-27 03:15:00,81.07
2025-12-27 03:30:00,80.360001
2025-12-27 03:45:00,78.550003
2025-12-27 04:00:00,81.879997
2025-12-27 04:15:00,81.919998
2025-12-27 04:30:00,81.470001
2025-12-27 04:45:00,81.220001
2025-12-27 05:00:00,77.849998
2025-12-27 05:15:00,76.080002
2025-12-27 05:30:00,68.129997
2025-12-27 05:45:00,67.559998
2025-12-27 06:00:00,68.690002
2025-12-27 06:15:00,68.459999
2025-12-27 06:30:00,68.230003
2025-12-27 06:45:00,68.0
2025-12-27 07:00:00,68.089996
2025-12-27 07:15:00,67.419998
2025-12-27 07:30:00,67.360001
2025-12-27 07:45:00,66.620003
2025-12-27 08:00:00,67.690002
2025-12-27 08:15:00,67.139999
2025-12-27 08:30:00,66.959999
2025-12-27 08:45:00,71.029999
2025-12-27 09:00:00,63.759998
2025-12-27 09:15:00,67.769997
2025-12-27 09:30:00,67.769997
2025-12-27 09:45:00,68.660004
2025-12-27 10:00:00,66.589996
2025-12-27 10:15:00,67.269997
2025-12-27 10:30:00,65.660004
2025-12-27 10:45:00,63.700001
2025-12-27 11:00:00,63.82
2025-12-27 11:15:00,63.779999
2025-12-27 11:30:00,63.599998
2025-12-27 11:45:00,66.540001
2025-12-27 12:00:00,60.099998
2025-12-27 12:15:00,62.959999
2025-12-27 12:30:00,62.970001
2025-12-27 12:45:00,63.060001
2025-12-27 13:00:00,62.549999
2025-12-27 13:15:00,62.77
2025-12-27 13:30:00,62.84
2025-12-27 13:45:00,63.740002
2025-12-27 14:00:00,63.18
2025-12-27 14:15:00,65.099998
2025-12-27 14:30:00,71.010002
2025-12-27 14:45:00,67.559998
2025-12-27 15:00:00,69.699997
2025-12-27 15:15:00,75.309998
2025-12-27 15:30:00,74.379997
2025-12-27 15:45:00,85.989998
2025-12-27 16:00:00,82.239998
2025-12-27 16:15:00,90.529999
2025-12-27 16:30:00,90.589996
2025-12-27 16:45:00,98.599998
2025-12-27 17:00:00,94.779999
2025-12-27 17:15:00,100.400002
2025-12-27 17:30:00,106.800003
2025-12-27 17:45:00,106.779999
2025-12-27 18:00:00,106.82
2025-12-27 18:15:00,106.75
2025-12-27 18:30:00,106.220001
2025-12-27 18:45:00,106.300003
2025-12-27 19:00:00,107.18
2025-12-27 19:15:00,104.050003
2025-12-27 19:30:00,100.830002
2025-12-27 19:45:00,104.129997
2025-12-27 20:00:00,111.480003
2025-12-27 20:15:00,103.169998
2025-12-27 20:30:00,97.879997
2025-12-27 20:45:00,91.120003
2025-12-27 21:00:00,100.389999
2025-12-27 21:15:00,94.910004
2025-12-27 21:30:00,90.760002
2025-12-27 21:45:00,85.139999
2025-12-27 22:00:00,102.169998
2025-12-27 22:15:00,97.93
2025-12-27 22:30:00,90.0
2025-12-27 22:45:00,86.339996
2025-12-27 23:00:00,100.330002
2025-12-27 23:15:00,93.209999
2025-12-27 23:30:00,87.610001
2025-12-27 23:45:00,78.459999
2025-12-28 00:00:00,91.169998
2025-12-28 00:15:00,88.360001
2025-12-28 00:30:00,83.0
2025-12-28 00:45:00,74.809998
2025-12-28 01:00:00,91.220001
2025-12-28 01:15:00,85.540001
2025-12-28 01:30:00,81.730003
2025-12-28 01:45:00,74.989998
2025-12-28 02:00:00,85.639999
2025-12-28 02:15:00,80.370003
2025-12-28 02:30:00,76.760002
2025-12-28 02:45:00,77.07
2025-12-28 03:00:00,77.0
2025-12-28 03:15:00,76.139999
2025-12-28 03:30:00,80.129997
2025-12-28 03:45:00,82.0
2025-12-28 04:00:00,78.139999
2025-12-28 04:15:00,79.410004
2025-12-28 04:30:00,82.559998
2025-12-28 04:45:00,81.68
2025-12-28 05:00:00,79.940002
2025-12-28 05:15:00,80.82
2025-12-28 05:30:00,84.610001
2025-12-28 05:45:00,89.07
2025-12-28 06:00:00,79.209999
2025-12-28 06:15:00,84.610001
2025-12-28 06:30:00,88.279999
2025-12-28 06:45:00,93.809998
2025-12-28 07:00:00,81.779999
2025-12-28 07:15:00,89.809998
2025-12-28 07:30:00,95.110001
2025-12-28 07:45:00,101.900002
2025-12-28 08:00:00,90.620003
2025-12-28 08:15:00,97.68
2025-12-28 08:30:00,97.379997
2025-12-28 08:45:00,96.779999
2025-12-28 09:00:00,103.620003
2025-12-28 09:15:00,100.050003
2025-12-28 09:30:00,98.0
2025-12-28 09:45:00,84.589996
2025-12-28 10:00:00,99.989998
2025-12-28 10:15:00,89.529999
2025-12-28 10:30:00,83.330002
2025-12-28 10:45:00,80.0
2025-12-28 11:00:00,95.349998
2025-12-28 11:15:00,90.580002
2025-12-28 11:30:00,86.540001
2025-12-28 11:45:00,81.0
2025-12-28 12:00:00,82.709999
2025-12-28 12:15:00,78.739998
2025-12-28 12:30:00,79.550003
2025-12-28 12:45:00,79.089996
2025-12-28 13:00:00,76.599998
2025-12-28 13:15:00,77.720001
2025-12-28 13:30:00,80.970001
2025-12-28 13:45:00,84.809998
2025-12-28 14:00:00,79.379997
2025-12-28 14:15:00,81.629997
2025-12-28 14:30:00,86.199997
2025-12-28 14:45:00,90.57
2025-12-28 15:00:00,86.260002
2025-12-28 15:15:00,90.529999
2025-12-28 15:30:00,86.080002
2025-12-28 15:45:00,78.589996
2025-12-28 16:00:00,90.529999
2025-12-28 16:15:00,83.760002
2025-12-28 16:30:00,74.209999
2025-12-28 16:45:00,73.339996
2025-12-28 17:00:00,76.75
2025-12-28 17:15:00,76.32
2025-12-28 17:30:00,70.849998
2025-12-28 17:45:00,70.32
2025-12-28 18:00:00,70.93
2025-12-28 18:15:00,70.730003
2025-12-28 18:30:00,70.099998
2025-12-28 18:45:00,69.980003
2025-12-28 19:00:00,70.040001
2025-12-28 19:15:00,69.529999
2025-12-28 19:30:00,69.489998
2025-12-28 19:45:00,69.440002
2025-12-28 20:00:00,70.150002
2025-12-28 20:15:00,69.510002
2025-12-28 20:30:00,69.419998
2025-12-28 20:45:00,69.339996
2025-12-28 21:00:00,69.07
2025-12-28 21:15:00,69.050003
2025-12-28 21:30:00,69.0
2025-12-28 21:45:00,68.959999
2025-12-28 22:00:00,68.629997
2025-12-28 22:15:00,68.639999
2025-12-28 22:30:00,68.599998
2025-12-28 22:45:00,68.57
2025-12-28 23:00:00,68.510002
2025-12-28 23:15:00,68.650002
2025-12-28 23:30:00,68.639999
2025-12-28 23:45:00,68.589996
2025-12-29 00:00:00,21.5
2025-12-29 00:15:00,61.48
2025-12-29 00:30:00,68.68
2025-12-29 00:45:00,68.660004
2025-12-29 01:00:00,64.230003
2025-12-29 01:15:00,64.099998
2025-12-29 01:30:00,63.990002
2025-12-29 01:45:00,63.950001
2025-12-29 02:00:00,63.490002
2025-12-29 02:15:00,63.34
2025-12-29 02:30:00,63.369999
2025-12-29 02:45:00,63.369999
2025-12-29 03:00:00,63.040001
2025-12-29 03:15:00,63.07
2025-12-29 03:30:00,63.110001
2025-12-29 03:45:00,63.119999
2025-12-29 04:00:00,62.889999
2025-12-29 04:15:00,63.040001
2025-12-29 04:30:00,63.080002
2025-12-29 04:45:00,63.400002
2025-12-29 05:00:00,64.379997
2025-12-29 05:15:00,66.93
2025-12-29 05:30:00,68.019997
2025-12-29 05:45:00,68.400002
2025-12-29 06:00:00,67.07
2025-12-29 06:15:00,69.0
2025-12-29 06:30:00,69.160004
2025-12-29 06:45:00,67.290001
2025-12-29 07:00:00,71.209999
2025-12-29 07:15:00,70.599998
2025-12-29 07:30:00,70.459999
2025-12-29 07:45:00,68.800003
2025-12-29 08:00:00,73.269997
2025-12-29 08:15:00,71.889999
2025-12-29 08:30:00,72.220001
2025-12-29 08:45:00,72.410004
2025-12-29 09:00:00,73.059998
2025-12-29 09:15:00,74.580002
2025-12-29 09:30:00,73.879997
2025-12-29 09:45:00,76.660004
2025-12-29 10:00:00,74.809998
2025-12-29 10:15:00,74.900002
2025-12-29 10:30:00,74.459999
2025-12-29 10:45:00,74.300003
2025-12-29 11:00:00,74.290001
2025-12-29 11:15:00,75.709999
2025-12-29 11:30:00,75.82
2025-12-29 11:45:00,76.540001
2025-12-29 12:00:00,74.970001
2025-12-29 12:15:00,74.900002
2025-12-29 12:30:00,75.0
2025-12-29 12:45:00,79.389999
2025-12-29 13:00:00,76.580002
2025-12-29 13:15:00,78.0
2025-12-29 13:30:00,79.919998
2025-12-29 13:45:00,87.110001
2025-12-29 14:00:00,78.889999
2025-12-29 14:15:00,81.849998
2025-12-29 14:30:00,86.669998
2025-12-29 14:45:00,93.389999
2025-12-29 15:00:00,79.690002
2025-12-29 15:15:00,86.220001
2025-12-29 15:30:00,90.199997
2025-12-29 15:45:00,93.489998
2025-12-29 16:00:00,87.150002
2025-12-29 16:15:00,86.480003
2025-12-29 16:30:00,87.989998
2025-12-29 16:45:00,93.220001
2025-12-29 17:00:00,91.489998
2025-12-29 17:15:00,98.589996
2025-12-29 17:30:00,92.080002
2025-12-29 17:45:00,90.599998
2025-12-29 18:00:00,90.57
2025-12-29 18:15:00,90.550003
2025-12-29 18:30:00,90.510002
2025-12-29 18:45:00,86.550003
2025-12-29 19:00:00,88.25
2025-12-29 19:15:00,83.629997
2025-12-29 19:30:00,81.260002
2025-12-29 19:45:00,74.57
2025-12-29 20:00:00,74.900002
2025-12-29 20:15:00,74.519997
2025-12-29 20:30:00,74.010002
2025-12-29 20:45:00,73.980003
2025-12-29 21:00:00,72.699997
2025-12-29 21:15:00,72.529999
2025-12-29 21:30:00,72.190002
2025-12-29 21:45:00,72.099998
2025-12-29 22:00:00,72.199997
2025-12-29 22:15:00,71.860001
2025-12-29 22:30:00,71.599998
2025-12-29 22:45:00,71.150002
2025-12-29 23:00:00,71.25
2025-12-29 23:15:00,71.089996
2025-12-29 23:30:00,70.959999
2025-12-29 23:45:00,70.699997
2025-12-30 00:00:00,81.989998
2025-12-30 00:15:00,76.290001
2025-12-30 00:30:00,73.239998
2025-12-30 00:45:00,69.709999
2025-12-30 01:00:00,76.379997
2025-12-30 01:15:00,72.709999
2025-12-30 01:30:00,71.949997
2025-12-30 01:45:00,71.489998
2025-12-30 02:00:00,73.290001
2025-12-30 02:15:00,73.389999
2025-12-30 02:30:00,70.410004
2025-12-30 02:45:00,69.699997
2025-12-30 03:00:00,70.629997
2025-12-30 03:15:00,69.400002
2025-12-30 03:30:00,69.190002
2025-12-30 03:45:00,68.209999
2025-12-30 04:00:00,68.290001
2025-12-30 04:15:00,67.910004
2025-12-30 04:30:00,69.150002
2025-12-30 04:45:00,68.800003
2025-12-30 05:00:00,69.099998
2025-12-30 05:15:00,72.089996
2025-12-30 05:30:00,69.910004
2025-12-30 05:45:00,76.690002
2025-12-30 06:00:00,68.849998
2025-12-30 06:15:00,78.25
2025-12-30 06:30:00,77.889999
2025-12-30 06:45:00,79.300003
2025-12-30 07:00:00,79.589996
2025-12-30 07:15:00,79.980003
2025-12-30 07:30:00,81.620003
2025-12-30 07:45:00,87.589996
2025-12-30 08:00:00,90.519997
2025-12-30 08:15:00,90.589996
2025-12-30 08:30:00,95.349998
2025-12-30 08:45:00,91.980003
2025-12-30 09:00:00,104.599998
2025-12-30 09:15:00,99.870003
2025-12-30 09:30:00,93.550003
2025-12-30 09:45:00,79.550003
2025-12-30 10:00:00,96.730003
2025-12-30 10:15:00,86.339996
2025-12-30 10:30:00,81.139999
2025-12-30 10:45:00,79.07
2025-12-30 11:00:00,81.400002
2025-12-30 11:15:00,80.230003
2025-12-30 11:30:00,79.0
2025-12-30 11:45:00,76.889999
2025-12-30 12:00:00,78.970001
2025-12-30 12:15:00,76.989998
2025-12-30 12:30:00,76.110001
2025-12-30 12:45:00,72.550003
2025-12-30 13:00:00,72.830002
2025-12-30 13:15:00,74.760002
2025-12-30 13:30:00,74.889999
2025-12-30 13:45:00,84.550003
2025-12-30 14:00:00,71.540001
2025-12-30 14:15:00,86.400002
2025-12-30 14:30:00,90.57
2025-12-30 14:45:00,100.18
2025-12-30 15:00:00,86.650002
2025-12-30 15:15:00,93.57
2025-12-30 15:30:00,105.910004
2025-12-30 15:45:00,112.0
2025-12-30 16:00:00,100.540001
2025-12-30 16:15:00,107.720001
2025-12-30 16:30:00,108.089996
2025-12-30 16:45:00,119.93
2025-12-30 17:00:00,108.959999
2025-12-30 17:15:00,114.239998
2025-12-30 17:30:00,109.720001
2025-12-30 17:45:00,109.940002
2025-12-30 18:00:00,115.279999
2025-12-30 18:15:00,108.900002
2025-12-30 18:30:00,106.050003
2025-12-30 18:45:00,106.25
2025-12-30 19:00:00,106.900002
2025-12-30 19:15:00,105.75
2025-12-30 19:30:00,105.029999
2025-12-30 19:45:00,104.75
2025-12-30 20:00:00,104.769997
2025-12-30 20:15:00,102.389999
2025-12-30 20:30:00,100.370003
2025-12-30 20:45:00,95.110001
2025-12-30 21:00:00,100.849998
2025-12-30 21:15:00,94.650002
2025-12-30 21:30:00,90.059998
2025-12-30 21:45:00,86.419998
2025-12-30 22:00:00,101.489998
2025-12-30 22:15:00,93.919998
2025-12-30 22:30:00,89.480003
2025-12-30 22:45:00,83.290001
2025-12-30 23:00:00,94.860001
2025-12-30 23:15:00,88.449997
2025-12-30 23:30:00,82.190002
2025-12-30 23:45:00,77.730003
2025-12-31 00:00:00,94.870003
2025-12-31 00:15:00,90.309998
2025-12-31 00:30:00,86.190002
2025-12-31 00:45:00,80.959999
2025-12-31 01:00:00,90.110001
2025-12-31 01:15:00,83.480003
2025-12-31 01:30:00,82.669998
2025-12-31 01:45:00,81.089996
2025-12-31 02:00:00,83.540001
2025-12-31 02:15:00,81.059998
2025-12-31 02:30:00,79.25
2025-12-31 02:45:00,77.0
2025-12-31 03:00:00,80.0
2025-12-31 03:15:00,76.190002
2025-12-31 03:30:00,75.029999
2025-12-31 03:45:00,75.099998
2025-12-31 04:00:00,74.410004
2025-12-31 04:15:00,75.010002
2025-12-31 04:30:00,74.709999
2025-12-31 04:45:00,75.599998
2025-12-31 05:00:00,74.900002
2025-12-31 05:15:00,75.620003
2025-12-31 05:30:00,78.050003
2025-12-31 05:45:00,80.739998
2025-12-31 06:00:00,77.82
2025-12-31 06:15:00,80.410004
2025-12-31 06:30:00,81.019997
2025-12-31 06:45:00,80.940002
2025-12-31 07:00:00,79.559998
2025-12-31 07:15:00,82.150002
2025-12-31 07:30:00,87.169998
2025-12-31 07:45:00,90.510002
2025-12-31 08:00:00,90.790001
2025-12-31 08:15:00,98.389999
2025-12-31 08:30:00,97.080002
2025-12-31 08:45:00,96.910004
2025-12-31 09:00:00,102.790001
2025-12-31 09:15:00,99.800003
2025-12-31 09:30:00,94.0
2025-12-31 09:45:00,84.75
2025-12-31 10:00:00,97.25
2025-12-31 10:15:00,89.82
2025-12-31 10:30:00,87.239998
2025-12-31 10:45:00,82.739998
2025-12-31 11:00:00,87.93
2025-12-31 11:15:00,83.93
2025-12-31 11:30:00,82.059998
2025-12-31 11:45:00,80.0
2025-12-31 12:00:00,83.300003
2025-12-31 12:15:00,82.0
2025-12-31 12:30:00,82.0
2025-12-31 12:45:00,84.889999
2025-12-31 13:00:00,83.099998
2025-12-31 13:15:00,84.139999
2025-12-31 13:30:00,85.0
2025-12-31 13:45:00,88.440002
2025-12-31 14:00:00,82.620003
2025-12-31 14:15:00,85.389999
2025-12-31 14:30:00,85.199997
2025-12-31 14:45:00,87.5
2025-12-31 15:00:00,84.989998
2025-12-31 15:15:00,89.760002
2025-12-31 15:30:00,91.699997
2025-12-31 15:45:00,96.879997
2025-12-31 16:00:00,90.599998
2025-12-31 16:15:00,100.660004
2025-12-31 16:30:00,103.690002
2025-12-31 16:45:00,107.870003
2025-12-31 17:00:00,105.809998
2025-12-31 17:15:00,106.330002
2025-12-31 17:30:00,109.019997
2025-12-31 17:45:00,119.239998
2025-12-31 18:00:00,110.110001
2025-12-31 18:15:00,112.849998
2025-12-31 18:30:00,105.650002
2025-12-31 18:45:00,101.5
2025-12-31 19:00:00,100.830002
2025-12-31 19:15:00,94.669998
2025-12-31 19:30:00,97.870003
2025-12-31 19:45:00,90.589996
2025-12-31 20:00:00,89.709999
2025-12-31 20:15:00,85.529999
2025-12-31 20:30:00,82.050003
2025-12-31 20:45:00,74.699997
2025-12-31 21:00:00,85.5
2025-12-31 21:15:00,81.82
2025-12-31 21:30:00,76.720001
2025-12-31 21:45:00,69.68
2025-12-31 22:00:00,82.610001
2025-12-31 22:15:00,73.769997
2025-12-31 22:30:00,68.639999
2025-12-31 22:45:00,66.980003
2025-12-31 23:00:00,70.769997
2025-12-31 23:15:00,67.190002
2025-12-31 23:30:00,65.889999
2025-12-31 23:45:00,61.400002
2026-01-01 00:00:00,63.639999
2026-01-01 00:15:00,61.48
2026-01-01 00:30:00,58.0
2026-01-01 00:45:00,49.990002
2026-01-01 01:00:00,60.009998
2026-01-01 01:15:00,48.900002
2026-01-01 01:30:00,36.740002
2026-01-01 01:45:00,23.93
2026-01-01 02:00:00,36.009998
2026-01-01 02:15:00,19.92
2026-01-01 02:30:00,14.99
2026-01-01 02:45:00,7.36
2026-01-01 03:00:00,10.08
2026-01-01 03:15:00,6.69
2026-01-01 03:30:00,4.5
2026-01-01 03:45:00,3.87
2026-01-01 04:00:00,4.5
2026-01-01 04:15:00,4.29
2026-01-01 04:30:00,3.48
2026-01-01 04:45:00,3.05
2026-01-01 05:00:00,3.05
2026-01-01 05:15:00,2.37
2026-01-01 05:30:00,2.39
2026-01-01 05:45:00,2.39
2026-01-01 06:00:00,2.34
2026-01-01 06:15:00,2.37
2026-01-01 06:30:00,2.85
2026-01-01 06:45:00,3.69
2026-01-01 07:00:00,2.36
2026-01-01 07:15:00,2.4
2026-01-01 07:30:00,3.02
2026-01-01 07:45:00,3.65
2026-01-01 08:00:00,2.39
2026-01-01 08:15:00,3.27
2026-01-01 08:30:00,3.57
2026-01-01 08:45:00,3.65
2026-01-01 09:00:00,3.53
2026-01-01 09:15:00,3.54
2026-01-01 09:30:00,3.72
2026-01-01 09:45:00,4.27
2026-01-01 10:00:00,4.32
2026-01-01 10:15:00,4.32
2026-01-01 10:30:00,4.36
2026-01-01 10:45:00,4.36
2026-01-01 11:00:00,4.4
2026-01-01 11:15:00,4.68
2026-01-01 11:30:00,5.34
2026-01-01 11:45:00,5.19
2026-01-01 12:00:00,4.8
2026-01-01 12:15:00,5.05
2026-01-01 12:30:00,5.14
2026-01-01 12:45:00,5.38
2026-01-01 13:00:00,5.72
2026-01-01 13:15:00,6.68
2026-01-01 13:30:00,6.69
2026-01-01 13:45:00,7.05
2026-01-01 14:00:00,7.55
2026-01-01 14:15:00,9.31
2026-01-01 14:30:00,10.51
2026-01-01 14:45:00,12.51
2026-01-01 15:00:00,10.95
2026-01-01 15:15:00,15.46
2026-01-01 15:30:00,15.55
2026-01-01 15:45:00,18.709999
2026-01-01 16:00:00,18.74
2026-01-01 16:15:00,20.59
2026-01-01 16:30:00,23.77
2026-01-01 16:45:00,31.120001
2026-01-01 17:00:00,26.780001
2026-01-01 17:15:00,31.5
2026-01-01 17:30:00,35.799999
2026-01-01 17:45:00,34.919998
2026-01-01 18:00:00,29.379999
2026-01-01 18:15:00,31.66
2026-01-01 18:30:00,24.09
2026-01-01 18:45:00,19.9
2026-01-01 19:00:00,30.639999
2026-01-01 19:15:00,21.040001
2026-01-01 19:30:00,22.780001
2026-01-01 19:45:00,21.969999
2026-01-01 20:00:00,24.43
2026-01-01 20:15:00,23.709999
2026-01-01 20:30:00,21.209999
2026-01-01 20:45:00,19.73
2026-01-01 21:00:00,21.379999
2026-01-01 21:15:00,19.540001
2026-01-01 21:30:00,33.82
2026-01-01 21:45:00,49.389999
2026-01-01 22:00:00,16.059999
2026-01-01 22:15:00,21.5
2026-01-01 22:30:00,40.009998
2026-01-01 22:45:00,41.0
2026-01-01 23:00:00,33.470001
2026-01-01 23:15:00,30.129999
2026-01-01 23:30:00,34.0
2026-01-01 23:45:00,33.009998
2026-01-02 00:00:00,15.58
2026-01-02 00:15:00,16.0
2026-01-02 00:30:00,15.57
2026-01-02 00:45:00,14.99
2026-01-02 01:00:00,15.56
2026-01-02 01:15:00,15.56
2026-01-02 01:30:00,13.04
2026-01-02 01:45:00,9.94
2026-01-02 02:00:00,20.0
2026-01-02 02:15:00,15.57
2026-01-02 02:30:00,14.42
2026-01-02 02:45:00,9.99
2026-01-02 03:00:00,9.99
2026-01-02 03:15:00,7.75
2026-01-02 03:30:00,9.93
2026-01-02 03:45:00,7.6
2026-01-02 04:00:00,9.42
2026-01-02 04:15:00,9.42
2026-01-02 04:30:00,10.0
2026-01-02 04:45:00,11.17
2026-01-02 05:00:00,9.82
2026-01-02 05:15:00,14.0
2026-01-02 05:30:00,15.57
2026-01-02 05:45:00,22.83
2026-01-02 06:00:00,12.41
2026-01-02 06:15:00,22.450001
2026-01-02 06:30:00,30.66
2026-01-02 06:45:00,38.759998
2026-01-02 07:00:00,35.310001
2026-01-02 07:15:00,44.259998
2026-01-02 07:30:00,59.990002
2026-01-02 07:45:00,66.68
2026-01-02 08:00:00,66.330002
2026-01-02 08:15:00,68.580002
2026-01-02 08:30:00,69.93
2026-01-02 08:45:00,70.629997
2026-01-02 09:00:00,70.510002
2026-01-02 09:15:00,70.5
2026-01-02 09:30:00,71.629997
2026-01-02 09:45:00,72.150002
2026-01-02 10:00:00,62.849998
2026-01-02 10:15:00,60.369999
2026-01-02 10:30:00,56.98
2026-01-02 10:45:00,56.540001
2026-01-02 11:00:00,55.330002
2026-01-02 11:15:00,59.099998
2026-01-02 11:30:00,58.490002
2026-01-02 11:45:00,54.779999
2026-01-02 12:00:00,54.82
2026-01-02 12:15:00,57.5
2026-01-02 12:30:00,60.0
2026-01-02 12:45:00,59.689999
2026-01-02 13:00:00,68.599998
2026-01-02 13:15:00,65.839996
2026-01-02 13:30:00,64.709999
2026-01-02 13:45:00,68.639999
2026-01-02 14:00:00,65.510002
2026-01-02 14:15:00,71.010002
2026-01-02 14:30:00,70.010002
2026-01-02 14:45:00,73.949997
2026-01-02 15:00:00,69.629997
2026-01-02 15:15:00,76.93
2026-01-02 15:30:00,81.040001
2026-01-02 15:45:00,82.379997
2026-01-02 16:00:00,74.279999
2026-01-02 16:15:00,81.849998
2026-01-02 16:30:00,85.790001
2026-01-02 16:45:00,87.900002
2026-01-02 17:00:00,83.839996
2026-01-02 17:15:00,85.940002
2026-01-02 17:30:00,85.980003
2026-01-02 17:45:00,85.980003
2026-01-02 18:00:00,87.980003
2026-01-02 18:15:00,87.959999
2026-01-02 18:30:00,89.440002
2026-01-02 18:45:00,87.989998
2026-01-02 19:00:00,89.949997
2026-01-02 19:15:00,89.900002
2026-01-02 19:30:00,88.010002
2026-01-02 19:45:00,86.43
2026-01-02 20:00:00,94.949997
2026-01-02 20:15:00,89.830002
2026-01-02 20:30:00,86.650002
2026-01-02 20:45:00,85.18
2026-01-02 21:00:00,84.839996
2026-01-02 21:15:00,84.410004
2026-01-02 21:30:00,84.129997
2026-01-02 21:45:00,80.690002
2026-01-02 22:00:00,87.25
2026-01-02 22:15:00,84.190002
2026-01-02 22:30:00,86.519997
2026-01-02 22:45:00,84.410004
2026-01-02 23:00:00,83.650002
2026-01-02 23:15:00,82.989998
2026-01-02 23:30:00,81.650002
2026-01-02 23:45:00,78.970001
2026-01-03 00:00:00,82.980003
2026-01-03 00:15:00,82.790001
2026-01-03 00:30:00,78.690002
2026-01-03 00:45:00,74.839996
2026-01-03 01:00:00,80.900002
2026-01-03 01:15:00,77.989998
2026-01-03 01:30:00,77.540001
2026-01-03 01:45:00,76.889999
2026-01-03 02:00:00,77.959999
2026-01-03 02:15:00,76.389999
2026-01-03 02:30:00,75.239998
2026-01-03 02:45:00,73.690002
2026-01-03 03:00:00,76.489998
2026-01-03 03:15:00,75.160004
2026-01-03 03:30:00,74.010002
2026-01-03 03:45:00,73.620003
2026-01-03 04:00:00,73.18
2026-01-03 04:15:00,72.93
2026-01-03 04:30:00,73.059998
2026-01-03 04:45:00,72.919998
2026-01-03 05:00:00,73.949997
2026-01-03 05:15:00,73.82
2026-01-03 05:30:00,75.300003
2026-01-03 05:45:00,76.889999
2026-01-03 06:00:00,72.550003
2026-01-03 06:15:00,74.5
2026-01-03 06:30:00,77.029999
2026-01-03 06:45:00,79.559998
2026-01-03 07:00:00,78.559998
2026-01-03 07:15:00,76.830002
2026-01-03 07:30:00,79.589996
2026-01-03 07:45:00,82.269997
2026-01-03 08:00:00,87.849998
2026-01-03 08:15:00,90.349998
2026-01-03 08:30:00,91.910004
2026-01-03 08:45:00,92.650002
2026-01-03 09:00:00,95.349998
2026-01-03 09:15:00,95.629997
2026-01-03 09:30:00,94.339996
2026-01-03 09:45:00,91.040001
2026-01-03 10:00:00,98.940002
2026-01-03 10:15:00,95.0
2026-01-03 10:30:00,91.449997
2026-01-03 10:45:00,87.849998
2026-01-03 11:00:00,91.949997
2026-01-03 11:15:00,89.0
2026-01-03 11:30:00,87.849998
2026-01-03 11:45:00,86.029999
2026-01-03 12:00:00,87.849998
2026-01-03 12:15:00,87.059998
2026-01-03 12:30:00,87.160004
2026-01-03 12:45:00,87.580002
2026-01-03 13:00:00,85.849998
2026-01-03 13:15:00,85.550003
2026-01-03 13:30:00,86.029999
2026-01-03 13:45:00,88.989998
2026-01-03 14:00:00,85.110001
2026-01-03 14:15:00,88.150002
2026-01-03 14:30:00,90.699997
2026-01-03 14:45:00,94.769997
2026-01-03 15:00:00,90.0
2026-01-03 15:15:00,94.0
2026-01-03 15:30:00,96.68
2026-01-03 15:45:00,97.709999
2026-01-03 16:00:00,94.779999
2026-01-03 16:15:00,99.389999
2026-01-03 16:30:00,100.980003
2026-01-03 16:45:00,104.370003
2026-01-03 17:00:00,105.949997
2026-01-03 17:15:00,109.989998
2026-01-03 17:30:00,111.010002
2026-01-03 17:45:00,111.910004
2026-01-03 18:00:00,112.800003
2026-01-03 18:15:00,111.010002
2026-01-03 18:30:00,110.0
2026-01-03 18:45:00,109.489998
2026-01-03 19:00:00,111.010002
2026-01-03 19:15:00,105.919998
2026-01-03 19:30:00,102.529999
2026-01-03 19:45:00,99.580002
2026-01-03 20:00:00,99.279999
2026-01-03 20:15:00,99.029999
2026-01-03 20:30:00,97.839996
2026-01-03 20:45:00,94.349998
2026-01-03 21:00:00,95.790001
2026-01-03 21:15:00,92.019997
2026-01-03 21:30:00,91.18
2026-01-03 21:45:00,85.480003
2026-01-03 22:00:00,93.669998
2026-01-03 22:15:00,90.989998
2026-01-03 22:30:00,90.830002
2026-01-03 22:45:00,86.989998
2026-01-03 23:00:00,91.440002
2026-01-03 23:15:00,86.480003
2026-01-03 23:30:00,84.800003
2026-01-03 23:45:00,81.339996
2026-01-04 00:00:00,94.010002
2026-01-04 00:15:00,89.419998
2026-01-04 00:30:00,87.779999
2026-01-04 00:45:00,84.080002
2026-01-04 01:00:00,87.720001
2026-01-04 01:15:00,85.43
2026-01-04 01:30:00,84.239998
2026-01-04 01:45:00,83.93
2026-01-04 02:00:00,87.129997
2026-01-04 02:15:00,84.849998
2026-01-04 02:30:00,84.18
2026-01-04 02:45:00,84.010002
2026-01-04 03:00:00,84.599998
2026-01-04 03:15:00,83.870003
2026-01-04 03:30:00,83.43
2026-01-04 03:45:00,83.050003
2026-01-04 04:00:00,82.599998
2026-01-04 04:15:00,82.190002
2026-01-04 04:30:00,82.410004
2026-01-04 04:45:00,83.029999
2026-01-04 05:00:00,82.510002
2026-01-04 05:15:00,83.18
2026-01-04 05:30:00,84.010002
2026-01-04 05:45:00,83.93
2026-01-04 06:00:00,82.709999
2026-01-04 06:15:00,83.989998
2026-01-04 06:30:00,83.690002
2026-01-04 06:45:00,84.790001
2026-01-04 07:00:00,84.459999
2026-01-04 07:15:00,84.470001
2026-01-04 07:30:00,86.900002
2026-01-04 07:45:00,90.099998
2026-01-04 08:00:00,86.510002
2026-01-04 08:15:00,87.540001
2026-01-04 08:30:00,88.849998
2026-01-04 08:45:00,89.589996
2026-01-04 09:00:00,94.019997
2026-01-04 09:15:00,96.0
2026-01-04 09:30:00,95.989998
2026-01-04 09:45:00,91.190002
2026-01-04 10:00:00,103.940002
2026-01-04 10:15:00,97.190002
2026-01-04 10:30:00,90.919998
2026-01-04 10:45:00,86.970001
2026-01-04 11:00:00,93.849998
2026-01-04 11:15:00,89.989998
2026-01-04 11:30:00,89.959999
2026-01-04 11:45:00,89.709999
2026-01-04 12:00:00,91.300003
2026-01-04 12:15:00,89.699997
2026-01-04 12:30:00,89.940002
2026-01-04 12:45:00,87.230003
2026-01-04 13:00:00,86.199997
2026-01-04 13:15:00,85.269997
2026-01-04 13:30:00,86.190002
2026-01-04 13:45:00,89.449997
2026-01-04 14:00:00,83.5
2026-01-04 14:15:00,89.510002
2026-01-04 14:30:00,95.800003
2026-01-04 14:45:00,101.889999
2026-01-04 15:00:00,83.709999
2026-01-04 15:15:00,90.620003
2026-01-04 15:30:00,95.879997
2026-01-04 15:45:00,102.580002
2026-01-04 16:00:00,87.610001
2026-01-04 16:15:00,99.080002
2026-01-04 16:30:00,103.389999
2026-01-04 16:45:00,112.290001
2026-01-04 17:00:00,113.989998
2026-01-04 17:15:00,119.019997
2026-01-04 17:30:00,117.5
2026-01-04 17:45:00,123.190002
2026-01-04 18:00:00,121.0
2026-01-04 18:15:00,120.93
2026-01-04 18:30:00,119.489998
2026-01-04 18:45:00,123.300003
2026-01-04 19:00:00,123.5
2026-01-04 19:15:00,120.919998
2026-01-04 19:30:00,119.379997
2026-01-04 19:45:00,115.059998
2026-01-04 20:00:00,121.300003
2026-01-04 20:15:00,115.330002
2026-01-04 20:30:00,110.0
2026-01-04 20:45:00,103.169998
2026-01-04 21:00:00,106.870003
2026-01-04 21:15:00,101.720001
2026-01-04 21:30:00,97.57
2026-01-04 21:45:00,92.639999
2026-01-04 22:00:00,98.040001
2026-01-04 22:15:00,96.510002
2026-01-04 22:30:00,97.830002
2026-01-04 22:45:00,90.68
2026-01-04 23:00:00,97.610001
2026-01-04 23:15:00,89.730003
2026-01-04 23:30:00,86.330002
2026-01-04 23:45:00,83.169998
2026-01-05 00:00:00,107.809998
2026-01-05 00:15:00,91.480003
2026-01-05 00:30:00,87.940002
2026-01-05 00:45:00,82.580002
2026-01-05 01:00:00,92.959999
2026-01-05 01:15:00,90.0
2026-01-05 01:30:00,86.739998
2026-01-05 01:45:00,85.690002
2026-01-05 02:00:00,87.209999
2026-01-05 02:15:00,86.610001
2026-01-05 02:30:00,86.93
2026-01-05 02:45:00,85.279999
2026-01-05 03:00:00,86.360001
2026-01-05 03:15:00,85.970001
2026-01-05 03:30:00,85.739998
2026-01-05 03:45:00,87.18
2026-01-05 04:00:00,86.25
2026-01-05 04:15:00,86.730003
2026-01-05 04:30:00,87.010002
2026-01-05 04:45:00,89.989998
2026-01-05 05:00:00,87.459999
2026-01-05 05:15:00,88.349998
2026-01-05 05:30:00,89.110001
2026-01-05 05:45:00,98.510002
2026-01-05 06:00:00,87.379997
2026-01-05 06:15:00,104.900002
2026-01-05 06:30:00,118.709999
2026-01-05 06:45:00,125.099998
2026-01-05 07:00:00,114.459999
2026-01-05 07:15:00,120.919998
2026-01-05 07:30:00,132.960007
2026-01-05 07:45:00,148.910004
2026-01-05 08:00:00,145.350006
2026-01-05 08:15:00,156.490005
2026-01-05 08:30:00,148.970001
2026-01-05 08:45:00,153.889999
2026-01-05 09:00:00,162.990005
2026-01-05 09:15:00,161.490005
2026-01-05 09:30:00,147.220001
2026-01-05 09:45:00,136.899994
2026-01-05 10:00:00,162.460007
2026-01-05 10:15:00,145.880005
2026-01-05 10:30:00,140.0
2026-01-05 10:45:00,134.210007
2026-01-05 11:00:00,140.039993
2026-01-05 11:15:00,136.460007
2026-01-05 11:30:00,136.119995
2026-01-05 11:45:00,134.190002
2026-01-05 12:00:00,134.529999
2026-01-05 12:15:00,133.100006
2026-01-05 12:30:00,133.970001
2026-01-05 12:45:00,136.130005
2026-01-05 13:00:00,131.699997
2026-01-05 13:15:00,131.5
2026-01-05 13:30:00,135.979996
2026-01-05 13:45:00,139.139999
2026-01-05 14:00:00,128.690002
2026-01-05 14:15:00,131.940002
2026-01-05 14:30:00,140.589996
2026-01-05 14:45:00,162.270004
2026-01-05 15:00:00,134.089996
2026-01-05 15:15:00,141.789993
2026-01-05 15:30:00,167.770004
2026-01-05 15:45:00,159.070007
2026-01-05 16:00:00,165.820007
2026-01-05 16:15:00,167.520004
2026-01-05 16:30:00,194.75
2026-01-05 16:45:00,200.089996
2026-01-05 17:00:00,198.190002
2026-01-05 17:15:00,208.169998
2026-01-05 17:30:00,244.580002
2026-01-05 17:45:00,243.380005
2026-01-05 18:00:00,219.600006
2026-01-05 18:15:00,216.669998
2026-01-05 18:30:00,217.529999
2026-01-05 18:45:00,201.139999
2026-01-05 19:00:00,222.130005
2026-01-05 19:15:00,208.970001
2026-01-05 19:30:00,162.0
2026-01-05 19:45:00,138.110001
2026-01-05 20:00:00,171.300003
2026-01-05 20:15:00,146.740005
2026-01-05 20:30:00,138.089996
2026-01-05 20:45:00,132.009995
2026-01-05 21:00:00,137.820007
2026-01-05 21:15:00,135.050003
2026-01-05 21:30:00,125.760002
2026-01-05 21:45:00,117.779999
2026-01-05 22:00:00,128.710007
2026-01-05 22:15:00,122.480003
2026-01-05 22:30:00,124.169998
2026-01-05 22:45:00,120.040001
2026-01-05 23:00:00,119.510002
2026-01-05 23:15:00,112.410004
2026-01-05 23:30:00,107.260002
2026-01-05 23:45:00,106.019997
2026-01-06 00:00:00,114.769997
2026-01-06 00:15:00,107.379997
2026-01-06 00:30:00,100.900002
2026-01-06 00:45:00,95.730003
2026-01-06 01:00:00,110.0
2026-01-06 01:15:00,106.419998
2026-01-06 01:30:00,102.269997
2026-01-06 01:45:00,99.709999
2026-01-06 02:00:00,104.370003
2026-01-06 02:15:00,100.839996
2026-01-06 02:30:00,100.860001
2026-01-06 02:45:00,100.110001
2026-01-06 03:00:00,101.029999
2026-01-06 03:15:00,100.050003
2026-01-06 03:30:00,100.010002
2026-01-06 03:45:00,99.260002
2026-01-06 04:00:00,99.110001
2026-01-06 04:15:00,99.879997
2026-01-06 04:30:00,104.010002
2026-01-06 04:45:00,106.809998
2026-01-06 05:00:00,100.389999
2026-01-06 05:15:00,102.330002
2026-01-06 05:30:00,110.779999
2026-01-06 05:45:00,114.5
2026-01-06 06:00:00,112.07
2026-01-06 06:15:00,117.75
2026-01-06 06:30:00,121.419998
2026-01-06 06:45:00,133.910004
2026-01-06 07:00:00,121.669998
2026-01-06 07:15:00,137.899994
2026-01-06 07:30:00,147.429993
2026-01-06 07:45:00,146.990005
2026-01-06 08:00:00,153.509995
2026-01-06 08:15:00,168.720001
2026-01-06 08:30:00,170.949997
2026-01-06 08:45:00,163.559998
2026-01-06 09:00:00,189.910004
2026-01-06 09:15:00,169.970001
2026-01-06 09:30:00,166.339996
2026-01-06 09:45:00,149.059998
2026-01-06 10:00:00,176.850006
2026-01-06 10:15:00,150.100006
2026-01-06 10:30:00,150.020004
2026-01-06 10:45:00,142.399994
2026-01-06 11:00:00,161.630005
2026-01-06 11:15:00,148.460007
2026-01-06 11:30:00,142.970001
2026-01-06 11:45:00,136.0
2026-01-06 12:00:00,141.050003
2026-01-06 12:15:00,135.139999
2026-01-06 12:30:00,131.860001
2026-01-06 12:45:00,129.919998
2026-01-06 13:00:00,133.660004
2026-01-06 13:15:00,131.300003
2026-01-06 13:30:00,127.720001
2026-01-06 13:45:00,128.130005
2026-01-06 14:00:00,127.07
2026-01-06 14:15:00,130.0
2026-01-06 14:30:00,130.009995
2026-01-06 14:45:00,135.729996
2026-01-06 15:00:00,127.730003
2026-01-06 15:15:00,134.309998
2026-01-06 15:30:00,137.369995
2026-01-06 15:45:00,148.529999
2026-01-06 16:00:00,128.830002
2026-01-06 16:15:00,142.619995
2026-01-06 16:30:00,147.960007
2026-01-06 16:45:00,160.619995
2026-01-06 17:00:00,142.169998
2026-01-06 17:15:00,147.100006
2026-01-06 17:30:00,162.0
2026-01-06 17:45:00,160.699997
2026-01-06 18:00:00,159.940002
2026-01-06 18:15:00,150.289993
2026-01-06 18:30:00,146.850006
2026-01-06 18:45:00,135.990005
2026-01-06 19:00:00,154.979996
2026-01-06 19:15:00,139.880005
2026-01-06 19:30:00,133.880005
2026-01-06 19:45:00,127.730003
2026-01-06 20:00:00,133.990005
2026-01-06 20:15:00,123.879997
2026-01-06 20:30:00,117.760002
2026-01-06 20:45:00,110.779999
2026-01-06 21:00:00,120.860001
2026-01-06 21:15:00,111.690002
2026-01-06 21:30:00,102.580002
2026-01-06 21:45:00,99.120003
2026-01-06 22:00:00,108.139999
2026-01-06 22:15:00,105.410004
2026-01-06 22:30:00,100.5
2026-01-06 22:45:00,94.839996
2026-01-06 23:00:00,102.93
2026-01-06 23:15:00,94.019997
2026-01-06 23:30:00,90.110001
2026-01-06 23:45:00,84.209999
2026-01-07 00:00:00,101.279999
2026-01-07 00:15:00,98.989998
2026-01-07 00:30:00,89.620003
2026-01-07 00:45:00,86.059998
2026-01-07 01:00:00,92.959999
2026-01-07 01:15:00,90.099998
2026-01-07 01:30:00,86.349998
2026-01-07 01:45:00,85.029999
2026-01-07 02:00:00,86.769997
2026-01-07 02:15:00,84.75
2026-01-07 02:30:00,85.510002
2026-01-07 02:45:00,83.150002
2026-01-07 03:00:00,83.599998
2026-01-07 03:15:00,81.690002
2026-01-07 03:30:00,81.010002
2026-01-07 03:45:00,80.290001
2026-01-07 04:00:00,80.790001
2026-01-07 04:15:00,80.669998
2026-01-07 04:30:00,80.360001
2026-01-07 04:45:00,81.309998
2026-01-07 05:00:00,84.089996
2026-01-07 05:15:00,83.440002
2026-01-07 05:30:00,84.690002
2026-01-07 05:45:00,87.309998
2026-01-07 06:00:00,87.449997
2026-01-07 06:15:00,91.010002
2026-01-07 06:30:00,95.589996
2026-01-07 06:45:00,96.150002
2026-01-07 07:00:00,100.099998
2026-01-07 07:15:00,98.220001
2026-01-07 07:30:00,100.089996
2026-01-07 07:45:00,98.470001
2026-01-07 08:00:00,106.769997
2026-01-07 08:15:00,107.68
2026-01-07 08:30:00,113.68
2026-01-07 08:45:00,109.269997
2026-01-07 09:00:00,115.440002
2026-01-07 09:15:00,115.580002
2026-01-07 09:30:00,114.900002
2026-01-07 09:45:00,102.589996
2026-01-07 10:00:00,116.559998
2026-01-07 10:15:00,109.010002
2026-01-07 10:30:00,105.839996
2026-01-07 10:45:00,101.839996
2026-01-07 11:00:00,102.110001
2026-01-07 11:15:00,99.599998
2026-01-07 11:30:00,98.300003
2026-01-07 11:45:00,99.730003
2026-01-07 12:00:00,98.860001
2026-01-07 12:15:00,96.010002
2026-01-07 12:30:00,96.300003
2026-01-07 12:45:00,94.099998
2026-01-07 13:00:00,97.910004
2026-01-07 13:15:00,93.620003
2026-01-07 13:30:00,89.779999
2026-01-07 13:45:00,91.309998
2026-01-07 14:00:00,91.190002
2026-01-07 14:15:00,94.309998
2026-01-07 14:30:00,94.089996
2026-01-07 14:45:00,101.269997
2026-01-07 15:00:00,95.860001
2026-01-07 15:15:00,102.809998
2026-01-07 15:30:00,105.760002
2026-01-07 15:45:00,102.919998
2026-01-07 16:00:00,101.860001
2026-01-07 16:15:00,101.839996
2026-01-07 16:30:00,107.599998
2026-01-07 16:45:00,114.239998
2026-01-07 17:00:00,118.18
2026-01-07 17:15:00,122.0
2026-01-07 17:30:00,129.0
2026-01-07 17:45:00,131.570007
2026-01-07 18:00:00,123.010002
2026-01-07 18:15:00,124.050003
2026-01-07 18:30:00,123.849998
2026-01-07 18:45:00,125.489998
2026-01-07 19:00:00,115.510002
2026-01-07 19:15:00,119.870003
2026-01-07 19:30:00,116.550003
2026-01-07 19:45:00,108.489998
2026-01-07 20:00:00,106.099998
2026-01-07 20:15:00,102.989998
2026-01-07 20:30:00,90.279999
2026-01-07 20:45:00,90.760002
2026-01-07 21:00:00,99.300003
2026-01-07 21:15:00,95.779999
2026-01-07 21:30:00,90.099998
2026-01-07 21:45:00,86.309998
2026-01-07 22:00:00,89.809998
2026-01-07 22:15:00,95.129997
2026-01-07 22:30:00,91.110001
2026-01-07 22:45:00,87.870003
2026-01-07 23:00:00,90.099998
2026-01-07 23:15:00,88.559998
2026-01-07 23:30:00,86.550003
2026-01-07 23:45:00,84.099998
2026-01-08 00:00:00,86.160004
2026-01-08 00:15:00,85.010002
2026-01-08 00:30:00,82.050003
2026-01-08 00:45:00,80.800003
2026-01-08 01:00:00,85.0
2026-01-08 01:15:00,82.589996
2026-01-08 01:30:00,83.18
2026-01-08 01:45:00,81.559998
2026-01-08 02:00:00,84.699997
2026-01-08 02:15:00,84.940002
2026-01-08 02:30:00,83.589996
2026-01-08 02:45:00,84.860001
2026-01-08 03:00:00,82.639999
2026-01-08 03:15:00,83.010002
2026-01-08 03:30:00,81.760002
2026-01-08 03:45:00,82.480003
2026-01-08 04:00:00,81.040001
2026-01-08 04:15:00,85.0
2026-01-08 04:30:00,87.389999
2026-01-08 04:45:00,87.629997
2026-01-08 05:00:00,85.260002
2026-01-08 05:15:00,87.050003
2026-01-08 05:30:00,88.599998
2026-01-08 05:45:00,90.639999
2026-01-08 06:00:00,86.360001
2026-01-08 06:15:00,88.529999
2026-01-08 06:30:00,103.790001
2026-01-08 06:45:00,112.839996
2026-01-08 07:00:00,103.269997
2026-01-08 07:15:00,109.040001
2026-01-08 07:30:00,132.520004
2026-01-08 07:45:00,162.020004
2026-01-08 08:00:00,167.869995
2026-01-08 08:15:00,166.529999
2026-01-08 08:30:00,168.529999
2026-01-08 08:45:00,172.309998
2026-01-08 09:00:00,181.0
2026-01-08 09:15:00,193.479996
2026-01-08 09:30:00,211.960007
2026-01-08 09:45:00,184.440002
2026-01-08 10:00:00,204.009995
2026-01-08 10:15:00,222.979996
2026-01-08 10:30:00,202.399994
2026-01-08 10:45:00,202.339996
2026-01-08 11:00:00,222.589996
2026-01-08 11:15:00,204.100006
2026-01-08 11:30:00,212.949997
2026-01-08 11:45:00,212.809998
2026-01-08 12:00:00,215.160004
2026-01-08 12:15:00,215.929993
2026-01-08 12:30:00,217.169998
2026-01-08 12:45:00,232.820007
2026-01-08 13:00:00,217.089996
2026-01-08 13:15:00,236.589996
2026-01-08 13:30:00,243.960007
2026-01-08 13:45:00,247.220001
2026-01-08 14:00:00,229.020004
2026-01-08 14:15:00,263.049988
2026-01-08 14:30:00,291.209991
2026-01-08 14:45:00,275.059998
2026-01-08 15:00:00,251.169998
2026-01-08 15:15:00,270.369995
2026-01-08 15:30:00,265.0
2026-01-08 15:45:00,271.130005
2026-01-08 16:00:00,224.460007
2026-01-08 16:15:00,241.009995
2026-01-08 16:30:00,272.440002
2026-01-08 16:45:00,300.049988
2026-01-08 17:00:00,254.570007
2026-01-08 17:15:00,261.059998
2026-01-08 17:30:00,224.839996
2026-01-08 17:45:00,194.940002
2026-01-08 18:00:00,270.089996
2026-01-08 18:15:00,200.990005
2026-01-08 18:30:00,181.0
2026-01-08 18:45:00,145.509995
2026-01-08 19:00:00,176.160004
2026-01-08 19:15:00,168.0
2026-01-08 19:30:00,116.849998
2026-01-08 19:45:00,95.980003
2026-01-08 20:00:00,129.800003
2026-01-08 20:15:00,105.599998
2026-01-08 20:30:00,88.290001
2026-01-08 20:45:00,84.809998
2026-01-08 21:00:00,104.360001
2026-01-08 21:15:00,97.629997
2026-01-08 21:30:00,90.769997
2026-01-08 21:45:00,85.169998
2026-01-08 22:00:00,103.93
2026-01-08 22:15:00,91.230003
2026-01-08 22:30:00,86.650002
2026-01-08 22:45:00,80.669998
2026-01-08 23:00:00,91.510002
2026-01-08 23:15:00,82.400002
2026-01-08 23:30:00,70.599998
2026-01-08 23:45:00,68.550003
2026-01-09 00:00:00,95.559998
2026-01-09 00:15:00,80.230003
2026-01-09 00:30:00,70.099998
2026-01-09 00:45:00,69.959999
2026-01-09 01:00:00,75.480003
2026-01-09 01:15:00,74.239998
2026-01-09 01:30:00,69.980003
2026-01-09 01:45:00,63.060001
2026-01-09 02:00:00,64.209999
2026-01-09 02:15:00,58.110001
2026-01-09 02:30:00,54.790001
2026-01-09 02:45:00,52.290001
2026-01-09 03:00:00,55.75
2026-01-09 03:15:00,51.029999
2026-01-09 03:30:00,50.09
2026-01-09 03:45:00,46.490002
2026-01-09 04:00:00,45.810001
2026-01-09 04:15:00,45.810001
2026-01-09 04:30:00,48.220001
2026-01-09 04:45:00,51.540001
2026-01-09 05:00:00,49.91
2026-01-09 05:15:00,53.349998
2026-01-09 05:30:00,59.380001
2026-01-09 05:45:00,63.66
2026-01-09 06:00:00,65.019997
2026-01-09 06:15:00,72.639999
2026-01-09 06:30:00,74.43
2026-01-09 06:45:00,78.330002
2026-01-09 07:00:00,77.25
2026-01-09 07:15:00,83.330002
2026-01-09 07:30:00,87.629997
2026-01-09 07:45:00,89.0
2026-01-09 08:00:00,87.169998
2026-01-09 08:15:00,91.480003
2026-01-09 08:30:00,92.18
2026-01-09 08:45:00,87.0
2026-01-09 09:00:00,91.279999
2026-01-09 09:15:00,88.989998
2026-01-09 09:30:00,86.57
2026-01-09 09:45:00,89.75
2026-01-09 10:00:00,93.489998
2026-01-09 10:15:00,89.57
2026-01-09 10:30:00,98.93
2026-01-09 10:45:00,93.730003
2026-01-09 11:00:00,88.940002
2026-01-09 11:15:00,87.18
2026-01-09 11:30:00,85.059998
2026-01-09 11:45:00,82.0
2026-01-09 12:00:00,83.830002
2026-01-09 12:15:00,82.169998
2026-01-09 12:30:00,83.959999
2026-01-09 12:45:00,82.099998
2026-01-09 13:00:00,84.919998
2026-01-09 13:15:00,82.75
2026-01-09 13:30:00,82.120003
2026-01-09 13:45:00,81.610001
2026-01-09 14:00:00,81.940002
2026-01-09 14:15:00,82.309998
2026-01-09 14:30:00,82.300003
2026-01-09 14:45:00,84.790001
2026-01-09 15:00:00,82.150002
2026-01-09 15:15:00,84.910004
2026-01-09 15:30:00,84.589996
2026-01-09 15:45:00,89.330002
2026-01-09 16:00:00,82.389999
2026-01-09 16:15:00,86.870003
2026-01-09 16:30:00,91.040001
2026-01-09 16:45:00,89.989998
2026-01-09 17:00:00,92.779999
2026-01-09 17:15:00,92.769997
2026-01-09 17:30:00,91.07
2026-01-09 17:45:00,93.459999
2026-01-09 18:00:00,88.239998
2026-01-09 18:15:00,89.980003
2026-01-09 18:30:00,90.220001
2026-01-09 18:45:00,85.709999
2026-01-09 19:00:00,86.309998
2026-01-09 19:15:00,83.580002
2026-01-09 19:30:00,83.110001
2026-01-09 19:45:00,82.209999
2026-01-09 20:00:00,83.550003
2026-01-09 20:15:00,82.790001
2026-01-09 20:30:00,82.150002
2026-01-09 20:45:00,82.720001
2026-01-09 21:00:00,84.209999
2026-01-09 21:15:00,82.139999
2026-01-09 21:30:00,79.480003
2026-01-09 21:45:00,75.419998
2026-01-09 22:00:00,83.989998
2026-01-09 22:15:00,80.730003
2026-01-09 22:30:00,80.059998
2026-01-09 22:45:00,75.57
2026-01-09 23:00:00,77.709999
2026-01-09 23:15:00,73.449997
2026-01-09 23:30:00,74.089996
2026-01-09 23:45:00,72.790001
2026-01-10 00:00:00,78.940002
2026-01-10 00:15:00,73.529999
2026-01-10 00:30:00,70.080002
2026-01-10 00:45:00,68.610001
2026-01-10 01:00:00,71.440002
2026-01-10 01:15:00,70.550003
2026-01-10 01:30:00,69.400002
2026-01-10 01:45:00,67.709999
2026-01-10 02:00:00,67.690002
2026-01-10 02:15:00,66.110001
2026-01-10 02:30:00,65.629997
2026-01-10 02:45:00,65.519997
2026-01-10 03:00:00,67.120003
2026-01-10 03:15:00,66.379997
2026-01-10 03:30:00,66.940002
2026-01-10 03:45:00,65.699997
2026-01-10 04:00:00,66.720001
2026-01-10 04:15:00,66.410004
2026-01-10 04:30:00,65.989998
2026-01-10 04:45:00,66.93
2026-01-10 05:00:00,66.269997
2026-01-10 05:15:00,67.290001
2026-01-10 05:30:00,69.470001
2026-01-10 05:45:00,70.809998
2026-01-10 06:00:00,66.400002
2026-01-10 06:15:00,68.599998
2026-01-10 06:30:00,71.400002
2026-01-10 06:45:00,73.440002
2026-01-10 07:00:00,70.190002
2026-01-10 07:15:00,75.610001
2026-01-10 07:30:00,79.040001
2026-01-10 07:45:00,81.82
2026-01-10 08:00:00,79.959999
2026-01-10 08:15:00,81.419998
2026-01-10 08:30:00,87.580002
2026-01-10 08:45:00,91.150002
2026-01-10 09:00:00,90.410004
2026-01-10 09:15:00,93.099998
2026-01-10 09:30:00,93.410004
2026-01-10 09:45:00,92.260002
2026-01-10 10:00:00,91.279999
2026-01-10 10:15:00,94.139999
2026-01-10 10:30:00,100.160004
2026-01-10 10:45:00,102.389999
2026-01-10 11:00:00,94.239998
2026-01-10 11:15:00,101.160004
2026-01-10 11:30:00,102.949997
2026-01-10 11:45:00,105.379997
2026-01-10 12:00:00,99.860001
2026-01-10 12:15:00,102.790001
2026-01-10 12:30:00,99.580002
2026-01-10 12:45:00,101.540001
2026-01-10 13:00:00,101.419998
2026-01-10 13:15:00,102.860001
2026-01-10 13:30:00,104.18
2026-01-10 13:45:00,110.410004
2026-01-10 14:00:00,105.339996
2026-01-10 14:15:00,107.43
2026-01-10 14:30:00,112.339996
2026-01-10 14:45:00,115.32
2026-01-10 15:00:00,107.25
2026-01-10 15:15:00,114.970001
2026-01-10 15:30:00,116.639999
2026-01-10 15:45:00,128.619995
2026-01-10 16:00:00,120.75
2026-01-10 16:15:00,124.949997
2026-01-10 16:30:00,123.589996
2026-01-10 16:45:00,142.740005
2026-01-10 17:00:00,133.990005
2026-01-10 17:15:00,139.070007
2026-01-10 17:30:00,142.080002
2026-01-10 17:45:00,142.970001
2026-01-10 18:00:00,143.570007
2026-01-10 18:15:00,137.990005
2026-01-10 18:30:00,136.559998
2026-01-10 18:45:00,129.520004
2026-01-10 19:00:00,134.869995
2026-01-10 19:15:00,129.520004
2026-01-10 19:30:00,125.360001
2026-01-10 19:45:00,123.470001
2026-01-10 20:00:00,129.050003
2026-01-10 20:15:00,120.720001
2026-01-10 20:30:00,118.959999
2026-01-10 20:45:00,113.230003
2026-01-10 21:00:00,118.489998
2026-01-10 21:15:00,114.440002
2026-01-10 21:30:00,114.389999
2026-01-10 21:45:00,105.519997
2026-01-10 22:00:00,114.459999
2026-01-10 22:15:00,113.809998
2026-01-10 22:30:00,103.330002
2026-01-10 22:45:00,99.120003
2026-01-10 23:00:00,101.760002
2026-01-10 23:15:00,97.5
2026-01-10 23:30:00,97.75
2026-01-10 23:45:00,95.779999
2026-01-11 00:00:00,108.199997
2026-01-11 00:15:00,97.720001
2026-01-11 00:30:00,93.699997
2026-01-11 00:45:00,87.989998
2026-01-11 01:00:00,98.989998
2026-01-11 01:15:00,92.550003
2026-01-11 01:30:00,90.910004
2026-01-11 01:45:00,88.540001
2026-01-11 02:00:00,91.989998
2026-01-11 02:15:00,89.089996
2026-01-11 02:30:00,86.199997
2026-01-11 02:45:00,84.860001
2026-01-11 03:00:00,84.18
2026-01-11 03:15:00,84.519997
2026-01-11 03:30:00,84.559998
2026-01-11 03:45:00,86.18
2026-01-11 04:00:00,85.040001
2026-01-11 04:15:00,83.029999
2026-01-11 04:30:00,81.419998
2026-01-11 04:45:00,81.230003
2026-01-11 05:00:00,81.639999
2026-01-11 05:15:00,81.639999
2026-01-11 05:30:00,82.199997
2026-01-11 05:45:00,83.559998
2026-01-11 06:00:00,80.980003
2026-01-11 06:15:00,81.730003
2026-01-11 06:30:00,81.720001
2026-01-11 06:45:00,82.279999
2026-01-11 07:00:00,81.129997
2026-01-11 07:15:00,82.459999
2026-01-11 07:30:00,85.68
2026-01-11 07:45:00,87.769997
2026-01-11 08:00:00,87.019997
2026-01-11 08:15:00,89.970001
2026-01-11 08:30:00,92.839996
2026-01-11 08:45:00,98.410004
2026-01-11 09:00:00,103.910004
2026-01-11 09:15:00,103.389999
2026-01-11 09:30:00,103.190002
2026-01-11 09:45:00,101.919998
2026-01-11 10:00:00,103.93
2026-01-11 10:15:00,101.68
2026-01-11 10:30:00,100.480003
2026-01-11 10:45:00,96.639999
2026-01-11 11:00:00,102.68
2026-01-11 11:15:00,100.639999
2026-01-11 11:30:00,99.970001
2026-01-11 11:45:00,96.379997
2026-01-11 12:00:00,99.709999
2026-01-11 12:15:00,97.970001
2026-01-11 12:30:00,98.330002
2026-01-11 12:45:00,92.339996
2026-01-11 13:00:00,98.660004
2026-01-11 13:15:00,93.730003
2026-01-11 13:30:00,96.360001
2026-01-11 13:45:00,97.32
2026-01-11 14:00:00,96.300003
2026-01-11 14:15:00,98.309998
2026-01-11 14:30:00,100.900002
2026-01-11 14:45:00,100.0
2026-01-11 15:00:00,90.209999
2026-01-11 15:15:00,99.0
2026-01-11 15:30:00,107.230003
2026-01-11 15:45:00,108.660004
2026-01-11 16:00:00,102.720001
2026-01-11 16:15:00,110.559998
2026-01-11 16:30:00,113.099998
2026-01-11 16:45:00,120.639999
2026-01-11 17:00:00,114.290001
2026-01-11 17:15:00,117.860001
2026-01-11 17:30:00,117.519997
2026-01-11 17:45:00,115.330002
2026-01-11 18:00:00,118.279999
2026-01-11 18:15:00,115.190002
2026-01-11 18:30:00,109.169998
2026-01-11 18:45:00,106.349998
2026-01-11 19:00:00,107.540001
2026-01-11 19:15:00,107.43
2026-01-11 19:30:00,106.220001
2026-01-11 19:45:00,103.639999
2026-01-11 20:00:00,104.099998
2026-01-11 20:15:00,97.82
2026-01-11 20:30:00,93.970001
2026-01-11 20:45:00,88.269997
2026-01-11 21:00:00,100.57
2026-01-11 21:15:00,94.239998
2026-01-11 21:30:00,94.169998
2026-01-11 21:45:00,90.410004
2026-01-11 22:00:00,96.540001
2026-01-11 22:15:00,93.010002
2026-01-11 22:30:00,92.089996
2026-01-11 22:45:00,89.110001
2026-01-11 23:00:00,89.260002
2026-01-11 23:15:00,85.940002
2026-01-11 23:30:00,83.660004
2026-01-11 23:45:00,80.940002
2026-01-12 00:00:00,79.720001
2026-01-12 00:15:00,78.699997
2026-01-12 00:30:00,78.610001
2026-01-12 00:45:00,76.129997
2026-01-12 01:00:00,81.940002
2026-01-12 01:15:00,79.019997
2026-01-12 01:30:00,76.129997
2026-01-12 01:45:00,74.769997
2026-01-12 02:00:00,79.169998
2026-01-12 02:15:00,78.75
2026-01-12 02:30:00,78.459999
2026-01-12 02:45:00,75.830002
2026-01-12 03:00:00,71.900002
2026-01-12 03:15:00,71.239998
2026-01-12 03:30:00,69.879997
2026-01-12 03:45:00,67.660004
2026-01-12 04:00:00,71.489998
2026-01-12 04:15:00,70.169998
2026-01-12 04:30:00,72.639999
2026-01-12 04:45:00,72.57
2026-01-12 05:00:00,71.75
2026-01-12 05:15:00,69.830002
2026-01-12 05:30:00,74.940002
2026-01-12 05:45:00,79.32
2026-01-12 06:00:00,71.18
2026-01-12 06:15:00,81.519997
2026-01-12 06:30:00,81.459999
2026-01-12 06:45:00,83.18
2026-01-12 07:00:00,78.379997
2026-01-12 07:15:00,80.199997
2026-01-12 07:30:00,80.290001
2026-01-12 07:45:00,77.0
2026-01-12 08:00:00,87.889999
2026-01-12 08:15:00,90.059998
2026-01-12 08:30:00,93.68
2026-01-12 08:45:00,86.550003
2026-01-12 09:00:00,93.410004
2026-01-12 09:15:00,87.0
2026-01-12 09:30:00,91.099998
2026-01-12 09:45:00,93.699997
2026-01-12 10:00:00,83.790001
2026-01-12 10:15:00,80.110001
2026-01-12 10:30:00,83.540001
2026-01-12 10:45:00,84.18
2026-01-12 11:00:00,86.989998
2026-01-12 11:15:00,78.0
2026-01-12 11:30:00,78.510002
2026-01-12 11:45:00,92.5
2026-01-12 12:00:00,91.949997
2026-01-12 12:15:00,93.559998
2026-01-12 12:30:00,94.099998
2026-01-12 12:45:00,96.980003
2026-01-12 13:00:00,105.010002
2026-01-12 13:15:00,100.07
2026-01-12 13:30:00,100.370003
2026-01-12 13:45:00,101.120003
2026-01-12 14:00:00,93.699997
2026-01-12 14:15:00,102.029999
2026-01-12 14:30:00,105.57
2026-01-12 14:45:00,102.800003
2026-01-12 15:00:00,91.470001
2026-01-12 15:15:00,93.629997
2026-01-12 15:30:00,95.110001
2026-01-12 15:45:00,98.389999
2026-01-12 16:00:00,107.290001
2026-01-12 16:15:00,110.900002
2026-01-12 16:30:00,115.190002
2026-01-12 16:45:00,117.989998
2026-01-12 17:00:00,122.690002
2026-01-12 17:15:00,120.25
2026-01-12 17:30:00,116.82
2026-01-12 17:45:00,114.949997
2026-01-12 18:00:00,123.209999
2026-01-12 18:15:00,116.900002
2026-01-12 18:30:00,107.099998
2026-01-12 18:45:00,116.059998
2026-01-12 19:00:00,105.0
2026-01-12 19:15:00,104.150002
2026-01-12 19:30:00,102.540001
2026-01-12 19:45:00,97.660004
2026-01-12 20:00:00,102.239998
2026-01-12 20:15:00,94.489998
2026-01-12 20:30:00,90.099998
2026-01-12 20:45:00,86.459999
2026-01-12 21:00:00,96.089996
2026-01-12 21:15:00,91.019997
2026-01-12 21:30:00,87.809998
2026-01-12 21:45:00,90.830002
2026-01-12 22:00:00,92.370003
2026-01-12 22:15:00,89.910004
2026-01-12 22:30:00,88.629997
2026-01-12 22:45:00,89.080002
2026-01-12 23:00:00,88.93
2026-01-12 23:15:00,85.519997
2026-01-12 23:30:00,83.5
2026-01-12 23:45:00,80.400002
2026-01-13 00:00:00,87.459999
2026-01-13 00:15:00,85.0
2026-01-13 00:30:00,83.099998
2026-01-13 00:45:00,81.660004
2026-01-13 01:00:00,84.959999
2026-01-13 01:15:00,83.07
2026-01-13 01:30:00,82.220001
2026-01-13 01:45:00,80.510002
2026-01-13 02:00:00,83.510002
2026-01-13 02:15:00,82.260002
2026-01-13 02:30:00,82.360001
2026-01-13 02:45:00,82.610001
2026-01-13 03:00:00,83.449997
2026-01-13 03:15:00,83.879997
2026-01-13 03:30:00,84.57
2026-01-13 03:45:00,84.449997
2026-01-13 04:00:00,84.580002
2026-01-13 04:15:00,85.160004
2026-01-13 04:30:00,85.769997
2026-01-13 04:45:00,89.160004
2026-01-13 05:00:00,83.379997
2026-01-13 05:15:00,85.839996
2026-01-13 05:30:00,86.900002
2026-01-13 05:45:00,88.18
2026-01-13 06:00:00,86.330002
2026-01-13 06:15:00,93.269997
2026-01-13 06:30:00,98.110001
2026-01-13 06:45:00,109.160004
2026-01-13 07:00:00,94.949997
2026-01-13 07:15:00,120.690002
2026-01-13 07:30:00,122.050003
2026-01-13 07:45:00,126.25
2026-01-13 08:00:00,121.550003
2026-01-13 08:15:00,127.989998
2026-01-13 08:30:00,138.729996
2026-01-13 08:45:00,129.789993
2026-01-13 09:00:00,140.869995
2026-01-13 09:15:00,133.729996
2026-01-13 09:30:00,129.690002
2026-01-13 09:45:00,124.809998
2026-01-13 10:00:00,153.740005
2026-01-13 10:15:00,146.889999
2026-01-13 10:30:00,137.449997
2026-01-13 10:45:00,129.460007
2026-01-13 11:00:00,125.0
2026-01-13 11:15:00,126.230003
2026-01-13 11:30:00,125.0
2026-01-13 11:45:00,119.18
2026-01-13 12:00:00,122.07
2026-01-13 12:15:00,117.589996
2026-01-13 12:30:00,115.980003
2026-01-13 12:45:00,115.059998
2026-01-13 13:00:00,117.43
2026-01-13 13:15:00,114.769997
2026-01-13 13:30:00,111.330002
2026-01-13 13:45:00,108.379997
2026-01-13 14:00:00,119.260002
2026-01-13 14:15:00,120.029999
2026-01-13 14:30:00,122.309998
2026-01-13 14:45:00,127.330002
2026-01-13 15:00:00,112.980003
2026-01-13 15:15:00,125.0
2026-01-13 15:30:00,122.0
2026-01-13 15:45:00,122.080002
2026-01-13 16:00:00,113.690002
2026-01-13 16:15:00,122.0
2026-01-13 16:30:00,122.0
2026-01-13 16:45:00,128.619995
2026-01-13 17:00:00,122.889999
2026-01-13 17:15:00,125.620003
2026-01-13 17:30:00,123.879997
2026-01-13 17:45:00,122.040001
2026-01-13 18:00:00,121.489998
2026-01-13 18:15:00,113.540001
2026-01-13 18:30:00,108.510002
2026-01-13 18:45:00,103.760002
2026-01-13 19:00:00,113.019997
2026-01-13 19:15:00,102.160004
2026-01-13 19:30:00,92.150002
2026-01-13 19:45:00,87.419998
2026-01-13 20:00:00,100.849998
2026-01-13 20:15:00,89.029999
2026-01-13 20:30:00,87.82
2026-01-13 20:45:00,86.099998
2026-01-13 21:00:00,91.93
2026-01-13 21:15:00,93.699997
2026-01-13 21:30:00,87.510002
2026-01-13 21:45:00,83.290001
2026-01-13 22:00:00,90.970001
2026-01-13 22:15:00,87.040001
2026-01-13 22:30:00,87.0
2026-01-13 22:45:00,84.25
2026-01-13 23:00:00,88.089996
2026-01-13 23:15:00,82.910004
2026-01-13 23:30:00,79.910004
2026-01-13 23:45:00,72.010002
2026-01-14 00:00:00,89.400002
2026-01-14 00:15:00,87.32
2026-01-14 00:30:00,82.959999
2026-01-14 00:45:00,82.57
2026-01-14 01:00:00,84.93
2026-01-14 01:15:00,83.919998
2026-01-14 01:30:00,84.529999
2026-01-14 01:45:00,83.800003
2026-01-14 02:00:00,86.480003
2026-01-14 02:15:00,85.849998
2026-01-14 02:30:00,85.900002
2026-01-14 02:45:00,85.279999
2026-01-14 03:00:00,86.010002
2026-01-14 03:15:00,86.290001
2026-01-14 03:30:00,86.150002
2026-01-14 03:45:00,86.199997
2026-01-14 04:00:00,85.470001
2026-01-14 04:15:00,86.5
2026-01-14 04:30:00,88.239998
2026-01-14 04:45:00,90.370003
2026-01-14 05:00:00,89.669998
2026-01-14 05:15:00,89.769997
2026-01-14 05:30:00,89.620003
2026-01-14 05:45:00,89.559998
2026-01-14 06:00:00,87.57
2026-01-14 06:15:00,93.400002
2026-01-14 06:30:00,94.989998
2026-01-14 06:45:00,96.900002
2026-01-14 07:00:00,95.589996
2026-01-14 07:15:00,100.050003
2026-01-14 07:30:00,104.599998
2026-01-14 07:45:00,120.32
2026-01-14 08:00:00,121.720001
2026-01-14 08:15:00,130.940002
2026-01-14 08:30:00,131.710007
2026-01-14 08:45:00,131.460007
2026-01-14 09:00:00,143.020004
2026-01-14 09:15:00,137.449997
2026-01-14 09:30:00,128.259995
2026-01-14 09:45:00,119.400002
2026-01-14 10:00:00,125.43
2026-01-14 10:15:00,117.410004
2026-01-14 10:30:00,112.300003
2026-01-14 10:45:00,110.669998
2026-01-14 11:00:00,111.849998
2026-01-14 11:15:00,109.050003
2026-01-14 11:30:00,105.400002
2026-01-14 11:45:00,103.82
2026-01-14 12:00:00,104.669998
2026-01-14 12:15:00,102.860001
2026-01-14 12:30:00,103.610001
2026-01-14 12:45:00,102.760002
2026-01-14 13:00:00,102.739998
2026-01-14 13:15:00,101.900002
2026-01-14 13:30:00,103.019997
2026-01-14 13:45:00,106.739998
2026-01-14 14:00:00,100.209999
2026-01-14 14:15:00,107.25
2026-01-14 14:30:00,121.440002
2026-01-14 14:45:00,131.270004
2026-01-14 15:00:00,115.769997
2026-01-14 15:15:00,125.75
2026-01-14 15:30:00,153.479996
2026-01-14 15:45:00,157.110001
2026-01-14 16:00:00,112.18
2026-01-14 16:15:00,132.779999
2026-01-14 16:30:00,153.399994
2026-01-14 16:45:00,200.210007
2026-01-14 17:00:00,185.729996
2026-01-14 17:15:00,206.919998
2026-01-14 17:30:00,236.320007
2026-01-14 17:45:00,245.199997
2026-01-14 18:00:00,185.889999
2026-01-14 18:15:00,179.850006
2026-01-14 18:30:00,175.449997
2026-01-14 18:45:00,182.039993
2026-01-14 19:00:00,187.800003
2026-01-14 19:15:00,161.009995
2026-01-14 19:30:00,147.380005
2026-01-14 19:45:00,136.690002
2026-01-14 20:00:00,148.610001
2026-01-14 20:15:00,132.550003
2026-01-14 20:30:00,126.760002
2026-01-14 20:45:00,110.440002
2026-01-14 21:00:00,118.169998
2026-01-14 21:15:00,111.129997
2026-01-14 21:30:00,107.730003
2026-01-14 21:45:00,102.0
2026-01-14 22:00:00,108.010002
2026-01-14 22:15:00,104.970001
2026-01-14 22:30:00,102.730003
2026-01-14 22:45:00,97.989998
2026-01-14 23:00:00,105.339996
2026-01-14 23:15:00,98.330002
2026-01-14 23:30:00,94.139999
2026-01-14 23:45:00,89.760002
2026-01-15 00:00:00,110.339996
2026-01-15 00:15:00,103.510002
2026-01-15 00:30:00,95.769997
2026-01-15 00:45:00,92.839996
2026-01-15 01:00:00,98.480003
2026-01-15 01:15:00,95.019997
2026-01-15 01:30:00,92.650002
2026-01-15 01:45:00,90.040001
2026-01-15 02:00:00,94.230003
2026-01-15 02:15:00,89.629997
2026-01-15 02:30:00,87.0
2026-01-15 02:45:00,86.5
2026-01-15 03:00:00,86.559998
2026-01-15 03:15:00,85.699997
2026-01-15 03:30:00,84.5
2026-01-15 03:45:00,82.470001
2026-01-15 04:00:00,82.519997
2026-01-15 04:15:00,82.360001
2026-01-15 04:30:00,82.769997
2026-01-15 04:45:00,84.07
2026-01-15 05:00:00,84.0
2026-01-15 05:15:00,84.0
2026-01-15 05:30:00,86.510002
2026-01-15 05:45:00,88.82
2026-01-15 06:00:00,93.25
2026-01-15 06:15:00,95.480003
2026-01-15 06:30:00,97.220001
2026-01-15 06:45:00,97.989998
2026-01-15 07:00:00,99.110001
2026-01-15 07:15:00,101.940002
2026-01-15 07:30:00,105.68
2026-01-15 07:45:00,106.050003
2026-01-15 08:00:00,101.239998
2026-01-15 08:15:00,102.93
2026-01-15 08:30:00,102.720001
2026-01-15 08:45:00,101.949997
2026-01-15 09:00:00,106.470001
2026-01-15 09:15:00,102.82
2026-01-15 09:30:00,99.68
2026-01-15 09:45:00,96.0
2026-01-15 10:00:00,105.709999
2026-01-15 10:15:00,101.739998
2026-01-15 10:30:00,97.510002
2026-01-15 10:45:00,95.059998
2026-01-15 11:00:00,101.669998
2026-01-15 11:15:00,98.279999
2026-01-15 11:30:00,96.510002
2026-01-15 11:45:00,94.989998
2026-01-15 12:00:00,96.510002
2026-01-15 12:15:00,93.970001
2026-01-15 12:30:00,94.150002
2026-01-15 12:45:00,96.5
2026-01-15 13:00:00,98.440002
2026-01-15 13:15:00,100.139999
2026-01-15 13:30:00,101.68
2026-01-15 13:45:00,102.199997
2026-01-15 14:00:00,101.400002
2026-01-15 14:15:00,105.0
2026-01-15 14:30:00,104.190002
2026-01-15 14:45:00,111.989998
2026-01-15 15:00:00,103.209999
2026-01-15 15:15:00,120.080002
2026-01-15 15:30:00,127.089996
2026-01-15 15:45:00,142.0
2026-01-15 16:00:00,123.800003
2026-01-15 16:15:00,134.350006
2026-01-15 16:30:00,138.020004
2026-01-15 16:45:00,144.399994
2026-01-15 17:00:00,151.179993
2026-01-15 17:15:00,154.919998
2026-01-15 17:30:00,143.880005
2026-01-15 17:45:00,132.0
2026-01-15 18:00:00,133.490005
2026-01-15 18:15:00,116.489998
2026-01-15 18:30:00,117.519997
2026-01-15 18:45:00,111.480003
2026-01-15 19:00:00,112.209999
2026-01-15 19:15:00,104.080002
2026-01-15 19:30:00,103.300003
2026-01-15 19:45:00,102.379997
2026-01-15 20:00:00,100.769997
2026-01-15 20:15:00,99.82
2026-01-15 20:30:00,97.239998
2026-01-15 20:45:00,93.519997
2026-01-15 21:00:00,93.059998
2026-01-15 21:15:00,90.489998
2026-01-15 21:30:00,90.080002
2026-01-15 21:45:00,90.050003
2026-01-15 22:00:00,93.669998
2026-01-15 22:15:00,88.620003
2026-01-15 22:30:00,87.739998
2026-01-15 22:45:00,82.720001
2026-01-15 23:00:00,90.0
2026-01-15 23:15:00,84.120003
2026-01-15 23:30:00,81.900002
2026-01-15 23:45:00,68.599998
2026-01-16 00:00:00,89.620003
2026-01-16 00:15:00,83.370003
2026-01-16 00:30:00,76.330002
2026-01-16 00:45:00,74.57
2026-01-16 01:00:00,78.989998
2026-01-16 01:15:00,75.160004
2026-01-16 01:30:00,74.199997
2026-01-16 01:45:00,71.650002
2026-01-16 02:00:00,72.879997
2026-01-16 02:15:00,72.07
2026-01-16 02:30:00,69.099998
2026-01-16 02:45:00,68.169998
2026-01-16 03:00:00,67.459999
2026-01-16 03:15:00,66.760002
2026-01-16 03:30:00,67.110001
2026-01-16 03:45:00,67.589996
2026-01-16 04:00:00,68.910004
2026-01-16 04:15:00,69.07
2026-01-16 04:30:00,71.349998
2026-01-16 04:45:00,73.900002
2026-01-16 05:00:00,58.84
2026-01-16 05:15:00,60.860001
2026-01-16 05:30:00,61.049999
2026-01-16 05:45:00,67.959999
2026-01-16 06:00:00,56.220001
2026-01-16 06:15:00,59.82
2026-01-16 06:30:00,68.599998
2026-01-16 06:45:00,62.57
2026-01-16 07:00:00,79.029999
2026-01-16 07:15:00,70.540001
2026-01-16 07:30:00,74.580002
2026-01-16 07:45:00,74.0
2026-01-16 08:00:00,65.519997
2026-01-16 08:15:00,66.099998
2026-01-16 08:30:00,64.269997
2026-01-16 08:45:00,60.189999
2026-01-16 09:00:00,58.150002
2026-01-16 09:15:00,56.259998
2026-01-16 09:30:00,55.720001
2026-01-16 09:45:00,53.810001
2026-01-16 10:00:00,60.119999
2026-01-16 10:15:00,61.700001
2026-01-16 10:30:00,63.189999
2026-01-16 10:45:00,63.75
2026-01-16 11:00:00,76.419998
2026-01-16 11:15:00,77.589996
2026-01-16 11:30:00,77.419998
2026-01-16 11:45:00,63.599998
2026-01-16 12:00:00,89.800003
2026-01-16 12:15:00,89.989998
2026-01-16 12:30:00,80.400002
2026-01-16 12:45:00,75.0
2026-01-16 13:00:00,88.290001
2026-01-16 13:15:00,89.089996
2026-01-16 13:30:00,95.389999
2026-01-16 13:45:00,97.059998
2026-01-16 14:00:00,87.389999
2026-01-16 14:15:00,92.279999
2026-01-16 14:30:00,102.540001
2026-01-16 14:45:00,124.440002
2026-01-16 15:00:00,95.709999
2026-01-16 15:15:00,98.550003
2026-01-16 15:30:00,109.18
2026-01-16 15:45:00,156.600006
2026-01-16 16:00:00,90.239998
2026-01-16 16:15:00,120.690002
2026-01-16 16:30:00,127.050003
2026-01-16 16:45:00,160.600006
2026-01-16 17:00:00,133.929993
2026-01-16 17:15:00,150.429993
2026-01-16 17:30:00,152.929993
2026-01-16 17:45:00,140.889999
2026-01-16 18:00:00,168.020004
2026-01-16 18:15:00,156.389999
2026-01-16 18:30:00,162.350006
2026-01-16 18:45:00,159.380005
2026-01-16 19:00:00,165.360001
2026-01-16 19:15:00,154.649994
2026-01-16 19:30:00,150.169998
2026-01-16 19:45:00,149.039993
2026-01-16 20:00:00,141.240005
2026-01-16 20:15:00,141.0
2026-01-16 20:30:00,135.350006
2026-01-16 20:45:00,117.050003
2026-01-16 21:00:00,124.970001
2026-01-16 21:15:00,124.559998
2026-01-16 21:30:00,115.620003
2026-01-16 21:45:00,105.300003
2026-01-16 22:00:00,125.760002
2026-01-16 22:15:00,116.830002
2026-01-16 22:30:00,117.0
2026-01-16 22:45:00,111.230003
2026-01-16 23:00:00,119.660004
2026-01-16 23:15:00,104.32
2026-01-16 23:30:00,98.089996
2026-01-16 23:45:00,94.610001
2026-01-17 00:00:00,117.989998
2026-01-17 00:15:00,109.010002
2026-01-17 00:30:00,98.0
2026-01-17 00:45:00,93.639999
2026-01-17 01:00:00,107.959999
2026-01-17 01:15:00,102.580002
2026-01-17 01:30:00,98.620003
2026-01-17 01:45:00,95.989998
2026-01-17 02:00:00,102.230003
2026-01-17 02:15:00,100.029999
2026-01-17 02:30:00,96.459999
2026-01-17 02:45:00,94.220001
2026-01-17 03:00:00,95.339996
2026-01-17 03:15:00,98.379997
2026-01-17 03:30:00,95.239998
2026-01-17 03:45:00,95.589996
2026-01-17 04:00:00,95.300003
2026-01-17 04:15:00,95.010002
2026-01-17 04:30:00,95.07
2026-01-17 04:45:00,95.370003
2026-01-17 05:00:00,95.300003
2026-01-17 05:15:00,94.309998
2026-01-17 05:30:00,95.940002
2026-01-17 05:45:00,95.419998
2026-01-17 06:00:00,97.870003
2026-01-17 06:15:00,92.110001
2026-01-17 06:30:00,96.470001
2026-01-17 06:45:00,96.959999
2026-01-17 07:00:00,94.18
2026-01-17 07:15:00,97.760002
2026-01-17 07:30:00,99.879997
2026-01-17 07:45:00,104.93
2026-01-17 08:00:00,95.980003
2026-01-17 08:15:00,106.849998
2026-01-17 08:30:00,109.940002
2026-01-17 08:45:00,111.110001
2026-01-17 09:00:00,118.559998
2026-01-17 09:15:00,120.860001
2026-01-17 09:30:00,116.449997
2026-01-17 09:45:00,110.75
2026-01-17 10:00:00,123.43
2026-01-17 10:15:00,116.029999
2026-01-17 10:30:00,111.709999
2026-01-17 10:45:00,109.230003
2026-01-17 11:00:00,112.839996
2026-01-17 11:15:00,112.110001
2026-01-17 11:30:00,111.599998
2026-01-17 11:45:00,109.879997
2026-01-17 12:00:00,112.910004
2026-01-17 12:15:00,110.989998
2026-01-17 12:30:00,112.919998
2026-01-17 12:45:00,110.970001
2026-01-17 13:00:00,109.900002
2026-01-17 13:15:00,108.779999
2026-01-17 13:30:00,107.900002
2026-01-17 13:45:00,107.980003
2026-01-17 14:00:00,107.809998
2026-01-17 14:15:00,109.779999
2026-01-17 14:30:00,113.769997
2026-01-17 14:45:00,119.910004
2026-01-17 15:00:00,115.010002
2026-01-17 15:15:00,120.889999
2026-01-17 15:30:00,126.620003
2026-01-17 15:45:00,128.559998
2026-01-17 16:00:00,127.099998
2026-01-17 16:15:00,137.979996
2026-01-17 16:30:00,138.860001
2026-01-17 16:45:00,139.160004
2026-01-17 17:00:00,137.300003
2026-01-17 17:15:00,139.910004
2026-01-17 17:30:00,140.940002
2026-01-17 17:45:00,145.5
2026-01-17 18:00:00,140.490005
2026-01-17 18:15:00,140.490005
2026-01-17 18:30:00,145.610001
2026-01-17 18:45:00,144.800003
2026-01-17 19:00:00,141.800003
2026-01-17 19:15:00,141.050003
2026-01-17 19:30:00,140.139999
2026-01-17 19:45:00,131.360001
2026-01-17 20:00:00,135.240005
2026-01-17 20:15:00,119.190002
2026-01-17 20:30:00,117.260002
2026-01-17 20:45:00,107.959999
2026-01-17 21:00:00,116.809998
2026-01-17 21:15:00,111.639999
2026-01-17 21:30:00,103.760002
2026-01-17 21:45:00,99.010002
2026-01-17 22:00:00,108.970001
2026-01-17 22:15:00,104.339996
2026-01-17 22:30:00,109.830002
2026-01-17 22:45:00,113.330002
2026-01-17 23:00:00,115.989998
2026-01-17 23:15:00,109.0
2026-01-17 23:30:00,104.129997
2026-01-17 23:45:00,98.970001
2026-01-18 00:00:00,115.239998
2026-01-18 00:15:00,112.949997
2026-01-18 00:30:00,108.669998
2026-01-18 00:45:00,106.0
2026-01-18 01:00:00,112.989998
2026-01-18 01:15:00,109.160004
2026-01-18 01:30:00,107.089996
2026-01-18 01:45:00,107.519997
2026-01-18 02:00:00,111.230003
2026-01-18 02:15:00,109.169998
2026-01-18 02:30:00,104.940002
2026-01-18 02:45:00,104.220001
2026-01-18 03:00:00,103.830002
2026-01-18 03:15:00,103.0
2026-01-18 03:30:00,101.730003
2026-01-18 03:45:00,101.599998
2026-01-18 04:00:00,102.989998
2026-01-18 04:15:00,102.620003
2026-01-18 04:30:00,101.730003
2026-01-18 04:45:00,101.599998
2026-01-18 05:00:00,101.43
2026-01-18 05:15:00,101.599998
2026-01-18 05:30:00,102.300003
2026-01-18 05:45:00,102.989998
2026-01-18 06:00:00,100.199997
2026-01-18 06:15:00,101.220001
2026-01-18 06:30:00,101.220001
2026-01-18 06:45:00,101.550003
2026-01-18 07:00:00,100.120003
2026-01-18 07:15:00,99.07
2026-01-18 07:30:00,100.120003
2026-01-18 07:45:00,101.980003
2026-01-18 08:00:00,103.82
2026-01-18 08:15:00,105.300003
2026-01-18 08:30:00,107.129997
2026-01-18 08:45:00,105.489998
2026-01-18 09:00:00,114.959999
2026-01-18 09:15:00,106.900002
2026-01-18 09:30:00,105.18
2026-01-18 09:45:00,102.589996
2026-01-18 10:00:00,105.309998
2026-01-18 10:15:00,103.199997
2026-01-18 10:30:00,101.029999
2026-01-18 10:45:00,98.099998
2026-01-18 11:00:00,98.349998
2026-01-18 11:15:00,99.720001
2026-01-18 11:30:00,98.099998
2026-01-18 11:45:00,97.760002
2026-01-18 12:00:00,98.0
2026-01-18 12:15:00,96.589996
2026-01-18 12:30:00,96.529999
2026-01-18 12:45:00,96.300003
2026-01-18 13:00:00,96.129997
2026-01-18 13:15:00,96.739998
2026-01-18 13:30:00,97.199997
2026-01-18 13:45:00,97.779999
2026-01-18 14:00:00,98.0
2026-01-18 14:15:00,100.370003
2026-01-18 14:30:00,102.169998
2026-01-18 14:45:00,102.839996
2026-01-18 15:00:00,101.459999
2026-01-18 15:15:00,103.400002
2026-01-18 15:30:00,105.43
2026-01-18 15:45:00,111.910004
2026-01-18 16:00:00,106.099998
2026-01-18 16:15:00,116.889999
2026-01-18 16:30:00,117.150002
2026-01-18 16:45:00,119.360001
2026-01-18 17:00:00,117.669998
2026-01-18 17:15:00,127.190002
2026-01-18 17:30:00,134.470001
2026-01-18 17:45:00,140.639999
2026-01-18 18:00:00,139.089996
2026-01-18 18:15:00,142.490005
2026-01-18 18:30:00,146.199997
2026-01-18 18:45:00,138.0
2026-01-18 19:00:00,139.320007
2026-01-18 19:15:00,127.290001
2026-01-18 19:30:00,118.800003
2026-01-18 19:45:00,109.730003
2026-01-18 20:00:00,125.160004
2026-01-18 20:15:00,120.93
2026-01-18 20:30:00,113.239998
2026-01-18 20:45:00,104.349998
2026-01-18 21:00:00,114.989998
2026-01-18 21:15:00,108.199997
2026-01-18 21:30:00,103.230003
2026-01-18 21:45:00,101.529999
2026-01-18 22:00:00,120.099998
2026-01-18 22:15:00,103.059998
2026-01-18 22:30:00,102.43
2026-01-18 22:45:00,101.160004
2026-01-18 23:00:00,110.0
2026-01-18 23:15:00,104.589996
2026-01-18 23:30:00,100.330002
2026-01-18 23:45:00,100.010002
2026-01-19 00:00:00,104.800003
2026-01-19 00:15:00,101.599998
2026-01-19 00:30:00,99.919998
2026-01-19 00:45:00,98.279999
2026-01-19 01:00:00,100.199997
2026-01-19 01:15:00,101.080002
2026-01-19 01:30:00,100.889999
2026-01-19 01:45:00,99.589996
2026-01-19 02:00:00,102.120003
2026-01-19 02:15:00,100.989998
2026-01-19 02:30:00,100.209999
2026-01-19 02:45:00,100.010002
2026-01-19 03:00:00,100.480003
2026-01-19 03:15:00,100.540001
2026-01-19 03:30:00,100.209999
2026-01-19 03:45:00,100.519997
2026-01-19 04:00:00,99.449997
2026-01-19 04:15:00,100.220001
2026-01-19 04:30:00,100.519997
2026-01-19 04:45:00,100.349998
2026-01-19 05:00:00,97.699997
2026-01-19 05:15:00,100.160004
2026-01-19 05:30:00,101.050003
2026-01-19 05:45:00,111.209999
2026-01-19 06:00:00,107.400002
2026-01-19 06:15:00,122.239998
2026-01-19 06:30:00,130.570007
2026-01-19 06:45:00,144.149994
2026-01-19 07:00:00,142.289993
2026-01-19 07:15:00,157.410004
2026-01-19 07:30:00,171.839996
2026-01-19 07:45:00,172.789993
2026-01-19 08:00:00,177.339996
2026-01-19 08:15:00,184.479996
2026-01-19 08:30:00,177.110001
2026-01-19 08:45:00,165.0
2026-01-19 09:00:00,190.199997
2026-01-19 09:15:00,171.029999
2026-01-19 09:30:00,151.850006
2026-01-19 09:45:00,134.669998
2026-01-19 10:00:00,156.809998
2026-01-19 10:15:00,139.350006
2026-01-19 10:30:00,128.130005
2026-01-19 10:45:00,119.400002
2026-01-19 11:00:00,129.289993
2026-01-19 11:15:00,122.089996
2026-01-19 11:30:00,121.309998
2026-01-19 11:45:00,119.330002
2026-01-19 12:00:00,120.260002
2026-01-19 12:15:00,116.720001
2026-01-19 12:30:00,119.629997
2026-01-19 12:45:00,120.230003
2026-01-19 13:00:00,119.0
2026-01-19 13:15:00,121.339996
2026-01-19 13:30:00,125.910004
2026-01-19 13:45:00,133.759995
2026-01-19 14:00:00,120.68
2026-01-19 14:15:00,139.0
2026-01-19 14:30:00,147.669998
2026-01-19 14:45:00,170.050003
2026-01-19 15:00:00,135.0
2026-01-19 15:15:00,159.779999
2026-01-19 15:30:00,176.259995
2026-01-19 15:45:00,209.130005
2026-01-19 16:00:00,171.539993
2026-01-19 16:15:00,196.470001
2026-01-19 16:30:00,210.889999
2026-01-19 16:45:00,215.699997
2026-01-19 17:00:00,227.679993
2026-01-19 17:15:00,242.25
2026-01-19 17:30:00,233.460007
2026-01-19 17:45:00,206.369995
2026-01-19 18:00:00,209.990005
2026-01-19 18:15:00,191.929993
2026-01-19 18:30:00,198.830002
2026-01-19 18:45:00,199.470001
2026-01-19 19:00:00,192.929993
2026-01-19 19:15:00,182.960007
2026-01-19 19:30:00,177.630005
2026-01-19 19:45:00,170.330002
2026-01-19 20:00:00,166.520004
2026-01-19 20:15:00,160.210007
2026-01-19 20:30:00,158.350006
2026-01-19 20:45:00,144.460007
2026-01-19 21:00:00,141.009995
2026-01-19 21:15:00,137.949997
2026-01-19 21:30:00,134.720001
2026-01-19 21:45:00,127.0
2026-01-19 22:00:00,131.460007
2026-01-19 22:15:00,127.760002
2026-01-19 22:30:00,126.470001
2026-01-19 22:45:00,119.919998
2026-01-19 23:00:00,122.639999
2026-01-19 23:15:00,115.010002
2026-01-19 23:30:00,107.940002
2026-01-19 23:45:00,104.290001
2026-01-20 00:00:00,114.059998
2026-01-20 00:15:00,117.5
2026-01-20 00:30:00,115.139999
2026-01-20 00:45:00,113.540001
2026-01-20 01:00:00,115.040001
2026-01-20 01:15:00,114.970001
2026-01-20 01:30:00,114.900002
2026-01-20 01:45:00,112.43
2026-01-20 02:00:00,110.040001
2026-01-20 02:15:00,109.68
2026-01-20 02:30:00,110.760002
2026-01-20 02:45:00,110.940002
2026-01-20 03:00:00,108.910004
2026-01-20 03:15:00,109.25
2026-01-20 03:30:00,109.900002
2026-01-20 03:45:00,111.410004
2026-01-20 04:00:00,108.910004
2026-01-20 04:15:00,110.010002
2026-01-20 04:30:00,115.519997
2026-01-20 04:45:00,118.25
2026-01-20 05:00:00,122.43
2026-01-20 05:15:00,110.910004
2026-01-20 05:30:00,128.610001
2026-01-20 05:45:00,139.169998
2026-01-20 06:00:00,126.449997
2026-01-20 06:15:00,159.429993
2026-01-20 06:30:00,191.710007
2026-01-20 06:45:00,282.829987
2026-01-20 07:00:00,177.630005
2026-01-20 07:15:00,230.5
2026-01-20 07:30:00,275.290009
2026-01-20 07:45:00,302.149994
2026-01-20 08:00:00,333.269989
2026-01-20 08:15:00,306.98999
2026-01-20 08:30:00,244.899994
2026-01-20 08:45:00,208.160004
2026-01-20 09:00:00,256.809998
2026-01-20 09:15:00,232.029999
2026-01-20 09:30:00,203.600006
2026-01-20 09:45:00,181.399994
2026-01-20 10:00:00,202.919998
2026-01-20 10:15:00,187.210007
2026-01-20 10:30:00,159.25
2026-01-20 10:45:00,149.839996
2026-01-20 11:00:00,141.360001
2026-01-20 11:15:00,127.989998
2026-01-20 11:30:00,125.779999
2026-01-20 11:45:00,122.599998
2026-01-20 12:00:00,122.440002
2026-01-20 12:15:00,115.529999
2026-01-20 12:30:00,112.82
2026-01-20 12:45:00,113.440002
2026-01-20 13:00:00,123.519997
2026-01-20 13:15:00,123.239998
2026-01-20 13:30:00,121.529999
2026-01-20 13:45:00,119.760002
2026-01-20 14:00:00,130.610001
2026-01-20 14:15:00,141.520004
2026-01-20 14:30:00,152.160004
2026-01-20 14:45:00,170.520004
2026-01-20 15:00:00,154.979996
2026-01-20 15:15:00,175.059998
2026-01-20 15:30:00,208.149994
2026-01-20 15:45:00,217.160004
2026-01-20 16:00:00,205.580002
2026-01-20 16:15:00,253.169998
2026-01-20 16:30:00,291.929993
2026-01-20 16:45:00,358.850006
2026-01-20 17:00:00,242.970001
2026-01-20 17:15:00,266.23999
2026-01-20 17:30:00,260.700012
2026-01-20 17:45:00,228.610001
2026-01-20 18:00:00,226.850006
2026-01-20 18:15:00,203.149994
2026-01-20 18:30:00,186.330002
2026-01-20 18:45:00,178.0
2026-01-20 19:00:00,201.520004
2026-01-20 19:15:00,183.25
2026-01-20 19:30:00,168.279999
2026-01-20 19:45:00,153.589996
2026-01-20 20:00:00,182.369995
2026-01-20 20:15:00,158.990005
2026-01-20 20:30:00,144.990005
2026-01-20 20:45:00,134.050003
2026-01-20 21:00:00,163.729996
2026-01-20 21:15:00,152.440002
2026-01-20 21:30:00,132.429993
2026-01-20 21:45:00,110.959999
2026-01-20 22:00:00,131.990005
2026-01-20 22:15:00,121.639999
2026-01-20 22:30:00,110.089996
2026-01-20 22:45:00,105.050003
2026-01-20 23:00:00,116.139999
2026-01-20 23:15:00,109.650002
2026-01-20 23:30:00,106.959999
2026-01-20 23:45:00,97.989998
2026-01-21 00:00:00,99.599998
2026-01-21 00:15:00,99.300003
2026-01-21 00:30:00,99.809998
2026-01-21 00:45:00,100.110001
2026-01-21 01:00:00,102.82
2026-01-21 01:15:00,100.050003
2026-01-21 01:30:00,98.260002
2026-01-21 01:45:00,98.650002
2026-01-21 02:00:00,98.510002
2026-01-21 02:15:00,98.900002
2026-01-21 02:30:00,98.300003
2026-01-21 02:45:00,98.43
2026-01-21 03:00:00,98.800003
2026-01-21 03:15:00,97.629997
2026-01-21 03:30:00,96.830002
2026-01-21 03:45:00,96.260002
2026-01-21 04:00:00,95.830002
2026-01-21 04:15:00,95.580002
2026-01-21 04:30:00,95.410004
2026-01-21 04:45:00,95.309998
2026-01-21 05:00:00,96.290001
2026-01-21 05:15:00,97.32
2026-01-21 05:30:00,98.779999
2026-01-21 05:45:00,98.779999
2026-01-21 06:00:00,100.25
2026-01-21 06:15:00,104.25
2026-01-21 06:30:00,105.879997
2026-01-21 06:45:00,105.099998
2026-01-21 07:00:00,111.449997
2026-01-21 07:15:00,115.669998
2026-01-21 07:30:00,130.029999
2026-01-21 07:45:00,148.380005
2026-01-21 08:00:00,148.389999
2026-01-21 08:15:00,152.050003
2026-01-21 08:30:00,153.009995
2026-01-21 08:45:00,138.990005
2026-01-21 09:00:00,156.699997
2026-01-21 09:15:00,144.050003
2026-01-21 09:30:00,133.330002
2026-01-21 09:45:00,116.900002
2026-01-21 10:00:00,146.279999
2026-01-21 10:15:00,120.440002
2026-01-21 10:30:00,106.269997
2026-01-21 10:45:00,100.349998
2026-01-21 11:00:00,103.199997
2026-01-21 11:15:00,101.629997
2026-01-21 11:30:00,99.839996
2026-01-21 11:45:00,99.639999
2026-01-21 12:00:00,98.970001
2026-01-21 12:15:00,98.970001
2026-01-21 12:30:00,97.480003
2026-01-21 12:45:00,101.32
2026-01-21 13:00:00,101.82
2026-01-21 13:15:00,102.370003
2026-01-21 13:30:00,102.459999
2026-01-21 13:45:00,107.25
2026-01-21 14:00:00,104.879997
2026-01-21 14:15:00,105.370003
2026-01-21 14:30:00,106.959999
2026-01-21 14:45:00,117.230003
2026-01-21 15:00:00,103.300003
2026-01-21 15:15:00,115.349998
2026-01-21 15:30:00,123.360001
2026-01-21 15:45:00,141.490005
2026-01-21 16:00:00,112.900002
2026-01-21 16:15:00,116.669998
2026-01-21 16:30:00,127.629997
2026-01-21 16:45:00,134.899994
2026-01-21 17:00:00,118.93
2026-01-21 17:15:00,119.519997
2026-01-21 17:30:00,117.300003
2026-01-21 17:45:00,116.0
2026-01-21 18:00:00,126.489998
2026-01-21 18:15:00,115.970001
2026-01-21 18:30:00,111.309998
2026-01-21 18:45:00,106.480003
2026-01-21 19:00:00,104.339996
2026-01-21 19:15:00,102.050003
2026-01-21 19:30:00,90.949997
2026-01-21 19:45:00,93.699997
2026-01-21 20:00:00,83.440002
2026-01-21 20:15:00,88.779999
2026-01-21 20:30:00,79.629997
2026-01-21 20:45:00,76.610001
2026-01-21 21:00:00,83.459999
2026-01-21 21:15:00,83.349998
2026-01-21 21:30:00,82.699997
2026-01-21 21:45:00,82.470001
2026-01-21 22:00:00,72.599998
2026-01-21 22:15:00,66.089996
2026-01-21 22:30:00,58.740002
2026-01-21 22:45:00,56.150002
2026-01-21 23:00:00,72.25
2026-01-21 23:15:00,71.839996
2026-01-21 23:30:00,71.889999
2026-01-21 23:45:00,63.990002
2026-01-22 00:00:00,68.599998
2026-01-22 00:15:00,78.389999
2026-01-22 00:30:00,76.089996
2026-01-22 00:45:00,76.790001
2026-01-22 01:00:00,80.120003
2026-01-22 01:15:00,73.620003
2026-01-22 01:30:00,68.599998
2026-01-22 01:45:00,59.419998
2026-01-22 02:00:00,76.980003
2026-01-22 02:15:00,67.989998
2026-01-22 02:30:00,63.439999
2026-01-22 02:45:00,59.310001
2026-01-22 03:00:00,77.639999
2026-01-22 03:15:00,76.580002
2026-01-22 03:30:00,72.68
2026-01-22 03:45:00,68.599998
2026-01-22 04:00:00,68.599998
2026-01-22 04:15:00,64.519997
2026-01-22 04:30:00,62.009998
2026-01-22 04:45:00,53.869999
2026-01-22 05:00:00,53.799999
2026-01-22 05:15:00,60.299999
2026-01-22 05:30:00,70.010002
2026-01-22 05:45:00,76.970001
2026-01-22 06:00:00,57.639999
2026-01-22 06:15:00,75.699997
2026-01-22 06:30:00,84.419998
2026-01-22 06:45:00,80.400002
2026-01-22 07:00:00,97.349998
2026-01-22 07:15:00,94.910004
2026-01-22 07:30:00,98.68
2026-01-22 07:45:00,99.449997
2026-01-22 08:00:00,106.379997
2026-01-22 08:15:00,105.300003
2026-01-22 08:30:00,108.080002
2026-01-22 08:45:00,108.209999
2026-01-22 09:00:00,110.599998
2026-01-22 09:15:00,100.400002
2026-01-22 09:30:00,95.900002
2026-01-22 09:45:00,94.099998
2026-01-22 10:00:00,92.360001
2026-01-22 10:15:00,93.510002
2026-01-22 10:30:00,90.529999
2026-01-22 10:45:00,87.900002
2026-01-22 11:00:00,87.739998
2026-01-22 11:15:00,83.510002
2026-01-22 11:30:00,82.5
2026-01-22 11:45:00,80.699997
2026-01-22 12:00:00,78.089996
2026-01-22 12:15:00,77.290001
2026-01-22 12:30:00,77.389999
2026-01-22 12:45:00,75.690002
2026-01-22 13:00:00,73.709999
2026-01-22 13:15:00,74.010002
2026-01-22 13:30:00,73.580002
2026-01-22 13:45:00,73.150002
2026-01-22 14:00:00,66.93
2026-01-22 14:15:00,70.0
2026-01-22 14:30:00,67.0
2026-01-22 14:45:00,75.650002
2026-01-22 15:00:00,80.400002
2026-01-22 15:15:00,85.169998
2026-01-22 15:30:00,97.269997
2026-01-22 15:45:00,101.010002
2026-01-22 16:00:00,95.849998
2026-01-22 16:15:00,96.910004
2026-01-22 16:30:00,97.43
2026-01-22 16:45:00,114.489998
2026-01-22 17:00:00,103.669998
2026-01-22 17:15:00,103.300003
2026-01-22 17:30:00,91.239998
2026-01-22 17:45:00,88.300003
2026-01-22 18:00:00,107.25
2026-01-22 18:15:00,90.139999
2026-01-22 18:30:00,87.230003
2026-01-22 18:45:00,85.760002
2026-01-22 19:00:00,80.449997
2026-01-22 19:15:00,82.669998
2026-01-22 19:30:00,81.139999
2026-01-22 19:45:00,90.220001
2026-01-22 20:00:00,82.910004
2026-01-22 20:15:00,89.010002
2026-01-22 20:30:00,80.400002
2026-01-22 20:45:00,79.879997
2026-01-22 21:00:00,79.410004
2026-01-22 21:15:00,78.900002
2026-01-22 21:30:00,78.199997
2026-01-22 21:45:00,77.400002
2026-01-22 22:00:00,79.889999
2026-01-22 22:15:00,79.790001
2026-01-22 22:30:00,75.110001
2026-01-22 22:45:00,53.599998
2026-01-22 23:00:00,67.970001
2026-01-22 23:15:00,72.0
2026-01-22 23:30:00,68.599998
2026-01-22 23:45:00,61.779999
2026-01-23 00:00:00,87.910004
2026-01-23 00:15:00,87.790001
2026-01-23 00:30:00,86.190002
2026-01-23 00:45:00,86.089996
2026-01-23 01:00:00,82.459999
2026-01-23 01:15:00,83.599998
2026-01-23 01:30:00,83.669998
2026-01-23 01:45:00,82.980003
2026-01-23 02:00:00,82.709999
2026-01-23 02:15:00,83.730003
2026-01-23 02:30:00,82.75
2026-01-23 02:45:00,74.800003
2026-01-23 03:00:00,80.629997
2026-01-23 03:15:00,82.050003
2026-01-23 03:30:00,79.75
2026-01-23 03:45:00,74.900002
2026-01-23 04:00:00,74.0
2026-01-23 04:15:00,75.099998
2026-01-23 04:30:00,75.800003
2026-01-23 04:45:00,75.889999
2026-01-23 05:00:00,77.970001
2026-01-23 05:15:00,76.419998
2026-01-23 05:30:00,76.889999
2026-01-23 05:45:00,76.690002
2026-01-23 06:00:00,73.709999
2026-01-23 06:15:00,80.400002
2026-01-23 06:30:00,82.0
2026-01-23 06:45:00,85.5
2026-01-23 07:00:00,92.980003
2026-01-23 07:15:00,100.699997
2026-01-23 07:30:00,106.290001
2026-01-23 07:45:00,108.690002
2026-01-23 08:00:00,115.400002
2026-01-23 08:15:00,127.089996
2026-01-23 08:30:00,120.5
2026-01-23 08:45:00,115.190002
2026-01-23 09:00:00,145.720001
2026-01-23 09:15:00,125.209999
2026-01-23 09:30:00,113.25
2026-01-23 09:45:00,99.360001
2026-01-23 10:00:00,132.710007
2026-01-23 10:15:00,111.739998
2026-01-23 10:30:00,105.459999
2026-01-23 10:45:00,98.080002
2026-01-23 11:00:00,103.209999
2026-01-23 11:15:00,100.050003
2026-01-23 11:30:00,99.410004
2026-01-23 11:45:00,97.870003
2026-01-23 12:00:00,96.830002
2026-01-23 12:15:00,95.779999
2026-01-23 12:30:00,96.279999
2026-01-23 12:45:00,95.959999
2026-01-23 13:00:00,95.980003
2026-01-23 13:15:00,95.690002
2026-01-23 13:30:00,95.589996
2026-01-23 13:45:00,95.949997
2026-01-23 14:00:00,95.949997
2026-01-23 14:15:00,96.529999
2026-01-23 14:30:00,96.699997
2026-01-23 14:45:00,99.139999
2026-01-23 15:00:00,97.160004
2026-01-23 15:15:00,98.650002
2026-01-23 15:30:00,103.25
2026-01-23 15:45:00,112.919998
2026-01-23 16:00:00,101.169998
2026-01-23 16:15:00,108.32
2026-01-23 16:30:00,115.169998
2026-01-23 16:45:00,119.25
2026-01-23 17:00:00,119.720001
2026-01-23 17:15:00,120.309998
2026-01-23 17:30:00,122.230003
2026-01-23 17:45:00,121.669998
2026-01-23 18:00:00,117.949997
2026-01-23 18:15:00,113.620003
2026-01-23 18:30:00,111.169998
2026-01-23 18:45:00,118.360001
2026-01-23 19:00:00,107.800003
2026-01-23 19:15:00,102.949997
2026-01-23 19:30:00,99.970001
2026-01-23 19:45:00,97.150002
2026-01-23 20:00:00,100.589996
2026-01-23 20:15:00,97.059998
2026-01-23 20:30:00,94.860001
2026-01-23 20:45:00,94.360001
2026-01-23 21:00:00,94.330002
2026-01-23 21:15:00,93.860001
2026-01-23 21:30:00,92.470001
2026-01-23 21:45:00,94.449997
2026-01-23 22:00:00,88.540001
2026-01-23 22:15:00,91.669998
2026-01-23 22:30:00,88.739998
2026-01-23 22:45:00,86.550003
2026-01-23 23:00:00,94.300003
2026-01-23 23:15:00,92.239998
2026-01-23 23:30:00,89.639999
2026-01-23 23:45:00,89.449997
2026-01-24 00:00:00,75.059998
2026-01-24 00:15:00,82.910004
2026-01-24 00:30:00,84.68
2026-01-24 00:45:00,81.839996
2026-01-24 01:00:00,82.269997
2026-01-24 01:15:00,85.330002
2026-01-24 01:30:00,85.029999
2026-01-24 01:45:00,83.169998
2026-01-24 02:00:00,90.449997
2026-01-24 02:15:00,89.790001
2026-01-24 02:30:00,90.139999
2026-01-24 02:45:00,90.510002
2026-01-24 03:00:00,85.639999
2026-01-24 03:15:00,84.199997
2026-01-24 03:30:00,84.699997
2026-01-24 03:45:00,86.230003
2026-01-24 04:00:00,88.199997
2026-01-24 04:15:00,87.550003
2026-01-24 04:30:00,88.550003
2026-01-24 04:45:00,88.160004
2026-01-24 05:00:00,88.690002
2026-01-24 05:15:00,88.800003
2026-01-24 05:30:00,89.080002
2026-01-24 05:45:00,87.339996
2026-01-24 06:00:00,91.489998
2026-01-24 06:15:00,91.32
2026-01-24 06:30:00,91.279999
2026-01-24 06:45:00,90.730003
2026-01-24 07:00:00,93.160004
2026-01-24 07:15:00,93.75
2026-01-24 07:30:00,95.370003
2026-01-24 07:45:00,97.419998
2026-01-24 08:00:00,101.620003
2026-01-24 08:15:00,103.160004
2026-01-24 08:30:00,106.900002
2026-01-24 08:45:00,106.800003
2026-01-24 09:00:00,112.099998
2026-01-24 09:15:00,113.410004
2026-01-24 09:30:00,108.769997
2026-01-24 09:45:00,108.910004
2026-01-24 10:00:00,131.770004
2026-01-24 10:15:00,118.519997
2026-01-24 10:30:00,113.889999
2026-01-24 10:45:00,106.379997
2026-01-24 11:00:00,114.769997
2026-01-24 11:15:00,110.459999
2026-01-24 11:30:00,109.699997
2026-01-24 11:45:00,106.260002
2026-01-24 12:00:00,108.209999
2026-01-24 12:15:00,106.75
2026-01-24 12:30:00,106.300003
2026-01-24 12:45:00,103.610001
2026-01-24 13:00:00,103.0
2026-01-24 13:15:00,101.599998
2026-01-24 13:30:00,101.589996
2026-01-24 13:45:00,101.300003
2026-01-24 14:00:00,102.300003
2026-01-24 14:15:00,103.25
2026-01-24 14:30:00,105.540001
2026-01-24 14:45:00,108.199997
2026-01-24 15:00:00,103.910004
2026-01-24 15:15:00,111.160004
2026-01-24 15:30:00,122.580002
2026-01-24 15:45:00,128.369995
2026-01-24 16:00:00,114.550003
2026-01-24 16:15:00,123.910004
2026-01-24 16:30:00,136.360001
2026-01-24 16:45:00,136.630005
2026-01-24 17:00:00,135.029999
2026-01-24 17:15:00,142.309998
2026-01-24 17:30:00,138.009995
2026-01-24 17:45:00,136.649994
2026-01-24 18:00:00,141.860001
2026-01-24 18:15:00,141.820007
2026-01-24 18:30:00,137.669998
2026-01-24 18:45:00,128.5
2026-01-24 19:00:00,135.169998
2026-01-24 19:15:00,129.119995
2026-01-24 19:30:00,127.0
2026-01-24 19:45:00,118.129997
2026-01-24 20:00:00,121.110001
2026-01-24 20:15:00,118.120003
2026-01-24 20:30:00,112.290001
2026-01-24 20:45:00,109.029999
2026-01-24 21:00:00,109.75
2026-01-24 21:15:00,109.730003
2026-01-24 21:30:00,109.400002
2026-01-24 21:45:00,105.959999
2026-01-24 22:00:00,111.150002
2026-01-24 22:15:00,107.43
2026-01-24 22:30:00,104.360001
2026-01-24 22:45:00,104.089996
2026-01-24 23:00:00,105.209999
2026-01-24 23:15:00,104.059998
2026-01-24 23:30:00,102.400002
2026-01-24 23:45:00,100.879997
2026-01-25 00:00:00,99.599998
2026-01-25 00:15:00,99.599998
2026-01-25 00:30:00,100.699997
2026-01-25 00:45:00,98.0
2026-01-25 01:00:00,102.209999
2026-01-25 01:15:00,100.949997
2026-01-25 01:30:00,102.0
2026-01-25 01:45:00,100.0
2026-01-25 02:00:00,101.540001
2026-01-25 02:15:00,99.68
2026-01-25 02:30:00,99.550003
2026-01-25 02:45:00,98.279999
2026-01-25 03:00:00,100.57
2026-01-25 03:15:00,98.629997
2026-01-25 03:30:00,98.949997
2026-01-25 03:45:00,96.150002
2026-01-25 04:00:00,99.599998
2026-01-25 04:15:00,99.449997
2026-01-25 04:30:00,97.040001
2026-01-25 04:45:00,96.150002
2026-01-25 05:00:00,95.93
2026-01-25 05:15:00,96.239998
2026-01-25 05:30:00,97.260002
2026-01-25 05:45:00,96.309998
2026-01-25 06:00:00,96.419998
2026-01-25 06:15:00,97.089996
2026-01-25 06:30:00,97.589996
2026-01-25 06:45:00,97.839996
2026-01-25 07:00:00,98.129997
2026-01-25 07:15:00,99.599998
2026-01-25 07:30:00,102.300003
2026-01-25 07:45:00,102.889999
2026-01-25 08:00:00,101.589996
2026-01-25 08:15:00,103.190002
2026-01-25 08:30:00,104.779999
2026-01-25 08:45:00,104.839996
2026-01-25 09:00:00,108.220001
2026-01-25 09:15:00,107.82
2026-01-25 09:30:00,106.379997
2026-01-25 09:45:00,107.57
2026-01-25 10:00:00,112.769997
2026-01-25 10:15:00,114.269997
2026-01-25 10:30:00,112.07
2026-01-25 10:45:00,112.690002
2026-01-25 11:00:00,116.690002
2026-01-25 11:15:00,115.849998
2026-01-25 11:30:00,115.870003
2026-01-25 11:45:00,112.800003
2026-01-25 12:00:00,123.480003
2026-01-25 12:15:00,119.610001
2026-01-25 12:30:00,119.839996
2026-01-25 12:45:00,116.43
2026-01-25 13:00:00,119.870003
2026-01-25 13:15:00,116.800003
2026-01-25 13:30:00,114.650002
2026-01-25 13:45:00,113.110001
2026-01-25 14:00:00,112.900002
2026-01-25 14:15:00,112.900002
2026-01-25 14:30:00,114.419998
2026-01-25 14:45:00,117.040001
2026-01-25 15:00:00,107.599998
2026-01-25 15:15:00,109.300003
2026-01-25 15:30:00,113.269997
2026-01-25 15:45:00,116.839996
2026-01-25 16:00:00,107.790001
2026-01-25 16:15:00,111.730003
2026-01-25 16:30:00,120.379997
2026-01-25 16:45:00,127.699997
2026-01-25 17:00:00,123.199997
2026-01-25 17:15:00,132.639999
2026-01-25 17:30:00,133.100006
2026-01-25 17:45:00,134.020004
2026-01-25 18:00:00,138.830002
2026-01-25 18:15:00,138.479996
2026-01-25 18:30:00,137.970001
2026-01-25 18:45:00,133.369995
2026-01-25 19:00:00,136.740005
2026-01-25 19:15:00,132.860001
2026-01-25 19:30:00,130.5
2026-01-25 19:45:00,128.910004
2026-01-25 20:00:00,132.649994
2026-01-25 20:15:00,129.190002
2026-01-25 20:30:00,120.889999
2026-01-25 20:45:00,113.269997
2026-01-25 21:00:00,120.370003
2026-01-25 21:15:00,116.529999
2026-01-25 21:30:00,111.849998
2026-01-25 21:45:00,107.339996
2026-01-25 22:00:00,119.050003
2026-01-25 22:15:00,112.559998
2026-01-25 22:30:00,109.440002
2026-01-25 22:45:00,106.459999
2026-01-25 23:00:00,108.300003
2026-01-25 23:15:00,104.760002
2026-01-25 23:30:00,102.739998
2026-01-25 23:45:00,102.160004
2026-01-26 00:00:00,109.760002
2026-01-26 00:15:00,105.419998
2026-01-26 00:30:00,101.110001
2026-01-26 00:45:00,99.410004
2026-01-26 01:00:00,102.489998
2026-01-26 01:15:00,101.239998
2026-01-26 01:30:00,100.849998
2026-01-26 01:45:00,99.870003
2026-01-26 02:00:00,100.800003
2026-01-26 02:15:00,99.400002
2026-01-26 02:30:00,96.919998
2026-01-26 02:45:00,97.790001
2026-01-26 03:00:00,95.440002
2026-01-26 03:15:00,96.379997
2026-01-26 03:30:00,95.550003
2026-01-26 03:45:00,96.040001
2026-01-26 04:00:00,94.690002
2026-01-26 04:15:00,94.849998
2026-01-26 04:30:00,95.290001
2026-01-26 04:45:00,95.300003
2026-01-26 05:00:00,93.639999
2026-01-26 05:15:00,94.199997
2026-01-26 05:30:00,99.480003
2026-01-26 05:45:00,97.059998
2026-01-26 06:00:00,92.720001
2026-01-26 06:15:00,100.269997
2026-01-26 06:30:00,105.790001
2026-01-26 06:45:00,113.419998
2026-01-26 07:00:00,116.629997
2026-01-26 07:15:00,127.32
2026-01-26 07:30:00,138.460007
2026-01-26 07:45:00,155.309998
2026-01-26 08:00:00,126.330002
2026-01-26 08:15:00,140.639999
2026-01-26 08:30:00,148.410004
2026-01-26 08:45:00,136.619995
2026-01-26 09:00:00,152.929993
2026-01-26 09:15:00,143.0
2026-01-26 09:30:00,135.399994
2026-01-26 09:45:00,129.699997
2026-01-26 10:00:00,157.089996
2026-01-26 10:15:00,159.580002
2026-01-26 10:30:00,156.410004
2026-01-26 10:45:00,146.479996
2026-01-26 11:00:00,138.699997
2026-01-26 11:15:00,138.100006
2026-01-26 11:30:00,140.279999
2026-01-26 11:45:00,142.910004
2026-01-26 12:00:00,145.509995
2026-01-26 12:15:00,142.800003
2026-01-26 12:30:00,137.169998
2026-01-26 12:45:00,142.830002
2026-01-26 13:00:00,142.190002
2026-01-26 13:15:00,141.399994
2026-01-26 13:30:00,140.100006
2026-01-26 13:45:00,134.350006
2026-01-26 14:00:00,132.0
2026-01-26 14:15:00,140.559998
2026-01-26 14:30:00,139.789993
2026-01-26 14:45:00,144.020004
2026-01-26 15:00:00,148.520004
2026-01-26 15:15:00,150.729996
2026-01-26 15:30:00,159.259995
2026-01-26 15:45:00,171.199997
2026-01-26 16:00:00,151.639999
2026-01-26 16:15:00,152.669998
2026-01-26 16:30:00,168.889999
2026-01-26 16:45:00,190.339996
2026-01-26 17:00:00,152.119995
2026-01-26 17:15:00,170.5
2026-01-26 17:30:00,192.139999
2026-01-26 17:45:00,200.029999
2026-01-26 18:00:00,186.880005
2026-01-26 18:15:00,175.520004
2026-01-26 18:30:00,178.589996
2026-01-26 18:45:00,170.179993
2026-01-26 19:00:00,182.770004
2026-01-26 19:15:00,178.240005
2026-01-26 19:30:00,164.179993
2026-01-26 19:45:00,151.839996
2026-01-26 20:00:00,156.850006
2026-01-26 20:15:00,147.360001
2026-01-26 20:30:00,141.979996
2026-01-26 20:45:00,133.610001
2026-01-26 21:00:00,146.660004
2026-01-26 21:15:00,137.679993
2026-01-26 21:30:00,137.619995
2026-01-26 21:45:00,116.209999
2026-01-26 22:00:00,135.580002
2026-01-26 22:15:00,123.0
2026-01-26 22:30:00,113.75
2026-01-26 22:45:00,109.279999
2026-01-26 23:00:00,117.699997
2026-01-26 23:15:00,114.160004
2026-01-26 23:30:00,107.720001
2026-01-26 23:45:00,104.18
2026-01-27 00:00:00,123.089996
2026-01-27 00:15:00,116.809998
2026-01-27 00:30:00,113.300003
2026-01-27 00:45:00,107.25
2026-01-27 01:00:00,115.860001
2026-01-27 01:15:00,111.019997
2026-01-27 01:30:00,109.690002
2026-01-27 01:45:00,102.800003
2026-01-27 02:00:00,110.099998
2026-01-27 02:15:00,105.800003
2026-01-27 02:30:00,101.949997
2026-01-27 02:45:00,101.75
2026-01-27 03:00:00,102.959999
2026-01-27 03:15:00,101.860001
2026-01-27 03:30:00,100.870003
2026-01-27 03:45:00,100.610001
2026-01-27 04:00:00,100.449997
2026-01-27 04:15:00,100.010002
2026-01-27 04:30:00,100.150002
2026-01-27 04:45:00,100.400002
2026-01-27 05:00:00,98.050003
2026-01-27 05:15:00,100.730003
2026-01-27 05:30:00,102.57
2026-01-27 05:45:00,103.830002
2026-01-27 06:00:00,105.269997
2026-01-27 06:15:00,108.199997
2026-01-27 06:30:00,118.059998
2026-01-27 06:45:00,122.040001
2026-01-27 07:00:00,127.910004
2026-01-27 07:15:00,151.550003
2026-01-27 07:30:00,162.419998
2026-01-27 07:45:00,168.399994
2026-01-27 08:00:00,179.800003
2026-01-27 08:15:00,180.690002
2026-01-27 08:30:00,167.119995
2026-01-27 08:45:00,146.789993
2026-01-27 09:00:00,165.389999
2026-01-27 09:15:00,159.960007
2026-01-27 09:30:00,159.820007
2026-01-27 09:45:00,147.220001
2026-01-27 10:00:00,170.210007
2026-01-27 10:15:00,153.289993
2026-01-27 10:30:00,138.960007
2026-01-27 10:45:00,133.740005
2026-01-27 11:00:00,141.910004
2026-01-27 11:15:00,135.25
2026-01-27 11:30:00,133.020004
2026-01-27 11:45:00,123.040001
2026-01-27 12:00:00,131.259995
2026-01-27 12:15:00,127.010002
2026-01-27 12:30:00,119.809998
2026-01-27 12:45:00,114.089996
2026-01-27 13:00:00,115.769997
2026-01-27 13:15:00,113.010002
2026-01-27 13:30:00,110.699997
2026-01-27 13:45:00,113.309998
2026-01-27 14:00:00,124.07
2026-01-27 14:15:00,124.989998
2026-01-27 14:30:00,121.040001
2026-01-27 14:45:00,121.889999
2026-01-27 15:00:00,106.989998
2026-01-27 15:15:00,108.730003
2026-01-27 15:30:00,110.07
2026-01-27 15:45:00,111.110001
2026-01-27 16:00:00,107.07
2026-01-27 16:15:00,108.75
2026-01-27 16:30:00,110.050003
2026-01-27 16:45:00,126.040001
2026-01-27 17:00:00,113.580002
2026-01-27 17:15:00,123.68
2026-01-27 17:30:00,138.0
2026-01-27 17:45:00,135.460007
2026-01-27 18:00:00,133.199997
2026-01-27 18:15:00,135.449997
2026-01-27 18:30:00,143.529999
2026-01-27 18:45:00,149.949997
2026-01-27 19:00:00,147.820007
2026-01-27 19:15:00,137.050003
2026-01-27 19:30:00,134.559998
2026-01-27 19:45:00,127.029999
2026-01-27 20:00:00,127.870003
2026-01-27 20:15:00,122.68
2026-01-27 20:30:00,115.339996
2026-01-27 20:45:00,112.309998
2026-01-27 21:00:00,109.769997
2026-01-27 21:15:00,116.589996
2026-01-27 21:30:00,114.690002
2026-01-27 21:45:00,111.110001
2026-01-27 22:00:00,117.199997
2026-01-27 22:15:00,113.889999
2026-01-27 22:30:00,109.800003
2026-01-27 22:45:00,106.300003
2026-01-27 23:00:00,113.18
2026-01-27 23:15:00,106.989998
2026-01-27 23:30:00,103.199997
2026-01-27 23:45:00,100.0
2026-01-28 00:00:00,97.68
2026-01-28 00:15:00,99.989998
2026-01-28 00:30:00,95.190002
2026-01-28 00:45:00,94.199997
2026-01-28 01:00:00,100.419998
2026-01-28 01:15:00,97.849998
2026-01-28 01:30:00,95.099998
2026-01-28 01:45:00,95.68
2026-01-28 02:00:00,100.089996
2026-01-28 02:15:00,97.080002
2026-01-28 02:30:00,95.75
2026-01-28 02:45:00,96.099998
2026-01-28 03:00:00,96.0
2026-01-28 03:15:00,98.440002
2026-01-28 03:30:00,96.82
2026-01-28 03:45:00,99.440002
2026-01-28 04:00:00,95.610001
2026-01-28 04:15:00,96.379997
2026-01-28 04:30:00,97.68
2026-01-28 04:45:00,99.199997
2026-01-28 05:00:00,96.059998
2026-01-28 05:15:00,97.5
2026-01-28 05:30:00,99.830002
2026-01-28 05:45:00,99.769997
2026-01-28 06:00:00,102.989998
2026-01-28 06:15:00,107.989998
2026-01-28 06:30:00,108.699997
2026-01-28 06:45:00,116.449997
2026-01-28 07:00:00,123.010002
2026-01-28 07:15:00,139.119995
2026-01-28 07:30:00,138.020004
2026-01-28 07:45:00,153.419998
2026-01-28 08:00:00,158.279999
2026-01-28 08:15:00,168.210007
2026-01-28 08:30:00,174.190002
2026-01-28 08:45:00,183.399994
2026-01-28 09:00:00,180.389999
2026-01-28 09:15:00,178.110001
2026-01-28 09:30:00,167.779999
2026-01-28 09:45:00,163.960007
2026-01-28 10:00:00,187.399994
2026-01-28 10:15:00,174.740005
2026-01-28 10:30:00,168.429993
2026-01-28 10:45:00,153.899994
2026-01-28 11:00:00,166.589996
2026-01-28 11:15:00,159.300003
2026-01-28 11:30:00,161.910004
2026-01-28 11:45:00,161.910004
2026-01-28 12:00:00,156.100006
2026-01-28 12:15:00,153.789993
2026-01-28 12:30:00,149.440002
2026-01-28 12:45:00,149.220001
2026-01-28 13:00:00,145.369995
2026-01-28 13:15:00,151.059998
2026-01-28 13:30:00,137.330002
2026-01-28 13:45:00,134.289993
2026-01-28 14:00:00,134.570007
2026-01-28 14:15:00,132.850006
2026-01-28 14:30:00,132.669998
2026-01-28 14:45:00,137.589996
2026-01-28 15:00:00,141.639999
2026-01-28 15:15:00,133.259995
2026-01-28 15:30:00,133.899994
2026-01-28 15:45:00,139.309998
2026-01-28 16:00:00,139.839996
2026-01-28 16:15:00,142.520004
2026-01-28 16:30:00,147.449997
2026-01-28 16:45:00,156.110001
2026-01-28 17:00:00,149.669998
2026-01-28 17:15:00,167.690002
2026-01-28 17:30:00,167.759995
2026-01-28 17:45:00,163.029999
2026-01-28 18:00:00,173.559998
2026-01-28 18:15:00,171.5
2026-01-28 18:30:00,167.660004
2026-01-28 18:45:00,167.5
2026-01-28 19:00:00,162.770004
2026-01-28 19:15:00,159.850006
2026-01-28 19:30:00,154.490005
2026-01-28 19:45:00,138.169998
2026-01-28 20:00:00,144.789993
2026-01-28 20:15:00,135.809998
2026-01-28 20:30:00,133.899994
2026-01-28 20:45:00,120.879997
2026-01-28 21:00:00,127.190002
2026-01-28 21:15:00,119.379997
2026-01-28 21:30:00,112.919998
2026-01-28 21:45:00,109.910004
2026-01-28 22:00:00,118.440002
2026-01-28 22:15:00,114.989998
2026-01-28 22:30:00,108.779999
2026-01-28 22:45:00,102.879997
2026-01-28 23:00:00,110.519997
2026-01-28 23:15:00,106.709999
2026-01-28 23:30:00,101.699997
2026-01-28 23:45:00,104.010002
2026-01-29 00:00:00,107.889999
2026-01-29 00:15:00,104.580002
2026-01-29 00:30:00,103.82
2026-01-29 00:45:00,101.910004
2026-01-29 01:00:00,105.800003
2026-01-29 01:15:00,104.029999
2026-01-29 01:30:00,103.739998
2026-01-29 01:45:00,102.43
2026-01-29 02:00:00,103.010002
2026-01-29 02:15:00,102.599998
2026-01-29 02:30:00,101.68
2026-01-29 02:45:00,100.230003
2026-01-29 03:00:00,100.029999
2026-01-29 03:15:00,100.0
2026-01-29 03:30:00,99.980003
2026-01-29 03:45:00,100.080002
2026-01-29 04:00:00,99.480003
2026-01-29 04:15:00,100.290001
2026-01-29 04:30:00,100.529999
2026-01-29 04:45:00,103.43
2026-01-29 05:00:00,101.360001
2026-01-29 05:15:00,102.82
2026-01-29 05:30:00,106.620003
2026-01-29 05:45:00,106.760002
2026-01-29 06:00:00,103.849998
2026-01-29 06:15:00,106.18
2026-01-29 06:30:00,114.440002
2026-01-29 06:45:00,122.029999
2026-01-29 07:00:00,111.589996
2026-01-29 07:15:00,124.410004
2026-01-29 07:30:00,146.949997
2026-01-29 07:45:00,152.520004
2026-01-29 08:00:00,154.970001
2026-01-29 08:15:00,149.130005
2026-01-29 08:30:00,161.949997
2026-01-29 08:45:00,163.110001
2026-01-29 09:00:00,167.490005
2026-01-29 09:15:00,155.960007
2026-01-29 09:30:00,155.399994
2026-01-29 09:45:00,154.389999
2026-01-29 10:00:00,155.809998
2026-01-29 10:15:00,152.789993
2026-01-29 10:30:00,143.429993
2026-01-29 10:45:00,138.770004
2026-01-29 11:00:00,145.690002
2026-01-29 11:15:00,138.649994
2026-01-29 11:30:00,135.279999
2026-01-29 11:45:00,134.029999
2026-01-29 12:00:00,135.740005
2026-01-29 12:15:00,130.259995
2026-01-29 12:30:00,131.220001
2026-01-29 12:45:00,123.760002
2026-01-29 13:00:00,133.190002
2026-01-29 13:15:00,125.790001
2026-01-29 13:30:00,126.099998
2026-01-29 13:45:00,128.740005
2026-01-29 14:00:00,121.309998
2026-01-29 14:15:00,127.290001
2026-01-29 14:30:00,132.820007
2026-01-29 14:45:00,135.589996
2026-01-29 15:00:00,123.760002
2026-01-29 15:15:00,127.989998
2026-01-29 15:30:00,129.899994
2026-01-29 15:45:00,138.330002
2026-01-29 16:00:00,130.929993
2026-01-29 16:15:00,139.800003
2026-01-29 16:30:00,145.259995
2026-01-29 16:45:00,153.979996
2026-01-29 17:00:00,130.539993
2026-01-29 17:15:00,131.039993
2026-01-29 17:30:00,130.800003
2026-01-29 17:45:00,128.619995
2026-01-29 18:00:00,154.149994
2026-01-29 18:15:00,143.0
2026-01-29 18:30:00,128.270004
2026-01-29 18:45:00,126.580002
2026-01-29 19:00:00,141.309998
2026-01-29 19:15:00,129.529999
2026-01-29 19:30:00,116.93
2026-01-29 19:45:00,119.870003
2026-01-29 20:00:00,127.099998
2026-01-29 20:15:00,120.330002
2026-01-29 20:30:00,113.690002
2026-01-29 20:45:00,108.0
2026-01-29 21:00:00,117.809998
2026-01-29 21:15:00,113.169998
2026-01-29 21:30:00,109.010002
2026-01-29 21:45:00,104.349998
2026-01-29 22:00:00,111.790001
2026-01-29 22:15:00,108.849998
2026-01-29 22:30:00,105.5
2026-01-29 22:45:00,100.230003
2026-01-29 23:00:00,102.029999
2026-01-29 23:15:00,101.050003
2026-01-29 23:30:00,96.790001
2026-01-29 23:45:00,95.239998
2026-01-30 00:00:00,99.220001
2026-01-30 00:15:00,99.599998
2026-01-30 00:30:00,98.68
2026-01-30 00:45:00,97.18
2026-01-30 01:00:00,96.18
2026-01-30 01:15:00,96.169998
2026-01-30 01:30:00,94.739998
2026-01-30 01:45:00,94.980003
2026-01-30 02:00:00,93.800003
2026-01-30 02:15:00,93.730003
2026-01-30 02:30:00,94.169998
2026-01-30 02:45:00,96.099998
2026-01-30 03:00:00,91.110001
2026-01-30 03:15:00,89.989998
2026-01-30 03:30:00,87.730003
2026-01-30 03:45:00,90.43
2026-01-30 04:00:00,89.0
2026-01-30 04:15:00,88.0
2026-01-30 04:30:00,86.949997
2026-01-30 04:45:00,84.010002
2026-01-30 05:00:00,86.550003
2026-01-30 05:15:00,85.849998
2026-01-30 05:30:00,86.379997
2026-01-30 05:45:00,81.870003
2026-01-30 06:00:00,91.290001
2026-01-30 06:15:00,91.790001
2026-01-30 06:30:00,92.830002
2026-01-30 06:45:00,93.68
2026-01-30 07:00:00,100.790001
2026-01-30 07:15:00,105.360001
2026-01-30 07:30:00,115.690002
2026-01-30 07:45:00,117.760002
2026-01-30 08:00:00,126.089996
2026-01-30 08:15:00,130.529999
2026-01-30 08:30:00,128.440002
2026-01-30 08:45:00,122.919998
2026-01-30 09:00:00,130.600006
2026-01-30 09:15:00,126.300003
2026-01-30 09:30:00,121.82
2026-01-30 09:45:00,120.400002
2026-01-30 10:00:00,127.989998
2026-01-30 10:15:00,121.940002
2026-01-30 10:30:00,119.629997
2026-01-30 10:45:00,116.720001
2026-01-30 11:00:00,110.269997
2026-01-30 11:15:00,108.540001
2026-01-30 11:30:00,107.970001
2026-01-30 11:45:00,105.199997
2026-01-30 12:00:00,106.089996
2026-01-30 12:15:00,104.25
2026-01-30 12:30:00,102.379997
2026-01-30 12:45:00,95.07
2026-01-30 13:00:00,103.389999
2026-01-30 13:15:00,101.519997
2026-01-30 13:30:00,100.489998
2026-01-30 13:45:00,97.489998
2026-01-30 14:00:00,97.599998
2026-01-30 14:15:00,97.220001
2026-01-30 14:30:00,98.709999
2026-01-30 14:45:00,98.550003
2026-01-30 15:00:00,96.029999
2026-01-30 15:15:00,97.529999
2026-01-30 15:30:00,99.720001
2026-01-30 15:45:00,99.849998
2026-01-30 16:00:00,99.800003
2026-01-30 16:15:00,101.400002
2026-01-30 16:30:00,103.57
2026-01-30 16:45:00,106.800003
2026-01-30 17:00:00,103.699997
2026-01-30 17:15:00,108.110001
2026-01-30 17:30:00,108.220001
2026-01-30 17:45:00,108.0
2026-01-30 18:00:00,108.980003
2026-01-30 18:15:00,106.32
2026-01-30 18:30:00,103.449997
2026-01-30 18:45:00,102.690002
2026-01-30 19:00:00,89.0
2026-01-30 19:15:00,87.0
2026-01-30 19:30:00,84.400002
2026-01-30 19:45:00,84.199997
2026-01-30 20:00:00,89.239998
2026-01-30 20:15:00,88.0
2026-01-30 20:30:00,87.389999
2026-01-30 20:45:00,86.099998
2026-01-30 21:00:00,90.040001
2026-01-30 21:15:00,87.459999
2026-01-30 21:30:00,84.32
2026-01-30 21:45:00,81.900002
2026-01-30 22:00:00,86.489998
2026-01-30 22:15:00,84.989998
2026-01-30 22:30:00,75.760002
2026-01-30 22:45:00,73.449997
2026-01-30 23:00:00,86.120003
2026-01-30 23:15:00,86.190002
2026-01-30 23:30:00,82.370003
2026-01-30 23:45:00,79.160004
2026-01-31 00:00:00,108.650002
2026-01-31 00:15:00,96.239998
2026-01-31 00:30:00,87.300003
2026-01-31 00:45:00,87.809998
2026-01-31 01:00:00,94.720001
2026-01-31 01:15:00,93.690002
2026-01-31 01:30:00,91.139999
2026-01-31 01:45:00,92.309998
2026-01-31 02:00:00,87.989998
2026-01-31 02:15:00,88.0
2026-01-31 02:30:00,87.300003
2026-01-31 02:45:00,83.699997
2026-01-31 03:00:00,83.690002
2026-01-31 03:15:00,82.400002
2026-01-31 03:30:00,81.870003
2026-01-31 03:45:00,81.360001
2026-01-31 04:00:00,81.440002
2026-01-31 04:15:00,81.370003
2026-01-31 04:30:00,81.080002
2026-01-31 04:45:00,78.07
2026-01-31 05:00:00,83.449997
2026-01-31 05:15:00,81.940002
2026-01-31 05:30:00,81.519997
2026-01-31 05:45:00,81.650002
2026-01-31 06:00:00,78.970001
2026-01-31 06:15:00,82.120003
2026-01-31 06:30:00,82.379997
2026-01-31 06:45:00,83.510002
2026-01-31 07:00:00,81.050003
2026-01-31 07:15:00,82.519997
2026-01-31 07:30:00,82.089996
2026-01-31 07:45:00,88.730003
2026-01-31 08:00:00,81.040001
2026-01-31 08:15:00,86.5
2026-01-31 08:30:00,89.790001
2026-01-31 08:45:00,93.860001
2026-01-31 09:00:00,94.910004
2026-01-31 09:15:00,95.699997
2026-01-31 09:30:00,95.739998
2026-01-31 09:45:00,97.739998
2026-01-31 10:00:00,88.550003
2026-01-31 10:15:00,90.199997
2026-01-31 10:30:00,92.800003
2026-01-31 10:45:00,92.989998
2026-01-31 11:00:00,91.019997
2026-01-31 11:15:00,93.889999
2026-01-31 11:30:00,93.589996
2026-01-31 11:45:00,93.199997
2026-01-31 12:00:00,91.300003
2026-01-31 12:15:00,90.010002
2026-01-31 12:30:00,93.57
2026-01-31 12:45:00,92.779999
2026-01-31 13:00:00,93.769997
2026-01-31 13:15:00,93.699997
2026-01-31 13:30:00,93.650002
2026-01-31 13:45:00,87.129997
2026-01-31 14:00:00,90.389999
2026-01-31 14:15:00,90.5
2026-01-31 14:30:00,92.099998
2026-01-31 14:45:00,92.610001
2026-01-31 15:00:00,96.379997
2026-01-31 15:15:00,94.300003
2026-01-31 15:30:00,96.889999
2026-01-31 15:45:00,96.809998
2026-01-31 16:00:00,93.529999
2026-01-31 16:15:00,97.150002
2026-01-31 16:30:00,99.019997
2026-01-31 16:45:00,94.389999
2026-01-31 17:00:00,92.059998
2026-01-31 17:15:00,91.489998
2026-01-31 17:30:00,89.269997
2026-01-31 17:45:00,84.230003
2026-01-31 18:00:00,89.089996
2026-01-31 18:15:00,85.989998
2026-01-31 18:30:00,81.32
2026-01-31 18:45:00,80.75
2026-01-31 19:00:00,84.589996
2026-01-31 19:15:00,84.160004
2026-01-31 19:30:00,83.510002
2026-01-31 19:45:00,84.260002
2026-01-31 20:00:00,81.489998
2026-01-31 20:15:00,80.400002
2026-01-31 20:30:00,80.68
2026-01-31 20:45:00,83.489998
2026-01-31 21:00:00,81.32
2026-01-31 21:15:00,82.029999
2026-01-31 21:30:00,81.129997
2026-01-31 21:45:00,81.660004
2026-01-31 22:00:00,80.410004
2026-01-31 22:15:00,81.919998
2026-01-31 22:30:00,77.900002
2026-01-31 22:45:00,75.760002
2026-01-31 23:00:00,92.489998
2026-01-31 23:15:00,87.300003
2026-01-31 23:30:00,87.300003
2026-01-31 23:45:00,83.709999
2026-02-01 00:00:00,91.589996
2026-02-01 00:15:00,93.690002
2026-02-01 00:30:00,93.82
2026-02-01 00:45:00,92.870003
2026-02-01 01:00:00,94.610001
2026-02-01 01:15:00,93.650002
2026-02-01 01:30:00,93.470001
2026-02-01 01:45:00,92.93
2026-02-01 02:00:00,83.029999
2026-02-01 02:15:00,77.220001
2026-02-01 02:30:00,76.660004
2026-02-01 02:45:00,75.559998
2026-02-01 03:00:00,86.0
2026-02-01 03:15:00,88.0
2026-02-01 03:30:00,88.379997
2026-02-01 03:45:00,88.370003
2026-02-01 04:00:00,88.480003
2026-02-01 04:15:00,88.349998
2026-02-01 04:30:00,88.889999
2026-02-01 04:45:00,88.599998
2026-02-01 05:00:00,90.120003
2026-02-01 05:15:00,91.050003
2026-02-01 05:30:00,90.010002
2026-02-01 05:45:00,90.650002
2026-02-01 06:00:00,84.269997
2026-02-01 06:15:00,82.18
2026-02-01 06:30:00,87.050003
2026-02-01 06:45:00,89.25
2026-02-01 07:00:00,77.150002
2026-02-01 07:15:00,83.550003
2026-02-01 07:30:00,87.110001
2026-02-01 07:45:00,90.040001
2026-02-01 08:00:00,88.339996
2026-02-01 08:15:00,89.849998
2026-02-01 08:30:00,90.699997
2026-02-01 08:45:00,95.230003
2026-02-01 09:00:00,85.419998
2026-02-01 09:15:00,87.699997
2026-02-01 09:30:00,89.910004
2026-02-01 09:45:00,95.440002
2026-02-01 10:00:00,87.300003
2026-02-01 10:15:00,91.330002
2026-02-01 10:30:00,92.139999
2026-02-01 10:45:00,93.489998
2026-02-01 11:00:00,85.169998
2026-02-01 11:15:00,91.989998
2026-02-01 11:30:00,92.75
2026-02-01 11:45:00,92.489998
2026-02-01 12:00:00,91.949997
2026-02-01 12:15:00,91.949997
2026-02-01 12:30:00,92.589996
2026-02-01 12:45:00,92.68
2026-02-01 13:00:00,90.860001
2026-02-01 13:15:00,91.120003
2026-02-01 13:30:00,90.669998
2026-02-01 13:45:00,90.339996
2026-02-01 14:00:00,94.07
2026-02-01 14:15:00,93.779999
2026-02-01 14:30:00,93.309998
2026-02-01 14:45:00,94.910004
2026-02-01 15:00:00,95.300003
2026-02-01 15:15:00,95.339996
2026-02-01 15:30:00,95.339996
2026-02-01 15:45:00,97.169998
2026-02-01 16:00:00,99.489998
2026-02-01 16:15:00,100.400002
2026-02-01 16:30:00,102.360001
2026-02-01 16:45:00,106.050003
2026-02-01 17:00:00,107.730003
2026-02-01 17:15:00,106.239998
2026-02-01 17:30:00,105.290001
2026-02-01 17:45:00,106.459999
2026-02-01 18:00:00,105.0
2026-02-01 18:15:00,103.220001
2026-02-01 18:30:00,102.43
2026-02-01 18:45:00,101.559998
2026-02-01 19:00:00,87.300003
2026-02-01 19:15:00,87.129997
2026-02-01 19:30:00,85.709999
2026-02-01 19:45:00,83.900002
2026-02-01 20:00:00,85.139999
2026-02-01 20:15:00,84.089996
2026-02-01 20:30:00,87.300003
2026-02-01 20:45:00,88.040001
2026-02-01 21:00:00,92.410004
2026-02-01 21:15:00,93.589996
2026-02-01 21:30:00,91.589996
2026-02-01 21:45:00,88.690002
2026-02-01 22:00:00,91.82
2026-02-01 22:15:00,87.330002
2026-02-01 22:30:00,81.82
2026-02-01 22:45:00,78.800003
2026-02-01 23:00:00,87.190002
2026-02-01 23:15:00,87.089996
2026-02-01 23:30:00,77.199997
2026-02-01 23:45:00,76.739998
2026-02-02 00:00:00,84.010002
2026-02-02 00:15:00,82.779999
2026-02-02 00:30:00,87.040001
2026-02-02 00:45:00,83.650002
2026-02-02 01:00:00,83.889999
2026-02-02 01:15:00,82.949997
2026-02-02 01:30:00,89.389999
2026-02-02 01:45:00,78.410004
2026-02-02 02:00:00,91.800003
2026-02-02 02:15:00,82.57
2026-02-02 02:30:00,85.0
2026-02-02 02:45:00,84.599998
2026-02-02 03:00:00,82.75
2026-02-02 03:15:00,87.25
2026-02-02 03:30:00,88.470001
2026-02-02 03:45:00,88.57
2026-02-02 04:00:00,82.010002
2026-02-02 04:15:00,82.959999
2026-02-02 04:30:00,85.190002
2026-02-02 04:45:00,86.449997
2026-02-02 05:00:00,83.470001
2026-02-02 05:15:00,83.739998
2026-02-02 05:30:00,88.910004
2026-02-02 05:45:00,90.199997
2026-02-02 06:00:00,88.559998
2026-02-02 06:15:00,97.389999
2026-02-02 06:30:00,102.980003
2026-02-02 06:45:00,98.900002
2026-02-02 07:00:00,108.419998
2026-02-02 07:15:00,112.919998
2026-02-02 07:30:00,123.800003
2026-02-02 07:45:00,125.550003
2026-02-02 08:00:00,123.699997
2026-02-02 08:15:00,127.790001
2026-02-02 08:30:00,127.010002
2026-02-02 08:45:00,125.5
2026-02-02 09:00:00,127.779999
2026-02-02 09:15:00,125.489998
2026-02-02 09:30:00,122.709999
2026-02-02 09:45:00,112.0
2026-02-02 10:00:00,132.259995
2026-02-02 10:15:00,120.43
2026-02-02 10:30:00,113.889999
2026-02-02 10:45:00,107.370003
2026-02-02 11:00:00,117.190002
2026-02-02 11:15:00,115.919998
2026-02-02 11:30:00,110.010002
2026-02-02 11:45:00,107.519997
2026-02-02 12:00:00,108.0
2026-02-02 12:15:00,107.510002
2026-02-02 12:30:00,108.790001
2026-02-02 12:45:00,107.449997
2026-02-02 13:00:00,105.099998
2026-02-02 13:15:00,104.010002
2026-02-02 13:30:00,103.360001
2026-02-02 13:45:00,103.169998
2026-02-02 14:00:00,101.489998
2026-02-02 14:15:00,101.980003
2026-02-02 14:30:00,103.449997
2026-02-02 14:45:00,104.690002
2026-02-02 15:00:00,97.389999
2026-02-02 15:15:00,97.099998
2026-02-02 15:30:00,103.339996
2026-02-02 15:45:00,102.169998
2026-02-02 16:00:00,100.07
2026-02-02 16:15:00,102.849998
2026-02-02 16:30:00,103.190002
2026-02-02 16:45:00,105.93
2026-02-02 17:00:00,108.0
2026-02-02 17:15:00,113.470001
2026-02-02 17:30:00,117.68
2026-02-02 17:45:00,116.470001
2026-02-02 18:00:00,117.889999
2026-02-02 18:15:00,113.050003
2026-02-02 18:30:00,112.019997
2026-02-02 18:45:00,109.0
2026-02-02 19:00:00,106.019997
2026-02-02 19:15:00,105.419998
2026-02-02 19:30:00,104.629997
2026-02-02 19:45:00,102.68
2026-02-02 20:00:00,105.330002
2026-02-02 20:15:00,103.0
2026-02-02 20:30:00,101.0
2026-02-02 20:45:00,99.489998
2026-02-02 21:00:00,99.900002
2026-02-02 21:15:00,99.449997
2026-02-02 21:30:00,99.610001
2026-02-02 21:45:00,97.050003
2026-02-02 22:00:00,99.029999
2026-02-02 22:15:00,97.239998
2026-02-02 22:30:00,93.400002
2026-02-02 22:45:00,92.599998
2026-02-02 23:00:00,91.730003
2026-02-02 23:15:00,90.599998
2026-02-02 23:30:00,89.089996
2026-02-02 23:45:00,84.32
2026-02-03 00:00:00,82.620003
2026-02-03 00:15:00,85.309998
2026-02-03 00:30:00,86.0
2026-02-03 00:45:00,82.870003
2026-02-03 01:00:00,91.449997
2026-02-03 01:15:00,88.949997
2026-02-03 01:30:00,87.699997
2026-02-03 01:45:00,86.199997
2026-02-03 02:00:00,89.269997
2026-02-03 02:15:00,85.279999
2026-02-03 02:30:00,81.800003
2026-02-03 02:45:00,79.139999
2026-02-03 03:00:00,79.330002
2026-02-03 03:15:00,77.860001
2026-02-03 03:30:00,76.82
2026-02-03 03:45:00,75.989998
2026-02-03 04:00:00,74.900002
2026-02-03 04:15:00,74.419998
2026-02-03 04:30:00,74.870003
2026-02-03 04:45:00,69.290001
2026-02-03 05:00:00,66.839996
2026-02-03 05:15:00,72.989998
2026-02-03 05:30:00,78.690002
2026-02-03 05:45:00,76.099998
2026-02-03 06:00:00,83.639999
2026-02-03 06:15:00,86.660004
2026-02-03 06:30:00,92.129997
2026-02-03 06:45:00,95.980003
2026-02-03 07:00:00,93.419998
2026-02-03 07:15:00,98.010002
2026-02-03 07:30:00,100.349998
2026-02-03 07:45:00,103.129997
2026-02-03 08:00:00,106.68
2026-02-03 08:15:00,109.580002
2026-02-03 08:30:00,109.690002
2026-02-03 08:45:00,105.529999
2026-02-03 09:00:00,111.970001
2026-02-03 09:15:00,105.300003
2026-02-03 09:30:00,103.099998
2026-02-03 09:45:00,91.07
2026-02-03 10:00:00,103.720001
2026-02-03 10:15:00,96.889999
2026-02-03 10:30:00,94.599998
2026-02-03 10:45:00,89.349998
2026-02-03 11:00:00,92.0
2026-02-03 11:15:00,85.129997
2026-02-03 11:30:00,78.800003
2026-02-03 11:45:00,71.830002
2026-02-03 12:00:00,87.989998
2026-02-03 12:15:00,78.849998
2026-02-03 12:30:00,81.790001
2026-02-03 12:45:00,84.839996
2026-02-03 13:00:00,85.290001
2026-02-03 13:15:00,84.660004
2026-02-03 13:30:00,85.68
2026-02-03 13:45:00,86.290001
2026-02-03 14:00:00,86.519997
2026-02-03 14:15:00,91.339996
2026-02-03 14:30:00,93.0
2026-02-03 14:45:00,97.43
2026-02-03 15:00:00,92.68
2026-02-03 15:15:00,99.410004
2026-02-03 15:30:00,101.760002
2026-02-03 15:45:00,106.120003
2026-02-03 16:00:00,99.0
2026-02-03 16:15:00,103.779999
2026-02-03 16:30:00,107.239998
2026-02-03 16:45:00,115.910004
2026-02-03 17:00:00,112.300003
2026-02-03 17:15:00,120.379997
2026-02-03 17:30:00,120.099998
2026-02-03 17:45:00,120.400002
2026-02-03 18:00:00,121.360001
2026-02-03 18:15:00,118.510002
2026-02-03 18:30:00,117.449997
2026-02-03 18:45:00,117.129997
2026-02-03 19:00:00,114.790001
2026-02-03 19:15:00,110.379997
2026-02-03 19:30:00,110.290001
2026-02-03 19:45:00,108.099998
2026-02-03 20:00:00,104.489998
2026-02-03 20:15:00,104.690002
2026-02-03 20:30:00,105.099998
2026-02-03 20:45:00,105.440002
2026-02-03 21:00:00,103.660004
2026-02-03 21:15:00,104.260002
2026-02-03 21:30:00,100.989998
2026-02-03 21:45:00,96.300003
2026-02-03 22:00:00,100.389999
2026-02-03 22:15:00,98.800003
2026-02-03 22:30:00,98.93
2026-02-03 22:45:00,96.0
2026-02-03 23:00:00,97.519997
2026-02-03 23:15:00,96.169998
2026-02-03 23:30:00,94.489998
2026-02-03 23:45:00,88.419998
2026-02-04 00:00:00,83.5
2026-02-04 00:15:00,83.43
2026-02-04 00:30:00,84.790001
2026-02-04 00:45:00,81.220001
2026-02-04 01:00:00,90.790001
2026-02-04 01:15:00,86.120003
2026-02-04 01:30:00,84.25
2026-02-04 01:45:00,86.839996
2026-02-04 02:00:00,83.300003
2026-02-04 02:15:00,83.379997
2026-02-04 02:30:00,85.790001
2026-02-04 02:45:00,89.209999
2026-02-04 03:00:00,80.919998
2026-02-04 03:15:00,80.5
2026-02-04 03:30:00,80.400002
2026-02-04 03:45:00,79.599998
2026-02-04 04:00:00,80.989998
2026-02-04 04:15:00,80.400002
2026-02-04 04:30:00,80.400002
2026-02-04 04:45:00,77.120003
2026-02-04 05:00:00,77.169998
2026-02-04 05:15:00,77.290001
2026-02-04 05:30:00,76.699997
2026-02-04 05:45:00,76.699997
2026-02-04 06:00:00,80.400002
2026-02-04 06:15:00,81.489998
2026-02-04 06:30:00,88.489998
2026-02-04 06:45:00,88.800003
2026-02-04 07:00:00,89.629997
2026-02-04 07:15:00,94.470001
2026-02-04 07:30:00,94.389999
2026-02-04 07:45:00,92.059998
2026-02-04 08:00:00,117.389999
2026-02-04 08:15:00,114.400002
2026-02-04 08:30:00,114.699997
2026-02-04 08:45:00,105.550003
2026-02-04 09:00:00,122.419998
2026-02-04 09:15:00,112.389999
2026-02-04 09:30:00,109.889999
2026-02-04 09:45:00,107.290001
2026-02-04 10:00:00,109.690002
2026-02-04 10:15:00,109.209999
2026-02-04 10:30:00,105.540001
2026-02-04 10:45:00,100.330002
2026-02-04 11:00:00,96.089996
2026-02-04 11:15:00,96.190002
2026-02-04 11:30:00,94.68
2026-02-04 11:45:00,92.239998
2026-02-04 12:00:00,94.669998
2026-02-04 12:15:00,91.669998
2026-02-04 12:30:00,89.940002
2026-02-04 12:45:00,89.879997
2026-02-04 13:00:00,91.400002
2026-02-04 13:15:00,89.769997
2026-02-04 13:30:00,89.910004
2026-02-04 13:45:00,93.459999
2026-02-04 14:00:00,88.099998
2026-02-04 14:15:00,88.220001
2026-02-04 14:30:00,95.110001
2026-02-04 14:45:00,89.540001
2026-02-04 15:00:00,83.879997
2026-02-04 15:15:00,87.089996
2026-02-04 15:30:00,92.690002
2026-02-04 15:45:00,101.349998
2026-02-04 16:00:00,80.110001
2026-02-04 16:15:00,88.169998
2026-02-04 16:30:00,94.010002
2026-02-04 16:45:00,105.790001
2026-02-04 17:00:00,101.449997
2026-02-04 17:15:00,99.93
2026-02-04 17:30:00,99.400002
2026-02-04 17:45:00,99.239998
2026-02-04 18:00:00,105.93
2026-02-04 18:15:00,102.589996
2026-02-04 18:30:00,102.889999
2026-02-04 18:45:00,98.309998
2026-02-04 19:00:00,101.389999
2026-02-04 19:15:00,98.900002
2026-02-04 19:30:00,97.43
2026-02-04 19:45:00,95.889999
2026-02-04 20:00:00,93.379997
2026-02-04 20:15:00,92.059998
2026-02-04 20:30:00,90.800003
2026-02-04 20:45:00,88.489998
2026-02-04 21:00:00,95.139999
2026-02-04 21:15:00,95.129997
2026-02-04 21:30:00,88.610001
2026-02-04 21:45:00,86.099998
2026-02-04 22:00:00,92.709999
2026-02-04 22:15:00,88.199997
2026-02-04 22:30:00,87.199997
2026-02-04 22:45:00,85.889999
2026-02-04 23:00:00,87.260002
2026-02-04 23:15:00,86.0
2026-02-04 23:30:00,82.699997
2026-02-04 23:45:00,78.589996
2026-02-05 00:00:00,74.900002
2026-02-05 00:15:00,81.0
2026-02-05 00:30:00,82.779999
2026-02-05 00:45:00,82.040001
2026-02-05 01:00:00,85.190002
2026-02-05 01:15:00,84.720001
2026-02-05 01:30:00,85.089996
2026-02-05 01:45:00,83.389999
2026-02-05 02:00:00,82.239998
2026-02-05 02:15:00,81.209999
2026-02-05 02:30:00,82.610001
2026-02-05 02:45:00,81.269997
2026-02-05 03:00:00,78.190002
2026-02-05 03:15:00,78.400002
2026-02-05 03:30:00,73.57
2026-02-05 03:45:00,71.290001
2026-02-05 04:00:00,70.139999
2026-02-05 04:15:00,65.459999
2026-02-05 04:30:00,66.400002
2026-02-05 04:45:00,64.800003
2026-02-05 05:00:00,63.099998
2026-02-05 05:15:00,63.689999
2026-02-05 05:30:00,71.010002
2026-02-05 05:45:00,74.589996
2026-02-05 06:00:00,53.599998
2026-02-05 06:15:00,66.550003
2026-02-05 06:30:00,74.900002
2026-02-05 06:45:00,81.190002
2026-02-05 07:00:00,91.010002
2026-02-05 07:15:00,100.459999
2026-02-05 07:30:00,99.989998
2026-02-05 07:45:00,101.529999
2026-02-05 08:00:00,95.830002
2026-02-05 08:15:00,100.709999
2026-02-05 08:30:00,96.370003
2026-02-05 08:45:00,95.339996
2026-02-05 09:00:00,109.519997
2026-02-05 09:15:00,106.190002
2026-02-05 09:30:00,100.129997
2026-02-05 09:45:00,102.0
2026-02-05 10:00:00,109.650002
2026-02-05 10:15:00,107.449997
2026-02-05 10:30:00,100.0
2026-02-05 10:45:00,91.480003
2026-02-05 11:00:00,101.589996
2026-02-05 11:15:00,101.510002
2026-02-05 11:30:00,99.599998
2026-02-05 11:45:00,97.440002
2026-02-05 12:00:00,97.889999
2026-02-05 12:15:00,97.580002
2026-02-05 12:30:00,94.480003
2026-02-05 12:45:00,92.919998
2026-02-05 13:00:00,98.089996
2026-02-05 13:15:00,97.519997
2026-02-05 13:30:00,97.709999
2026-02-05 13:45:00,97.910004
2026-02-05 14:00:00,97.889999
2026-02-05 14:15:00,99.599998
2026-02-05 14:30:00,100.779999
2026-02-05 14:45:00,101.800003
2026-02-05 15:00:00,101.300003
2026-02-05 15:15:00,102.190002
2026-02-05 15:30:00,103.910004
2026-02-05 15:45:00,104.209999
2026-02-05 16:00:00,110.870003
2026-02-05 16:15:00,114.099998
2026-02-05 16:30:00,114.699997
2026-02-05 16:45:00,119.580002
2026-02-05 17:00:00,121.379997
2026-02-05 17:15:00,121.889999
2026-02-05 17:30:00,124.199997
2026-02-05 17:45:00,124.699997
2026-02-05 18:00:00,136.089996
2026-02-05 18:15:00,131.470001
2026-02-05 18:30:00,130.710007
2026-02-05 18:45:00,126.470001
2026-02-05 19:00:00,131.529999
2026-02-05 19:15:00,125.480003
2026-02-05 19:30:00,117.290001
2026-02-05 19:45:00,116.849998
2026-02-05 20:00:00,124.199997
2026-02-05 20:15:00,116.279999
2026-02-05 20:30:00,110.639999
2026-02-05 20:45:00,106.959999
2026-02-05 21:00:00,110.610001
2026-02-05 21:15:00,106.400002
2026-02-05 21:30:00,104.410004
2026-02-05 21:45:00,101.089996
2026-02-05 22:00:00,106.800003
2026-02-05 22:15:00,104.029999
2026-02-05 22:30:00,102.650002
2026-02-05 22:45:00,100.120003
2026-02-05 23:00:00,103.900002
2026-02-05 23:15:00,98.580002
2026-02-05 23:30:00,95.919998
2026-02-05 23:45:00,91.470001
2026-02-06 00:00:00,100.519997
2026-02-06 00:15:00,96.620003
2026-02-06 00:30:00,96.57
2026-02-06 00:45:00,96.959999
2026-02-06 01:00:00,101.129997
2026-02-06 01:15:00,99.400002
2026-02-06 01:30:00,98.309998
2026-02-06 01:45:00,97.669998
2026-02-06 02:00:00,98.800003
2026-02-06 02:15:00,97.879997
2026-02-06 02:30:00,97.269997
2026-02-06 02:45:00,98.400002
2026-02-06 03:00:00,96.860001
2026-02-06 03:15:00,98.739998
2026-02-06 03:30:00,98.400002
2026-02-06 03:45:00,98.910004
2026-02-06 04:00:00,88.900002
2026-02-06 04:15:00,89.269997
2026-02-06 04:30:00,92.32
2026-02-06 04:45:00,93.989998
2026-02-06 05:00:00,92.949997
2026-02-06 05:15:00,94.480003
2026-02-06 05:30:00,98.099998
2026-02-06 05:45:00,99.309998
2026-02-06 06:00:00,98.440002
2026-02-06 06:15:00,99.190002
2026-02-06 06:30:00,108.720001
2026-02-06 06:45:00,112.919998
2026-02-06 07:00:00,100.459999
2026-02-06 07:15:00,108.690002
2026-02-06 07:30:00,122.290001
2026-02-06 07:45:00,125.5
2026-02-06 08:00:00,135.589996
2026-02-06 08:15:00,134.699997
2026-02-06 08:30:00,138.720001
2026-02-06 08:45:00,139.5
2026-02-06 09:00:00,141.100006
2026-02-06 09:15:00,140.970001
2026-02-06 09:30:00,135.0
2026-02-06 09:45:00,132.399994
2026-02-06 10:00:00,144.529999
2026-02-06 10:15:00,140.169998
2026-02-06 10:30:00,139.229996
2026-02-06 10:45:00,135.639999
2026-02-06 11:00:00,143.300003
2026-02-06 11:15:00,137.830002
2026-02-06 11:30:00,134.490005
2026-02-06 11:45:00,129.179993
2026-02-06 12:00:00,132.119995
2026-02-06 12:15:00,130.75
2026-02-06 12:30:00,133.350006
2026-02-06 12:45:00,127.379997
2026-02-06 13:00:00,135.970001
2026-02-06 13:15:00,130.800003
2026-02-06 13:30:00,130.279999
2026-02-06 13:45:00,125.730003
2026-02-06 14:00:00,118.43
2026-02-06 14:15:00,118.050003
2026-02-06 14:30:00,124.059998
2026-02-06 14:45:00,128.389999
2026-02-06 15:00:00,106.519997
2026-02-06 15:15:00,111.449997
2026-02-06 15:30:00,115.589996
2026-02-06 15:45:00,115.110001
2026-02-06 16:00:00,121.029999
2026-02-06 16:15:00,123.989998
2026-02-06 16:30:00,125.919998
2026-02-06 16:45:00,128.039993
2026-02-06 17:00:00,123.82
2026-02-06 17:15:00,130.759995
2026-02-06 17:30:00,134.320007
2026-02-06 17:45:00,139.229996
2026-02-06 18:00:00,136.339996
2026-02-06 18:15:00,133.059998
2026-02-06 18:30:00,125.669998
2026-02-06 18:45:00,123.459999
2026-02-06 19:00:00,120.0
2026-02-06 19:15:00,117.419998
2026-02-06 19:30:00,114.620003
2026-02-06 19:45:00,113.379997
2026-02-06 20:00:00,114.080002
2026-02-06 20:15:00,110.529999
2026-02-06 20:30:00,107.550003
2026-02-06 20:45:00,106.339996
2026-02-06 21:00:00,109.32
2026-02-06 21:15:00,108.980003
2026-02-06 21:30:00,107.010002
2026-02-06 21:45:00,104.209999
2026-02-06 22:00:00,107.290001
2026-02-06 22:15:00,106.019997
2026-02-06 22:30:00,105.059998
2026-02-06 22:45:00,104.129997
2026-02-06 23:00:00,105.0
2026-02-06 23:15:00,103.599998
2026-02-06 23:30:00,101.410004
2026-02-06 23:45:00,96.839996
2026-02-07 00:00:00,104.57
2026-02-07 00:15:00,101.029999
2026-02-07 00:30:00,100.529999
2026-02-07 00:45:00,99.839996
2026-02-07 01:00:00,100.25
2026-02-07 01:15:00,98.779999
2026-02-07 01:30:00,100.699997
2026-02-07 01:45:00,100.269997
2026-02-07 02:00:00,100.169998
2026-02-07 02:15:00,99.410004
2026-02-07 02:30:00,96.889999
2026-02-07 02:45:00,95.699997
2026-02-07 03:00:00,98.279999
2026-02-07 03:15:00,96.5
2026-02-07 03:30:00,97.309998
2026-02-07 03:45:00,95.449997
2026-02-07 04:00:00,95.860001
2026-02-07 04:15:00,96.580002
2026-02-07 04:30:00,96.800003
2026-02-07 04:45:00,96.339996
2026-02-07 05:00:00,94.57
2026-02-07 05:15:00,96.339996
2026-02-07 05:30:00,96.739998
2026-02-07 05:45:00,99.25
2026-02-07 06:00:00,90.059998
2026-02-07 06:15:00,95.970001
2026-02-07 06:30:00,98.970001
2026-02-07 06:45:00,100.900002
2026-02-07 07:00:00,100.279999
2026-02-07 07:15:00,102.389999
2026-02-07 07:30:00,104.040001
2026-02-07 07:45:00,105.419998
2026-02-07 08:00:00,103.75
2026-02-07 08:15:00,104.690002
2026-02-07 08:30:00,108.0
2026-02-07 08:45:00,109.459999
2026-02-07 09:00:00,118.699997
2026-02-07 09:15:00,111.690002
2026-02-07 09:30:00,112.400002
2026-02-07 09:45:00,109.43
2026-02-07 10:00:00,115.980003
2026-02-07 10:15:00,109.370003
2026-02-07 10:30:00,107.779999
2026-02-07 10:45:00,106.07
2026-02-07 11:00:00,106.889999
2026-02-07 11:15:00,105.839996
2026-02-07 11:30:00,103.760002
2026-02-07 11:45:00,101.639999
2026-02-07 12:00:00,103.690002
2026-02-07 12:15:00,101.150002
2026-02-07 12:30:00,98.18
2026-02-07 12:45:00,97.610001
2026-02-07 13:00:00,98.0
2026-02-07 13:15:00,97.400002
2026-02-07 13:30:00,96.970001
2026-02-07 13:45:00,97.5
2026-02-07 14:00:00,96.540001
2026-02-07 14:15:00,97.760002
2026-02-07 14:30:00,101.43
2026-02-07 14:45:00,104.139999
2026-02-07 15:00:00,101.410004
2026-02-07 15:15:00,103.589996
2026-02-07 15:30:00,108.769997
2026-02-07 15:45:00,111.559998
2026-02-07 16:00:00,108.080002
2026-02-07 16:15:00,113.980003
2026-02-07 16:30:00,120.93
2026-02-07 16:45:00,128.869995
2026-02-07 17:00:00,119.050003
2026-02-07 17:15:00,123.510002
2026-02-07 17:30:00,129.570007
2026-02-07 17:45:00,134.880005
2026-02-07 18:00:00,137.220001
2026-02-07 18:15:00,133.110001
2026-02-07 18:30:00,131.100006
2026-02-07 18:45:00,130.279999
2026-02-07 19:00:00,129.289993
2026-02-07 19:15:00,128.210007
2026-02-07 19:30:00,122.580002
2026-02-07 19:45:00,115.440002
2026-02-07 20:00:00,119.989998
2026-02-07 20:15:00,110.32
2026-02-07 20:30:00,108.07
2026-02-07 20:45:00,104.790001
2026-02-07 21:00:00,106.959999
2026-02-07 21:15:00,105.360001
2026-02-07 21:30:00,102.940002
2026-02-07 21:45:00,100.07
2026-02-07 22:00:00,106.379997
2026-02-07 22:15:00,103.879997
2026-02-07 22:30:00,102.919998
2026-02-07 22:45:00,100.029999
2026-02-07 23:00:00,104.199997
2026-02-07 23:15:00,99.879997
2026-02-07 23:30:00,96.110001
2026-02-07 23:45:00,91.800003
2026-02-08 00:00:00,110.040001
2026-02-08 00:15:00,101.129997
2026-02-08 00:30:00,99.989998
2026-02-08 00:45:00,96.980003
2026-02-08 01:00:00,101.510002
2026-02-08 01:15:00,101.370003
2026-02-08 01:30:00,97.099998
2026-02-08 01:45:00,96.199997
2026-02-08 02:00:00,99.900002
2026-02-08 02:15:00,97.489998
2026-02-08 02:30:00,96.629997
2026-02-08 02:45:00,96.25
2026-02-08 03:00:00,97.43
2026-02-08 03:15:00,96.699997
2026-02-08 03:30:00,95.639999
2026-02-08 03:45:00,95.93
2026-02-08 04:00:00,94.900002
2026-02-08 04:15:00,94.5
2026-02-08 04:30:00,95.050003
2026-02-08 04:45:00,94.989998
2026-02-08 05:00:00,95.589996
2026-02-08 05:15:00,95.410004
2026-02-08 05:30:00,95.489998
2026-02-08 05:45:00,95.809998
2026-02-08 06:00:00,90.279999
2026-02-08 06:15:00,92.800003
2026-02-08 06:30:00,96.360001
2026-02-08 06:45:00,98.160004
2026-02-08 07:00:00,91.089996
2026-02-08 07:15:00,94.709999
2026-02-08 07:30:00,96.300003
2026-02-08 07:45:00,99.849998
2026-02-08 08:00:00,94.410004
2026-02-08 08:15:00,98.970001
2026-02-08 08:30:00,100.099998
2026-02-08 08:45:00,100.209999
2026-02-08 09:00:00,100.160004
2026-02-08 09:15:00,100.220001
2026-02-08 09:30:00,100.029999
2026-02-08 09:45:00,100.830002
2026-02-08 10:00:00,104.370003
2026-02-08 10:15:00,103.809998
2026-02-08 10:30:00,101.620003
2026-02-08 10:45:00,100.779999
2026-02-08 11:00:00,102.139999
2026-02-08 11:15:00,100.849998
2026-02-08 11:30:00,98.639999
2026-02-08 11:45:00,96.769997
2026-02-08 12:00:00,97.860001
2026-02-08 12:15:00,96.769997
2026-02-08 12:30:00,96.970001
2026-02-08 12:45:00,94.690002
2026-02-08 13:00:00,95.099998
2026-02-08 13:15:00,94.010002
2026-02-08 13:30:00,96.260002
2026-02-08 13:45:00,96.43
2026-02-08 14:00:00,94.089996
2026-02-08 14:15:00,96.620003
2026-02-08 14:30:00,97.709999
2026-02-08 14:45:00,100.459999
2026-02-08 15:00:00,98.029999
2026-02-08 15:15:00,100.519997
2026-02-08 15:30:00,104.32
2026-02-08 15:45:00,110.419998
2026-02-08 16:00:00,100.839996
2026-02-08 16:15:00,107.639999
2026-02-08 16:30:00,115.029999
2026-02-08 16:45:00,123.629997
2026-02-08 17:00:00,119.540001
2026-02-08 17:15:00,125.980003
2026-02-08 17:30:00,131.0
2026-02-08 17:45:00,133.610001
2026-02-08 18:00:00,129.789993
2026-02-08 18:15:00,132.690002
2026-02-08 18:30:00,132.550003
2026-02-08 18:45:00,129.839996
2026-02-08 19:00:00,132.960007
2026-02-08 19:15:00,129.550003
2026-02-08 19:30:00,125.089996
2026-02-08 19:45:00,120.019997
2026-02-08 20:00:00,122.860001
2026-02-08 20:15:00,114.260002
2026-02-08 20:30:00,109.93
2026-02-08 20:45:00,106.080002
2026-02-08 21:00:00,110.839996
2026-02-08 21:15:00,109.25
2026-02-08 21:30:00,106.93
2026-02-08 21:45:00,103.489998
2026-02-08 22:00:00,108.080002
2026-02-08 22:15:00,106.559998
2026-02-08 22:30:00,104.139999
2026-02-08 22:45:00,101.779999
2026-02-08 23:00:00,103.419998
2026-02-08 23:15:00,101.709999
2026-02-08 23:30:00,100.279999
2026-02-08 23:45:00,94.519997
2026-02-09 00:00:00,100.010002
2026-02-09 00:15:00,97.510002
2026-02-09 00:30:00,95.57
2026-02-09 00:45:00,94.129997
2026-02-09 01:00:00,97.739998
2026-02-09 01:15:00,95.650002
2026-02-09 01:30:00,94.980003
2026-02-09 01:45:00,93.720001
2026-02-09 02:00:00,95.389999
2026-02-09 02:15:00,95.25
2026-02-09 02:30:00,96.589996
2026-02-09 02:45:00,95.849998
2026-02-09 03:00:00,95.779999
2026-02-09 03:15:00,94.739998
2026-02-09 03:30:00,95.410004
2026-02-09 03:45:00,96.220001
2026-02-09 04:00:00,93.489998
2026-02-09 04:15:00,95.190002
2026-02-09 04:30:00,96.879997
2026-02-09 04:45:00,100.910004
2026-02-09 05:00:00,95.75
2026-02-09 05:15:00,100.989998
2026-02-09 05:30:00,105.650002
2026-02-09 05:45:00,116.599998
2026-02-09 06:00:00,105.0
2026-02-09 06:15:00,121.370003
2026-02-09 06:30:00,134.440002
2026-02-09 06:45:00,165.630005
2026-02-09 07:00:00,137.220001
2026-02-09 07:15:00,159.029999
2026-02-09 07:30:00,168.259995
2026-02-09 07:45:00,170.059998
2026-02-09 08:00:00,170.289993
2026-02-09 08:15:00,188.970001
2026-02-09 08:30:00,185.610001
2026-02-09 08:45:00,186.429993
2026-02-09 09:00:00,183.899994
2026-02-09 09:15:00,174.899994
2026-02-09 09:30:00,160.210007
2026-02-09 09:45:00,158.199997
2026-02-09 10:00:00,166.479996
2026-02-09 10:15:00,164.259995
2026-02-09 10:30:00,154.110001
2026-02-09 10:45:00,144.960007
2026-02-09 11:00:00,151.139999
2026-02-09 11:15:00,146.580002
2026-02-09 11:30:00,143.020004
2026-02-09 11:45:00,137.270004
2026-02-09 12:00:00,143.520004
2026-02-09 12:15:00,138.309998
2026-02-09 12:30:00,135.399994
2026-02-09 12:45:00,132.059998
2026-02-09 13:00:00,136.449997
2026-02-09 13:15:00,137.820007
2026-02-09 13:30:00,134.479996
2026-02-09 13:45:00,132.479996
2026-02-09 14:00:00,123.949997
2026-02-09 14:15:00,133.850006
2026-02-09 14:30:00,142.380005
2026-02-09 14:45:00,151.449997
2026-02-09 15:00:00,129.289993
2026-02-09 15:15:00,139.059998
2026-02-09 15:30:00,158.080002
2026-02-09 15:45:00,171.429993
2026-02-09 16:00:00,142.070007
2026-02-09 16:15:00,160.660004
2026-02-09 16:30:00,185.220001
2026-02-09 16:45:00,192.940002
2026-02-09 17:00:00,189.070007
2026-02-09 17:15:00,235.5
2026-02-09 17:30:00,246.910004
2026-02-09 17:45:00,245.5
2026-02-09 18:00:00,199.679993
2026-02-09 18:15:00,188.580002
2026-02-09 18:30:00,173.350006
2026-02-09 18:45:00,176.0
2026-02-09 19:00:00,190.600006
2026-02-09 19:15:00,171.850006
2026-02-09 19:30:00,161.490005
2026-02-09 19:45:00,144.440002
2026-02-09 20:00:00,163.830002
2026-02-09 20:15:00,148.690002
2026-02-09 20:30:00,139.630005
2026-02-09 20:45:00,125.910004
2026-02-09 21:00:00,146.410004
2026-02-09 21:15:00,142.75
2026-02-09 21:30:00,131.139999
2026-02-09 21:45:00,118.5
2026-02-09 22:00:00,130.550003
2026-02-09 22:15:00,124.419998
2026-02-09 22:30:00,123.18
2026-02-09 22:45:00,113.809998
2026-02-09 23:00:00,117.029999
2026-02-09 23:15:00,109.089996
2026-02-09 23:30:00,107.190002
2026-02-09 23:45:00,102.379997
2026-02-10 00:00:00,106.370003
2026-02-10 00:15:00,104.650002
2026-02-10 00:30:00,103.989998
2026-02-10 00:45:00,103.580002
2026-02-10 01:00:00,105.029999
2026-02-10 01:15:00,104.040001
2026-02-10 01:30:00,103.040001
2026-02-10 01:45:00,102.879997
2026-02-10 02:00:00,103.209999
2026-02-10 02:15:00,102.540001
2026-02-10 02:30:00,102.510002
2026-02-10 02:45:00,102.739998
2026-02-10 03:00:00,102.830002
2026-02-10 03:15:00,102.580002
2026-02-10 03:30:00,102.239998
2026-02-10 03:45:00,102.099998
2026-02-10 04:00:00,102.019997
2026-02-10 04:15:00,100.709999
2026-02-10 04:30:00,102.959999
2026-02-10 04:45:00,104.07
2026-02-10 05:00:00,103.589996
2026-02-10 05:15:00,103.209999
2026-02-10 05:30:00,104.82
2026-02-10 05:45:00,110.120003
2026-02-10 06:00:00,102.5
2026-02-10 06:15:00,112.269997
2026-02-10 06:30:00,124.5
2026-02-10 06:45:00,140.470001
2026-02-10 07:00:00,125.209999
2026-02-10 07:15:00,134.669998
2026-02-10 07:30:00,146.320007
2026-02-10 07:45:00,151.410004
2026-02-10 08:00:00,151.789993
2026-02-10 08:15:00,155.809998
2026-02-10 08:30:00,148.009995
2026-02-10 08:45:00,143.580002
2026-02-10 09:00:00,147.399994
2026-02-10 09:15:00,141.889999
2026-02-10 09:30:00,135.529999
2026-02-10 09:45:00,127.970001
2026-02-10 10:00:00,145.380005
2026-02-10 10:15:00,134.75
2026-02-10 10:30:00,131.699997
2026-02-10 10:45:00,123.019997
2026-02-10 11:00:00,134.440002
2026-02-10 11:15:00,128.020004
2026-02-10 11:30:00,119.129997
2026-02-10 11:45:00,112.690002
2026-02-10 12:00:00,117.660004
2026-02-10 12:15:00,112.190002
2026-02-10 12:30:00,113.949997
2026-02-10 12:45:00,112.410004
2026-02-10 13:00:00,113.160004
2026-02-10 13:15:00,110.220001
2026-02-10 13:30:00,112.07
2026-02-10 13:45:00,113.400002
2026-02-10 14:00:00,111.25
2026-02-10 14:15:00,114.150002
2026-02-10 14:30:00,120.540001
2026-02-10 14:45:00,126.150002
2026-02-10 15:00:00,120.529999
2026-02-10 15:15:00,124.480003
2026-02-10 15:30:00,136.600006
2026-02-10 15:45:00,139.169998
2026-02-10 16:00:00,123.209999
2026-02-10 16:15:00,131.25
2026-02-10 16:30:00,129.339996
2026-02-10 16:45:00,140.779999
2026-02-10 17:00:00,135.119995
2026-02-10 17:15:00,135.960007
2026-02-10 17:30:00,142.869995
2026-02-10 17:45:00,140.690002
2026-02-10 18:00:00,146.970001
2026-02-10 18:15:00,140.889999
2026-02-10 18:30:00,133.279999
2026-02-10 18:45:00,123.029999
2026-02-10 19:00:00,133.130005
2026-02-10 19:15:00,126.370003
2026-02-10 19:30:00,118.519997
2026-02-10 19:45:00,109.550003
2026-02-10 20:00:00,122.809998
2026-02-10 20:15:00,112.589996
2026-02-10 20:30:00,105.300003
2026-02-10 20:45:00,104.400002
2026-02-10 21:00:00,112.089996
2026-02-10 21:15:00,108.459999
2026-02-10 21:30:00,107.32
2026-02-10 21:45:00,104.669998
2026-02-10 22:00:00,109.339996
2026-02-10 22:15:00,107.910004
2026-02-10 22:30:00,106.32
2026-02-10 22:45:00,103.209999
2026-02-10 23:00:00,106.029999
2026-02-10 23:15:00,103.419998
2026-02-10 23:30:00,99.410004
2026-02-10 23:45:00,93.260002
2026-02-11 00:00:00,96.970001
2026-02-11 00:15:00,97.18
2026-02-11 00:30:00,97.040001
2026-02-11 00:45:00,95.959999
2026-02-11 01:00:00,97.120003
2026-02-11 01:15:00,96.989998
2026-02-11 01:30:00,96.699997
2026-02-11 01:45:00,95.709999
2026-02-11 02:00:00,96.970001
2026-02-11 02:15:00,95.540001
2026-02-11 02:30:00,95.269997
2026-02-11 02:45:00,95.269997
2026-02-11 03:00:00,95.029999
2026-02-11 03:15:00,95.029999
2026-02-11 03:30:00,95.0
2026-02-11 03:45:00,94.260002
2026-02-11 04:00:00,94.970001
2026-02-11 04:15:00,94.889999
2026-02-11 04:30:00,94.989998
2026-02-11 04:45:00,95.029999
2026-02-11 05:00:00,94.980003
2026-02-11 05:15:00,96.209999
2026-02-11 05:30:00,100.779999
2026-02-11 05:45:00,105.139999
2026-02-11 06:00:00,98.57
2026-02-11 06:15:00,106.82
2026-02-11 06:30:00,113.0
2026-02-11 06:45:00,124.220001
2026-02-11 07:00:00,113.5
2026-02-11 07:15:00,130.610001
2026-02-11 07:30:00,136.369995
2026-02-11 07:45:00,136.449997
2026-02-11 08:00:00,134.399994
2026-02-11 08:15:00,137.100006
2026-02-11 08:30:00,141.080002
2026-02-11 08:45:00,136.259995
2026-02-11 09:00:00,134.509995
2026-02-11 09:15:00,133.100006
2026-02-11 09:30:00,132.009995
2026-02-11 09:45:00,128.690002
2026-02-11 10:00:00,131.779999
2026-02-11 10:15:00,129.770004
2026-02-11 10:30:00,126.370003
2026-02-11 10:45:00,125.309998
2026-02-11 11:00:00,131.440002
2026-02-11 11:15:00,130.619995
2026-02-11 11:30:00,123.18
2026-02-11 11:45:00,118.580002
2026-02-11 12:00:00,119.889999
2026-02-11 12:15:00,116.07
2026-02-11 12:30:00,113.830002
2026-02-11 12:45:00,113.730003
2026-02-11 13:00:00,119.900002
2026-02-11 13:15:00,118.669998
2026-02-11 13:30:00,116.620003
2026-02-11 13:45:00,114.199997
2026-02-11 14:00:00,114.290001
2026-02-11 14:15:00,116.510002
2026-02-11 14:30:00,117.150002
2026-02-11 14:45:00,118.879997
2026-02-11 15:00:00,116.370003
2026-02-11 15:15:00,116.349998
2026-02-11 15:30:00,119.010002
2026-02-11 15:45:00,121.029999
2026-02-11 16:00:00,117.870003
2026-02-11 16:15:00,119.029999
2026-02-11 16:30:00,122.82
2026-02-11 16:45:00,132.360001
2026-02-11 17:00:00,119.730003
2026-02-11 17:15:00,129.839996
2026-02-11 17:30:00,130.149994
2026-02-11 17:45:00,131.929993
2026-02-11 18:00:00,131.029999
2026-02-11 18:15:00,128.080002
2026-02-11 18:30:00,123.410004
2026-02-11 18:45:00,119.400002
2026-02-11 19:00:00,122.980003
2026-02-11 19:15:00,111.790001
2026-02-11 19:30:00,107.43
2026-02-11 19:45:00,105.949997
2026-02-11 20:00:00,110.040001
2026-02-11 20:15:00,107.209999
2026-02-11 20:30:00,103.779999
2026-02-11 20:45:00,100.849998
2026-02-11 21:00:00,107.839996
2026-02-11 21:15:00,107.169998
2026-02-11 21:30:00,104.93
2026-02-11 21:45:00,98.870003
2026-02-11 22:00:00,106.230003
2026-02-11 22:15:00,103.68
2026-02-11 22:30:00,100.199997
2026-02-11 22:45:00,98.589996
2026-02-11 23:00:00,102.309998
2026-02-11 23:15:00,96.330002
2026-02-11 23:30:00,93.900002
2026-02-11 23:45:00,88.709999
2026-02-12 00:00:00,90.559998
2026-02-12 00:15:00,88.010002
2026-02-12 00:30:00,89.629997
2026-02-12 00:45:00,86.720001
2026-02-12 01:00:00,88.489998
2026-02-12 01:15:00,87.0
2026-02-12 01:30:00,87.989998
2026-02-12 01:45:00,88.449997
2026-02-12 02:00:00,87.239998
2026-02-12 02:15:00,87.769997
2026-02-12 02:30:00,86.089996
2026-02-12 02:45:00,84.959999
2026-02-12 03:00:00,84.309998
2026-02-12 03:15:00,83.489998
2026-02-12 03:30:00,84.68
2026-02-12 03:45:00,86.089996
2026-02-12 04:00:00,84.339996
2026-02-12 04:15:00,85.550003
2026-02-12 04:30:00,86.0
2026-02-12 04:45:00,87.059998
2026-02-12 05:00:00,86.660004
2026-02-12 05:15:00,87.150002
2026-02-12 05:30:00,90.489998
2026-02-12 05:45:00,92.620003
2026-02-12 06:00:00,90.709999
2026-02-12 06:15:00,91.550003
2026-02-12 06:30:00,90.669998
2026-02-12 06:45:00,90.220001
2026-02-12 07:00:00,96.160004
2026-02-12 07:15:00,89.800003
2026-02-12 07:30:00,105.620003
2026-02-12 07:45:00,106.419998
2026-02-12 08:00:00,87.489998
2026-02-12 08:15:00,87.059998
2026-02-12 08:30:00,91.580002
2026-02-12 08:45:00,91.589996
2026-02-12 09:00:00,101.790001
2026-02-12 09:15:00,95.949997
2026-02-12 09:30:00,92.589996
2026-02-12 09:45:00,93.540001
2026-02-12 10:00:00,103.400002
2026-02-12 10:15:00,100.489998
2026-02-12 10:30:00,100.989998
2026-02-12 10:45:00,100.0
2026-02-12 11:00:00,109.540001
2026-02-12 11:15:00,107.389999
2026-02-12 11:30:00,100.010002
2026-02-12 11:45:00,99.010002
2026-02-12 12:00:00,104.68
2026-02-12 12:15:00,104.949997
2026-02-12 12:30:00,104.349998
2026-02-12 12:45:00,104.080002
2026-02-12 13:00:00,104.470001
2026-02-12 13:15:00,103.440002
2026-02-12 13:30:00,102.870003
2026-02-12 13:45:00,101.43
2026-02-12 14:00:00,103.279999
2026-02-12 14:15:00,103.660004
2026-02-12 14:30:00,104.470001
2026-02-12 14:45:00,104.660004
2026-02-12 15:00:00,103.559998
2026-02-12 15:15:00,103.260002
2026-02-12 15:30:00,106.300003
2026-02-12 15:45:00,107.209999
2026-02-12 16:00:00,103.910004
2026-02-12 16:15:00,107.150002
2026-02-12 16:30:00,109.440002
2026-02-12 16:45:00,115.449997
2026-02-12 17:00:00,107.889999
2026-02-12 17:15:00,120.639999
2026-02-12 17:30:00,125.599998
2026-02-12 17:45:00,128.669998
2026-02-12 18:00:00,128.880005
2026-02-12 18:15:00,127.5
2026-02-12 18:30:00,122.57
2026-02-12 18:45:00,121.059998
2026-02-12 19:00:00,117.300003
2026-02-12 19:15:00,112.199997
2026-02-12 19:30:00,110.0
2026-02-12 19:45:00,106.199997
2026-02-12 20:00:00,111.980003
2026-02-12 20:15:00,106.480003
2026-02-12 20:30:00,103.150002
2026-02-12 20:45:00,99.699997
2026-02-12 21:00:00,106.599998
2026-02-12 21:15:00,103.300003
2026-02-12 21:30:00,98.489998
2026-02-12 21:45:00,91.360001
2026-02-12 22:00:00,102.900002
2026-02-12 22:15:00,96.660004
2026-02-12 22:30:00,94.129997
2026-02-12 22:45:00,93.32
2026-02-12 23:00:00,98.519997
2026-02-12 23:15:00,91.230003
2026-02-12 23:30:00,86.25
2026-02-12 23:45:00,82.400002
2026-02-13 00:00:00,86.279999
2026-02-13 00:15:00,85.510002
2026-02-13 00:30:00,83.620003
2026-02-13 00:45:00,81.900002
2026-02-13 01:00:00,84.400002
2026-02-13 01:15:00,84.300003
2026-02-13 01:30:00,83.75
2026-02-13 01:45:00,83.830002
2026-02-13 02:00:00,83.050003
2026-02-13 02:15:00,87.300003
2026-02-13 02:30:00,87.0
2026-02-13 02:45:00,83.660004
2026-02-13 03:00:00,82.839996
2026-02-13 03:15:00,85.339996
2026-02-13 03:30:00,84.910004
2026-02-13 03:45:00,83.129997
2026-02-13 04:00:00,81.949997
2026-02-13 04:15:00,83.110001
2026-02-13 04:30:00,84.32
2026-02-13 04:45:00,85.739998
2026-02-13 05:00:00,84.400002
2026-02-13 05:15:00,84.169998
2026-02-13 05:30:00,88.260002
2026-02-13 05:45:00,93.660004
2026-02-13 06:00:00,85.019997
2026-02-13 06:15:00,93.959999
2026-02-13 06:30:00,103.900002
2026-02-13 06:45:00,114.029999
2026-02-13 07:00:00,105.389999
2026-02-13 07:15:00,119.360001
2026-02-13 07:30:00,122.099998
2026-02-13 07:45:00,126.370003
2026-02-13 08:00:00,123.0
2026-02-13 08:15:00,127.07
2026-02-13 08:30:00,126.489998
2026-02-13 08:45:00,125.059998
2026-02-13 09:00:00,130.039993
2026-02-13 09:15:00,125.459999
2026-02-13 09:30:00,117.730003
2026-02-13 09:45:00,111.040001
2026-02-13 10:00:00,114.629997
2026-02-13 10:15:00,109.849998
2026-02-13 10:30:00,106.669998
2026-02-13 10:45:00,102.730003
2026-02-13 11:00:00,105.620003
2026-02-13 11:15:00,103.449997
2026-02-13 11:30:00,101.5
2026-02-13 11:45:00,100.68
2026-02-13 12:00:00,98.620003
2026-02-13 12:15:00,97.410004
2026-02-13 12:30:00,97.029999
2026-02-13 12:45:00,96.139999
2026-02-13 13:00:00,96.489998
2026-02-13 13:15:00,96.940002
2026-02-13 13:30:00,98.610001
2026-02-13 13:45:00,97.940002
2026-02-13 14:00:00,98.93
2026-02-13 14:15:00,99.739998
2026-02-13 14:30:00,103.599998
2026-02-13 14:45:00,106.089996
2026-02-13 15:00:00,107.050003
2026-02-13 15:15:00,113.150002
2026-02-13 15:30:00,123.550003
2026-02-13 15:45:00,132.869995
2026-02-13 16:00:00,119.290001
2026-02-13 16:15:00,124.07
2026-02-13 16:30:00,128.830002
2026-02-13 16:45:00,138.639999
2026-02-13 17:00:00,126.230003
2026-02-13 17:15:00,134.240005
2026-02-13 17:30:00,137.889999
2026-02-13 17:45:00,140.039993
2026-02-13 18:00:00,142.089996
2026-02-13 18:15:00,137.559998
2026-02-13 18:30:00,135.830002
2026-02-13 18:45:00,133.449997
2026-02-13 19:00:00,145.679993
2026-02-13 19:15:00,135.289993
2026-02-13 19:30:00,127.959999
2026-02-13 19:45:00,120.529999
2026-02-13 20:00:00,137.25
2026-02-13 20:15:00,130.75
2026-02-13 20:30:00,122.080002
2026-02-13 20:45:00,114.419998
2026-02-13 21:00:00,127.5
2026-02-13 21:15:00,121.889999
2026-02-13 21:30:00,114.790001
2026-02-13 21:45:00,106.5
2026-02-13 22:00:00,119.970001
2026-02-13 22:15:00,110.449997
2026-02-13 22:30:00,106.790001
2026-02-13 22:45:00,102.940002
2026-02-13 23:00:00,106.419998
2026-02-13 23:15:00,102.290001
2026-02-13 23:30:00,100.809998
2026-02-13 23:45:00,94.43
2026-02-14 00:00:00,104.050003
2026-02-14 00:15:00,98.889999
2026-02-14 00:30:00,94.370003
2026-02-14 00:45:00,91.75
2026-02-14 01:00:00,95.150002
2026-02-14 01:15:00,94.110001
2026-02-14 01:30:00,91.0
2026-02-14 01:45:00,88.690002
2026-02-14 02:00:00,92.25
2026-02-14 02:15:00,89.379997
2026-02-14 02:30:00,87.690002
2026-02-14 02:45:00,88.709999
2026-02-14 03:00:00,92.010002
2026-02-14 03:15:00,89.18
2026-02-14 03:30:00,87.919998
2026-02-14 03:45:00,87.269997
2026-02-14 04:00:00,88.099998
2026-02-14 04:15:00,88.529999
2026-02-14 04:30:00,88.0
2026-02-14 04:45:00,87.260002
2026-02-14 05:00:00,88.690002
2026-02-14 05:15:00,87.059998
2026-02-14 05:30:00,89.519997
2026-02-14 05:45:00,91.089996
2026-02-14 06:00:00,89.279999
2026-02-14 06:15:00,89.900002
2026-02-14 06:30:00,90.07
2026-02-14 06:45:00,93.18
2026-02-14 07:00:00,91.410004
2026-02-14 07:15:00,91.059998
2026-02-14 07:30:00,94.589996
2026-02-14 07:45:00,97.510002
2026-02-14 08:00:00,97.480003
2026-02-14 08:15:00,102.989998
2026-02-14 08:30:00,105.18
2026-02-14 08:45:00,105.519997
2026-02-14 09:00:00,110.110001
2026-02-14 09:15:00,109.129997
2026-02-14 09:30:00,106.959999
2026-02-14 09:45:00,103.760002
2026-02-14 10:00:00,109.93
2026-02-14 10:15:00,104.889999
2026-02-14 10:30:00,102.639999
2026-02-14 10:45:00,98.419998
2026-02-14 11:00:00,101.489998
2026-02-14 11:15:00,98.809998
2026-02-14 11:30:00,96.870003
2026-02-14 11:45:00,95.480003
2026-02-14 12:00:00,96.839996
2026-02-14 12:15:00,96.540001
2026-02-14 12:30:00,94.620003
2026-02-14 12:45:00,92.639999
2026-02-14 13:00:00,95.239998
2026-02-14 13:15:00,94.779999
2026-02-14 13:30:00,92.470001
2026-02-14 13:45:00,93.400002
2026-02-14 14:00:00,91.93
2026-02-14 14:15:00,95.209999
2026-02-14 14:30:00,97.870003
2026-02-14 14:45:00,103.440002
2026-02-14 15:00:00,98.769997
2026-02-14 15:15:00,101.919998
2026-02-14 15:30:00,106.57
2026-02-14 15:45:00,112.660004
2026-02-14 16:00:00,105.050003
2026-02-14 16:15:00,114.730003
2026-02-14 16:30:00,122.339996
2026-02-14 16:45:00,125.620003
2026-02-14 17:00:00,113.879997
2026-02-14 17:15:00,125.75
2026-02-14 17:30:00,131.940002
2026-02-14 17:45:00,133.470001
2026-02-14 18:00:00,131.009995
2026-02-14 18:15:00,132.220001
2026-02-14 18:30:00,133.919998
2026-02-14 18:45:00,130.699997
2026-02-14 19:00:00,135.0
2026-02-14 19:15:00,129.399994
2026-02-14 19:30:00,127.139999
2026-02-14 19:45:00,123.610001
2026-02-14 20:00:00,129.990005
2026-02-14 20:15:00,126.849998
2026-02-14 20:30:00,118.43
2026-02-14 20:45:00,117.809998
2026-02-14 21:00:00,126.370003
2026-02-14 21:15:00,121.050003
2026-02-14 21:30:00,114.110001
2026-02-14 21:45:00,106.779999
2026-02-14 22:00:00,120.949997
2026-02-14 22:15:00,113.309998
2026-02-14 22:30:00,106.980003
2026-02-14 22:45:00,103.839996
2026-02-14 23:00:00,103.830002
2026-02-14 23:15:00,103.5
2026-02-14 23:30:00,100.970001
2026-02-14 23:45:00,96.419998
2026-02-15 00:00:00,107.510002
2026-02-15 00:15:00,101.669998
2026-02-15 00:30:00,99.669998
2026-02-15 00:45:00,98.260002
2026-02-15 01:00:00,103.900002
2026-02-15 01:15:00,100.440002
2026-02-15 01:30:00,99.059998
2026-02-15 01:45:00,96.389999
2026-02-15 02:00:00,100.540001
2026-02-15 02:15:00,100.75
2026-02-15 02:30:00,100.900002
2026-02-15 02:45:00,100.830002
2026-02-15 03:00:00,100.290001
2026-02-15 03:15:00,99.150002
2026-02-15 03:30:00,97.349998
2026-02-15 03:45:00,95.309998
2026-02-15 04:00:00,98.25
2026-02-15 04:15:00,97.5
2026-02-15 04:30:00,95.589996
2026-02-15 04:45:00,94.739998
2026-02-15 05:00:00,96.669998
2026-02-15 05:15:00,93.889999
2026-02-15 05:30:00,93.190002
2026-02-15 05:45:00,93.669998
2026-02-15 06:00:00,92.849998
2026-02-15 06:15:00,94.190002
2026-02-15 06:30:00,94.730003
2026-02-15 06:45:00,94.900002
2026-02-15 07:00:00,96.580002
2026-02-15 07:15:00,94.970001
2026-02-15 07:30:00,96.25
2026-02-15 07:45:00,96.660004
2026-02-15 08:00:00,100.669998
2026-02-15 08:15:00,97.540001
2026-02-15 08:30:00,95.669998
2026-02-15 08:45:00,93.32
2026-02-15 09:00:00,99.150002
2026-02-15 09:15:00,94.300003
2026-02-15 09:30:00,92.510002
2026-02-15 09:45:00,86.300003
2026-02-15 10:00:00,91.489998
2026-02-15 10:15:00,86.739998
2026-02-15 10:30:00,82.919998
2026-02-15 10:45:00,70.919998
2026-02-15 11:00:00,79.730003
2026-02-15 11:15:00,76.389999
2026-02-15 11:30:00,74.419998
2026-02-15 11:45:00,68.349998
2026-02-15 12:00:00,69.919998
2026-02-15 12:15:00,71.300003
2026-02-15 12:30:00,66.690002
2026-02-15 12:45:00,61.57
2026-02-15 13:00:00,66.879997
2026-02-15 13:15:00,64.720001
2026-02-15 13:30:00,64.040001
2026-02-15 13:45:00,61.990002
2026-02-15 14:00:00,63.709999
2026-02-15 14:15:00,60.299999
2026-02-15 14:30:00,66.220001
2026-02-15 14:45:00,69.230003
2026-02-15 15:00:00,62.049999
2026-02-15 15:15:00,66.370003
2026-02-15 15:30:00,74.290001
2026-02-15 15:45:00,85.099998
2026-02-15 16:00:00,71.199997
2026-02-15 16:15:00,82.669998
2026-02-15 16:30:00,88.68
2026-02-15 16:45:00,94.269997
2026-02-15 17:00:00,92.5
2026-02-15 17:15:00,96.989998
2026-02-15 17:30:00,98.5
2026-02-15 17:45:00,97.550003
2026-02-15 18:00:00,99.730003
2026-02-15 18:15:00,99.980003
2026-02-15 18:30:00,98.82
2026-02-15 18:45:00,94.279999
2026-02-15 19:00:00,92.699997
2026-02-15 19:15:00,87.910004
2026-02-15 19:30:00,81.900002
2026-02-15 19:45:00,71.940002
2026-02-15 20:00:00,82.82
2026-02-15 20:15:00,76.699997
2026-02-15 20:30:00,69.489998
2026-02-15 20:45:00,55.0
2026-02-15 21:00:00,74.93
2026-02-15 21:15:00,70.25
2026-02-15 21:30:00,65.940002
2026-02-15 21:45:00,57.93
2026-02-15 22:00:00,73.0
2026-02-15 22:15:00,66.940002
2026-02-15 22:30:00,65.18
2026-02-15 22:45:00,57.34
2026-02-15 23:00:00,71.5
2026-02-15 23:15:00,65.099998
2026-02-15 23:30:00,58.490002
2026-02-15 23:45:00,38.0
2026-02-16 00:00:00,75.639999
2026-02-16 00:15:00,74.089996
2026-02-16 00:30:00,65.080002
2026-02-16 00:45:00,64.470001
2026-02-16 01:00:00,69.290001
2026-02-16 01:15:00,64.769997
2026-02-16 01:30:00,64.889999
2026-02-16 01:45:00,63.580002
2026-02-16 02:00:00,66.089996
2026-02-16 02:15:00,65.089996
2026-02-16 02:30:00,64.629997
2026-02-16 02:45:00,64.57
2026-02-16 03:00:00,63.200001
2026-02-16 03:15:00,63.709999
2026-02-16 03:30:00,65.639999
2026-02-16 03:45:00,65.099998
2026-02-16 04:00:00,63.009998
2026-02-16 04:15:00,63.369999
2026-02-16 04:30:00,66.760002
2026-02-16 04:45:00,71.07
2026-02-16 05:00:00,60.099998
2026-02-16 05:15:00,66.370003
2026-02-16 05:30:00,75.910004
2026-02-16 05:45:00,77.559998
2026-02-16 06:00:00,60.470001
2026-02-16 06:15:00,73.230003
2026-02-16 06:30:00,83.910004
2026-02-16 06:45:00,99.699997
2026-02-16 07:00:00,82.370003
2026-02-16 07:15:00,94.370003
2026-02-16 07:30:00,99.32
2026-02-16 07:45:00,100.43
2026-02-16 08:00:00,97.010002
2026-02-16 08:15:00,103.010002
2026-02-16 08:30:00,103.099998
2026-02-16 08:45:00,101.010002
2026-02-16 09:00:00,106.529999
2026-02-16 09:15:00,104.139999
2026-02-16 09:30:00,104.0
2026-02-16 09:45:00,103.029999
2026-02-16 10:00:00,111.82
2026-02-16 10:15:00,102.010002
2026-02-16 10:30:00,97.699997
2026-02-16 10:45:00,94.629997
2026-02-16 11:00:00,97.580002
2026-02-16 11:15:00,94.519997
2026-02-16 11:30:00,93.940002
2026-02-16 11:45:00,93.400002
2026-02-16 12:00:00,91.889999
2026-02-16 12:15:00,91.900002
2026-02-16 12:30:00,92.269997
2026-02-16 12:45:00,91.949997
2026-02-16 13:00:00,93.57
2026-02-16 13:15:00,93.459999
2026-02-16 13:30:00,93.75
2026-02-16 13:45:00,96.830002
2026-02-16 14:00:00,90.989998
2026-02-16 14:15:00,93.68
2026-02-16 14:30:00,95.0
2026-02-16 14:45:00,99.32
2026-02-16 15:00:00,88.599998
2026-02-16 15:15:00,94.269997
2026-02-16 15:30:00,95.400002
2026-02-16 15:45:00,99.889999
2026-02-16 16:00:00,96.93
2026-02-16 16:15:00,100.68
2026-02-16 16:30:00,103.940002
2026-02-16 16:45:00,107.580002
2026-02-16 17:00:00,107.309998
2026-02-16 17:15:00,114.330002
2026-02-16 17:30:00,114.970001
2026-02-16 17:45:00,121.059998
2026-02-16 18:00:00,115.620003
2026-02-16 18:15:00,115.940002
2026-02-16 18:30:00,113.050003
2026-02-16 18:45:00,117.940002
2026-02-16 19:00:00,130.979996
2026-02-16 19:15:00,118.879997
2026-02-16 19:30:00,113.029999
2026-02-16 19:45:00,106.889999
2026-02-16 20:00:00,109.0
2026-02-16 20:15:00,107.029999
2026-02-16 20:30:00,101.93
2026-02-16 20:45:00,97.059998
2026-02-16 21:00:00,99.599998
2026-02-16 21:15:00,95.120003
2026-02-16 21:30:00,95.150002
2026-02-16 21:45:00,94.879997
2026-02-16 22:00:00,94.849998
2026-02-16 22:15:00,94.660004
2026-02-16 22:30:00,94.230003
2026-02-16 22:45:00,93.519997
2026-02-16 23:00:00,93.75
2026-02-16 23:15:00,92.25
2026-02-16 23:30:00,89.32
2026-02-16 23:45:00,85.480003
2026-02-17 00:00:00,89.449997
2026-02-17 00:15:00,88.089996
2026-02-17 00:30:00,85.730003
2026-02-17 00:45:00,84.800003
2026-02-17 01:00:00,86.559998
2026-02-17 01:15:00,84.779999
2026-02-17 01:30:00,84.800003
2026-02-17 01:45:00,84.269997
2026-02-17 02:00:00,84.440002
2026-02-17 02:15:00,84.379997
2026-02-17 02:30:00,85.260002
2026-02-17 02:45:00,85.0
2026-02-17 03:00:00,86.330002
2026-02-17 03:15:00,85.839996
2026-02-17 03:30:00,85.919998
2026-02-17 03:45:00,84.5
2026-02-17 04:00:00,82.470001
2026-02-17 04:15:00,86.040001
2026-02-17 04:30:00,83.769997
2026-02-17 04:45:00,86.970001
2026-02-17 05:00:00,83.209999
2026-02-17 05:15:00,85.709999
2026-02-17 05:30:00,87.980003
2026-02-17 05:45:00,98.459999
2026-02-17 06:00:00,87.849998
2026-02-17 06:15:00,102.989998
2026-02-17 06:30:00,105.550003
2026-02-17 06:45:00,113.449997
2026-02-17 07:00:00,105.660004
2026-02-17 07:15:00,110.150002
2026-02-17 07:30:00,116.459999
2026-02-17 07:45:00,125.040001
2026-02-17 08:00:00,115.82
2026-02-17 08:15:00,116.290001
2026-02-17 08:30:00,113.540001
2026-02-17 08:45:00,111.550003
2026-02-17 09:00:00,125.25
2026-02-17 09:15:00,111.800003
2026-02-17 09:30:00,105.879997
2026-02-17 09:45:00,100.419998
2026-02-17 10:00:00,106.260002
2026-02-17 10:15:00,103.129997
2026-02-17 10:30:00,100.730003
2026-02-17 10:45:00,99.480003
2026-02-17 11:00:00,100.410004
2026-02-17 11:15:00,97.080002
2026-02-17 11:30:00,89.440002
2026-02-17 11:45:00,85.290001
2026-02-17 12:00:00,88.32
2026-02-17 12:15:00,84.419998
2026-02-17 12:30:00,83.709999
2026-02-17 12:45:00,79.309998
2026-02-17 13:00:00,86.980003
2026-02-17 13:15:00,83.099998
2026-02-17 13:30:00,79.0
2026-02-17 13:45:00,80.089996
2026-02-17 14:00:00,82.209999
2026-02-17 14:15:00,82.029999
2026-02-17 14:30:00,82.290001
2026-02-17 14:45:00,83.139999
2026-02-17 15:00:00,82.110001
2026-02-17 15:15:00,82.739998
2026-02-17 15:30:00,86.68
2026-02-17 15:45:00,93.980003
2026-02-17 16:00:00,90.349998
2026-02-17 16:15:00,91.029999
2026-02-17 16:30:00,92.029999
2026-02-17 16:45:00,102.919998
2026-02-17 17:00:00,103.0
2026-02-17 17:15:00,107.800003
2026-02-17 17:30:00,111.839996
2026-02-17 17:45:00,120.580002
2026-02-17 18:00:00,120.370003
2026-02-17 18:15:00,121.5
2026-02-17 18:30:00,131.889999
2026-02-17 18:45:00,134.139999
2026-02-17 19:00:00,133.389999
2026-02-17 19:15:00,129.759995
2026-02-17 19:30:00,123.75
2026-02-17 19:45:00,119.5
2026-02-17 20:00:00,119.410004
2026-02-17 20:15:00,112.239998
2026-02-17 20:30:00,108.43
2026-02-17 20:45:00,105.220001
2026-02-17 21:00:00,110.940002
2026-02-17 21:15:00,105.190002
2026-02-17 21:30:00,97.18
2026-02-17 21:45:00,86.5
2026-02-17 22:00:00,98.040001
2026-02-17 22:15:00,95.519997
2026-02-17 22:30:00,89.879997
2026-02-17 22:45:00,89.459999
2026-02-17 23:00:00,93.889999
2026-02-17 23:15:00,90.57
2026-02-17 23:30:00,88.260002
2026-02-17 23:45:00,85.720001
2026-02-18 00:00:00,96.139999
2026-02-18 00:15:00,96.660004
2026-02-18 00:30:00,95.120003
2026-02-18 00:45:00,94.599998
2026-02-18 01:00:00,94.660004
2026-02-18 01:15:00,93.080002
2026-02-18 01:30:00,93.459999
2026-02-18 01:45:00,93.050003
2026-02-18 02:00:00,92.839996
2026-02-18 02:15:00,93.639999
2026-02-18 02:30:00,93.849998
2026-02-18 02:45:00,92.839996
2026-02-18 03:00:00,93.730003
2026-02-18 03:15:00,92.440002
2026-02-18 03:30:00,91.470001
2026-02-18 03:45:00,93.059998
2026-02-18 04:00:00,90.400002
2026-02-18 04:15:00,93.07
2026-02-18 04:30:00,94.370003
2026-02-18 04:45:00,95.830002
2026-02-18 05:00:00,96.720001
2026-02-18 05:15:00,96.919998
2026-02-18 05:30:00,100.989998
2026-02-18 05:45:00,110.160004
2026-02-18 06:00:00,98.150002
2026-02-18 06:15:00,111.620003
2026-02-18 06:30:00,129.490005
2026-02-18 06:45:00,150.789993
2026-02-18 07:00:00,148.529999
2026-02-18 07:15:00,166.029999
2026-02-18 07:30:00,187.490005
2026-02-18 07:45:00,200.929993
2026-02-18 08:00:00,206.429993
2026-02-18 08:15:00,202.470001
2026-02-18 08:30:00,182.479996
2026-02-18 08:45:00,152.990005
2026-02-18 09:00:00,156.119995
2026-02-18 09:15:00,147.600006
2026-02-18 09:30:00,125.650002
2026-02-18 09:45:00,115.760002
2026-02-18 10:00:00,134.990005
2026-02-18 10:15:00,120.260002
2026-02-18 10:30:00,112.489998
2026-02-18 10:45:00,104.300003
2026-02-18 11:00:00,113.830002
2026-02-18 11:15:00,107.349998
2026-02-18 11:30:00,105.339996
2026-02-18 11:45:00,102.57
2026-02-18 12:00:00,106.82
2026-02-18 12:15:00,102.489998
2026-02-18 12:30:00,100.779999
2026-02-18 12:45:00,101.220001
2026-02-18 13:00:00,103.5
2026-02-18 13:15:00,101.959999
2026-02-18 13:30:00,101.0
2026-02-18 13:45:00,100.190002
2026-02-18 14:00:00,99.110001
2026-02-18 14:15:00,101.220001
2026-02-18 14:30:00,107.099998
2026-02-18 14:45:00,111.379997
2026-02-18 15:00:00,106.889999
2026-02-18 15:15:00,110.269997
2026-02-18 15:30:00,115.860001
2026-02-18 15:45:00,126.330002
2026-02-18 16:00:00,111.769997
2026-02-18 16:15:00,121.169998
2026-02-18 16:30:00,128.190002
2026-02-18 16:45:00,128.759995
2026-02-18 17:00:00,137.990005
2026-02-18 17:15:00,137.300003
2026-02-18 17:30:00,142.380005
2026-02-18 17:45:00,143.949997
2026-02-18 18:00:00,153.490005
2026-02-18 18:15:00,144.940002
2026-02-18 18:30:00,139.089996
2026-02-18 18:45:00,132.869995
2026-02-18 19:00:00,129.539993
2026-02-18 19:15:00,121.190002
2026-02-18 19:30:00,119.730003
2026-02-18 19:45:00,110.309998
2026-02-18 20:00:00,118.120003
2026-02-18 20:15:00,103.940002
2026-02-18 20:30:00,98.440002
2026-02-18 20:45:00,92.650002
2026-02-18 21:00:00,108.099998
2026-02-18 21:15:00,102.339996
2026-02-18 21:30:00,100.0
2026-02-18 21:45:00,93.650002
2026-02-18 22:00:00,102.889999
2026-02-18 22:15:00,102.279999
2026-02-18 22:30:00,96.989998
2026-02-18 22:45:00,92.07
2026-02-18 23:00:00,97.620003
2026-02-18 23:15:00,92.75
2026-02-18 23:30:00,87.389999
2026-02-18 23:45:00,81.709999
2026-02-19 00:00:00,88.349998
2026-02-19 00:15:00,83.959999
2026-02-19 00:30:00,83.949997
2026-02-19 00:45:00,81.43
2026-02-19 01:00:00,87.25
2026-02-19 01:15:00,84.459999
2026-02-19 01:30:00,81.550003
2026-02-19 01:45:00,76.959999
2026-02-19 02:00:00,85.43
2026-02-19 02:15:00,82.669998
2026-02-19 02:30:00,81.709999
2026-02-19 02:45:00,80.589996
2026-02-19 03:00:00,84.610001
2026-02-19 03:15:00,81.480003
2026-02-19 03:30:00,81.410004
2026-02-19 03:45:00,81.529999
2026-02-19 04:00:00,80.199997
2026-02-19 04:15:00,79.440002
2026-02-19 04:30:00,79.540001
2026-02-19 04:45:00,82.419998
2026-02-19 05:00:00,80.339996
2026-02-19 05:15:00,82.970001
2026-02-19 05:30:00,87.0
2026-02-19 05:45:00,89.480003
2026-02-19 06:00:00,80.540001
2026-02-19 06:15:00,84.089996
2026-02-19 06:30:00,88.470001
2026-02-19 06:45:00,102.120003
2026-02-19 07:00:00,86.709999
2026-02-19 07:15:00,96.370003
2026-02-19 07:30:00,101.839996
2026-02-19 07:45:00,100.860001
2026-02-19 08:00:00,103.900002
2026-02-19 08:15:00,108.800003
2026-02-19 08:30:00,109.209999
2026-02-19 08:45:00,106.75
2026-02-19 09:00:00,112.620003
2026-02-19 09:15:00,110.879997
2026-02-19 09:30:00,109.620003
2026-02-19 09:45:00,105.940002
2026-02-19 10:00:00,111.269997
2026-02-19 10:15:00,104.389999
2026-02-19 10:30:00,101.150002
2026-02-19 10:45:00,99.800003
2026-02-19 11:00:00,99.919998
2026-02-19 11:15:00,98.949997
2026-02-19 11:30:00,96.5
2026-02-19 11:45:00,91.980003
2026-02-19 12:00:00,96.160004
2026-02-19 12:15:00,91.510002
2026-02-19 12:30:00,90.419998
2026-02-19 12:45:00,90.410004
2026-02-19 13:00:00,91.709999
2026-02-19 13:15:00,90.839996
2026-02-19 13:30:00,90.339996
2026-02-19 13:45:00,90.029999
2026-02-19 14:00:00,89.709999
2026-02-19 14:15:00,90.209999
2026-02-19 14:30:00,90.459999
2026-02-19 14:45:00,92.360001
2026-02-19 15:00:00,86.07
2026-02-19 15:15:00,89.349998
2026-02-19 15:30:00,97.730003
2026-02-19 15:45:00,101.860001
2026-02-19 16:00:00,88.639999
2026-02-19 16:15:00,97.620003
2026-02-19 16:30:00,101.699997
2026-02-19 16:45:00,104.300003
2026-02-19 17:00:00,100.849998
2026-02-19 17:15:00,106.82
2026-02-19 17:30:00,112.339996
2026-02-19 17:45:00,115.43
2026-02-19 18:00:00,107.040001
2026-02-19 18:15:00,108.160004
2026-02-19 18:30:00,120.730003
2026-02-19 18:45:00,123.339996
2026-02-19 19:00:00,124.110001
2026-02-19 19:15:00,117.919998
2026-02-19 19:30:00,105.169998
2026-02-19 19:45:00,100.580002
2026-02-19 20:00:00,112.639999
2026-02-19 20:15:00,101.419998
2026-02-19 20:30:00,98.389999
2026-02-19 20:45:00,94.059998
2026-02-19 21:00:00,104.510002
2026-02-19 21:15:00,98.080002
2026-02-19 21:30:00,97.589996
2026-02-19 21:45:00,94.470001
2026-02-19 22:00:00,99.260002
2026-02-19 22:15:00,97.139999
2026-02-19 22:30:00,89.459999
2026-02-19 22:45:00,84.010002
2026-02-19 23:00:00,91.019997
2026-02-19 23:15:00,85.709999
2026-02-19 23:30:00,83.519997
2026-02-19 23:45:00,81.739998
2026-02-20 00:00:00,87.769997
2026-02-20 00:15:00,85.489998
2026-02-20 00:30:00,86.519997
2026-02-20 00:45:00,85.919998
2026-02-20 01:00:00,87.290001
2026-02-20 01:15:00,86.830002
2026-02-20 01:30:00,85.849998
2026-02-20 01:45:00,84.940002
2026-02-20 02:00:00,86.389999
2026-02-20 02:15:00,85.449997
2026-02-20 02:30:00,84.730003
2026-02-20 02:45:00,85.660004
2026-02-20 03:00:00,84.739998
2026-02-20 03:15:00,84.739998
2026-02-20 03:30:00,84.860001
2026-02-20 03:45:00,85.18
2026-02-20 04:00:00,82.400002
2026-02-20 04:15:00,83.410004
2026-02-20 04:30:00,85.080002
2026-02-20 04:45:00,86.779999
2026-02-20 05:00:00,85.529999
2026-02-20 05:15:00,85.32
2026-02-20 05:30:00,89.599998
2026-02-20 05:45:00,98.300003
2026-02-20 06:00:00,81.599998
2026-02-20 06:15:00,99.889999
2026-02-20 06:30:00,105.760002
2026-02-20 06:45:00,112.949997
2026-02-20 07:00:00,105.209999
2026-02-20 07:15:00,110.589996
2026-02-20 07:30:00,119.169998
2026-02-20 07:45:00,115.0
2026-02-20 08:00:00,121.470001
2026-02-20 08:15:00,122.209999
2026-02-20 08:30:00,114.959999
2026-02-20 08:45:00,106.93
2026-02-20 09:00:00,120.709999
2026-02-20 09:15:00,111.010002
2026-02-20 09:30:00,103.580002
2026-02-20 09:45:00,94.300003
2026-02-20 10:00:00,101.440002
2026-02-20 10:15:00,94.339996
2026-02-20 10:30:00,85.050003
2026-02-20 10:45:00,81.599998
2026-02-20 11:00:00,90.080002
2026-02-20 11:15:00,85.900002
2026-02-20 11:30:00,82.709999
2026-02-20 11:45:00,73.480003
2026-02-20 12:00:00,80.300003
2026-02-20 12:15:00,80.589996
2026-02-20 12:30:00,79.019997
2026-02-20 12:45:00,77.690002
2026-02-20 13:00:00,79.669998
2026-02-20 13:15:00,80.699997
2026-02-20 13:30:00,79.18
2026-02-20 13:45:00,75.489998
2026-02-20 14:00:00,75.620003
2026-02-20 14:15:00,80.129997
2026-02-20 14:30:00,81.040001
2026-02-20 14:45:00,83.040001
2026-02-20 15:00:00,72.360001
2026-02-20 15:15:00,82.919998
2026-02-20 15:30:00,84.260002
2026-02-20 15:45:00,85.419998
2026-02-20 16:00:00,71.949997
2026-02-20 16:15:00,74.900002
2026-02-20 16:30:00,81.610001
2026-02-20 16:45:00,85.300003
2026-02-20 17:00:00,72.290001
2026-02-20 17:15:00,75.080002
2026-02-20 17:30:00,86.230003
2026-02-20 17:45:00,84.800003
2026-02-20 18:00:00,88.199997
2026-02-20 18:15:00,86.419998
2026-02-20 18:30:00,86.889999
2026-02-20 18:45:00,82.900002
2026-02-20 19:00:00,91.330002
2026-02-20 19:15:00,88.910004
2026-02-20 19:30:00,81.989998
2026-02-20 19:45:00,68.599998
2026-02-20 20:00:00,96.0
2026-02-20 20:15:00,83.470001
2026-02-20 20:30:00,73.019997
2026-02-20 20:45:00,62.360001
2026-02-20 21:00:00,87.839996
2026-02-20 21:15:00,75.43
2026-02-20 21:30:00,61.880001
2026-02-20 21:45:00,46.84
2026-02-20 22:00:00,81.639999
2026-02-20 22:15:00,69.550003
2026-02-20 22:30:00,61.259998
2026-02-20 22:45:00,46.110001
2026-02-20 23:00:00,59.790001
2026-02-20 23:15:00,48.650002
2026-02-20 23:30:00,45.599998
2026-02-20 23:45:00,33.18
2026-02-21 00:00:00,56.529999
2026-02-21 00:15:00,52.630001
2026-02-21 00:30:00,51.490002
2026-02-21 00:45:00,49.110001
2026-02-21 01:00:00,52.880001
2026-02-21 01:15:00,47.099998
2026-02-21 01:30:00,48.18
2026-02-21 01:45:00,38.419998
2026-02-21 02:00:00,50.23
2026-02-21 02:15:00,47.09
2026-02-21 02:30:00,41.52
2026-02-21 02:45:00,34.990002
2026-02-21 03:00:00,46.369999
2026-02-21 03:15:00,41.049999
2026-02-21 03:30:00,40.400002
2026-02-21 03:45:00,41.630001
2026-02-21 04:00:00,43.68
2026-02-21 04:15:00,42.98
2026-02-21 04:30:00,41.84
2026-02-21 04:45:00,39.5
2026-02-21 05:00:00,36.799999
2026-02-21 05:15:00,38.5
2026-02-21 05:30:00,45.970001
2026-02-21 05:45:00,45.23
2026-02-21 06:00:00,24.940001
2026-02-21 06:15:00,29.950001
2026-02-21 06:30:00,38.009998
2026-02-21 06:45:00,50.540001
2026-02-21 07:00:00,42.369999
2026-02-21 07:15:00,38.349998
2026-02-21 07:30:00,50.66
2026-02-21 07:45:00,56.580002
2026-02-21 08:00:00,51.959999
2026-02-21 08:15:00,52.93
2026-02-21 08:30:00,59.080002
2026-02-21 08:45:00,60.23
2026-02-21 09:00:00,60.02
2026-02-21 09:15:00,55.310001
2026-02-21 09:30:00,60.02
2026-02-21 09:45:00,58.32
2026-02-21 10:00:00,64.519997
2026-02-21 10:15:00,62.380001
2026-02-21 10:30:00,58.349998
2026-02-21 10:45:00,54.41
2026-02-21 11:00:00,63.360001
2026-02-21 11:15:00,59.290001
2026-02-21 11:30:00,58.439999
2026-02-21 11:45:00,55.849998
2026-02-21 12:00:00,68.400002
2026-02-21 12:15:00,60.049999
2026-02-21 12:30:00,55.91
2026-02-21 12:45:00,51.700001
2026-02-21 13:00:00,58.759998
2026-02-21 13:15:00,58.150002
2026-02-21 13:30:00,52.130001
2026-02-21 13:45:00,52.970001
2026-02-21 14:00:00,45.959999
2026-02-21 14:15:00,50.700001
2026-02-21 14:30:00,59.099998
2026-02-21 14:45:00,71.169998
2026-02-21 15:00:00,49.330002
2026-02-21 15:15:00,60.23
2026-02-21 15:30:00,78.080002
2026-02-21 15:45:00,87.900002
2026-02-21 16:00:00,67.510002
2026-02-21 16:15:00,82.75
2026-02-21 16:30:00,88.57
2026-02-21 16:45:00,88.93
2026-02-21 17:00:00,88.260002
2026-02-21 17:15:00,96.889999
2026-02-21 17:30:00,102.690002
2026-02-21 17:45:00,106.699997
2026-02-21 18:00:00,106.800003
2026-02-21 18:15:00,109.480003
2026-02-21 18:30:00,109.720001
2026-02-21 18:45:00,106.699997
2026-02-21 19:00:00,107.010002
2026-02-21 19:15:00,101.800003
2026-02-21 19:30:00,98.730003
2026-02-21 19:45:00,97.150002
2026-02-21 20:00:00,96.489998
2026-02-21 20:15:00,87.269997
2026-02-21 20:30:00,87.309998
2026-02-21 20:45:00,85.32
2026-02-21 21:00:00,86.18
2026-02-21 21:15:00,84.839996
2026-02-21 21:30:00,82.230003
2026-02-21 21:45:00,78.0
2026-02-21 22:00:00,86.0
2026-02-21 22:15:00,80.639999
2026-02-21 22:30:00,72.449997
2026-02-21 22:45:00,67.279999
2026-02-21 23:00:00,79.699997
2026-02-21 23:15:00,73.260002
2026-02-21 23:30:00,66.699997
2026-02-21 23:45:00,47.18
2026-02-22 00:00:00,68.029999
2026-02-22 00:15:00,59.34
2026-02-22 00:30:00,53.619999
2026-02-22 00:45:00,45.709999
2026-02-22 01:00:00,60.23
2026-02-22 01:15:00,55.959999
2026-02-22 01:30:00,50.290001
2026-02-22 01:45:00,44.360001
2026-02-22 02:00:00,50.029999
2026-02-22 02:15:00,48.990002
2026-02-22 02:30:00,45.689999
2026-02-22 02:45:00,46.880001
2026-02-22 03:00:00,38.790001
2026-02-22 03:15:00,39.57
2026-02-22 03:30:00,45.919998
2026-02-22 03:45:00,42.889999
2026-02-22 04:00:00,38.049999
2026-02-22 04:15:00,36.919998
2026-02-22 04:30:00,41.82
2026-02-22 04:45:00,41.799999
2026-02-22 05:00:00,39.080002
2026-02-22 05:15:00,40.080002
2026-02-22 05:30:00,37.939999
2026-02-22 05:45:00,37.57
2026-02-22 06:00:00,34.040001
2026-02-22 06:15:00,35.599998
2026-02-22 06:30:00,38.810001
2026-02-22 06:45:00,42.139999
2026-02-22 07:00:00,37.110001
2026-02-22 07:15:00,44.450001
2026-02-22 07:30:00,44.27
2026-02-22 07:45:00,47.779999
2026-02-22 08:00:00,42.189999
2026-02-22 08:15:00,44.490002
2026-02-22 08:30:00,48.060001
2026-02-22 08:45:00,55.099998
2026-02-22 09:00:00,53.599998
2026-02-22 09:15:00,56.119999
2026-02-22 09:30:00,56.18
2026-02-22 09:45:00,56.790001
2026-02-22 10:00:00,60.75
2026-02-22 10:15:00,59.450001
2026-02-22 10:30:00,57.68
2026-02-22 10:45:00,50.099998
2026-02-22 11:00:00,55.040001
2026-02-22 11:15:00,56.369999
2026-02-22 11:30:00,55.240002
2026-02-22 11:45:00,51.470001
2026-02-22 12:00:00,52.580002
2026-02-22 12:15:00,58.049999
2026-02-22 12:30:00,51.290001
2026-02-22 12:45:00,44.0
2026-02-22 13:00:00,57.049999
2026-02-22 13:15:00,47.139999
2026-02-22 13:30:00,42.240002
2026-02-22 13:45:00,38.41
2026-02-22 14:00:00,45.360001
2026-02-22 14:15:00,43.540001
2026-02-22 14:30:00,43.25
2026-02-22 14:45:00,45.919998
2026-02-22 15:00:00,46.66
2026-02-22 15:15:00,44.57
2026-02-22 15:30:00,46.650002
2026-02-22 15:45:00,58.150002
2026-02-22 16:00:00,53.57
2026-02-22 16:15:00,57.759998
2026-02-22 16:30:00,73.400002
2026-02-22 16:45:00,82.650002
2026-02-22 17:00:00,82.18
2026-02-22 17:15:00,87.489998
2026-02-22 17:30:00,89.720001
2026-02-22 17:45:00,91.730003
2026-02-22 18:00:00,92.699997
2026-02-22 18:15:00,92.190002
2026-02-22 18:30:00,90.650002
2026-02-22 18:45:00,90.730003
2026-02-22 19:00:00,91.660004
2026-02-22 19:15:00,90.769997
2026-02-22 19:30:00,88.900002
2026-02-22 19:45:00,87.970001
2026-02-22 20:00:00,86.809998
2026-02-22 20:15:00,85.010002
2026-02-22 20:30:00,80.940002
2026-02-22 20:45:00,76.540001
2026-02-22 21:00:00,78.260002
2026-02-22 21:15:00,77.459999
2026-02-22 21:30:00,74.669998
2026-02-22 21:45:00,70.709999
2026-02-22 22:00:00,80.0
2026-02-22 22:15:00,76.440002
2026-02-22 22:30:00,69.239998
2026-02-22 22:45:00,56.150002
2026-02-22 23:00:00,71.230003
2026-02-22 23:15:00,56.360001
2026-02-22 23:30:00,49.57
2026-02-22 23:45:00,31.790001
2026-02-23 00:00:00,51.130001
2026-02-23 00:15:00,46.25
2026-02-23 00:30:00,38.57
2026-02-23 00:45:00,47.43
2026-02-23 01:00:00,46.330002
2026-02-23 01:15:00,43.529999
2026-02-23 01:30:00,43.139999
2026-02-23 01:45:00,50.34
2026-02-23 02:00:00,46.400002
2026-02-23 02:15:00,44.0
2026-02-23 02:30:00,45.950001
2026-02-23 02:45:00,41.459999
2026-02-23 03:00:00,45.57
2026-02-23 03:15:00,45.450001
2026-02-23 03:30:00,44.650002
2026-02-23 03:45:00,45.349998
2026-02-23 04:00:00,41.139999
2026-02-23 04:15:00,44.43
2026-02-23 04:30:00,46.91
2026-02-23 04:45:00,49.150002
2026-02-23 05:00:00,47.959999
2026-02-23 05:15:00,43.189999
2026-02-23 05:30:00,55.369999
2026-02-23 05:45:00,78.760002
2026-02-23 06:00:00,55.279999
2026-02-23 06:15:00,74.449997
2026-02-23 06:30:00,88.160004
2026-02-23 06:45:00,93.260002
2026-02-23 07:00:00,91.900002
2026-02-23 07:15:00,94.839996
2026-02-23 07:30:00,98.57
2026-02-23 07:45:00,98.739998
2026-02-23 08:00:00,102.639999
2026-02-23 08:15:00,100.550003
2026-02-23 08:30:00,99.099998
2026-02-23 08:45:00,94.160004
2026-02-23 09:00:00,97.330002
2026-02-23 09:15:00,94.809998
2026-02-23 09:30:00,90.129997
2026-02-23 09:45:00,87.110001
2026-02-23 10:00:00,92.919998
2026-02-23 10:15:00,89.849998
2026-02-23 10:30:00,86.410004
2026-02-23 10:45:00,86.639999
2026-02-23 11:00:00,79.709999
2026-02-23 11:15:00,83.5
2026-02-23 11:30:00,81.059998
2026-02-23 11:45:00,78.379997
2026-02-23 12:00:00,84.389999
2026-02-23 12:15:00,83.589996
2026-02-23 12:30:00,83.440002
2026-02-23 12:45:00,83.400002
2026-02-23 13:00:00,83.639999
2026-02-23 13:15:00,83.610001
2026-02-23 13:30:00,83.529999
2026-02-23 13:45:00,83.760002
2026-02-23 14:00:00,84.889999
2026-02-23 14:15:00,86.050003
2026-02-23 14:30:00,86.620003
2026-02-23 14:45:00,87.309998
2026-02-23 15:00:00,91.239998
2026-02-23 15:15:00,91.970001
2026-02-23 15:30:00,91.599998
2026-02-23 15:45:00,96.160004
2026-02-23 16:00:00,79.910004
2026-02-23 16:15:00,83.900002
2026-02-23 16:30:00,93.620003
2026-02-23 16:45:00,102.410004
2026-02-23 17:00:00,91.82
2026-02-23 17:15:00,96.639999
2026-02-23 17:30:00,99.620003
2026-02-23 17:45:00,104.599998
2026-02-23 18:00:00,104.010002
2026-02-23 18:15:00,105.470001
2026-02-23 18:30:00,105.989998
2026-02-23 18:45:00,113.669998
2026-02-23 19:00:00,109.040001
2026-02-23 19:15:00,110.489998
2026-02-23 19:30:00,110.910004
2026-02-23 19:45:00,113.150002
2026-02-23 20:00:00,102.739998
2026-02-23 20:15:00,102.800003
2026-02-23 20:30:00,97.690002
2026-02-23 20:45:00,97.0
2026-02-23 21:00:00,101.269997
2026-02-23 21:15:00,99.93
2026-02-23 21:30:00,95.419998
2026-02-23 21:45:00,92.379997
2026-02-23 22:00:00,100.650002
2026-02-23 22:15:00,96.970001
2026-02-23 22:30:00,95.370003
2026-02-23 22:45:00,90.720001
2026-02-23 23:00:00,91.330002
2026-02-23 23:15:00,93.220001
2026-02-23 23:30:00,90.790001
2026-02-23 23:45:00,86.150002
2026-02-24 00:00:00,86.699997
2026-02-24 00:15:00,86.089996
2026-02-24 00:30:00,85.68
2026-02-24 00:45:00,85.629997
2026-02-24 01:00:00,85.18
2026-02-24 01:15:00,84.75
2026-02-24 01:30:00,84.709999
2026-02-24 01:45:00,85.339996
2026-02-24 02:00:00,85.209999
2026-02-24 02:15:00,86.18
2026-02-24 02:30:00,86.330002
2026-02-24 02:45:00,87.309998
2026-02-24 03:00:00,84.209999
2026-02-24 03:15:00,85.75
2026-02-24 03:30:00,86.639999
2026-02-24 03:45:00,89.379997
2026-02-24 04:00:00,87.260002
2026-02-24 04:15:00,87.660004
2026-02-24 04:30:00,88.029999
2026-02-24 04:45:00,89.940002
2026-02-24 05:00:00,87.68
2026-02-24 05:15:00,88.730003
2026-02-24 05:30:00,96.949997
2026-02-24 05:45:00,103.339996
2026-02-24 06:00:00,94.0
2026-02-24 06:15:00,106.150002
2026-02-24 06:30:00,119.309998
2026-02-24 06:45:00,127.349998
2026-02-24 07:00:00,118.739998
2026-02-24 07:15:00,129.729996
2026-02-24 07:30:00,138.470001
2026-02-24 07:45:00,146.460007
2026-02-24 08:00:00,140.649994
2026-02-24 08:15:00,147.199997
2026-02-24 08:30:00,151.509995
2026-02-24 08:45:00,150.979996
2026-02-24 09:00:00,147.130005
2026-02-24 09:15:00,145.300003
2026-02-24 09:30:00,139.639999
2026-02-24 09:45:00,131.690002
2026-02-24 10:00:00,149.679993
2026-02-24 10:15:00,130.610001
2026-02-24 10:30:00,121.760002
2026-02-24 10:45:00,113.57
2026-02-24 11:00:00,121.580002
2026-02-24 11:15:00,111.769997
2026-02-24 11:30:00,109.910004
2026-02-24 11:45:00,103.209999
2026-02-24 12:00:00,109.940002
2026-02-24 12:15:00,100.110001
2026-02-24 12:30:00,101.510002
2026-02-24 12:45:00,97.940002
2026-02-24 13:00:00,101.360001
2026-02-24 13:15:00,100.989998
2026-02-24 13:30:00,101.330002
2026-02-24 13:45:00,101.190002
2026-02-24 14:00:00,101.199997
2026-02-24 14:15:00,99.559998
2026-02-24 14:30:00,100.18
2026-02-24 14:45:00,99.290001
2026-02-24 15:00:00,100.699997
2026-02-24 15:15:00,105.470001
2026-02-24 15:30:00,108.339996
2026-02-24 15:45:00,123.660004
2026-02-24 16:00:00,111.050003
2026-02-24 16:15:00,115.839996
2026-02-24 16:30:00,131.589996
2026-02-24 16:45:00,145.600006
2026-02-24 17:00:00,134.770004
2026-02-24 17:15:00,157.949997
2026-02-24 17:30:00,195.470001
2026-02-24 17:45:00,243.020004
2026-02-24 18:00:00,198.970001
2026-02-24 18:15:00,193.970001
2026-02-24 18:30:00,181.839996
2026-02-24 18:45:00,161.490005
2026-02-24 19:00:00,181.699997
2026-02-24 19:15:00,146.240005
2026-02-24 19:30:00,138.0
2026-02-24 19:45:00,117.300003
2026-02-24 20:00:00,130.910004
2026-02-24 20:15:00,125.080002
2026-02-24 20:30:00,115.18
2026-02-24 20:45:00,104.879997
2026-02-24 21:00:00,117.82
2026-02-24 21:15:00,111.199997
2026-02-24 21:30:00,106.480003
2026-02-24 21:45:00,99.400002
2026-02-24 22:00:00,107.43
2026-02-24 22:15:00,103.25
2026-02-24 22:30:00,100.110001
2026-02-24 22:45:00,96.029999
2026-02-24 23:00:00,98.110001
2026-02-24 23:15:00,96.610001
2026-02-24 23:30:00,92.43
2026-02-24 23:45:00,88.459999
2026-02-25 00:00:00,99.040001
2026-02-25 00:15:00,92.68
2026-02-25 00:30:00,89.93
2026-02-25 00:45:00,86.919998
2026-02-25 01:00:00,91.480003
2026-02-25 01:15:00,89.449997
2026-02-25 01:30:00,85.32
2026-02-25 01:45:00,83.360001
2026-02-25 02:00:00,87.690002
2026-02-25 02:15:00,85.809998
2026-02-25 02:30:00,83.540001
2026-02-25 02:45:00,82.290001
2026-02-25 03:00:00,88.529999
2026-02-25 03:15:00,88.059998
2026-02-25 03:30:00,88.190002
2026-02-25 03:45:00,87.599998
2026-02-25 04:00:00,88.309998
2026-02-25 04:15:00,87.309998
2026-02-25 04:30:00,89.239998
2026-02-25 04:45:00,89.580002
2026-02-25 05:00:00,87.139999
2026-02-25 05:15:00,89.720001
2026-02-25 05:30:00,96.150002
2026-02-25 05:45:00,97.550003
2026-02-25 06:00:00,91.949997
2026-02-25 06:15:00,104.510002
2026-02-25 06:30:00,114.849998
2026-02-25 06:45:00,126.870003
2026-02-25 07:00:00,123.080002
2026-02-25 07:15:00,131.220001
2026-02-25 07:30:00,137.199997
2026-02-25 07:45:00,130.729996
2026-02-25 08:00:00,138.009995
2026-02-25 08:15:00,124.239998
2026-02-25 08:30:00,116.230003
2026-02-25 08:45:00,102.68
2026-02-25 09:00:00,123.900002
2026-02-25 09:15:00,110.980003
2026-02-25 09:30:00,100.709999
2026-02-25 09:45:00,94.400002
2026-02-25 10:00:00,102.379997
2026-02-25 10:15:00,95.540001
2026-02-25 10:30:00,85.580002
2026-02-25 10:45:00,80.959999
2026-02-25 11:00:00,87.529999
2026-02-25 11:15:00,84.370003
2026-02-25 11:30:00,83.080002
2026-02-25 11:45:00,76.849998
2026-02-25 12:00:00,84.459999
2026-02-25 12:15:00,78.099998
2026-02-25 12:30:00,73.480003
2026-02-25 12:45:00,71.669998
2026-02-25 13:00:00,74.57
2026-02-25 13:15:00,73.309998
2026-02-25 13:30:00,72.169998
2026-02-25 13:45:00,71.0
2026-02-25 14:00:00,66.279999
2026-02-25 14:15:00,67.0
2026-02-25 14:30:00,75.480003
2026-02-25 14:45:00,84.970001
2026-02-25 15:00:00,68.669998
2026-02-25 15:15:00,73.43
2026-02-25 15:30:00,86.080002
2026-02-25 15:45:00,95.769997
2026-02-25 16:00:00,77.150002
2026-02-25 16:15:00,95.040001
2026-02-25 16:30:00,104.040001
2026-02-25 16:45:00,127.279999
2026-02-25 17:00:00,98.730003
2026-02-25 17:15:00,106.370003
2026-02-25 17:30:00,119.790001
2026-02-25 17:45:00,140.070007
2026-02-25 18:00:00,125.650002
2026-02-25 18:15:00,116.870003
2026-02-25 18:30:00,114.449997
2026-02-25 18:45:00,114.669998
2026-02-25 19:00:00,112.900002
2026-02-25 19:15:00,108.830002
2026-02-25 19:30:00,104.230003
2026-02-25 19:45:00,102.650002
2026-02-25 20:00:00,104.989998
2026-02-25 20:15:00,96.239998
2026-02-25 20:30:00,91.07
2026-02-25 20:45:00,84.720001
2026-02-25 21:00:00,92.25
2026-02-25 21:15:00,88.120003
2026-02-25 21:30:00,84.910004
2026-02-25 21:45:00,79.0
2026-02-25 22:00:00,91.010002
2026-02-25 22:15:00,86.550003
2026-02-25 22:30:00,82.300003
2026-02-25 22:45:00,78.809998
2026-02-25 23:00:00,87.830002
2026-02-25 23:15:00,82.389999
2026-02-25 23:30:00,78.989998
2026-02-25 23:45:00,67.269997
2026-02-26 00:00:00,82.389999
2026-02-26 00:15:00,77.169998
2026-02-26 00:30:00,75.139999
2026-02-26 00:45:00,70.989998
2026-02-26 01:00:00,80.0
2026-02-26 01:15:00,72.220001
2026-02-26 01:30:00,70.639999
2026-02-26 01:45:00,66.699997
2026-02-26 02:00:00,69.239998
2026-02-26 02:15:00,68.239998
2026-02-26 02:30:00,68.25
2026-02-26 02:45:00,69.239998
2026-02-26 03:00:00,69.459999
2026-02-26 03:15:00,69.300003
2026-02-26 03:30:00,70.5
2026-02-26 03:45:00,62.470001
2026-02-26 04:00:00,64.470001
2026-02-26 04:15:00,65.860001
2026-02-26 04:30:00,68.25
2026-02-26 04:45:00,70.93
2026-02-26 05:00:00,62.990002
2026-02-26 05:15:00,67.900002
2026-02-26 05:30:00,74.290001
2026-02-26 05:45:00,84.699997
2026-02-26 06:00:00,68.099998
2026-02-26 06:15:00,84.93
2026-02-26 06:30:00,79.5
2026-02-26 06:45:00,86.68
2026-02-26 07:00:00,97.879997
2026-02-26 07:15:00,98.260002
2026-02-26 07:30:00,97.419998
2026-02-26 07:45:00,96.169998
2026-02-26 08:00:00,108.190002
2026-02-26 08:15:00,101.639999
2026-02-26 08:30:00,95.339996
2026-02-26 08:45:00,84.620003
2026-02-26 09:00:00,95.510002
2026-02-26 09:15:00,87.540001
2026-02-26 09:30:00,71.389999
2026-02-26 09:45:00,67.260002
2026-02-26 10:00:00,75.68
2026-02-26 10:15:00,72.290001
2026-02-26 10:30:00,70.300003
2026-02-26 10:45:00,66.190002
2026-02-26 11:00:00,74.620003
2026-02-26 11:15:00,63.48
2026-02-26 11:30:00,54.630001
2026-02-26 11:45:00,52.669998
2026-02-26 12:00:00,54.740002
2026-02-26 12:15:00,53.689999
2026-02-26 12:30:00,53.110001
2026-02-26 12:45:00,52.889999
2026-02-26 13:00:00,51.98
2026-02-26 13:15:00,52.75
2026-02-26 13:30:00,51.470001
2026-02-26 13:45:00,51.240002
2026-02-26 14:00:00,48.470001
2026-02-26 14:15:00,47.459999
2026-02-26 14:30:00,56.310001
2026-02-26 14:45:00,68.660004
2026-02-26 15:00:00,54.119999
2026-02-26 15:15:00,65.540001
2026-02-26 15:30:00,73.400002
2026-02-26 15:45:00,92.169998
2026-02-26 16:00:00,64.68
2026-02-26 16:15:00,88.190002
2026-02-26 16:30:00,97.699997
2026-02-26 16:45:00,104.599998
2026-02-26 17:00:00,89.720001
2026-02-26 17:15:00,93.760002
2026-02-26 17:30:00,99.639999
2026-02-26 17:45:00,97.739998
2026-02-26 18:00:00,98.360001
2026-02-26 18:15:00,100.599998
2026-02-26 18:30:00,98.610001
2026-02-26 18:45:00,98.410004
2026-02-26 19:00:00,100.360001
2026-02-26 19:15:00,98.900002
2026-02-26 19:30:00,97.900002
2026-02-26 19:45:00,91.849998
2026-02-26 20:00:00,101.800003
2026-02-26 20:15:00,88.07
2026-02-26 20:30:00,86.730003
2026-02-26 20:45:00,79.010002
2026-02-26 21:00:00,89.870003
2026-02-26 21:15:00,85.300003
2026-02-26 21:30:00,81.239998
2026-02-26 21:45:00,71.589996
2026-02-26 22:00:00,86.309998
2026-02-26 22:15:00,79.690002
2026-02-26 22:30:00,76.099998
2026-02-26 22:45:00,69.900002
2026-02-26 23:00:00,81.970001
2026-02-26 23:15:00,73.089996
2026-02-26 23:30:00,67.93
2026-02-26 23:45:00,63.310001
2026-02-27 00:00:00,56.57
2026-02-27 00:15:00,56.549999
2026-02-27 00:30:00,52.18
2026-02-27 00:45:00,55.290001
2026-02-27 01:00:00,59.389999
2026-02-27 01:15:00,58.09
2026-02-27 01:30:00,53.630001
2026-02-27 01:45:00,52.919998
2026-02-27 02:00:00,57.73
2026-02-27 02:15:00,56.560001
2026-02-27 02:30:00,57.169998
2026-02-27 02:45:00,57.75
2026-02-27 03:00:00,60.34
2026-02-27 03:15:00,57.380001
2026-02-27 03:30:00,59.040001
2026-02-27 03:45:00,63.240002
2026-02-27 04:00:00,54.990002
2026-02-27 04:15:00,60.040001
2026-02-27 04:30:00,63.919998
2026-02-27 04:45:00,68.230003
2026-02-27 05:00:00,59.799999
2026-02-27 05:15:00,61.290001
2026-02-27 05:30:00,69.440002
2026-02-27 05:45:00,72.650002
2026-02-27 06:00:00,57.16
2026-02-27 06:15:00,71.459999
2026-02-27 06:30:00,76.730003
2026-02-27 06:45:00,81.699997
2026-02-27 07:00:00,81.879997
2026-02-27 07:15:00,86.480003
2026-02-27 07:30:00,87.800003
2026-02-27 07:45:00,86.529999
2026-02-27 08:00:00,92.080002
2026-02-27 08:15:00,84.779999
2026-02-27 08:30:00,78.519997
2026-02-27 08:45:00,61.939999
2026-02-27 09:00:00,84.620003
2026-02-27 09:15:00,69.0
2026-02-27 09:30:00,63.580002
2026-02-27 09:45:00,60.07
2026-02-27 10:00:00,74.279999
2026-02-27 10:15:00,66.400002
2026-02-27 10:30:00,53.689999
2026-02-27 10:45:00,48.939999
2026-02-27 11:00:00,57.52
2026-02-27 11:15:00,54.59
2026-02-27 11:30:00,52.369999
2026-02-27 11:45:00,55.630001
2026-02-27 12:00:00,56.950001
2026-02-27 12:15:00,57.32
2026-02-27 12:30:00,56.91
2026-02-27 12:45:00,65.099998
2026-02-27 13:00:00,58.389999
2026-02-27 13:15:00,58.060001
2026-02-27 13:30:00,66.629997
2026-02-27 13:45:00,74.839996
2026-02-27 14:00:00,59.5
2026-02-27 14:15:00,70.169998
2026-02-27 14:30:00,75.839996
2026-02-27 14:45:00,77.889999
2026-02-27 15:00:00,66.080002
2026-02-27 15:15:00,66.449997
2026-02-27 15:30:00,77.529999
2026-02-27 15:45:00,90.199997
2026-02-27 16:00:00,68.589996
2026-02-27 16:15:00,86.940002
2026-02-27 16:30:00,100.760002
2026-02-27 16:45:00,111.709999
2026-02-27 17:00:00,97.480003
2026-02-27 17:15:00,101.75
2026-02-27 17:30:00,108.230003
2026-02-27 17:45:00,114.57
2026-02-27 18:00:00,118.82
2026-02-27 18:15:00,115.660004
2026-02-27 18:30:00,113.370003
2026-02-27 18:45:00,112.980003
2026-02-27 19:00:00,117.160004
2026-02-27 19:15:00,111.290001
2026-02-27 19:30:00,105.0
2026-02-27 19:45:00,103.559998
2026-02-27 20:00:00,103.480003
2026-02-27 20:15:00,101.769997
2026-02-27 20:30:00,99.43
2026-02-27 20:45:00,95.440002
2026-02-27 21:00:00,97.480003
2026-02-27 21:15:00,93.010002
2026-02-27 21:30:00,90.220001
2026-02-27 21:45:00,83.139999
2026-02-27 22:00:00,93.889999
2026-02-27 22:15:00,91.43
2026-02-27 22:30:00,83.510002
2026-02-27 22:45:00,81.209999
2026-02-27 23:00:00,83.360001
2026-02-27 23:15:00,82.209999
2026-02-27 23:30:00,78.720001
2026-02-27 23:45:00,75.720001
2026-02-28 00:00:00,82.580002
2026-02-28 00:15:00,80.699997
2026-02-28 00:30:00,79.449997
2026-02-28 00:45:00,77.349998
2026-02-28 01:00:00,78.709999
2026-02-28 01:15:00,78.0
2026-02-28 01:30:00,75.510002
2026-02-28 01:45:00,73.07
2026-02-28 02:00:00,78.510002
2026-02-28 02:15:00,75.120003
2026-02-28 02:30:00,73.199997
2026-02-28 02:45:00,72.150002
2026-02-28 03:00:00,74.410004
2026-02-28 03:15:00,73.010002
2026-02-28 03:30:00,72.190002
2026-02-28 03:45:00,70.910004
2026-02-28 04:00:00,72.300003
2026-02-28 04:15:00,72.370003
2026-02-28 04:30:00,71.5
2026-02-28 04:45:00,71.599998
2026-02-28 05:00:00,72.419998
2026-02-28 05:15:00,71.529999
2026-02-28 05:30:00,72.860001
2026-02-28 05:45:00,74.669998
2026-02-28 06:00:00,71.370003
2026-02-28 06:15:00,73.099998
2026-02-28 06:30:00,74.389999
2026-02-28 06:45:00,75.610001
2026-02-28 07:00:00,82.870003
2026-02-28 07:15:00,83.010002
2026-02-28 07:30:00,75.980003
2026-02-28 07:45:00,69.599998
2026-02-28 08:00:00,85.360001
2026-02-28 08:15:00,75.839996
2026-02-28 08:30:00,76.129997
2026-02-28 08:45:00,76.050003
2026-02-28 09:00:00,83.269997
2026-02-28 09:15:00,82.400002
2026-02-28 09:30:00,82.449997
2026-02-28 09:45:00,81.150002
2026-02-28 10:00:00,86.330002
2026-02-28 10:15:00,84.339996
2026-02-28 10:30:00,84.230003
2026-02-28 10:45:00,84.139999
2026-02-28 11:00:00,82.489998
2026-02-28 11:15:00,82.410004
2026-02-28 11:30:00,82.260002
2026-02-28 11:45:00,82.110001
2026-02-28 12:00:00,79.620003
2026-02-28 12:15:00,74.220001
2026-02-28 12:30:00,68.32
2026-02-28 12:45:00,64.459999
2026-02-28 13:00:00,59.57
2026-02-28 13:15:00,58.689999
2026-02-28 13:30:00,57.830002
2026-02-28 13:45:00,57.290001
2026-02-28 14:00:00,56.869999
2026-02-28 14:15:00,56.860001
2026-02-28 14:30:00,57.669998
2026-02-28 14:45:00,50.240002
2026-02-28 15:00:00,54.119999
2026-02-28 15:15:00,52.400002
2026-02-28 15:30:00,49.610001
2026-02-28 15:45:00,58.0
2026-02-28 16:00:00,58.0
2026-02-28 16:15:00,68.040001
2026-02-28 16:30:00,80.330002
2026-02-28 16:45:00,89.889999
2026-02-28 17:00:00,75.050003
2026-02-28 17:15:00,83.099998
2026-02-28 17:30:00,96.589996
2026-02-28 17:45:00,105.0
2026-02-28 18:00:00,97.209999
2026-02-28 18:15:00,96.32
2026-02-28 18:30:00,96.360001
2026-02-28 18:45:00,90.879997
2026-02-28 19:00:00,92.25
2026-02-28 19:15:00,87.709999
2026-02-28 19:30:00,85.120003
2026-02-28 19:45:00,75.589996
2026-02-28 20:00:00,83.370003
2026-02-28 20:15:00,74.269997
2026-02-28 20:30:00,62.189999
2026-02-28 20:45:00,59.040001
2026-02-28 21:00:00,67.910004
2026-02-28 21:15:00,68.93
2026-02-28 21:30:00,67.309998
2026-02-28 21:45:00,54.740002
2026-02-28 22:00:00,72.779999
2026-02-28 22:15:00,66.169998
2026-02-28 22:30:00,64.230003
2026-02-28 22:45:00,55.470001
2026-02-28 23:00:00,72.720001
2026-02-28 23:15:00,59.07
2026-02-28 23:30:00,59.32
2026-02-28 23:45:00,51.580002
2026-03-01 00:00:00,49.75
2026-03-01 00:15:00,50.25
2026-03-01 00:30:00,47.240002
2026-03-01 00:45:00,48.02
2026-03-01 01:00:00,49.0
2026-03-01 01:15:00,51.990002
2026-03-01 01:30:00,52.77
2026-03-01 01:45:00,52.439999
2026-03-01 02:00:00,51.689999
2026-03-01 02:15:00,52.490002
2026-03-01 02:30:00,55.509998
2026-03-01 02:45:00,57.299999
2026-03-01 03:00:00,53.34
2026-03-01 03:15:00,54.580002
2026-03-01 03:30:00,58.099998
2026-03-01 03:45:00,62.27
2026-03-01 04:00:00,53.080002
2026-03-01 04:15:00,57.57
2026-03-01 04:30:00,64.379997
2026-03-01 04:45:00,69.309998
2026-03-01 05:00:00,59.09
2026-03-01 05:15:00,59.779999
2026-03-01 05:30:00,61.189999
2026-03-01 05:45:00,62.490002
2026-03-01 06:00:00,57.029999
2026-03-01 06:15:00,66.400002
2026-03-01 06:30:00,68.75
2026-03-01 06:45:00,68.5
2026-03-01 07:00:00,68.470001
2026-03-01 07:15:00,68.790001
2026-03-01 07:30:00,67.349998
2026-03-01 07:45:00,55.380001
2026-03-01 08:00:00,66.889999
2026-03-01 08:15:00,56.240002
2026-03-01 08:30:00,45.77
2026-03-01 08:45:00,41.240002
2026-03-01 09:00:00,45.869999
2026-03-01 09:15:00,24.17
2026-03-01 09:30:00,9.79
2026-03-01 09:45:00,5.61
2026-03-01 10:00:00,17.290001
2026-03-01 10:15:00,17.27
2026-03-01 10:30:00,13.03
2026-03-01 10:45:00,10.0
2026-03-01 11:00:00,12.26
2026-03-01 11:15:00,12.23
2026-03-01 11:30:00,10.0
2026-03-01 11:45:00,9.1
2026-03-01 12:00:00,10.31
2026-03-01 12:15:00,10.06
2026-03-01 12:30:00,10.0
2026-03-01 12:45:00,10.0
2026-03-01 13:00:00,10.0
2026-03-01 13:15:00,10.0
2026-03-01 13:30:00,10.05
2026-03-01 13:45:00,11.5
2026-03-01 14:00:00,9.07
2026-03-01 14:15:00,10.41
2026-03-01 14:30:00,17.200001
2026-03-01 14:45:00,17.290001
2026-03-01 15:00:00,9.88
2026-03-01 15:15:00,15.74
2026-03-01 15:30:00,34.790001
2026-03-01 15:45:00,70.080002
2026-03-01 16:00:00,37.310001
2026-03-01 16:15:00,62.400002
2026-03-01 16:30:00,94.660004
2026-03-01 16:45:00,104.989998
2026-03-01 17:00:00,92.010002
2026-03-01 17:15:00,100.029999
2026-03-01 17:30:00,110.0
2026-03-01 17:45:00,113.0
2026-03-01 18:00:00,108.050003
2026-03-01 18:15:00,97.980003
2026-03-01 18:30:00,102.709999
2026-03-01 18:45:00,103.339996
2026-03-01 19:00:00,99.099998
2026-03-01 19:15:00,98.510002
2026-03-01 19:30:00,95.230003
2026-03-01 19:45:00,97.050003
2026-03-01 20:00:00,94.510002
2026-03-01 20:15:00,94.199997
2026-03-01 20:30:00,89.010002
2026-03-01 20:45:00,82.93
2026-03-01 21:00:00,86.769997
2026-03-01 21:15:00,82.169998
2026-03-01 21:30:00,80.260002
2026-03-01 21:45:00,76.059998
2026-03-01 22:00:00,81.0
2026-03-01 22:15:00,77.82
2026-03-01 22:30:00,73.639999
2026-03-01 22:45:00,66.089996
2026-03-01 23:00:00,73.879997
2026-03-01 23:15:00,70.830002
2026-03-01 23:30:00,68.760002
2026-03-01 23:45:00,59.119999
2026-03-02 00:00:00,68.0
2026-03-02 00:15:00,65.080002
2026-03-02 00:30:00,65.330002
2026-03-02 00:45:00,62.110001
2026-03-02 01:00:00,65.0
2026-03-02 01:15:00,65.040001
2026-03-02 01:30:00,67.900002
2026-03-02 01:45:00,69.839996
2026-03-02 02:00:00,69.660004
2026-03-02 02:15:00,68.309998
2026-03-02 02:30:00,69.360001
2026-03-02 02:45:00,68.699997
2026-03-02 03:00:00,69.720001
2026-03-02 03:15:00,68.190002
2026-03-02 03:30:00,68.139999
2026-03-02 03:45:00,72.220001
2026-03-02 04:00:00,68.290001
2026-03-02 04:15:00,70.43
2026-03-02 04:30:00,76.080002
2026-03-02 04:45:00,81.32
2026-03-02 05:00:00,76.400002
2026-03-02 05:15:00,80.660004
2026-03-02 05:30:00,87.239998
2026-03-02 05:45:00,92.010002
2026-03-02 06:00:00,87.150002
2026-03-02 06:15:00,92.599998
2026-03-02 06:30:00,102.690002
2026-03-02 06:45:00,113.120003
2026-03-02 07:00:00,118.260002
2026-03-02 07:15:00,151.619995
2026-03-02 07:30:00,132.830002
2026-03-02 07:45:00,122.690002
2026-03-02 08:00:00,181.029999
2026-03-02 08:15:00,123.199997
2026-03-02 08:30:00,109.029999
2026-03-02 08:45:00,86.360001
2026-03-02 09:00:00,113.949997
2026-03-02 09:15:00,99.580002
2026-03-02 09:30:00,85.5
2026-03-02 09:45:00,60.560001
2026-03-02 10:00:00,84.230003
2026-03-02 10:15:00,75.720001
2026-03-02 10:30:00,78.099998
2026-03-02 10:45:00,77.82
2026-03-02 11:00:00,79.809998
2026-03-02 11:15:00,72.639999
2026-03-02 11:30:00,70.279999
2026-03-02 11:45:00,72.580002
2026-03-02 12:00:00,62.290001
2026-03-02 12:15:00,67.82
2026-03-02 12:30:00,67.209999
2026-03-02 12:45:00,66.480003
2026-03-02 13:00:00,81.43
2026-03-02 13:15:00,80.529999
2026-03-02 13:30:00,79.0
2026-03-02 13:45:00,81.279999
2026-03-02 14:00:00,77.75
2026-03-02 14:15:00,76.589996
2026-03-02 14:30:00,83.269997
2026-03-02 14:45:00,91.0
2026-03-02 15:00:00,68.480003
2026-03-02 15:15:00,75.139999
2026-03-02 15:30:00,87.349998
2026-03-02 15:45:00,109.489998
2026-03-02 16:00:00,74.889999
2026-03-02 16:15:00,95.410004
2026-03-02 16:30:00,108.550003
2026-03-02 16:45:00,148.990005
2026-03-02 17:00:00,102.709999
2026-03-02 17:15:00,115.879997
2026-03-02 17:30:00,166.100006
2026-03-02 17:45:00,265.450012
2026-03-02 18:00:00,232.160004
2026-03-02 18:15:00,210.339996
2026-03-02 18:30:00,156.300003
2026-03-02 18:45:00,139.389999
2026-03-02 19:00:00,207.789993
2026-03-02 19:15:00,137.130005
2026-03-02 19:30:00,118.349998
2026-03-02 19:45:00,105.169998
2026-03-02 20:00:00,118.32
2026-03-02 20:15:00,109.650002
2026-03-02 20:30:00,100.389999
2026-03-02 20:45:00,99.669998
2026-03-02 21:00:00,103.199997
2026-03-02 21:15:00,98.989998
2026-03-02 21:30:00,94.809998
2026-03-02 21:45:00,88.870003
2026-03-02 22:00:00,105.0
2026-03-02 22:15:00,99.209999
2026-03-02 22:30:00,93.989998
2026-03-02 22:45:00,89.0
2026-03-02 23:00:00,94.0
2026-03-02 23:15:00,88.620003
2026-03-02 23:30:00,87.260002
2026-03-02 23:45:00,85.699997
2026-03-03 00:00:00,93.279999
2026-03-03 00:15:00,89.949997
2026-03-03 00:30:00,87.449997
2026-03-03 00:45:00,85.57
2026-03-03 01:00:00,89.849998
2026-03-03 01:15:00,89.410004
2026-03-03 01:30:00,90.830002
2026-03-03 01:45:00,90.400002
2026-03-03 02:00:00,89.610001
2026-03-03 02:15:00,88.82
2026-03-03 02:30:00,89.989998
2026-03-03 02:45:00,89.279999
2026-03-03 03:00:00,92.919998
2026-03-03 03:15:00,90.160004
2026-03-03 03:30:00,94.260002
2026-03-03 03:45:00,93.919998
2026-03-03 04:00:00,94.900002
2026-03-03 04:15:00,95.080002
2026-03-03 04:30:00,95.699997
2026-03-03 04:45:00,97.209999
2026-03-03 05:00:00,92.800003
2026-03-03 05:15:00,98.949997
2026-03-03 05:30:00,105.07
2026-03-03 05:45:00,115.919998
2026-03-03 06:00:00,100.889999
2026-03-03 06:15:00,107.93
2026-03-03 06:30:00,120.089996
2026-03-03 06:45:00,137.479996
2026-03-03 07:00:00,125.779999
2026-03-03 07:15:00,150.210007
2026-03-03 07:30:00,157.550003
2026-03-03 07:45:00,126.470001
2026-03-03 08:00:00,196.929993
2026-03-03 08:15:00,140.789993
2026-03-03 08:30:00,120.489998
2026-03-03 08:45:00,91.68
2026-03-03 09:00:00,129.0
2026-03-03 09:15:00,99.279999
2026-03-03 09:30:00,89.440002
2026-03-03 09:45:00,80.360001
2026-03-03 10:00:00,94.760002
2026-03-03 10:15:00,87.190002
2026-03-03 10:30:00,79.459999
2026-03-03 10:45:00,51.27
2026-03-03 11:00:00,83.050003
2026-03-03 11:15:00,66.309998
2026-03-03 11:30:00,44.240002
2026-03-03 11:45:00,30.09
2026-03-03 12:00:00,46.32
2026-03-03 12:15:00,34.84
2026-03-03 12:30:00,25.870001
2026-03-03 12:45:00,21.559999
2026-03-03 13:00:00,22.620001
2026-03-03 13:15:00,23.700001
2026-03-03 13:30:00,38.669998
2026-03-03 13:45:00,54.68
2026-03-03 14:00:00,31.57
2026-03-03 14:15:00,51.43
2026-03-03 14:30:00,75.080002
2026-03-03 14:45:00,87.709999
2026-03-03 15:00:00,61.98
2026-03-03 15:15:00,80.120003
2026-03-03 15:30:00,91.620003
2026-03-03 15:45:00,112.18
2026-03-03 16:00:00,81.809998
2026-03-03 16:15:00,92.879997
2026-03-03 16:30:00,104.82
2026-03-03 16:45:00,148.130005
2026-03-03 17:00:00,93.610001
2026-03-03 17:15:00,115.57
2026-03-03 17:30:00,138.529999
2026-03-03 17:45:00,172.199997
2026-03-03 18:00:00,196.300003
2026-03-03 18:15:00,197.350006
2026-03-03 18:30:00,173.690002
2026-03-03 18:45:00,150.339996
2026-03-03 19:00:00,192.960007
2026-03-03 19:15:00,157.089996
2026-03-03 19:30:00,140.800003
2026-03-03 19:45:00,118.139999
2026-03-03 20:00:00,145.669998
2026-03-03 20:15:00,131.160004
2026-03-03 20:30:00,116.199997
2026-03-03 20:45:00,107.099998
2026-03-03 21:00:00,115.760002
2026-03-03 21:15:00,110.580002
2026-03-03 21:30:00,106.800003
2026-03-03 21:45:00,99.190002
2026-03-03 22:00:00,116.739998
2026-03-03 22:15:00,103.760002
2026-03-03 22:30:00,102.050003
2026-03-03 22:45:00,93.099998
2026-03-03 23:00:00,104.57
2026-03-03 23:15:00,94.489998
2026-03-03 23:30:00,98.470001
2026-03-03 23:45:00,93.470001
2026-03-04 00:00:00,139.940002
2026-03-04 00:15:00,132.300003
2026-03-04 00:30:00,126.559998
2026-03-04 00:45:00,117.239998
2026-03-04 01:00:00,135.580002
2026-03-04 01:15:00,127.43
2026-03-04 01:30:00,125.129997
2026-03-04 01:45:00,123.150002
2026-03-04 02:00:00,127.110001
2026-03-04 02:15:00,125.790001
2026-03-04 02:30:00,124.980003
2026-03-04 02:45:00,123.410004
2026-03-04 03:00:00,124.809998
2026-03-04 03:15:00,124.730003
2026-03-04 03:30:00,124.669998
2026-03-04 03:45:00,124.730003
2026-03-04 04:00:00,124.739998
2026-03-04 04:15:00,125.080002
2026-03-04 04:30:00,130.539993
2026-03-04 04:45:00,132.449997
2026-03-04 05:00:00,113.900002
2026-03-04 05:15:00,119.629997
2026-03-04 05:30:00,130.259995
2026-03-04 05:45:00,163.009995
2026-03-04 06:00:00,124.440002
2026-03-04 06:15:00,137.559998
2026-03-04 06:30:00,173.630005
2026-03-04 06:45:00,253.940002
2026-03-04 07:00:00,302.76001
2026-03-04 07:15:00,312.279999
2026-03-04 07:30:00,223.529999
2026-03-04 07:45:00,176.880005
2026-03-04 08:00:00,294.220001
2026-03-04 08:15:00,204.5
2026-03-04 08:30:00,151.669998
2026-03-04 08:45:00,123.0
2026-03-04 09:00:00,211.289993
2026-03-04 09:15:00,148.649994
2026-03-04 09:30:00,134.220001
2026-03-04 09:45:00,108.879997
2026-03-04 10:00:00,137.809998
2026-03-04 10:15:00,117.029999
2026-03-04 10:30:00,104.900002
2026-03-04 10:45:00,81.93
2026-03-04 11:00:00,102.480003
2026-03-04 11:15:00,81.0
2026-03-04 11:30:00,77.480003
2026-03-04 11:45:00,52.23
2026-03-04 12:00:00,69.970001
2026-03-04 12:15:00,39.990002
2026-03-04 12:30:00,35.009998
2026-03-04 12:45:00,25.120001
2026-03-04 13:00:00,31.75
2026-03-04 13:15:00,26.92
2026-03-04 13:30:00,33.400002
2026-03-04 13:45:00,39.84
2026-03-04 14:00:00,26.370001
2026-03-04 14:15:00,58.189999
2026-03-04 14:30:00,79.900002
2026-03-04 14:45:00,97.160004
2026-03-04 15:00:00,69.120003
2026-03-04 15:15:00,93.059998
2026-03-04 15:30:00,101.739998
2026-03-04 15:45:00,130.479996
2026-03-04 16:00:00,93.370003
2026-03-04 16:15:00,115.239998
2026-03-04 16:30:00,137.630005
2026-03-04 16:45:00,202.600006
2026-03-04 17:00:00,130.710007
2026-03-04 17:15:00,176.539993
2026-03-04 17:30:00,268.290009
2026-03-04 17:45:00,429.359985
2026-03-04 18:00:00,387.429993
2026-03-04 18:15:00,384.970001
2026-03-04 18:30:00,392.980011
2026-03-04 18:45:00,314.429993
2026-03-04 19:00:00,375.109985
2026-03-04 19:15:00,254.740005
2026-03-04 19:30:00,235.309998
2026-03-04 19:45:00,217.720001
2026-03-04 20:00:00,197.339996
2026-03-04 20:15:00,182.919998
2026-03-04 20:30:00,167.789993
2026-03-04 20:45:00,167.610001
2026-03-04 21:00:00,171.639999
2026-03-04 21:15:00,157.740005
2026-03-04 21:30:00,149.899994
2026-03-04 21:45:00,130.350006
2026-03-04 22:00:00,156.179993
2026-03-04 22:15:00,148.869995
2026-03-04 22:30:00,138.699997
2026-03-04 22:45:00,123.139999
2026-03-04 23:00:00,139.440002
2026-03-04 23:15:00,131.449997
2026-03-04 23:30:00,118.93
2026-03-04 23:45:00,108.18
2026-03-05 00:00:00,132.009995
2026-03-05 00:15:00,114.610001
2026-03-05 00:30:00,110.239998
2026-03-05 00:45:00,109.080002
2026-03-05 01:00:00,111.790001
2026-03-05 01:15:00,109.93
2026-03-05 01:30:00,109.199997
2026-03-05 01:45:00,108.809998
2026-03-05 02:00:00,109.510002
2026-03-05 02:15:00,109.440002
2026-03-05 02:30:00,109.260002
2026-03-05 02:45:00,108.839996
2026-03-05 03:00:00,108.790001
2026-03-05 03:15:00,108.5
2026-03-05 03:30:00,108.809998
2026-03-05 03:45:00,109.040001
2026-03-05 04:00:00,109.690002
2026-03-05 04:15:00,110.230003
2026-03-05 04:30:00,109.949997
2026-03-05 04:45:00,114.379997
2026-03-05 05:00:00,107.120003
2026-03-05 05:15:00,111.699997
2026-03-05 05:30:00,130.490005
2026-03-05 05:45:00,141.410004
2026-03-05 06:00:00,124.300003
2026-03-05 06:15:00,146.710007
2026-03-05 06:30:00,157.240005
2026-03-05 06:45:00,162.779999
2026-03-05 07:00:00,189.869995
2026-03-05 07:15:00,181.449997
2026-03-05 07:30:00,160.0
2026-03-05 07:45:00,146.5
2026-03-05 08:00:00,176.429993
2026-03-05 08:15:00,149.940002
2026-03-05 08:30:00,130.509995
2026-03-05 08:45:00,100.440002
2026-03-05 09:00:00,129.169998
2026-03-05 09:15:00,99.110001
2026-03-05 09:30:00,89.239998
2026-03-05 09:45:00,70.849998
2026-03-05 10:00:00,94.410004
2026-03-05 10:15:00,71.0
2026-03-05 10:30:00,62.52
2026-03-05 10:45:00,60.990002
2026-03-05 11:00:00,66.620003
2026-03-05 11:15:00,63.259998
2026-03-05 11:30:00,61.040001
2026-03-05 11:45:00,61.02
2026-03-05 12:00:00,62.139999
2026-03-05 12:15:00,62.049999
2026-03-05 12:30:00,60.880001
2026-03-05 12:45:00,61.119999
2026-03-05 13:00:00,60.82
2026-03-05 13:15:00,60.810001
2026-03-05 13:30:00,62.419998
2026-03-05 13:45:00,63.23
2026-03-05 14:00:00,61.43
2026-03-05 14:15:00,62.32
2026-03-05 14:30:00,61.990002
2026-03-05 14:45:00,73.110001
2026-03-05 15:00:00,58.43
2026-03-05 15:15:00,86.529999
2026-03-05 15:30:00,96.650002
2026-03-05 15:45:00,118.400002
2026-03-05 16:00:00,90.300003
2026-03-05 16:15:00,120.389999
2026-03-05 16:30:00,144.529999
2026-03-05 16:45:00,195.779999
2026-03-05 17:00:00,125.220001
2026-03-05 17:15:00,158.279999
2026-03-05 17:30:00,190.360001
2026-03-05 17:45:00,244.970001
2026-03-05 18:00:00,230.089996
2026-03-05 18:15:00,202.270004
2026-03-05 18:30:00,176.929993
2026-03-05 18:45:00,158.789993
2026-03-05 19:00:00,199.149994
2026-03-05 19:15:00,165.860001
2026-03-05 19:30:00,152.889999
2026-03-05 19:45:00,142.100006
2026-03-05 20:00:00,149.039993
2026-03-05 20:15:00,135.919998
2026-03-05 20:30:00,131.820007
2026-03-05 20:45:00,124.199997
2026-03-05 21:00:00,145.899994
2026-03-05 21:15:00,138.089996
2026-03-05 21:30:00,126.68
2026-03-05 21:45:00,111.690002
2026-03-05 22:00:00,136.580002
2026-03-05 22:15:00,130.339996
2026-03-05 22:30:00,128.270004
2026-03-05 22:45:00,125.379997
2026-03-05 23:00:00,128.679993
2026-03-05 23:15:00,121.790001
2026-03-05 23:30:00,118.330002
2026-03-05 23:45:00,110.0
2026-03-06 00:00:00,103.199997
2026-03-06 00:15:00,104.489998
2026-03-06 00:30:00,104.440002
2026-03-06 00:45:00,104.370003
2026-03-06 01:00:00,106.230003
2026-03-06 01:15:00,105.849998
2026-03-06 01:30:00,106.919998
2026-03-06 01:45:00,105.0
2026-03-06 02:00:00,109.379997
2026-03-06 02:15:00,108.040001
2026-03-06 02:30:00,108.57
2026-03-06 02:45:00,108.099998
2026-03-06 03:00:00,108.830002
2026-03-06 03:15:00,108.900002
2026-03-06 03:30:00,109.540001
2026-03-06 03:45:00,110.830002
2026-03-06 04:00:00,110.739998
2026-03-06 04:15:00,109.970001
2026-03-06 04:30:00,118.0
2026-03-06 04:45:00,123.290001
2026-03-06 05:00:00,114.220001
2026-03-06 05:15:00,121.580002
2026-03-06 05:30:00,133.160004
2026-03-06 05:45:00,147.009995
2026-03-06 06:00:00,126.519997
2026-03-06 06:15:00,147.360001
2026-03-06 06:30:00,161.919998
2026-03-06 06:45:00,193.429993
2026-03-06 07:00:00,200.169998
2026-03-06 07:15:00,195.270004
2026-03-06 07:30:00,168.020004
2026-03-06 07:45:00,130.539993
2026-03-06 08:00:00,184.369995
2026-03-06 08:15:00,148.940002
2026-03-06 08:30:00,121.400002
2026-03-06 08:45:00,98.440002
2026-03-06 09:00:00,143.529999
2026-03-06 09:15:00,108.610001
2026-03-06 09:30:00,103.169998
2026-03-06 09:45:00,93.910004
2026-03-06 10:00:00,111.980003
2026-03-06 10:15:00,100.690002
2026-03-06 10:30:00,96.139999
2026-03-06 10:45:00,77.190002
2026-03-06 11:00:00,90.300003
2026-03-06 11:15:00,75.120003
2026-03-06 11:30:00,73.419998
2026-03-06 11:45:00,66.110001
2026-03-06 12:00:00,68.019997
2026-03-06 12:15:00,53.599998
2026-03-06 12:30:00,55.959999
2026-03-06 12:45:00,50.650002
2026-03-06 13:00:00,52.43
2026-03-06 13:15:00,53.549999
2026-03-06 13:30:00,52.619999
2026-03-06 13:45:00,58.5
2026-03-06 14:00:00,48.040001
2026-03-06 14:15:00,67.050003
2026-03-06 14:30:00,84.760002
2026-03-06 14:45:00,100.949997
2026-03-06 15:00:00,85.260002
2026-03-06 15:15:00,104.010002
2026-03-06 15:30:00,105.0
2026-03-06 15:45:00,134.0
2026-03-06 16:00:00,90.860001
2026-03-06 16:15:00,120.599998
2026-03-06 16:30:00,138.869995
2026-03-06 16:45:00,171.259995
2026-03-06 17:00:00,115.480003
2026-03-06 17:15:00,154.669998
2026-03-06 17:30:00,190.690002
2026-03-06 17:45:00,248.910004
2026-03-06 18:00:00,228.149994
2026-03-06 18:15:00,244.940002
2026-03-06 18:30:00,229.110001
2026-03-06 18:45:00,215.100006
2026-03-06 19:00:00,238.110001
2026-03-06 19:15:00,184.380005
2026-03-06 19:30:00,170.410004
2026-03-06 19:45:00,166.160004
2026-03-06 20:00:00,169.759995
2026-03-06 20:15:00,160.050003
2026-03-06 20:30:00,153.429993
2026-03-06 20:45:00,129.199997
2026-03-06 21:00:00,150.389999
2026-03-06 21:15:00,141.990005
2026-03-06 21:30:00,128.130005
2026-03-06 21:45:00,116.260002
2026-03-06 22:00:00,135.860001
2026-03-06 22:15:00,127.150002
2026-03-06 22:30:00,126.830002
2026-03-06 22:45:00,119.139999
2026-03-06 23:00:00,136.429993
2026-03-06 23:15:00,126.949997
2026-03-06 23:30:00,124.889999
2026-03-06 23:45:00,116.029999
2026-03-07 00:00:00,141.309998
2026-03-07 00:15:00,136.720001
2026-03-07 00:30:00,132.779999
2026-03-07 00:45:00,129.839996
2026-03-07 01:00:00,137.610001
2026-03-07 01:15:00,132.279999
2026-03-07 01:30:00,128.190002
2026-03-07 01:45:00,124.629997
2026-03-07 02:00:00,129.759995
2026-03-07 02:15:00,125.660004
2026-03-07 02:30:00,124.150002
2026-03-07 02:45:00,123.120003
2026-03-07 03:00:00,126.489998
2026-03-07 03:15:00,124.779999
2026-03-07 03:30:00,123.32
2026-03-07 03:45:00,122.970001
2026-03-07 04:00:00,122.970001
2026-03-07 04:15:00,124.129997
2026-03-07 04:30:00,124.5
2026-03-07 04:45:00,127.389999
2026-03-07 05:00:00,124.769997
2026-03-07 05:15:00,128.929993
2026-03-07 05:30:00,129.899994
2026-03-07 05:45:00,134.699997
2026-03-07 06:00:00,131.429993
2026-03-07 06:15:00,138.830002
2026-03-07 06:30:00,141.330002
2026-03-07 06:45:00,130.889999
2026-03-07 07:00:00,146.259995
2026-03-07 07:15:00,136.0
2026-03-07 07:30:00,129.300003
2026-03-07 07:45:00,106.669998
2026-03-07 08:00:00,135.979996
2026-03-07 08:15:00,126.110001
2026-03-07 08:30:00,104.980003
2026-03-07 08:45:00,84.540001
2026-03-07 09:00:00,129.029999
2026-03-07 09:15:00,108.32
2026-03-07 09:30:00,96.459999
2026-03-07 09:45:00,80.529999
2026-03-07 10:00:00,104.379997
2026-03-07 10:15:00,86.25
2026-03-07 10:30:00,79.790001
2026-03-07 10:45:00,69.209999
2026-03-07 11:00:00,80.400002
2026-03-07 11:15:00,78.599998
2026-03-07 11:30:00,77.889999
2026-03-07 11:45:00,77.18
2026-03-07 12:00:00,77.510002
2026-03-07 12:15:00,76.209999
2026-03-07 12:30:00,77.269997
2026-03-07 12:45:00,76.870003
2026-03-07 13:00:00,62.299999
2026-03-07 13:15:00,75.410004
2026-03-07 13:30:00,75.160004
2026-03-07 13:45:00,75.129997
2026-03-07 14:00:00,75.110001
2026-03-07 14:15:00,78.93
2026-03-07 14:30:00,56.599998
2026-03-07 14:45:00,50.880001
2026-03-07 15:00:00,38.259998
2026-03-07 15:15:00,78.309998
2026-03-07 15:30:00,95.57
2026-03-07 15:45:00,125.760002
2026-03-07 16:00:00,81.300003
2026-03-07 16:15:00,114.559998
2026-03-07 16:30:00,144.979996
2026-03-07 16:45:00,164.919998
2026-03-07 17:00:00,111.0
2026-03-07 17:15:00,132.630005
2026-03-07 17:30:00,150.0
2026-03-07 17:45:00,196.899994
2026-03-07 18:00:00,168.190002
2026-03-07 18:15:00,177.009995
2026-03-07 18:30:00,193.949997
2026-03-07 18:45:00,184.339996
2026-03-07 19:00:00,185.270004
2026-03-07 19:15:00,169.979996
2026-03-07 19:30:00,163.139999
2026-03-07 19:45:00,148.509995
2026-03-07 20:00:00,157.710007
2026-03-07 20:15:00,151.910004
2026-03-07 20:30:00,145.279999
2026-03-07 20:45:00,137.889999
2026-03-07 21:00:00,146.509995
2026-03-07 21:15:00,139.979996
2026-03-07 21:30:00,135.699997
2026-03-07 21:45:00,128.240005
2026-03-07 22:00:00,142.119995
2026-03-07 22:15:00,133.800003
2026-03-07 22:30:00,130.880005
2026-03-07 22:45:00,129.990005
2026-03-07 23:00:00,144.100006
2026-03-07 23:15:00,130.910004
2026-03-07 23:30:00,126.620003
2026-03-07 23:45:00,120.949997
2026-03-08 00:00:00,145.710007
2026-03-08 00:15:00,137.270004
2026-03-08 00:30:00,131.75
2026-03-08 00:45:00,129.25
2026-03-08 01:00:00,139.380005
2026-03-08 01:15:00,135.0
2026-03-08 01:30:00,130.0
2026-03-08 01:45:00,126.550003
2026-03-08 02:00:00,134.0
2026-03-08 02:15:00,133.419998
2026-03-08 02:30:00,130.0
2026-03-08 02:45:00,127.349998
2026-03-08 03:00:00,132.520004
2026-03-08 03:15:00,130.080002
2026-03-08 03:30:00,130.399994
2026-03-08 03:45:00,127.370003
2026-03-08 04:00:00,129.369995
2026-03-08 04:15:00,128.779999
2026-03-08 04:30:00,129.199997
2026-03-08 04:45:00,129.990005
2026-03-08 05:00:00,129.839996
2026-03-08 05:15:00,127.400002
2026-03-08 05:30:00,129.990005
2026-03-08 05:45:00,131.309998
2026-03-08 06:00:00,130.539993
2026-03-08 06:15:00,134.889999
2026-03-08 06:30:00,130.809998
2026-03-08 06:45:00,128.149994
2026-03-08 07:00:00,139.059998
2026-03-08 07:15:00,128.119995
2026-03-08 07:30:00,108.949997
2026-03-08 07:45:00,91.809998
2026-03-08 08:00:00,130.649994
2026-03-08 08:15:00,109.199997
2026-03-08 08:30:00,104.389999
2026-03-08 08:45:00,90.010002
2026-03-08 09:00:00,110.989998
2026-03-08 09:15:00,95.349998
2026-03-08 09:30:00,106.959999
2026-03-08 09:45:00,90.339996
2026-03-08 10:00:00,109.099998
2026-03-08 10:15:00,97.110001
2026-03-08 10:30:00,93.150002
2026-03-08 10:45:00,80.0
2026-03-08 11:00:00,81.919998
2026-03-08 11:15:00,93.639999
2026-03-08 11:30:00,88.419998
2026-03-08 11:45:00,76.010002
2026-03-08 12:00:00,93.690002
2026-03-08 12:15:00,85.0
2026-03-08 12:30:00,80.400002
2026-03-08 12:45:00,75.0
2026-03-08 13:00:00,80.459999
2026-03-08 13:15:00,79.290001
2026-03-08 13:30:00,80.400002
2026-03-08 13:45:00,81.099998
2026-03-08 14:00:00,81.75
2026-03-08 14:15:00,91.260002
2026-03-08 14:30:00,93.629997
2026-03-08 14:45:00,41.200001
2026-03-08 15:00:00,44.349998
2026-03-08 15:15:00,53.779999
2026-03-08 15:30:00,93.959999
2026-03-08 15:45:00,115.760002
2026-03-08 16:00:00,70.519997
2026-03-08 16:15:00,107.790001
2026-03-08 16:30:00,135.770004
2026-03-08 16:45:00,154.729996
2026-03-08 17:00:00,120.879997
2026-03-08 17:15:00,135.789993
2026-03-08 17:30:00,146.339996
2026-03-08 17:45:00,182.240005
2026-03-08 18:00:00,154.899994
2026-03-08 18:15:00,158.710007
2026-03-08 18:30:00,156.639999
2026-03-08 18:45:00,170.789993
2026-03-08 19:00:00,160.199997
2026-03-08 19:15:00,150.869995
2026-03-08 19:30:00,155.139999
2026-03-08 19:45:00,150.0
2026-03-08 20:00:00,150.089996
2026-03-08 20:15:00,141.309998
2026-03-08 20:30:00,135.779999
2026-03-08 20:45:00,127.989998
2026-03-08 21:00:00,137.990005
2026-03-08 21:15:00,130.979996
2026-03-08 21:30:00,124.379997
2026-03-08 21:45:00,116.389999
2026-03-08 22:00:00,129.990005
2026-03-08 22:15:00,120.519997
2026-03-08 22:30:00,117.650002
2026-03-08 22:45:00,116.300003
2026-03-08 23:00:00,119.32
2026-03-08 23:15:00,114.260002
2026-03-08 23:30:00,113.800003
2026-03-08 23:45:00,106.910004
2026-03-09 00:00:00,121.510002
2026-03-09 00:15:00,114.459999
2026-03-09 00:30:00,112.75
2026-03-09 00:45:00,107.629997
2026-03-09 01:00:00,111.559998
2026-03-09 01:15:00,109.68
2026-03-09 01:30:00,108.68
2026-03-09 01:45:00,107.169998
2026-03-09 02:00:00,108.879997
2026-03-09 02:15:00,107.769997
2026-03-09 02:30:00,109.870003
2026-03-09 02:45:00,109.959999
2026-03-09 03:00:00,109.989998
2026-03-09 03:15:00,110.410004
2026-03-09 03:30:00,110.400002
2026-03-09 03:45:00,111.120003
2026-03-09 04:00:00,113.0
2026-03-09 04:15:00,112.599998
2026-03-09 04:30:00,116.120003
2026-03-09 04:45:00,123.839996
2026-03-09 05:00:00,112.910004
2026-03-09 05:15:00,126.0
2026-03-09 05:30:00,142.289993
2026-03-09 05:45:00,166.779999
2026-03-09 06:00:00,140.919998
2026-03-09 06:15:00,153.029999
2026-03-09 06:30:00,179.259995
2026-03-09 06:45:00,182.470001
2026-03-09 07:00:00,218.320007
2026-03-09 07:15:00,217.529999
2026-03-09 07:30:00,180.470001
2026-03-09 07:45:00,150.0
2026-03-09 08:00:00,227.520004
2026-03-09 08:15:00,158.25
2026-03-09 08:30:00,146.820007
2026-03-09 08:45:00,117.830002
2026-03-09 09:00:00,160.050003
2026-03-09 09:15:00,129.600006
2026-03-09 09:30:00,116.290001
2026-03-09 09:45:00,102.349998
2026-03-09 10:00:00,116.099998
2026-03-09 10:15:00,106.800003
2026-03-09 10:30:00,94.360001
2026-03-09 10:45:00,93.260002
2026-03-09 11:00:00,96.910004
2026-03-09 11:15:00,90.800003
2026-03-09 11:30:00,83.68
2026-03-09 11:45:00,78.209999
2026-03-09 12:00:00,76.190002
2026-03-09 12:15:00,74.279999
2026-03-09 12:30:00,73.650002
2026-03-09 12:45:00,72.309998
2026-03-09 13:00:00,69.889999
2026-03-09 13:15:00,70.800003
2026-03-09 13:30:00,72.730003
2026-03-09 13:45:00,76.489998
2026-03-09 14:00:00,70.099998
2026-03-09 14:15:00,81.230003
2026-03-09 14:30:00,84.57
2026-03-09 14:45:00,95.480003
2026-03-09 15:00:00,91.589996
2026-03-09 15:15:00,101.970001
2026-03-09 15:30:00,116.07
2026-03-09 15:45:00,142.339996
2026-03-09 16:00:00,100.910004
2026-03-09 16:15:00,137.259995
2026-03-09 16:30:00,150.580002
2026-03-09 16:45:00,185.0
2026-03-09 17:00:00,127.139999
2026-03-09 17:15:00,161.820007
2026-03-09 17:30:00,199.529999
2026-03-09 17:45:00,259.609985
2026-03-09 18:00:00,243.419998
2026-03-09 18:15:00,257.309998
2026-03-09 18:30:00,264.540009
2026-03-09 18:45:00,251.820007
2026-03-09 19:00:00,284.640015
2026-03-09 19:15:00,238.880005
2026-03-09 19:30:00,237.479996
2026-03-09 19:45:00,238.990005
2026-03-09 20:00:00,217.770004
2026-03-09 20:15:00,195.179993
2026-03-09 20:30:00,160.559998
2026-03-09 20:45:00,150.050003
2026-03-09 21:00:00,170.009995
2026-03-09 21:15:00,157.229996
2026-03-09 21:30:00,146.699997
2026-03-09 21:45:00,134.690002
2026-03-09 22:00:00,155.089996
2026-03-09 22:15:00,144.690002
2026-03-09 22:30:00,143.119995
2026-03-09 22:45:00,130.179993
2026-03-09 23:00:00,139.130005
2026-03-09 23:15:00,134.380005
2026-03-09 23:30:00,128.0
2026-03-09 23:45:00,129.270004
2026-03-10 00:00:00,149.100006
2026-03-10 00:15:00,139.119995
2026-03-10 00:30:00,136.020004
2026-03-10 00:45:00,130.080002
2026-03-10 01:00:00,135.619995
2026-03-10 01:15:00,129.990005
2026-03-10 01:30:00,128.350006
2026-03-10 01:45:00,127.800003
2026-03-10 02:00:00,128.869995
2026-03-10 02:15:00,127.959999
2026-03-10 02:30:00,127.790001
2026-03-10 02:45:00,125.830002
2026-03-10 03:00:00,125.550003
2026-03-10 03:15:00,125.260002
2026-03-10 03:30:00,126.809998
2026-03-10 03:45:00,129.979996
2026-03-10 04:00:00,122.93
2026-03-10 04:15:00,125.339996
2026-03-10 04:30:00,130.610001
2026-03-10 04:45:00,135.029999
2026-03-10 05:00:00,126.260002
2026-03-10 05:15:00,132.070007
2026-03-10 05:30:00,140.529999
2026-03-10 05:45:00,155.619995
2026-03-10 06:00:00,140.270004
2026-03-10 06:15:00,170.429993
2026-03-10 06:30:00,176.610001
2026-03-10 06:45:00,187.050003
2026-03-10 07:00:00,200.660004
2026-03-10 07:15:00,199.919998
2026-03-10 07:30:00,174.029999
2026-03-10 07:45:00,152.740005
2026-03-10 08:00:00,227.580002
2026-03-10 08:15:00,176.380005
2026-03-10 08:30:00,154.990005
2026-03-10 08:45:00,134.330002
2026-03-10 09:00:00,176.520004
2026-03-10 09:15:00,141.800003
2026-03-10 09:30:00,128.179993
2026-03-10 09:45:00,115.650002
2026-03-10 10:00:00,145.139999
2026-03-10 10:15:00,112.230003
2026-03-10 10:30:00,114.870003
2026-03-10 10:45:00,110.809998
2026-03-10 11:00:00,117.370003
2026-03-10 11:15:00,111.050003
2026-03-10 11:30:00,110.650002
2026-03-10 11:45:00,109.5
2026-03-10 12:00:00,110.190002
2026-03-10 12:15:00,109.860001
2026-03-10 12:30:00,109.620003
2026-03-10 12:45:00,112.589996
2026-03-10 13:00:00,105.279999
2026-03-10 13:15:00,108.589996
2026-03-10 13:30:00,108.400002
2026-03-10 13:45:00,108.43
2026-03-10 14:00:00,101.989998
2026-03-10 14:15:00,104.110001
2026-03-10 14:30:00,103.919998
2026-03-10 14:45:00,118.639999
2026-03-10 15:00:00,109.75
2026-03-10 15:15:00,109.269997
2026-03-10 15:30:00,116.269997
2026-03-10 15:45:00,150.679993
2026-03-10 16:00:00,107.360001
2026-03-10 16:15:00,136.350006
2026-03-10 16:30:00,154.149994
2026-03-10 16:45:00,179.710007
2026-03-10 17:00:00,132.149994
2026-03-10 17:15:00,158.779999
2026-03-10 17:30:00,189.5
2026-03-10 17:45:00,235.570007
2026-03-10 18:00:00,192.589996
2026-03-10 18:15:00,215.779999
2026-03-10 18:30:00,220.059998
2026-03-10 18:45:00,212.800003
2026-03-10 19:00:00,233.190002
2026-03-10 19:15:00,204.279999
2026-03-10 19:30:00,195.059998
2026-03-10 19:45:00,167.0
2026-03-10 20:00:00,175.550003
2026-03-10 20:15:00,155.679993
2026-03-10 20:30:00,145.399994
2026-03-10 20:45:00,141.369995
2026-03-10 21:00:00,151.039993
2026-03-10 21:15:00,133.899994
2026-03-10 21:30:00,138.389999
2026-03-10 21:45:00,117.57
2026-03-10 22:00:00,139.809998
2026-03-10 22:15:00,129.320007
2026-03-10 22:30:00,118.779999
2026-03-10 22:45:00,105.110001
2026-03-10 23:00:00,118.300003
2026-03-10 23:15:00,102.139999
2026-03-10 23:30:00,95.290001
2026-03-10 23:45:00,76.900002
2026-03-11 00:00:00,92.019997
2026-03-11 00:15:00,88.959999
2026-03-11 00:30:00,84.57
2026-03-11 00:45:00,70.279999
2026-03-11 01:00:00,80.739998
2026-03-11 01:15:00,73.199997
2026-03-11 01:30:00,68.699997
2026-03-11 01:45:00,60.580002
2026-03-11 02:00:00,68.379997
2026-03-11 02:15:00,66.970001
2026-03-11 02:30:00,64.0
2026-03-11 02:45:00,62.349998
2026-03-11 03:00:00,65.360001
2026-03-11 03:15:00,65.370003
2026-03-11 03:30:00,62.91
2026-03-11 03:45:00,60.57
2026-03-11 04:00:00,50.419998
2026-03-11 04:15:00,46.93
2026-03-11 04:30:00,47.110001
2026-03-11 04:45:00,52.959999
2026-03-11 05:00:00,47.91
2026-03-11 05:15:00,51.240002
2026-03-11 05:30:00,55.73
2026-03-11 05:45:00,59.290001
2026-03-11 06:00:00,47.049999
2026-03-11 06:15:00,45.599998
2026-03-11 06:30:00,52.169998
2026-03-11 06:45:00,62.939999
2026-03-11 07:00:00,87.610001
2026-03-11 07:15:00,86.800003
2026-03-11 07:30:00,81.900002
2026-03-11 07:45:00,63.040001
2026-03-11 08:00:00,89.849998
2026-03-11 08:15:00,78.699997
2026-03-11 08:30:00,74.459999
2026-03-11 08:45:00,59.0
2026-03-11 09:00:00,81.150002
2026-03-11 09:15:00,69.910004
2026-03-11 09:30:00,56.490002
2026-03-11 09:45:00,24.23
2026-03-11 10:00:00,56.029999
2026-03-11 10:15:00,35.630001
2026-03-11 10:30:00,28.51
2026-03-11 10:45:00,23.27
2026-03-11 11:00:00,38.470001
2026-03-11 11:15:00,32.91
2026-03-11 11:30:00,30.0
2026-03-11 11:45:00,26.83
2026-03-11 12:00:00,33.330002
2026-03-11 12:15:00,33.130001
2026-03-11 12:30:00,31.74
2026-03-11 12:45:00,26.57
2026-03-11 13:00:00,30.02
2026-03-11 13:15:00,30.23
2026-03-11 13:30:00,26.639999
2026-03-11 13:45:00,30.1
2026-03-11 14:00:00,24.32
2026-03-11 14:15:00,33.959999
2026-03-11 14:30:00,50.810001
2026-03-11 14:45:00,80.0
2026-03-11 15:00:00,52.360001
2026-03-11 15:15:00,73.68
2026-03-11 15:30:00,85.699997
2026-03-11 15:45:00,105.580002
2026-03-11 16:00:00,69.919998
2026-03-11 16:15:00,93.709999
2026-03-11 16:30:00,101.199997
2026-03-11 16:45:00,107.639999
2026-03-11 17:00:00,101.629997
2026-03-11 17:15:00,114.099998
2026-03-11 17:30:00,121.190002
2026-03-11 17:45:00,112.050003
2026-03-11 18:00:00,131.830002
2026-03-11 18:15:00,143.619995
2026-03-11 18:30:00,142.550003
2026-03-11 18:45:00,122.0
2026-03-11 19:00:00,140.699997
2026-03-11 19:15:00,135.130005
2026-03-11 19:30:00,140.160004
2026-03-11 19:45:00,146.0
2026-03-11 20:00:00,114.470001
2026-03-11 20:15:00,129.75
2026-03-11 20:30:00,122.68
2026-03-11 20:45:00,120.57
2026-03-11 21:00:00,115.389999
2026-03-11 21:15:00,115.290001
2026-03-11 21:30:00,111.800003
2026-03-11 21:45:00,105.519997
2026-03-11 22:00:00,108.709999
2026-03-11 22:15:00,109.139999
2026-03-11 22:30:00,108.559998
2026-03-11 22:45:00,105.830002
2026-03-11 23:00:00,104.169998
2026-03-11 23:15:00,102.400002
2026-03-11 23:30:00,99.989998
2026-03-11 23:45:00,91.980003
2026-03-12 00:00:00,87.459999
2026-03-12 00:15:00,86.900002
2026-03-12 00:30:00,82.43
2026-03-12 00:45:00,88.480003
2026-03-12 01:00:00,92.540001
2026-03-12 01:15:00,86.620003
2026-03-12 01:30:00,85.790001
2026-03-12 01:45:00,79.449997
2026-03-12 02:00:00,84.379997
2026-03-12 02:15:00,80.040001
2026-03-12 02:30:00,70.059998
2026-03-12 02:45:00,66.699997
2026-03-12 03:00:00,75.639999
2026-03-12 03:15:00,68.089996
2026-03-12 03:30:00,62.400002
2026-03-12 03:45:00,61.900002
2026-03-12 04:00:00,61.200001
2026-03-12 04:15:00,60.990002
2026-03-12 04:30:00,59.599998
2026-03-12 04:45:00,60.119999
2026-03-12 05:00:00,42.84
2026-03-12 05:15:00,45.610001
2026-03-12 05:30:00,49.919998
2026-03-12 05:45:00,57.029999
2026-03-12 06:00:00,58.919998
2026-03-12 06:15:00,77.410004
2026-03-12 06:30:00,87.120003
2026-03-12 06:45:00,79.849998
2026-03-12 07:00:00,102.940002
2026-03-12 07:15:00,95.980003
2026-03-12 07:30:00,89.169998
2026-03-12 07:45:00,73.910004
2026-03-12 08:00:00,132.399994
2026-03-12 08:15:00,101.730003
2026-03-12 08:30:00,91.470001
2026-03-12 08:45:00,73.760002
2026-03-12 09:00:00,112.019997
2026-03-12 09:15:00,85.779999
2026-03-12 09:30:00,61.970001
2026-03-12 09:45:00,40.34
2026-03-12 10:00:00,73.059998
2026-03-12 10:15:00,29.860001
2026-03-12 10:30:00,8.86
2026-03-12 10:45:00,2.12
2026-03-12 11:00:00,2.34
2026-03-12 11:15:00,0.03
2026-03-12 11:30:00,0.0
2026-03-12 11:45:00,-0.08
2026-03-12 12:00:00,-0.02
2026-03-12 12:15:00,-0.14
2026-03-12 12:30:00,-0.14
2026-03-12 12:45:00,-0.13
2026-03-12 13:00:00,-0.1
2026-03-12 13:15:00,-0.04
2026-03-12 13:30:00,-0.02
2026-03-12 13:45:00,-0.04
2026-03-12 14:00:00,-0.11
2026-03-12 14:15:00,-0.04
2026-03-12 14:30:00,-0.03
2026-03-12 14:45:00,-0.01
2026-03-12 15:00:00,0.0
2026-03-12 15:15:00,0.1
2026-03-12 15:30:00,4.01
2026-03-12 15:45:00,10.29
2026-03-12 16:00:00,10.03
2026-03-12 16:15:00,34.580002
2026-03-12 16:30:00,57.349998
2026-03-12 16:45:00,81.339996
2026-03-12 17:00:00,53.32
2026-03-12 17:15:00,67.32
2026-03-12 17:30:00,73.32
2026-03-12 17:45:00,76.959999
2026-03-12 18:00:00,79.980003
2026-03-12 18:15:00,92.480003
2026-03-12 18:30:00,86.57
2026-03-12 18:45:00,83.050003
2026-03-12 19:00:00,93.699997
2026-03-12 19:15:00,85.089996
2026-03-12 19:30:00,74.760002
2026-03-12 19:45:00,60.25
2026-03-12 20:00:00,73.110001
2026-03-12 20:15:00,62.990002
2026-03-12 20:30:00,52.299999
2026-03-12 20:45:00,48.790001
2026-03-12 21:00:00,46.009998
2026-03-12 21:15:00,43.040001
2026-03-12 21:30:00,37.880001
2026-03-12 21:45:00,37.689999
2026-03-12 22:00:00,33.540001
2026-03-12 22:15:00,30.280001
2026-03-12 22:30:00,28.370001
2026-03-12 22:45:00,21.299999
2026-03-12 23:00:00,24.200001
2026-03-12 23:15:00,19.879999
2026-03-12 23:30:00,17.43
2026-03-12 23:45:00,10.1
2026-03-13 00:00:00,9.43
2026-03-13 00:15:00,8.87
2026-03-13 00:30:00,4.28
2026-03-13 00:45:00,2.58
2026-03-13 01:00:00,6.7
2026-03-13 01:15:00,3.58
2026-03-13 01:30:00,2.55
2026-03-13 01:45:00,3.58
2026-03-13 02:00:00,4.67
2026-03-13 02:15:00,2.4
2026-03-13 02:30:00,2.32
2026-03-13 02:45:00,2.16
2026-03-13 03:00:00,2.33
2026-03-13 03:15:00,1.62
2026-03-13 03:30:00,0.54
2026-03-13 03:45:00,0.1
2026-03-13 04:00:00,1.59
2026-03-13 04:15:00,1.0
2026-03-13 04:30:00,1.6
2026-03-13 04:45:00,1.65
2026-03-13 05:00:00,1.61
2026-03-13 05:15:00,1.63
2026-03-13 05:30:00,4.09
2026-03-13 05:45:00,4.3
2026-03-13 06:00:00,4.28
2026-03-13 06:15:00,9.46
2026-03-13 06:30:00,10.03
2026-03-13 06:45:00,10.07
2026-03-13 07:00:00,21.610001
2026-03-13 07:15:00,24.24
2026-03-13 07:30:00,21.49
2026-03-13 07:45:00,12.41
2026-03-13 08:00:00,17.16
2026-03-13 08:15:00,4.99
2026-03-13 08:30:00,3.51
2026-03-13 08:45:00,2.17
2026-03-13 09:00:00,2.32
2026-03-13 09:15:00,2.3
2026-03-13 09:30:00,2.31
2026-03-13 09:45:00,2.32
2026-03-13 10:00:00,2.33
2026-03-13 10:15:00,2.33
2026-03-13 10:30:00,2.32
2026-03-13 10:45:00,2.33
2026-03-13 11:00:00,2.31
2026-03-13 11:15:00,2.31
2026-03-13 11:30:00,2.3
2026-03-13 11:45:00,2.3
2026-03-13 12:00:00,2.08
2026-03-13 12:15:00,1.9
2026-03-13 12:30:00,1.69
2026-03-13 12:45:00,1.69
2026-03-13 13:00:00,1.65
2026-03-13 13:15:00,1.63
2026-03-13 13:30:00,1.63
2026-03-13 13:45:00,1.63
2026-03-13 14:00:00,1.61
2026-03-13 14:15:00,1.63
2026-03-13 14:30:00,1.68
2026-03-13 14:45:00,5.61
2026-03-13 15:00:00,4.5
2026-03-13 15:15:00,13.38
2026-03-13 15:30:00,53.599998
2026-03-13 15:45:00,116.800003
2026-03-13 16:00:00,41.59
2026-03-13 16:15:00,72.790001
2026-03-13 16:30:00,102.769997
2026-03-13 16:45:00,103.389999
2026-03-13 17:00:00,99.400002
2026-03-13 17:15:00,116.400002
2026-03-13 17:30:00,143.139999
2026-03-13 17:45:00,162.910004
2026-03-13 18:00:00,125.489998
2026-03-13 18:15:00,147.550003
2026-03-13 18:30:00,158.619995
2026-03-13 18:45:00,156.679993
2026-03-13 19:00:00,141.949997
2026-03-13 19:15:00,140.419998
2026-03-13 19:30:00,137.460007
2026-03-13 19:45:00,131.460007
2026-03-13 20:00:00,138.600006
2026-03-13 20:15:00,133.160004
2026-03-13 20:30:00,132.080002
2026-03-13 20:45:00,123.709999
2026-03-13 21:00:00,143.460007
2026-03-13 21:15:00,130.440002
2026-03-13 21:30:00,119.730003
2026-03-13 21:45:00,116.099998
2026-03-13 22:00:00,131.669998
2026-03-13 22:15:00,120.669998
2026-03-13 22:30:00,124.5
2026-03-13 22:45:00,116.849998
2026-03-13 23:00:00,133.690002
2026-03-13 23:15:00,113.089996
2026-03-13 23:30:00,113.099998
2026-03-13 23:45:00,103.349998
2026-03-14 00:00:00,123.830002
2026-03-14 00:15:00,120.220001
2026-03-14 00:30:00,105.470001
2026-03-14 00:45:00,102.260002
2026-03-14 01:00:00,112.410004
2026-03-14 01:15:00,109.690002
2026-03-14 01:30:00,108.349998
2026-03-14 01:45:00,105.830002
2026-03-14 02:00:00,106.25
2026-03-14 02:15:00,104.169998
2026-03-14 02:30:00,103.370003
2026-03-14 02:45:00,102.169998
2026-03-14 03:00:00,99.339996
2026-03-14 03:15:00,101.809998
2026-03-14 03:30:00,102.809998
2026-03-14 03:45:00,103.489998
2026-03-14 04:00:00,103.209999
2026-03-14 04:15:00,103.199997
2026-03-14 04:30:00,106.309998
2026-03-14 04:45:00,107.739998
2026-03-14 05:00:00,104.510002
2026-03-14 05:15:00,107.379997
2026-03-14 05:30:00,110.379997
2026-03-14 05:45:00,114.0
2026-03-14 06:00:00,106.269997
2026-03-14 06:15:00,111.379997
2026-03-14 06:30:00,113.510002
2026-03-14 06:45:00,114.919998
2026-03-14 07:00:00,119.690002
2026-03-14 07:15:00,115.900002
2026-03-14 07:30:00,115.739998
2026-03-14 07:45:00,115.5
2026-03-14 08:00:00,122.0
2026-03-14 08:15:00,121.940002
2026-03-14 08:30:00,121.989998
2026-03-14 08:45:00,121.589996
2026-03-14 09:00:00,120.050003
2026-03-14 09:15:00,120.019997
2026-03-14 09:30:00,116.489998
2026-03-14 09:45:00,108.0
2026-03-14 10:00:00,112.260002
2026-03-14 10:15:00,108.699997
2026-03-14 10:30:00,105.860001
2026-03-14 10:45:00,103.269997
2026-03-14 11:00:00,104.480003
2026-03-14 11:15:00,101.620003
2026-03-14 11:30:00,104.120003
2026-03-14 11:45:00,105.489998
2026-03-14 12:00:00,105.059998
2026-03-14 12:15:00,104.540001
2026-03-14 12:30:00,105.040001
2026-03-14 12:45:00,104.07
2026-03-14 13:00:00,105.690002
2026-03-14 13:15:00,105.07
2026-03-14 13:30:00,101.660004
2026-03-14 13:45:00,101.860001
2026-03-14 14:00:00,103.779999
2026-03-14 14:15:00,104.870003
2026-03-14 14:30:00,105.389999
2026-03-14 14:45:00,108.669998
2026-03-14 15:00:00,101.07
2026-03-14 15:15:00,113.989998
2026-03-14 15:30:00,120.279999
2026-03-14 15:45:00,121.540001
2026-03-14 16:00:00,120.07
2026-03-14 16:15:00,121.309998
2026-03-14 16:30:00,131.960007
2026-03-14 16:45:00,146.660004
2026-03-14 17:00:00,116.169998
2026-03-14 17:15:00,131.880005
2026-03-14 17:30:00,142.460007
2026-03-14 17:45:00,164.089996
2026-03-14 18:00:00,140.0
2026-03-14 18:15:00,148.410004
2026-03-14 18:30:00,172.559998
2026-03-14 18:45:00,183.429993
2026-03-14 19:00:00,183.479996
2026-03-14 19:15:00,178.339996
2026-03-14 19:30:00,165.509995
2026-03-14 19:45:00,152.009995
2026-03-14 20:00:00,176.360001
2026-03-14 20:15:00,156.190002
2026-03-14 20:30:00,139.970001
2026-03-14 20:45:00,128.539993
2026-03-14 21:00:00,140.0
2026-03-14 21:15:00,133.539993
2026-03-14 21:30:00,140.399994
2026-03-14 21:45:00,135.869995
2026-03-14 22:00:00,139.529999
2026-03-14 22:15:00,132.990005
2026-03-14 22:30:00,139.809998
2026-03-14 22:45:00,128.619995
2026-03-14 23:00:00,139.610001
2026-03-14 23:15:00,128.820007
2026-03-14 23:30:00,127.349998
2026-03-14 23:45:00,116.400002
2026-03-15 00:00:00,144.990005
2026-03-15 00:15:00,143.940002
2026-03-15 00:30:00,136.009995
2026-03-15 00:45:00,124.43
2026-03-15 01:00:00,140.580002
2026-03-15 01:15:00,135.520004
2026-03-15 01:30:00,132.830002
2026-03-15 01:45:00,125.989998
2026-03-15 02:00:00,133.369995
2026-03-15 02:15:00,127.080002
2026-03-15 02:30:00,120.220001
2026-03-15 02:45:00,119.169998
2026-03-15 03:00:00,119.75
2026-03-15 03:15:00,120.800003
2026-03-15 03:30:00,125.709999
2026-03-15 03:45:00,127.849998
2026-03-15 04:00:00,120.0
2026-03-15 04:15:00,121.050003
2026-03-15 04:30:00,122.669998
2026-03-15 04:45:00,124.989998
2026-03-15 05:00:00,120.709999
2026-03-15 05:15:00,120.980003
2026-03-15 05:30:00,125.800003
2026-03-15 05:45:00,128.990005
2026-03-15 06:00:00,121.400002
2026-03-15 06:15:00,127.199997
2026-03-15 06:30:00,127.209999
2026-03-15 06:45:00,121.739998
2026-03-15 07:00:00,127.800003
2026-03-15 07:15:00,118.989998
2026-03-15 07:30:00,117.43
2026-03-15 07:45:00,107.010002
2026-03-15 08:00:00,136.0
2026-03-15 08:15:00,114.389999
2026-03-15 08:30:00,100.0
2026-03-15 08:45:00,85.989998
2026-03-15 09:00:00,105.779999
2026-03-15 09:15:00,97.739998
2026-03-15 09:30:00,89.269997
2026-03-15 09:45:00,86.290001
2026-03-15 10:00:00,95.93
2026-03-15 10:15:00,90.279999
2026-03-15 10:30:00,85.949997
2026-03-15 10:45:00,77.059998
2026-03-15 11:00:00,88.580002
2026-03-15 11:15:00,83.480003
2026-03-15 11:30:00,66.660004
2026-03-15 11:45:00,50.119999
2026-03-15 12:00:00,76.029999
2026-03-15 12:15:00,58.34
2026-03-15 12:30:00,43.950001
2026-03-15 12:45:00,33.549999
2026-03-15 13:00:00,46.139999
2026-03-15 13:15:00,40.169998
2026-03-15 13:30:00,31.34
2026-03-15 13:45:00,28.18
2026-03-15 14:00:00,25.709999
2026-03-15 14:15:00,31.24
2026-03-15 14:30:00,39.98
2026-03-15 14:45:00,51.860001
2026-03-15 15:00:00,49.279999
2026-03-15 15:15:00,52.549999
2026-03-15 15:30:00,66.470001
2026-03-15 15:45:00,84.010002
2026-03-15 16:00:00,54.5
2026-03-15 16:15:00,83.470001
2026-03-15 16:30:00,97.760002
2026-03-15 16:45:00,106.300003
2026-03-15 17:00:00,94.419998
2026-03-15 17:15:00,110.309998
2026-03-15 17:30:00,123.690002
2026-03-15 17:45:00,138.559998
2026-03-15 18:00:00,132.190002
2026-03-15 18:15:00,131.929993
2026-03-15 18:30:00,123.160004
2026-03-15 18:45:00,124.68
2026-03-15 19:00:00,128.199997
2026-03-15 19:15:00,121.290001
2026-03-15 19:30:00,110.800003
2026-03-15 19:45:00,111.080002
2026-03-15 20:00:00,94.400002
2026-03-15 20:15:00,97.260002
2026-03-15 20:30:00,94.889999
2026-03-15 20:45:00,86.040001
2026-03-15 21:00:00,91.449997
2026-03-15 21:15:00,82.739998
2026-03-15 21:30:00,78.690002
2026-03-15 21:45:00,70.300003
2026-03-15 22:00:00,76.389999
2026-03-15 22:15:00,71.769997
2026-03-15 22:30:00,67.720001
2026-03-15 22:45:00,65.489998
2026-03-15 23:00:00,76.389999
2026-03-15 23:15:00,65.540001
2026-03-15 23:30:00,62.77
2026-03-15 23:45:00,41.139999
2026-03-16 00:00:00,59.869999
2026-03-16 00:15:00,42.689999
2026-03-16 00:30:00,21.620001
2026-03-16 00:45:00,12.48
2026-03-16 01:00:00,36.119999
2026-03-16 01:15:00,23.33
2026-03-16 01:30:00,16.91
2026-03-16 01:45:00,16.950001
2026-03-16 02:00:00,24.5
2026-03-16 02:15:00,18.43
2026-03-16 02:30:00,15.5
2026-03-16 02:45:00,11.93
2026-03-16 03:00:00,13.07
2026-03-16 03:15:00,11.48
2026-03-16 03:30:00,15.01
2026-03-16 03:45:00,16.99
2026-03-16 04:00:00,12.43
2026-03-16 04:15:00,16.950001
2026-03-16 04:30:00,22.02
2026-03-16 04:45:00,28.83
2026-03-16 05:00:00,20.059999
2026-03-16 05:15:00,30.110001
2026-03-16 05:30:00,39.52
2026-03-16 05:45:00,60.02
2026-03-16 06:00:00,36.73
2026-03-16 06:15:00,62.310001
2026-03-16 06:30:00,81.709999
2026-03-16 06:45:00,84.010002
2026-03-16 07:00:00,98.029999
2026-03-16 07:15:00,96.239998
2026-03-16 07:30:00,96.629997
2026-03-16 07:45:00,91.370003
2026-03-16 08:00:00,117.849998
2026-03-16 08:15:00,99.82
2026-03-16 08:30:00,89.389999
2026-03-16 08:45:00,76.849998
2026-03-16 09:00:00,99.639999
2026-03-16 09:15:00,82.830002
2026-03-16 09:30:00,64.239998
2026-03-16 09:45:00,45.709999
2026-03-16 10:00:00,62.470001
2026-03-16 10:15:00,52.060001
2026-03-16 10:30:00,35.880001
2026-03-16 10:45:00,19.969999
2026-03-16 11:00:00,22.52
2026-03-16 11:15:00,16.0
2026-03-16 11:30:00,14.71
2026-03-16 11:45:00,16.959999
2026-03-16 12:00:00,15.37
2026-03-16 12:15:00,11.5
2026-03-16 12:30:00,13.38
2026-03-16 12:45:00,12.73
2026-03-16 13:00:00,10.69
2026-03-16 13:15:00,11.87
2026-03-16 13:30:00,17.0
2026-03-16 13:45:00,25.6
2026-03-16 14:00:00,18.440001
2026-03-16 14:15:00,31.059999
2026-03-16 14:30:00,56.27
2026-03-16 14:45:00,62.919998
2026-03-16 15:00:00,29.17
2026-03-16 15:15:00,40.759998
2026-03-16 15:30:00,75.0
2026-03-16 15:45:00,112.849998
2026-03-16 16:00:00,53.720001
2026-03-16 16:15:00,87.989998
2026-03-16 16:30:00,130.869995
2026-03-16 16:45:00,152.259995
2026-03-16 17:00:00,98.510002
2026-03-16 17:15:00,127.529999
2026-03-16 17:30:00,148.369995
2026-03-16 17:45:00,175.910004
2026-03-16 18:00:00,145.009995
2026-03-16 18:15:00,157.179993
2026-03-16 18:30:00,171.880005
2026-03-16 18:45:00,181.940002
2026-03-16 19:00:00,178.960007
2026-03-16 19:15:00,177.369995
2026-03-16 19:30:00,178.270004
2026-03-16 19:45:00,173.759995
2026-03-16 20:00:00,182.490005
2026-03-16 20:15:00,163.160004
2026-03-16 20:30:00,143.410004
2026-03-16 20:45:00,129.929993
2026-03-16 21:00:00,142.360001
2026-03-16 21:15:00,128.289993
2026-03-16 21:30:00,120.540001
2026-03-16 21:45:00,111.660004
2026-03-16 22:00:00,130.380005
2026-03-16 22:15:00,124.199997
2026-03-16 22:30:00,123.82
2026-03-16 22:45:00,109.25
2026-03-16 23:00:00,111.669998
2026-03-16 23:15:00,103.309998
2026-03-16 23:30:00,95.0
2026-03-16 23:45:00,89.080002
2026-03-17 00:00:00,132.740005
2026-03-17 00:15:00,113.400002
2026-03-17 00:30:00,105.599998
2026-03-17 00:45:00,102.919998
2026-03-17 01:00:00,106.309998
2026-03-17 01:15:00,105.900002
2026-03-17 01:30:00,106.040001
2026-03-17 01:45:00,104.089996
2026-03-17 02:00:00,107.470001
2026-03-17 02:15:00,107.400002
2026-03-17 02:30:00,106.07
2026-03-17 02:45:00,104.75
2026-03-17 03:00:00,106.0
2026-03-17 03:15:00,105.879997
2026-03-17 03:30:00,107.300003
2026-03-17 03:45:00,106.559998
2026-03-17 04:00:00,109.82
2026-03-17 04:15:00,106.980003
2026-03-17 04:30:00,106.629997
2026-03-17 04:45:00,109.849998
2026-03-17 05:00:00,105.080002
2026-03-17 05:15:00,104.599998
2026-03-17 05:30:00,119.730003
2026-03-17 05:45:00,135.539993
2026-03-17 06:00:00,123.639999
2026-03-17 06:15:00,137.830002
2026-03-17 06:30:00,149.759995
2026-03-17 06:45:00,158.160004
2026-03-17 07:00:00,171.169998
2026-03-17 07:15:00,167.949997
2026-03-17 07:30:00,168.039993
2026-03-17 07:45:00,141.479996
2026-03-17 08:00:00,192.660004
2026-03-17 08:15:00,160.130005
2026-03-17 08:30:00,140.110001
2026-03-17 08:45:00,113.760002
2026-03-17 09:00:00,149.949997
2026-03-17 09:15:00,124.959999
2026-03-17 09:30:00,110.309998
2026-03-17 09:45:00,107.18
2026-03-17 10:00:00,129.020004
2026-03-17 10:15:00,104.589996
2026-03-17 10:30:00,97.309998
2026-03-17 10:45:00,91.199997
2026-03-17 11:00:00,100.43
2026-03-17 11:15:00,96.760002
2026-03-17 11:30:00,95.150002
2026-03-17 11:45:00,96.089996
2026-03-17 12:00:00,89.139999
2026-03-17 12:15:00,89.099998
2026-03-17 12:30:00,89.129997
2026-03-17 12:45:00,88.769997
2026-03-17 13:00:00,90.510002
2026-03-17 13:15:00,90.599998
2026-03-17 13:30:00,89.540001
2026-03-17 13:45:00,90.470001
2026-03-17 14:00:00,90.029999
2026-03-17 14:15:00,87.860001
2026-03-17 14:30:00,86.440002
2026-03-17 14:45:00,89.199997
2026-03-17 15:00:00,87.75
2026-03-17 15:15:00,92.919998
2026-03-17 15:30:00,101.989998
2026-03-17 15:45:00,113.269997
2026-03-17 16:00:00,99.239998
2026-03-17 16:15:00,110.540001
2026-03-17 16:30:00,121.230003
2026-03-17 16:45:00,140.220001
2026-03-17 17:00:00,111.309998
2026-03-17 17:15:00,133.229996
2026-03-17 17:30:00,133.889999
2026-03-17 17:45:00,134.779999
2026-03-17 18:00:00,172.369995
2026-03-17 18:15:00,154.830002
2026-03-17 18:30:00,139.509995
2026-03-17 18:45:00,121.540001
2026-03-17 19:00:00,203.910004
2026-03-17 19:15:00,160.869995
2026-03-17 19:30:00,135.860001
2026-03-17 19:45:00,122.730003
2026-03-17 20:00:00,160.509995
2026-03-17 20:15:00,143.039993
2026-03-17 20:30:00,133.600006
2026-03-17 20:45:00,119.029999
2026-03-17 21:00:00,119.139999
2026-03-17 21:15:00,128.020004
2026-03-17 21:30:00,118.760002
2026-03-17 21:45:00,102.580002
2026-03-17 22:00:00,117.669998
2026-03-17 22:15:00,119.279999
2026-03-17 22:30:00,105.699997
2026-03-17 22:45:00,98.290001
2026-03-17 23:00:00,108.209999
2026-03-17 23:15:00,101.669998
2026-03-17 23:30:00,98.120003
2026-03-17 23:45:00,93.830002
2026-03-18 00:00:00,95.699997
2026-03-18 00:15:00,88.900002
2026-03-18 00:30:00,87.389999
2026-03-18 00:45:00,87.209999
2026-03-18 01:00:00,89.639999
2026-03-18 01:15:00,86.639999
2026-03-18 01:30:00,85.830002
2026-03-18 01:45:00,84.800003
2026-03-18 02:00:00,86.580002
2026-03-18 02:15:00,85.389999
2026-03-18 02:30:00,85.269997
2026-03-18 02:45:00,85.5
2026-03-18 03:00:00,86.150002
2026-03-18 03:15:00,86.5
2026-03-18 03:30:00,87.089996
2026-03-18 03:45:00,87.730003
2026-03-18 04:00:00,87.93
2026-03-18 04:15:00,88.879997
2026-03-18 04:30:00,89.059998
2026-03-18 04:45:00,89.470001
2026-03-18 05:00:00,89.0
2026-03-18 05:15:00,91.519997
2026-03-18 05:30:00,102.839996
2026-03-18 05:45:00,116.860001
2026-03-18 06:00:00,112.580002
2026-03-18 06:15:00,130.679993
2026-03-18 06:30:00,137.419998
2026-03-18 06:45:00,142.279999
2026-03-18 07:00:00,150.199997
2026-03-18 07:15:00,148.809998
2026-03-18 07:30:00,132.009995
2026-03-18 07:45:00,103.349998
2026-03-18 08:00:00,131.429993
2026-03-18 08:15:00,106.900002
2026-03-18 08:30:00,87.690002
2026-03-18 08:45:00,73.730003
2026-03-18 09:00:00,99.910004
2026-03-18 09:15:00,81.059998
2026-03-18 09:30:00,57.310001
2026-03-18 09:45:00,13.52
2026-03-18 10:00:00,37.560001
2026-03-18 10:15:00,3.54
2026-03-18 10:30:00,2.3
2026-03-18 10:45:00,2.1
2026-03-18 11:00:00,2.95
2026-03-18 11:15:00,2.82
2026-03-18 11:30:00,2.72
2026-03-18 11:45:00,2.57
2026-03-18 12:00:00,2.53
2026-03-18 12:15:00,2.47
2026-03-18 12:30:00,2.46
2026-03-18 12:45:00,2.47
2026-03-18 13:00:00,3.55
2026-03-18 13:15:00,3.5
2026-03-18 13:30:00,3.53
2026-03-18 13:45:00,3.67
2026-03-18 14:00:00,2.48
2026-03-18 14:15:00,2.72
2026-03-18 14:30:00,2.73
2026-03-18 14:45:00,6.25
2026-03-18 15:00:00,3.32
2026-03-18 15:15:00,13.98
2026-03-18 15:30:00,71.269997
2026-03-18 15:45:00,100.209999
2026-03-18 16:00:00,65.389999
2026-03-18 16:15:00,93.910004
2026-03-18 16:30:00,124.980003
2026-03-18 16:45:00,143.850006
2026-03-18 17:00:00,101.5
2026-03-18 17:15:00,135.889999
2026-03-18 17:30:00,159.279999
2026-03-18 17:45:00,184.179993
2026-03-18 18:00:00,163.029999
2026-03-18 18:15:00,176.809998
2026-03-18 18:30:00,185.720001
2026-03-18 18:45:00,184.929993
2026-03-18 19:00:00,192.589996
2026-03-18 19:15:00,180.550003
2026-03-18 19:30:00,165.399994
2026-03-18 19:45:00,142.25
2026-03-18 20:00:00,164.639999
2026-03-18 20:15:00,152.009995
2026-03-18 20:30:00,141.729996
2026-03-18 20:45:00,135.580002
2026-03-18 21:00:00,144.970001
2026-03-18 21:15:00,138.949997
2026-03-18 21:30:00,128.119995
2026-03-18 21:45:00,116.190002
2026-03-18 22:00:00,136.990005
2026-03-18 22:15:00,126.010002
2026-03-18 22:30:00,118.129997
2026-03-18 22:45:00,113.970001
2026-03-18 23:00:00,123.199997
2026-03-18 23:15:00,112.629997
2026-03-18 23:30:00,111.5
2026-03-18 23:45:00,106.169998
2026-03-19 00:00:00,113.040001
2026-03-19 00:15:00,108.760002
2026-03-19 00:30:00,108.199997
2026-03-19 00:45:00,106.989998
2026-03-19 01:00:00,112.760002
2026-03-19 01:15:00,111.730003
2026-03-19 01:30:00,112.849998
2026-03-19 01:45:00,113.220001
2026-03-19 02:00:00,113.650002
2026-03-19 02:15:00,112.790001
2026-03-19 02:30:00,113.93
2026-03-19 02:45:00,115.589996
2026-03-19 03:00:00,110.050003
2026-03-19 03:15:00,112.730003
2026-03-19 03:30:00,116.830002
2026-03-19 03:45:00,115.5
2026-03-19 04:00:00,114.339996
2026-03-19 04:15:00,115.769997
2026-03-19 04:30:00,117.75
2026-03-19 04:45:00,121.0
2026-03-19 05:00:00,116.379997
2026-03-19 05:15:00,121.830002
2026-03-19 05:30:00,125.910004
2026-03-19 05:45:00,141.440002
2026-03-19 06:00:00,121.599998
2026-03-19 06:15:00,150.240005
2026-03-19 06:30:00,169.470001
2026-03-19 06:45:00,177.229996
2026-03-19 07:00:00,191.600006
2026-03-19 07:15:00,175.509995
2026-03-19 07:30:00,150.210007
2026-03-19 07:45:00,115.650002
2026-03-19 08:00:00,179.470001
2026-03-19 08:15:00,151.350006
2026-03-19 08:30:00,120.190002
2026-03-19 08:45:00,103.400002
2026-03-19 09:00:00,121.980003
2026-03-19 09:15:00,100.870003
2026-03-19 09:30:00,84.160004
2026-03-19 09:45:00,56.599998
2026-03-19 10:00:00,99.0
2026-03-19 10:15:00,62.529999
2026-03-19 10:30:00,40.919998
2026-03-19 10:45:00,21.74
2026-03-19 11:00:00,30.860001
2026-03-19 11:15:00,20.08
2026-03-19 11:30:00,17.299999
2026-03-19 11:45:00,20.25
2026-03-19 12:00:00,22.120001
2026-03-19 12:15:00,20.07
2026-03-19 12:30:00,20.969999
2026-03-19 12:45:00,23.450001
2026-03-19 13:00:00,16.049999
2026-03-19 13:15:00,16.059999
2026-03-19 13:30:00,16.059999
2026-03-19 13:45:00,21.389999
2026-03-19 14:00:00,13.89
2026-03-19 14:15:00,28.969999
2026-03-19 14:30:00,58.07
2026-03-19 14:45:00,78.300003
2026-03-19 15:00:00,42.77
2026-03-19 15:15:00,81.75
2026-03-19 15:30:00,98.790001
2026-03-19 15:45:00,120.480003
2026-03-19 16:00:00,97.639999
2026-03-19 16:15:00,110.129997
2026-03-19 16:30:00,122.849998
2026-03-19 16:45:00,150.770004
2026-03-19 17:00:00,101.410004
2026-03-19 17:15:00,132.960007
2026-03-19 17:30:00,163.960007
2026-03-19 17:45:00,210.369995
2026-03-19 18:00:00,180.369995
2026-03-19 18:15:00,202.300003
2026-03-19 18:30:00,223.210007
2026-03-19 18:45:00,231.190002
2026-03-19 19:00:00,240.910004
2026-03-19 19:15:00,219.479996
2026-03-19 19:30:00,203.320007
2026-03-19 19:45:00,193.820007
2026-03-19 20:00:00,183.050003
2026-03-19 20:15:00,167.860001
2026-03-19 20:30:00,157.149994
2026-03-19 20:45:00,145.419998
2026-03-19 21:00:00,160.789993
2026-03-19 21:15:00,155.740005
2026-03-19 21:30:00,147.770004
2026-03-19 21:45:00,131.860001
2026-03-19 22:00:00,150.740005
2026-03-19 22:15:00,145.679993
2026-03-19 22:30:00,134.440002
2026-03-19 22:45:00,127.339996
2026-03-19 23:00:00,141.559998
2026-03-19 23:15:00,134.050003
2026-03-19 23:30:00,131.100006
2026-03-19 23:45:00,122.239998
2026-03-20 00:00:00,158.559998
2026-03-20 00:15:00,145.410004
2026-03-20 00:30:00,137.259995
2026-03-20 00:45:00,133.020004
2026-03-20 01:00:00,141.259995
2026-03-20 01:15:00,138.089996
2026-03-20 01:30:00,136.649994
2026-03-20 01:45:00,135.839996
2026-03-20 02:00:00,136.360001
2026-03-20 02:15:00,134.979996
2026-03-20 02:30:00,135.619995
2026-03-20 02:45:00,135.610001
2026-03-20 03:00:00,135.929993
2026-03-20 03:15:00,135.229996
2026-03-20 03:30:00,138.860001
2026-03-20 03:45:00,139.880005
2026-03-20 04:00:00,131.130005
2026-03-20 04:15:00,135.759995
2026-03-20 04:30:00,138.990005
2026-03-20 04:45:00,149.740005
2026-03-20 05:00:00,136.600006
2026-03-20 05:15:00,145.369995
2026-03-20 05:30:00,164.679993
2026-03-20 05:45:00,171.710007
2026-03-20 06:00:00,164.169998
2026-03-20 06:15:00,192.759995
2026-03-20 06:30:00,203.300003
2026-03-20 06:45:00,208.949997
2026-03-20 07:00:00,233.630005
2026-03-20 07:15:00,209.619995
2026-03-20 07:30:00,190.559998
2026-03-20 07:45:00,156.100006
2026-03-20 08:00:00,208.139999
2026-03-20 08:15:00,168.960007
2026-03-20 08:30:00,151.949997
2026-03-20 08:45:00,115.879997
2026-03-20 09:00:00,169.339996
2026-03-20 09:15:00,144.389999
2026-03-20 09:30:00,106.300003
2026-03-20 09:45:00,108.0
2026-03-20 10:00:00,121.040001
2026-03-20 10:15:00,108.0
2026-03-20 10:30:00,90.809998
2026-03-20 10:45:00,84.489998
2026-03-20 11:00:00,95.519997
2026-03-20 11:15:00,85.129997
2026-03-20 11:30:00,70.68
2026-03-20 11:45:00,62.560001
2026-03-20 12:00:00,71.290001
2026-03-20 12:15:00,66.519997
2026-03-20 12:30:00,65.519997
2026-03-20 12:45:00,59.110001
2026-03-20 13:00:00,56.25
2026-03-20 13:15:00,60.0
2026-03-20 13:30:00,69.169998
2026-03-20 13:45:00,77.019997
2026-03-20 14:00:00,59.860001
2026-03-20 14:15:00,81.139999
2026-03-20 14:30:00,95.57
2026-03-20 14:45:00,113.029999
2026-03-20 15:00:00,100.150002
2026-03-20 15:15:00,115.0
2026-03-20 15:30:00,118.82
2026-03-20 15:45:00,134.649994
2026-03-20 16:00:00,104.300003
2026-03-20 16:15:00,138.990005
2026-03-20 16:30:00,156.699997
2026-03-20 16:45:00,178.710007
2026-03-20 17:00:00,140.479996
2026-03-20 17:15:00,161.610001
2026-03-20 17:30:00,178.309998
2026-03-20 17:45:00,218.869995
2026-03-20 18:00:00,176.649994
2026-03-20 18:15:00,217.130005
2026-03-20 18:30:00,227.119995
2026-03-20 18:45:00,209.429993
2026-03-20 19:00:00,237.869995
2026-03-20 19:15:00,218.009995
2026-03-20 19:30:00,205.440002
2026-03-20 19:45:00,187.919998
2026-03-20 20:00:00,200.770004
2026-03-20 20:15:00,182.990005
2026-03-20 20:30:00,173.309998
2026-03-20 20:45:00,163.070007
2026-03-20 21:00:00,174.690002
2026-03-20 21:15:00,170.699997
2026-03-20 21:30:00,157.809998
2026-03-20 21:45:00,149.0
2026-03-20 22:00:00,163.470001
2026-03-20 22:15:00,164.089996
2026-03-20 22:30:00,143.710007
2026-03-20 22:45:00,136.130005
2026-03-20 23:00:00,161.990005
2026-03-20 23:15:00,154.860001
2026-03-20 23:30:00,140.410004
2026-03-20 23:45:00,135.210007
2026-03-21 00:00:00,151.240005
2026-03-21 00:15:00,147.360001
2026-03-21 00:30:00,139.029999
2026-03-21 00:45:00,131.940002
2026-03-21 01:00:00,148.630005
2026-03-21 01:15:00,138.880005
2026-03-21 01:30:00,133.75
2026-03-21 01:45:00,132.110001
2026-03-21 02:00:00,142.770004
2026-03-21 02:15:00,135.490005
2026-03-21 02:30:00,132.619995
2026-03-21 02:45:00,133.460007
2026-03-21 03:00:00,132.020004
2026-03-21 03:15:00,132.039993
2026-03-21 03:30:00,132.279999
2026-03-21 03:45:00,131.889999
2026-03-21 04:00:00,131.339996
2026-03-21 04:15:00,130.589996
2026-03-21 04:30:00,131.399994
2026-03-21 04:45:00,131.429993
2026-03-21 05:00:00,135.630005
2026-03-21 05:15:00,135.660004
2026-03-21 05:30:00,138.440002
2026-03-21 05:45:00,140.910004
2026-03-21 06:00:00,140.699997
2026-03-21 06:15:00,145.460007
2026-03-21 06:30:00,141.619995
2026-03-21 06:45:00,141.550003
2026-03-21 07:00:00,151.039993
2026-03-21 07:15:00,147.990005
2026-03-21 07:30:00,138.669998
2026-03-21 07:45:00,120.949997
2026-03-21 08:00:00,143.309998
2026-03-21 08:15:00,138.039993
2026-03-21 08:30:00,120.699997
2026-03-21 08:45:00,107.010002
2026-03-21 09:00:00,109.800003
2026-03-21 09:15:00,104.0
2026-03-21 09:30:00,96.379997
2026-03-21 09:45:00,92.129997
2026-03-21 10:00:00,100.010002
2026-03-21 10:15:00,80.739998
2026-03-21 10:30:00,68.160004
2026-03-21 10:45:00,56.98
2026-03-21 11:00:00,62.630001
2026-03-21 11:15:00,46.779999
2026-03-21 11:30:00,40.41
2026-03-21 11:45:00,33.779999
2026-03-21 12:00:00,32.869999
2026-03-21 12:15:00,21.08
2026-03-21 12:30:00,20.01
2026-03-21 12:45:00,20.0
2026-03-21 13:00:00,20.41
2026-03-21 13:15:00,21.91
2026-03-21 13:30:00,24.76
2026-03-21 13:45:00,30.0
2026-03-21 14:00:00,42.740002
2026-03-21 14:15:00,62.0
2026-03-21 14:30:00,68.260002
2026-03-21 14:45:00,78.709999
2026-03-21 15:00:00,76.699997
2026-03-21 15:15:00,89.040001
2026-03-21 15:30:00,90.489998
2026-03-21 15:45:00,103.769997
2026-03-21 16:00:00,96.260002
2026-03-21 16:15:00,104.190002
2026-03-21 16:30:00,123.529999
2026-03-21 16:45:00,138.679993
2026-03-21 17:00:00,122.760002
2026-03-21 17:15:00,141.089996
2026-03-21 17:30:00,156.490005
2026-03-21 17:45:00,163.759995
2026-03-21 18:00:00,161.479996
2026-03-21 18:15:00,174.380005
2026-03-21 18:30:00,177.449997
2026-03-21 18:45:00,173.160004
2026-03-21 19:00:00,189.710007
2026-03-21 19:15:00,168.190002
2026-03-21 19:30:00,153.550003
2026-03-21 19:45:00,140.970001
2026-03-21 20:00:00,156.729996
2026-03-21 20:15:00,146.0
2026-03-21 20:30:00,135.100006
2026-03-21 20:45:00,129.479996
2026-03-21 21:00:00,131.029999
2026-03-21 21:15:00,129.570007
2026-03-21 21:30:00,125.620003
2026-03-21 21:45:00,121.279999
2026-03-21 22:00:00,127.93
2026-03-21 22:15:00,127.489998
2026-03-21 22:30:00,117.099998
2026-03-21 22:45:00,108.449997
2026-03-21 23:00:00,121.190002
2026-03-21 23:15:00,110.339996
2026-03-21 23:30:00,103.660004
2026-03-21 23:45:00,96.809998
2026-03-22 00:00:00,104.540001
2026-03-22 00:15:00,101.800003
2026-03-22 00:30:00,99.809998
2026-03-22 00:45:00,95.5
2026-03-22 01:00:00,98.559998
2026-03-22 01:15:00,96.75
2026-03-22 01:30:00,94.93
2026-03-22 01:45:00,92.779999
2026-03-22 02:00:00,95.589996
2026-03-22 02:15:00,94.199997
2026-03-22 02:30:00,93.980003
2026-03-22 02:45:00,93.040001
2026-03-22 03:00:00,95.669998
2026-03-22 03:15:00,94.690002
2026-03-22 03:30:00,95.190002
2026-03-22 03:45:00,95.489998
2026-03-22 04:00:00,97.510002
2026-03-22 04:15:00,97.75
2026-03-22 04:30:00,99.050003
2026-03-22 04:45:00,100.080002
2026-03-22 05:00:00,100.209999
2026-03-22 05:15:00,101.870003
2026-03-22 05:30:00,102.879997
2026-03-22 05:45:00,101.690002
2026-03-22 06:00:00,102.800003
2026-03-22 06:15:00,103.809998
2026-03-22 06:30:00,102.18
2026-03-22 06:45:00,91.629997
2026-03-22 07:00:00,117.510002
2026-03-22 07:15:00,92.910004
2026-03-22 07:30:00,78.629997
2026-03-22 07:45:00,49.790001
2026-03-22 08:00:00,80.75
2026-03-22 08:15:00,46.200001
2026-03-22 08:30:00,26.370001
2026-03-22 08:45:00,12.0
2026-03-22 09:00:00,19.9
2026-03-22 09:15:00,6.87
2026-03-22 09:30:00,3.53
2026-03-22 09:45:00,2.89
2026-03-22 10:00:00,4.01
2026-03-22 10:15:00,3.48
2026-03-22 10:30:00,3.12
2026-03-22 10:45:00,2.54
2026-03-22 11:00:00,1.33
2026-03-22 11:15:00,1.27
2026-03-22 11:30:00,0.26
2026-03-22 11:45:00,0.0
2026-03-22 12:00:00,0.0
2026-03-22 12:15:00,-0.01
2026-03-22 12:30:00,-0.01
2026-03-22 12:45:00,-0.01
2026-03-22 13:00:00,-0.01
2026-03-22 13:15:00,-0.01
2026-03-22 13:30:00,-0.01
2026-03-22 13:45:00,-0.01
2026-03-22 14:00:00,-0.01
2026-03-22 14:15:00,-0.01
2026-03-22 14:30:00,-0.01
2026-03-22 14:45:00,0.42
2026-03-22 15:00:00,-0.01
2026-03-22 15:15:00,0.8
2026-03-22 15:30:00,11.66
2026-03-22 15:45:00,33.599998
2026-03-22 16:00:00,32.759998
2026-03-22 16:15:00,79.849998
2026-03-22 16:30:00,108.0
2026-03-22 16:45:00,152.0
2026-03-22 17:00:00,98.629997
2026-03-22 17:15:00,141.800003
2026-03-22 17:30:00,159.080002
2026-03-22 17:45:00,183.029999
2026-03-22 18:00:00,161.039993
2026-03-22 18:15:00,174.259995
2026-03-22 18:30:00,176.0
2026-03-22 18:45:00,185.460007
2026-03-22 19:00:00,184.460007
2026-03-22 19:15:00,181.699997
2026-03-22 19:30:00,168.600006
2026-03-22 19:45:00,158.759995
2026-03-22 20:00:00,184.130005
2026-03-22 20:15:00,167.139999
2026-03-22 20:30:00,159.580002
2026-03-22 20:45:00,148.070007
2026-03-22 21:00:00,165.199997
2026-03-22 21:15:00,158.240005
2026-03-22 21:30:00,150.050003
2026-03-22 21:45:00,147.990005
2026-03-22 22:00:00,146.029999
2026-03-22 22:15:00,139.389999
2026-03-22 22:30:00,135.470001
2026-03-22 22:45:00,128.470001
2026-03-22 23:00:00,145.919998
2026-03-22 23:15:00,133.779999
2026-03-22 23:30:00,130.020004
2026-03-22 23:45:00,125.160004
2026-03-23 00:00:00,136.179993
2026-03-23 00:15:00,133.059998
2026-03-23 00:30:00,128.550003
2026-03-23 00:45:00,126.75
2026-03-23 01:00:00,128.589996
2026-03-23 01:15:00,127.75
2026-03-23 01:30:00,124.93
2026-03-23 01:45:00,122.330002
2026-03-23 02:00:00,127.330002
2026-03-23 02:15:00,124.400002
2026-03-23 02:30:00,124.209999
2026-03-23 02:45:00,124.699997
2026-03-23 03:00:00,129.059998
2026-03-23 03:15:00,126.309998
2026-03-23 03:30:00,127.510002
2026-03-23 03:45:00,131.470001
2026-03-23 04:00:00,130.880005
2026-03-23 04:15:00,129.960007
2026-03-23 04:30:00,128.949997
2026-03-23 04:45:00,130.199997
2026-03-23 05:00:00,127.529999
2026-03-23 05:15:00,133.289993
2026-03-23 05:30:00,151.350006
2026-03-23 05:45:00,157.899994
2026-03-23 06:00:00,149.020004
2026-03-23 06:15:00,171.729996
2026-03-23 06:30:00,187.649994
2026-03-23 06:45:00,190.309998
2026-03-23 07:00:00,230.630005
2026-03-23 07:15:00,190.089996
2026-03-23 07:30:00,181.570007
2026-03-23 07:45:00,142.440002
2026-03-23 08:00:00,199.990005
2026-03-23 08:15:00,159.770004
2026-03-23 08:30:00,129.029999
2026-03-23 08:45:00,101.629997
2026-03-23 09:00:00,135.210007
2026-03-23 09:15:00,104.910004
2026-03-23 09:30:00,109.550003
2026-03-23 09:45:00,82.330002
2026-03-23 10:00:00,107.370003
2026-03-23 10:15:00,85.300003
2026-03-23 10:30:00,76.580002
2026-03-23 10:45:00,56.48
2026-03-23 11:00:00,67.129997
2026-03-23 11:15:00,50.549999
2026-03-23 11:30:00,38.560001
2026-03-23 11:45:00,36.09
2026-03-23 12:00:00,37.610001
2026-03-23 12:15:00,44.32
2026-03-23 12:30:00,51.369999
2026-03-23 12:45:00,63.720001
2026-03-23 13:00:00,56.68
2026-03-23 13:15:00,68.800003
2026-03-23 13:30:00,83.18
2026-03-23 13:45:00,90.839996
2026-03-23 14:00:00,82.5
2026-03-23 14:15:00,90.459999
2026-03-23 14:30:00,99.739998
2026-03-23 14:45:00,107.220001
2026-03-23 15:00:00,93.099998
2026-03-23 15:15:00,107.160004
2026-03-23 15:30:00,118.550003
2026-03-23 15:45:00,139.0
2026-03-23 16:00:00,102.209999
2026-03-23 16:15:00,131.990005
2026-03-23 16:30:00,134.350006
2026-03-23 16:45:00,154.009995
2026-03-23 17:00:00,118.669998
2026-03-23 17:15:00,154.009995
2026-03-23 17:30:00,177.470001
2026-03-23 17:45:00,240.190002
2026-03-23 18:00:00,195.979996
2026-03-23 18:15:00,248.289993
2026-03-23 18:30:00,283.119995
2026-03-23 18:45:00,302.809998
2026-03-23 19:00:00,267.940002
2026-03-23 19:15:00,242.860001
2026-03-23 19:30:00,235.440002
2026-03-23 19:45:00,217.399994
2026-03-23 20:00:00,242.070007
2026-03-23 20:15:00,206.740005
2026-03-23 20:30:00,180.509995
2026-03-23 20:45:00,168.229996
2026-03-23 21:00:00,205.979996
2026-03-23 21:15:00,173.669998
2026-03-23 21:30:00,151.889999
2026-03-23 21:45:00,140.229996
2026-03-23 22:00:00,161.889999
2026-03-23 22:15:00,146.949997
2026-03-23 22:30:00,151.990005
2026-03-23 22:45:00,147.720001
2026-03-23 23:00:00,152.940002
2026-03-23 23:15:00,137.809998
2026-03-23 23:30:00,135.919998
2026-03-23 23:45:00,121.339996
2026-03-24 00:00:00,147.960007
2026-03-24 00:15:00,137.940002
2026-03-24 00:30:00,126.190002
2026-03-24 00:45:00,122.730003
2026-03-24 01:00:00,132.149994
2026-03-24 01:15:00,122.07
2026-03-24 01:30:00,110.959999
2026-03-24 01:45:00,104.199997
2026-03-24 02:00:00,112.120003
2026-03-24 02:15:00,105.839996
2026-03-24 02:30:00,105.940002
2026-03-24 02:45:00,102.660004
2026-03-24 03:00:00,100.730003
2026-03-24 03:15:00,95.830002
2026-03-24 03:30:00,93.919998
2026-03-24 03:45:00,93.220001
2026-03-24 04:00:00,94.779999
2026-03-24 04:15:00,93.709999
2026-03-24 04:30:00,95.870003
2026-03-24 04:45:00,94.830002
2026-03-24 05:00:00,89.559998
2026-03-24 05:15:00,91.25
2026-03-24 05:30:00,94.760002
2026-03-24 05:45:00,96.760002
2026-03-24 06:00:00,75.290001
2026-03-24 06:15:00,87.629997
2026-03-24 06:30:00,86.489998
2026-03-24 06:45:00,65.660004
2026-03-24 07:00:00,113.660004
2026-03-24 07:15:00,106.290001
2026-03-24 07:30:00,104.269997
2026-03-24 07:45:00,91.07
2026-03-24 08:00:00,132.080002
2026-03-24 08:15:00,103.459999
2026-03-24 08:30:00,89.900002
2026-03-24 08:45:00,64.389999
2026-03-24 09:00:00,99.550003
2026-03-24 09:15:00,80.220001
2026-03-24 09:30:00,64.720001
2026-03-24 09:45:00,39.130001
2026-03-24 10:00:00,57.639999
2026-03-24 10:15:00,23.32
2026-03-24 10:30:00,10.04
2026-03-24 10:45:00,4.01
2026-03-24 11:00:00,8.78
2026-03-24 11:15:00,5.03
2026-03-24 11:30:00,4.1
2026-03-24 11:45:00,3.53
2026-03-24 12:00:00,4.02
2026-03-24 12:15:00,3.58
2026-03-24 12:30:00,3.62
2026-03-24 12:45:00,3.49
2026-03-24 13:00:00,3.47
2026-03-24 13:15:00,3.52
2026-03-24 13:30:00,3.5
2026-03-24 13:45:00,3.6
2026-03-24 14:00:00,2.5
2026-03-24 14:15:00,2.77
2026-03-24 14:30:00,3.53
2026-03-24 14:45:00,5.49
2026-03-24 15:00:00,3.29
2026-03-24 15:15:00,7.77
2026-03-24 15:30:00,14.97
2026-03-24 15:45:00,56.209999
2026-03-24 16:00:00,33.93
2026-03-24 16:15:00,66.790001
2026-03-24 16:30:00,101.010002
2026-03-24 16:45:00,108.0
2026-03-24 17:00:00,91.309998
2026-03-24 17:15:00,101.010002
2026-03-24 17:30:00,118.699997
2026-03-24 17:45:00,140.339996
2026-03-24 18:00:00,130.0
2026-03-24 18:15:00,125.970001
2026-03-24 18:30:00,124.610001
2026-03-24 18:45:00,123.419998
2026-03-24 19:00:00,138.339996
2026-03-24 19:15:00,131.679993
2026-03-24 19:30:00,139.600006
2026-03-24 19:45:00,132.699997
2026-03-24 20:00:00,129.080002
2026-03-24 20:15:00,106.470001
2026-03-24 20:30:00,90.82
2026-03-24 20:45:00,78.029999
2026-03-24 21:00:00,91.980003
2026-03-24 21:15:00,86.040001
2026-03-24 21:30:00,68.610001
2026-03-24 21:45:00,51.360001
2026-03-24 22:00:00,86.660004
2026-03-24 22:15:00,78.150002
2026-03-24 22:30:00,64.339996
2026-03-24 22:45:00,35.259998
2026-03-24 23:00:00,45.540001
2026-03-24 23:15:00,17.51
2026-03-24 23:30:00,16.59
2026-03-24 23:45:00,8.75
2026-03-25 00:00:00,3.0
2026-03-25 00:15:00,2.4
2026-03-25 00:30:00,1.78
2026-03-25 00:45:00,0.06
2026-03-25 01:00:00,1.36
2026-03-25 01:15:00,0.1
2026-03-25 01:30:00,0.01
2026-03-25 01:45:00,0.0
2026-03-25 02:00:00,0.0
2026-03-25 02:15:00,0.0
2026-03-25 02:30:00,0.0
2026-03-25 02:45:00,-0.01
2026-03-25 03:00:00,0.0
2026-03-25 03:15:00,-0.01
2026-03-25 03:30:00,-0.01
2026-03-25 03:45:00,-0.01
2026-03-25 04:00:00,-0.01
2026-03-25 04:15:00,-0.01
2026-03-25 04:30:00,0.0
2026-03-25 04:45:00,0.02
2026-03-25 05:00:00,0.0
2026-03-25 05:15:00,0.41
2026-03-25 05:30:00,0.28
2026-03-25 05:45:00,1.38
2026-03-25 06:00:00,2.45
2026-03-25 06:15:00,2.89
2026-03-25 06:30:00,4.8
2026-03-25 06:45:00,4.51
2026-03-25 07:00:00,11.87
2026-03-25 07:15:00,10.0
2026-03-25 07:30:00,9.61
2026-03-25 07:45:00,9.28
2026-03-25 08:00:00,9.47
2026-03-25 08:15:00,9.49
2026-03-25 08:30:00,9.49
2026-03-25 08:45:00,9.48
2026-03-25 09:00:00,9.49
2026-03-25 09:15:00,9.48
2026-03-25 09:30:00,9.37
2026-03-25 09:45:00,9.42
2026-03-25 10:00:00,9.47
2026-03-25 10:15:00,6.54
2026-03-25 10:30:00,5.49
2026-03-25 10:45:00,4.26
2026-03-25 11:00:00,3.57
2026-03-25 11:15:00,3.24
2026-03-25 11:30:00,2.49
2026-03-25 11:45:00,2.47
2026-03-25 12:00:00,2.43
2026-03-25 12:15:00,2.4
2026-03-25 12:30:00,2.06
2026-03-25 12:45:00,2.0
2026-03-25 13:00:00,2.07
2026-03-25 13:15:00,2.0
2026-03-25 13:30:00,2.0
2026-03-25 13:45:00,2.0
2026-03-25 14:00:00,2.0
2026-03-25 14:15:00,2.33
2026-03-25 14:30:00,2.42
2026-03-25 14:45:00,3.87
2026-03-25 15:00:00,1.39
2026-03-25 15:15:00,3.18
2026-03-25 15:30:00,5.75
2026-03-25 15:45:00,10.07
2026-03-25 16:00:00,10.07
2026-03-25 16:15:00,17.65
2026-03-25 16:30:00,34.299999
2026-03-25 16:45:00,83.129997
2026-03-25 17:00:00,38.0
2026-03-25 17:15:00,55.700001
2026-03-25 17:30:00,77.809998
2026-03-25 17:45:00,68.400002
2026-03-25 18:00:00,95.739998
2026-03-25 18:15:00,94.279999
2026-03-25 18:30:00,98.169998
2026-03-25 18:45:00,86.190002
2026-03-25 19:00:00,86.610001
2026-03-25 19:15:00,75.589996
2026-03-25 19:30:00,73.290001
2026-03-25 19:45:00,68.900002
2026-03-25 20:00:00,71.370003
2026-03-25 20:15:00,65.93
2026-03-25 20:30:00,63.009998
2026-03-25 20:45:00,59.049999
2026-03-25 21:00:00,55.27
2026-03-25 21:15:00,50.43
2026-03-25 21:30:00,45.57
2026-03-25 21:45:00,27.049999
2026-03-25 22:00:00,52.360001
2026-03-25 22:15:00,49.040001
2026-03-25 22:30:00,45.580002
2026-03-25 22:45:00,45.5
2026-03-25 23:00:00,37.990002
2026-03-25 23:15:00,35.299999
2026-03-25 23:30:00,35.360001
2026-03-25 23:45:00,26.200001
2026-03-26 00:00:00,44.0
2026-03-26 00:15:00,37.630001
2026-03-26 00:30:00,48.279999
2026-03-26 00:45:00,45.610001
2026-03-26 01:00:00,50.689999
2026-03-26 01:15:00,48.439999
2026-03-26 01:30:00,47.279999
2026-03-26 01:45:00,46.529999
2026-03-26 02:00:00,46.380001
2026-03-26 02:15:00,45.650002
2026-03-26 02:30:00,45.580002
2026-03-26 02:45:00,45.610001
2026-03-26 03:00:00,42.470001
2026-03-26 03:15:00,43.869999
2026-03-26 03:30:00,43.970001
2026-03-26 03:45:00,29.59
2026-03-26 04:00:00,52.540001
2026-03-26 04:15:00,36.43
2026-03-26 04:30:00,36.82
2026-03-26 04:45:00,56.09
2026-03-26 05:00:00,22.629999
2026-03-26 05:15:00,49.459999
2026-03-26 05:30:00,51.490002
2026-03-26 05:45:00,55.48
2026-03-26 06:00:00,73.760002
2026-03-26 06:15:00,86.32
2026-03-26 06:30:00,81.900002
2026-03-26 06:45:00,83.690002
2026-03-26 07:00:00,106.900002
2026-03-26 07:15:00,104.300003
2026-03-26 07:30:00,104.279999
2026-03-26 07:45:00,82.349998
2026-03-26 08:00:00,95.589996
2026-03-26 08:15:00,87.290001
2026-03-26 08:30:00,76.349998
2026-03-26 08:45:00,69.529999
2026-03-26 09:00:00,49.290001
2026-03-26 09:15:00,45.66
2026-03-26 09:30:00,20.51
2026-03-26 09:45:00,17.34
2026-03-26 10:00:00,73.110001
2026-03-26 10:15:00,49.560001
2026-03-26 10:30:00,23.780001
2026-03-26 10:45:00,14.99
2026-03-26 11:00:00,20.07
2026-03-26 11:15:00,15.0
2026-03-26 11:30:00,10.06
2026-03-26 11:45:00,9.83
2026-03-26 12:00:00,6.62
2026-03-26 12:15:00,4.63
2026-03-26 12:30:00,4.02
2026-03-26 12:45:00,3.93
2026-03-26 13:00:00,4.57
2026-03-26 13:15:00,4.1
2026-03-26 13:30:00,4.72
2026-03-26 13:45:00,4.8
2026-03-26 14:00:00,4.04
2026-03-26 14:15:00,6.69
2026-03-26 14:30:00,9.1
2026-03-26 14:45:00,12.09
2026-03-26 15:00:00,10.0
2026-03-26 15:15:00,20.07
2026-03-26 15:30:00,40.02
2026-03-26 15:45:00,79.650002
2026-03-26 16:00:00,38.68
2026-03-26 16:15:00,73.68
2026-03-26 16:30:00,80.07
2026-03-26 16:45:00,110.839996
2026-03-26 17:00:00,76.860001
2026-03-26 17:15:00,109.089996
2026-03-26 17:30:00,128.169998
2026-03-26 17:45:00,149.559998
2026-03-26 18:00:00,123.059998
2026-03-26 18:15:00,143.740005
2026-03-26 18:30:00,160.320007
2026-03-26 18:45:00,149.899994
2026-03-26 19:00:00,161.490005
2026-03-26 19:15:00,139.970001
2026-03-26 19:30:00,139.759995
2026-03-26 19:45:00,140.589996
2026-03-26 20:00:00,135.949997
2026-03-26 20:15:00,134.289993
2026-03-26 20:30:00,132.050003
2026-03-26 20:45:00,130.529999
2026-03-26 21:00:00,131.580002
2026-03-26 21:15:00,130.710007
2026-03-26 21:30:00,123.790001
2026-03-26 21:45:00,118.32
2026-03-26 22:00:00,131.070007
2026-03-26 22:15:00,121.510002
2026-03-26 22:30:00,124.139999
2026-03-26 22:45:00,120.769997
2026-03-26 23:00:00,123.769997
2026-03-26 23:15:00,114.059998
2026-03-26 23:30:00,115.940002
2026-03-26 23:45:00,106.330002
2026-03-27 00:00:00,124.510002
2026-03-27 00:15:00,120.290001
2026-03-27 00:30:00,117.139999
2026-03-27 00:45:00,115.629997
2026-03-27 01:00:00,122.150002
2026-03-27 01:15:00,119.400002
2026-03-27 01:30:00,119.330002
2026-03-27 01:45:00,117.120003
2026-03-27 02:00:00,120.919998
2026-03-27 02:15:00,118.139999
2026-03-27 02:30:00,115.300003
2026-03-27 02:45:00,115.010002
2026-03-27 03:00:00,116.5
2026-03-27 03:15:00,119.489998
2026-03-27 03:30:00,117.0
2026-03-27 03:45:00,118.339996
2026-03-27 04:00:00,117.669998
2026-03-27 04:15:00,118.730003
2026-03-27 04:30:00,120.93
2026-03-27 04:45:00,123.660004
2026-03-27 05:00:00,119.800003
2026-03-27 05:15:00,129.0
2026-03-27 05:30:00,143.990005
2026-03-27 05:45:00,153.059998
2026-03-27 06:00:00,152.199997
2026-03-27 06:15:00,168.889999
2026-03-27 06:30:00,178.979996
2026-03-27 06:45:00,190.059998
2026-03-27 07:00:00,203.75
2026-03-27 07:15:00,191.360001
2026-03-27 07:30:00,170.919998
2026-03-27 07:45:00,139.559998
2026-03-27 08:00:00,194.190002
2026-03-27 08:15:00,151.399994
2026-03-27 08:30:00,136.770004
2026-03-27 08:45:00,107.870003
2026-03-27 09:00:00,136.410004
2026-03-27 09:15:00,122.209999
2026-03-27 09:30:00,109.379997
2026-03-27 09:45:00,88.010002
2026-03-27 10:00:00,101.209999
2026-03-27 10:15:00,90.129997
2026-03-27 10:30:00,86.529999
2026-03-27 10:45:00,71.169998
2026-03-27 11:00:00,85.309998
2026-03-27 11:15:00,77.93
2026-03-27 11:30:00,68.830002
2026-03-27 11:45:00,59.169998
2026-03-27 12:00:00,70.739998
2026-03-27 12:15:00,64.989998
2026-03-27 12:30:00,61.009998
2026-03-27 12:45:00,56.540001
2026-03-27 13:00:00,61.209999
2026-03-27 13:15:00,59.189999
2026-03-27 13:30:00,57.900002
2026-03-27 13:45:00,60.099998
2026-03-27 14:00:00,58.27
2026-03-27 14:15:00,67.620003
2026-03-27 14:30:00,82.300003
2026-03-27 14:45:00,88.110001
2026-03-27 15:00:00,78.830002
2026-03-27 15:15:00,91.989998
2026-03-27 15:30:00,95.32
2026-03-27 15:45:00,103.150002
2026-03-27 16:00:00,90.639999
2026-03-27 16:15:00,100.019997
2026-03-27 16:30:00,100.82
2026-03-27 16:45:00,120.099998
2026-03-27 17:00:00,97.889999
2026-03-27 17:15:00,122.260002
2026-03-27 17:30:00,138.910004
2026-03-27 17:45:00,154.529999
2026-03-27 18:00:00,140.479996
2026-03-27 18:15:00,149.539993
2026-03-27 18:30:00,139.789993
2026-03-27 18:45:00,142.199997
2026-03-27 19:00:00,125.870003
2026-03-27 19:15:00,134.960007
2026-03-27 19:30:00,129.0
2026-03-27 19:45:00,143.669998
2026-03-27 20:00:00,111.330002
2026-03-27 20:15:00,126.230003
2026-03-27 20:30:00,126.07
2026-03-27 20:45:00,119.0
2026-03-27 21:00:00,123.349998
2026-03-27 21:15:00,122.150002
2026-03-27 21:30:00,119.629997
2026-03-27 21:45:00,109.57
2026-03-27 22:00:00,122.800003
2026-03-27 22:15:00,117.669998
2026-03-27 22:30:00,115.480003
2026-03-27 22:45:00,108.050003
2026-03-27 23:00:00,110.589996
2026-03-27 23:15:00,106.889999
2026-03-27 23:30:00,105.25
2026-03-27 23:45:00,98.260002
2026-03-28 00:00:00,89.839996
2026-03-28 00:15:00,95.75
2026-03-28 00:30:00,94.25
2026-03-28 00:45:00,89.639999
2026-03-28 01:00:00,96.0
2026-03-28 01:15:00,93.300003
2026-03-28 01:30:00,91.639999
2026-03-28 01:45:00,89.720001
2026-03-28 02:00:00,92.089996
2026-03-28 02:15:00,89.739998
2026-03-28 02:30:00,88.599998
2026-03-28 02:45:00,87.760002
2026-03-28 03:00:00,87.559998
2026-03-28 03:15:00,87.43
2026-03-28 03:30:00,87.110001
2026-03-28 03:45:00,86.949997
2026-03-28 04:00:00,87.529999
2026-03-28 04:15:00,87.940002
2026-03-28 04:30:00,88.18
2026-03-28 04:45:00,88.82
2026-03-28 05:00:00,88.529999
2026-03-28 05:15:00,87.779999
2026-03-28 05:30:00,88.480003
2026-03-28 05:45:00,89.400002
2026-03-28 06:00:00,90.75
2026-03-28 06:15:00,87.779999
2026-03-28 06:30:00,86.650002
2026-03-28 06:45:00,81.93
2026-03-28 07:00:00,89.160004
2026-03-28 07:15:00,80.239998
2026-03-28 07:30:00,79.120003
2026-03-28 07:45:00,68.220001
2026-03-28 08:00:00,80.690002
2026-03-28 08:15:00,75.519997
2026-03-28 08:30:00,67.459999
2026-03-28 08:45:00,49.529999
2026-03-28 09:00:00,76.160004
2026-03-28 09:15:00,49.189999
2026-03-28 09:30:00,40.889999
2026-03-28 09:45:00,13.39
2026-03-28 10:00:00,36.939999
2026-03-28 10:15:00,16.790001
2026-03-28 10:30:00,9.9
2026-03-28 10:45:00,6.7
2026-03-28 11:00:00,9.05
2026-03-28 11:15:00,8.04
2026-03-28 11:30:00,7.14
2026-03-28 11:45:00,6.36
2026-03-28 12:00:00,7.0
2026-03-28 12:15:00,4.93
2026-03-28 12:30:00,6.43
2026-03-28 12:45:00,8.43
2026-03-28 13:00:00,6.4
2026-03-28 13:15:00,6.7
2026-03-28 13:30:00,8.52
2026-03-28 13:45:00,9.77
2026-03-28 14:00:00,7.97
2026-03-28 14:15:00,10.0
2026-03-28 14:30:00,25.040001
2026-03-28 14:45:00,38.889999
2026-03-28 15:00:00,24.040001
2026-03-28 15:15:00,45.0
2026-03-28 15:30:00,63.580002
2026-03-28 15:45:00,84.349998
2026-03-28 16:00:00,60.349998
2026-03-28 16:15:00,74.120003
2026-03-28 16:30:00,88.400002
2026-03-28 16:45:00,101.330002
2026-03-28 17:00:00,89.440002
2026-03-28 17:15:00,99.889999
2026-03-28 17:30:00,109.779999
2026-03-28 17:45:00,122.970001
2026-03-28 18:00:00,116.93
2026-03-28 18:15:00,133.940002
2026-03-28 18:30:00,136.919998
2026-03-28 18:45:00,130.309998
2026-03-28 19:00:00,158.0
2026-03-28 19:15:00,156.339996
2026-03-28 19:30:00,154.960007
2026-03-28 19:45:00,146.979996
2026-03-28 20:00:00,161.789993
2026-03-28 20:15:00,148.899994
2026-03-28 20:30:00,137.339996
2026-03-28 20:45:00,127.769997
2026-03-28 21:00:00,141.119995
2026-03-28 21:15:00,132.190002
2026-03-28 21:30:00,128.259995
2026-03-28 21:45:00,124.790001
2026-03-28 22:00:00,127.510002
2026-03-28 22:15:00,126.870003
2026-03-28 22:30:00,126.010002
2026-03-28 22:45:00,120.93
2026-03-28 23:00:00,130.0
2026-03-28 23:15:00,118.050003
2026-03-28 23:30:00,120.919998
2026-03-28 23:45:00,109.349998
2026-03-29 00:00:00,125.879997
2026-03-29 00:15:00,120.230003
2026-03-29 00:30:00,108.279999
2026-03-29 00:45:00,103.849998
2026-03-29 01:00:00,112.050003
2026-03-29 01:15:00,107.510002
2026-03-29 01:30:00,107.010002
2026-03-29 01:45:00,104.220001
2026-03-29 03:00:00,102.110001
2026-03-29 03:15:00,100.260002
2026-03-29 03:30:00,101.18
2026-03-29 03:45:00,101.110001
2026-03-29 04:00:00,109.410004
2026-03-29 04:15:00,103.349998
2026-03-29 04:30:00,104.32
2026-03-29 04:45:00,103.82
2026-03-29 05:00:00,103.57
2026-03-29 05:15:00,103.68
2026-03-29 05:30:00,105.239998
2026-03-29 05:45:00,105.93
2026-03-29 06:00:00,102.330002
2026-03-29 06:15:00,105.300003
2026-03-29 06:30:00,113.589996
2026-03-29 06:45:00,117.800003
2026-03-29 07:00:00,119.669998
2026-03-29 07:15:00,115.239998
2026-03-29 07:30:00,113.0
2026-03-29 07:45:00,112.209999
2026-03-29 08:00:00,122.470001
2026-03-29 08:15:00,125.0
2026-03-29 08:30:00,108.989998
2026-03-29 08:45:00,102.889999
2026-03-29 09:00:00,112.239998
2026-03-29 09:15:00,94.82
2026-03-29 09:30:00,89.059998
2026-03-29 09:45:00,81.470001
2026-03-29 10:00:00,97.959999
2026-03-29 10:15:00,83.910004
2026-03-29 10:30:00,70.550003
2026-03-29 10:45:00,46.810001
2026-03-29 11:00:00,70.599998
2026-03-29 11:15:00,55.290001
2026-03-29 11:30:00,42.91
2026-03-29 11:45:00,9.99
2026-03-29 12:00:00,26.23
2026-03-29 12:15:00,7.78
2026-03-29 12:30:00,4.69
2026-03-29 12:45:00,1.34
2026-03-29 13:00:00,3.58
2026-03-29 13:15:00,2.13
2026-03-29 13:30:00,2.0
2026-03-29 13:45:00,1.34
2026-03-29 14:00:00,0.15
2026-03-29 14:15:00,0.02
2026-03-29 14:30:00,0.0
2026-03-29 14:45:00,0.0
2026-03-29 15:00:00,0.0
2026-03-29 15:15:00,0.0
2026-03-29 15:30:00,0.0
2026-03-29 15:45:00,0.1
2026-03-29 16:00:00,-0.01
2026-03-29 16:15:00,0.0
2026-03-29 16:30:00,0.02
2026-03-29 16:45:00,3.57
2026-03-29 17:00:00,2.5
2026-03-29 17:15:00,14.41
2026-03-29 17:30:00,34.25
2026-03-29 17:45:00,79.849998
2026-03-29 18:00:00,39.939999
2026-03-29 18:15:00,64.110001
2026-03-29 18:30:00,81.779999
2026-03-29 18:45:00,95.389999
2026-03-29 19:00:00,93.959999
2026-03-29 19:15:00,92.68
2026-03-29 19:30:00,93.18
2026-03-29 19:45:00,92.389999
2026-03-29 20:00:00,100.959999
2026-03-29 20:15:00,98.959999
2026-03-29 20:30:00,76.879997
2026-03-29 20:45:00,68.699997
2026-03-29 21:00:00,88.279999
2026-03-29 21:15:00,76.980003
2026-03-29 21:30:00,60.099998
2026-03-29 21:45:00,48.57
2026-03-29 22:00:00,84.339996
2026-03-29 22:15:00,69.220001
2026-03-29 22:30:00,59.84
2026-03-29 22:45:00,30.59
2026-03-29 23:00:00,55.189999
2026-03-29 23:15:00,24.799999
2026-03-29 23:30:00,17.59
2026-03-29 23:45:00,4.96
2026-03-30 00:00:00,17.76
2026-03-30 00:15:00,9.43
2026-03-30 00:30:00,5.17
2026-03-30 00:45:00,4.43
2026-03-30 01:00:00,4.29
2026-03-30 01:15:00,3.95
2026-03-30 01:30:00,3.5
2026-03-30 01:45:00,2.48
2026-03-30 02:00:00,5.48
2026-03-30 02:15:00,4.5
2026-03-30 02:30:00,4.97
2026-03-30 02:45:00,5.13
2026-03-30 03:00:00,3.08
2026-03-30 03:15:00,3.8
2026-03-30 03:30:00,3.91
2026-03-30 03:45:00,4.51
2026-03-30 04:00:00,2.19
2026-03-30 04:15:00,3.54
2026-03-30 04:30:00,4.08
2026-03-30 04:45:00,7.62
2026-03-30 05:00:00,3.54
2026-03-30 05:15:00,7.62
2026-03-30 05:30:00,17.23
2026-03-30 05:45:00,45.299999
2026-03-30 06:00:00,26.049999
2026-03-30 06:15:00,63.5
2026-03-30 06:30:00,79.779999
2026-03-30 06:45:00,89.970001
2026-03-30 07:00:00,73.120003
2026-03-30 07:15:00,89.480003
2026-03-30 07:30:00,100.519997
2026-03-30 07:45:00,98.129997
2026-03-30 08:00:00,116.730003
2026-03-30 08:15:00,108.260002
2026-03-30 08:30:00,108.389999
2026-03-30 08:45:00,103.510002
2026-03-30 09:00:00,111.849998
2026-03-30 09:15:00,102.160004
2026-03-30 09:30:00,96.339996
2026-03-30 09:45:00,77.0
2026-03-30 10:00:00,85.989998
2026-03-30 10:15:00,71.540001
2026-03-30 10:30:00,82.239998
2026-03-30 10:45:00,55.619999
2026-03-30 11:00:00,71.279999
2026-03-30 11:15:00,50.299999
2026-03-30 11:30:00,39.169998
2026-03-30 11:45:00,23.24
2026-03-30 12:00:00,39.41
2026-03-30 12:15:00,25.030001
2026-03-30 12:30:00,19.91
2026-03-30 12:45:00,10.0
2026-03-30 13:00:00,17.549999
2026-03-30 13:15:00,15.55
2026-03-30 13:30:00,9.99
2026-03-30 13:45:00,4.91
2026-03-30 14:00:00,9.58
2026-03-30 14:15:00,9.15
2026-03-30 14:30:00,8.79
2026-03-30 14:45:00,7.3
2026-03-30 15:00:00,9.38
2026-03-30 15:15:00,10.73
2026-03-30 15:30:00,11.66
2026-03-30 15:45:00,19.98
2026-03-30 16:00:00,9.98
2026-03-30 16:15:00,23.34
2026-03-30 16:30:00,44.259998
2026-03-30 16:45:00,63.0
2026-03-30 17:00:00,45.459999
2026-03-30 17:15:00,65.459999
2026-03-30 17:30:00,86.790001
2026-03-30 17:45:00,101.120003
2026-03-30 18:00:00,77.089996
2026-03-30 18:15:00,98.870003
2026-03-30 18:30:00,105.25
2026-03-30 18:45:00,119.900002
2026-03-30 19:00:00,114.059998
2026-03-30 19:15:00,117.279999
2026-03-30 19:30:00,122.269997
2026-03-30 19:45:00,126.360001
2026-03-30 20:00:00,124.790001
2026-03-30 20:15:00,124.400002
2026-03-30 20:30:00,125.120003
2026-03-30 20:45:00,112.599998
2026-03-30 21:00:00,112.519997
2026-03-30 21:15:00,108.690002
2026-03-30 21:30:00,107.300003
2026-03-30 21:45:00,101.18
2026-03-30 22:00:00,116.0
2026-03-30 22:15:00,109.870003
2026-03-30 22:30:00,104.010002
2026-03-30 22:45:00,101.150002
2026-03-30 23:00:00,115.220001
2026-03-30 23:15:00,110.139999
2026-03-30 23:30:00,107.589996
2026-03-30 23:45:00,102.330002
2026-03-31 00:00:00,93.0
2026-03-31 00:15:00,96.209999
2026-03-31 00:30:00,93.940002
2026-03-31 00:45:00,89.0
2026-03-31 01:00:00,92.510002
2026-03-31 01:15:00,94.080002
2026-03-31 01:30:00,93.809998
2026-03-31 01:45:00,93.860001
2026-03-31 02:00:00,95.389999
2026-03-31 02:15:00,95.269997
2026-03-31 02:30:00,96.18
2026-03-31 02:45:00,95.599998
2026-03-31 03:00:00,95.339996
2026-03-31 03:15:00,95.480003
2026-03-31 03:30:00,98.529999
2026-03-31 03:45:00,99.540001
2026-03-31 04:00:00,84.209999
2026-03-31 04:15:00,86.269997
2026-03-31 04:30:00,89.190002
2026-03-31 04:45:00,92.239998
2026-03-31 05:00:00,92.010002
2026-03-31 05:15:00,99.419998
2026-03-31 05:30:00,108.150002
2026-03-31 05:45:00,113.379997
2026-03-31 06:00:00,109.300003
2026-03-31 06:15:00,118.870003
2026-03-31 06:30:00,122.620003
2026-03-31 06:45:00,118.82
2026-03-31 07:00:00,130.389999
2026-03-31 07:15:00,129.440002
2026-03-31 07:30:00,131.869995
2026-03-31 07:45:00,130.729996
2026-03-31 08:00:00,139.389999
2026-03-31 08:15:00,133.690002
2026-03-31 08:30:00,126.089996
2026-03-31 08:45:00,121.629997
2026-03-31 09:00:00,126.639999
2026-03-31 09:15:00,123.660004
2026-03-31 09:30:00,112.919998
2026-03-31 09:45:00,114.160004
2026-03-31 10:00:00,117.089996
2026-03-31 10:15:00,108.849998
2026-03-31 10:30:00,98.110001
2026-03-31 10:45:00,92.970001
2026-03-31 11:00:00,99.029999
2026-03-31 11:15:00,93.080002
2026-03-31 11:30:00,84.129997
2026-03-31 11:45:00,73.160004
2026-03-31 12:00:00,88.779999
2026-03-31 12:15:00,82.339996
2026-03-31 12:30:00,78.18
2026-03-31 12:45:00,65.379997
2026-03-31 13:00:00,73.540001
2026-03-31 13:15:00,60.900002
2026-03-31 13:30:00,46.389999
2026-03-31 13:45:00,40.07
2026-03-31 14:00:00,51.200001
2026-03-31 14:15:00,51.34
2026-03-31 14:30:00,54.02
2026-03-31 14:45:00,57.389999
2026-03-31 15:00:00,54.0
2026-03-31 15:15:00,62.400002
2026-03-31 15:30:00,62.759998
2026-03-31 15:45:00,73.050003
2026-03-31 16:00:00,64.029999
2026-03-31 16:15:00,80.400002
2026-03-31 16:30:00,89.269997
2026-03-31 16:45:00,95.169998
2026-03-31 17:00:00,96.059998
2026-03-31 17:15:00,101.220001
2026-03-31 17:30:00,105.809998
2026-03-31 17:45:00,140.779999
2026-03-31 18:00:00,108.580002
2026-03-31 18:15:00,141.830002
2026-03-31 18:30:00,158.300003
2026-03-31 18:45:00,192.770004
2026-03-31 19:00:00,153.479996
2026-03-31 19:15:00,176.300003
2026-03-31 19:30:00,180.570007
2026-03-31 19:45:00,186.75
2026-03-31 20:00:00,189.75
2026-03-31 20:15:00,180.740005
2026-03-31 20:30:00,173.539993
2026-03-31 20:45:00,159.990005
2026-03-31 21:00:00,201.160004
2026-03-31 21:15:00,171.460007
2026-03-31 21:30:00,162.619995
2026-03-31 21:45:00,151.660004
2026-03-31 22:00:00,169.139999
2026-03-31 22:15:00,161.300003
2026-03-31 22:30:00,152.949997
2026-03-31 22:45:00,149.929993
2026-03-31 23:00:00,152.970001
2026-03-31 23:15:00,149.559998
2026-03-31 23:30:00,149.960007
2026-03-31 23:45:00,141.389999
2026-04-01 00:00:00,159.020004
2026-04-01 00:15:00,146.699997
2026-04-01 00:30:00,143.309998
2026-04-01 00:45:00,133.490005
2026-04-01 01:00:00,137.539993
2026-04-01 01:15:00,129.309998
2026-04-01 01:30:00,129.309998
2026-04-01 01:45:00,122.260002
2026-04-01 02:00:00,125.75
2026-04-01 02:15:00,124.220001
2026-04-01 02:30:00,125.559998
2026-04-01 02:45:00,126.120003
2026-04-01 03:00:00,123.739998
2026-04-01 03:15:00,128.130005
2026-04-01 03:30:00,132.320007
2026-04-01 03:45:00,134.300003
2026-04-01 04:00:00,128.279999
2026-04-01 04:15:00,130.399994
2026-04-01 04:30:00,131.470001
2026-04-01 04:45:00,126.160004
2026-04-01 05:00:00,130.970001
2026-04-01 05:15:00,141.75
2026-04-01 05:30:00,145.460007
2026-04-01 05:45:00,167.820007
2026-04-01 06:00:00,139.470001
2026-04-01 06:15:00,155.490005
2026-04-01 06:30:00,163.979996
2026-04-01 06:45:00,171.449997
2026-04-01 07:00:00,179.470001
2026-04-01 07:15:00,195.369995
2026-04-01 07:30:00,188.139999
2026-04-01 07:45:00,173.770004
2026-04-01 08:00:00,239.119995
2026-04-01 08:15:00,214.589996
2026-04-01 08:30:00,184.149994
2026-04-01 08:45:00,162.050003
2026-04-01 09:00:00,209.0
2026-04-01 09:15:00,185.809998
2026-04-01 09:30:00,161.389999
2026-04-01 09:45:00,129.860001
2026-04-01 10:00:00,163.369995
2026-04-01 10:15:00,141.740005
2026-04-01 10:30:00,130.509995
2026-04-01 10:45:00,123.580002
2026-04-01 11:00:00,138.630005
2026-04-01 11:15:00,130.770004
2026-04-01 11:30:00,122.32
2026-04-01 11:45:00,120.589996
2026-04-01 12:00:00,130.490005
2026-04-01 12:15:00,112.75
2026-04-01 12:30:00,111.839996
2026-04-01 12:45:00,105.129997
2026-04-01 13:00:00,106.349998
2026-04-01 13:15:00,98.559998
2026-04-01 13:30:00,90.029999
2026-04-01 13:45:00,80.400002
2026-04-01 14:00:00,89.010002
2026-04-01 14:15:00,85.330002
2026-04-01 14:30:00,85.330002
2026-04-01 14:45:00,85.660004
2026-04-01 15:00:00,84.510002
2026-04-01 15:15:00,88.43
2026-04-01 15:30:00,96.779999
2026-04-01 15:45:00,105.629997
2026-04-01 16:00:00,84.940002
2026-04-01 16:15:00,98.230003
2026-04-01 16:30:00,108.989998
2026-04-01 16:45:00,129.899994
2026-04-01 17:00:00,119.93
2026-04-01 17:15:00,119.910004
2026-04-01 17:30:00,128.520004
2026-04-01 17:45:00,131.229996
2026-04-01 18:00:00,111.099998
2026-04-01 18:15:00,132.610001
2026-04-01 18:30:00,130.0
2026-04-01 18:45:00,140.679993
2026-04-01 19:00:00,158.949997
2026-04-01 19:15:00,185.399994
2026-04-01 19:30:00,198.589996
2026-04-01 19:45:00,203.869995
2026-04-01 20:00:00,186.259995
2026-04-01 20:15:00,177.809998
2026-04-01 20:30:00,155.809998
2026-04-01 20:45:00,137.320007
2026-04-01 21:00:00,178.669998
2026-04-01 21:15:00,168.220001
2026-04-01 21:30:00,156.360001
2026-04-01 21:45:00,142.979996
2026-04-01 22:00:00,167.639999
2026-04-01 22:15:00,150.850006
2026-04-01 22:30:00,150.889999
2026-04-01 22:45:00,138.429993
2026-04-01 23:00:00,145.0
2026-04-01 23:15:00,130.300003
2026-04-01 23:30:00,123.089996
2026-04-01 23:45:00,119.169998
2026-04-02 00:00:00,136.699997
2026-04-02 00:15:00,127.800003
2026-04-02 00:30:00,121.550003
2026-04-02 00:45:00,119.300003
2026-04-02 01:00:00,125.43
2026-04-02 01:15:00,119.360001
2026-04-02 01:30:00,116.610001
2026-04-02 01:45:00,114.580002
2026-04-02 02:00:00,116.889999
2026-04-02 02:15:00,114.440002
2026-04-02 02:30:00,113.739998
2026-04-02 02:45:00,111.43
2026-04-02 03:00:00,110.220001
2026-04-02 03:15:00,106.760002
2026-04-02 03:30:00,107.32
2026-04-02 03:45:00,106.970001
2026-04-02 04:00:00,105.169998
2026-04-02 04:15:00,104.379997
2026-04-02 04:30:00,107.980003
2026-04-02 04:45:00,108.839996
2026-04-02 05:00:00,108.290001
2026-04-02 05:15:00,113.160004
2026-04-02 05:30:00,116.010002
2026-04-02 05:45:00,124.080002
2026-04-02 06:00:00,114.599998
2026-04-02 06:15:00,124.330002
2026-04-02 06:30:00,126.809998
2026-04-02 06:45:00,109.18
2026-04-02 07:00:00,151.050003
2026-04-02 07:15:00,135.5
2026-04-02 07:30:00,131.990005
2026-04-02 07:45:00,128.259995
2026-04-02 08:00:00,153.399994
2026-04-02 08:15:00,173.460007
2026-04-02 08:30:00,154.050003
2026-04-02 08:45:00,106.160004
2026-04-02 09:00:00,127.010002
2026-04-02 09:15:00,117.010002
2026-04-02 09:30:00,113.419998
2026-04-02 09:45:00,99.669998
2026-04-02 10:00:00,107.910004
2026-04-02 10:15:00,98.889999
2026-04-02 10:30:00,91.940002
2026-04-02 10:45:00,63.91
2026-04-02 11:00:00,88.43
2026-04-02 11:15:00,78.75
2026-04-02 11:30:00,71.949997
2026-04-02 11:45:00,57.869999
2026-04-02 12:00:00,75.010002
2026-04-02 12:15:00,62.419998
2026-04-02 12:30:00,55.540001
2026-04-02 12:45:00,46.009998
2026-04-02 13:00:00,49.810001
2026-04-02 13:15:00,43.200001
2026-04-02 13:30:00,42.099998
2026-04-02 13:45:00,34.709999
2026-04-02 14:00:00,42.619999
2026-04-02 14:15:00,49.970001
2026-04-02 14:30:00,54.75
2026-04-02 14:45:00,64.099998
2026-04-02 15:00:00,52.549999
2026-04-02 15:15:00,72.980003
2026-04-02 15:30:00,79.290001
2026-04-02 15:45:00,90.239998
2026-04-02 16:00:00,78.470001
2026-04-02 16:15:00,88.309998
2026-04-02 16:30:00,95.209999
2026-04-02 16:45:00,100.489998
2026-04-02 17:00:00,93.529999
2026-04-02 17:15:00,98.809998
2026-04-02 17:30:00,112.010002
2026-04-02 17:45:00,119.639999
2026-04-02 18:00:00,111.540001
2026-04-02 18:15:00,120.599998
2026-04-02 18:30:00,127.720001
2026-04-02 18:45:00,131.470001
2026-04-02 19:00:00,128.089996
2026-04-02 19:15:00,128.259995
2026-04-02 19:30:00,130.660004
2026-04-02 19:45:00,133.600006
2026-04-02 20:00:00,131.639999
2026-04-02 20:15:00,130.080002
2026-04-02 20:30:00,129.910004
2026-04-02 20:45:00,123.709999
2026-04-02 21:00:00,129.270004
2026-04-02 21:15:00,126.080002
2026-04-02 21:30:00,125.849998
2026-04-02 21:45:00,119.440002
2026-04-02 22:00:00,125.660004
2026-04-02 22:15:00,121.650002
2026-04-02 22:30:00,111.900002
2026-04-02 22:45:00,105.440002
2026-04-02 23:00:00,116.470001
2026-04-02 23:15:00,116.059998
2026-04-02 23:30:00,115.800003
2026-04-02 23:45:00,114.040001
2026-04-03 00:00:00,141.270004
2026-04-03 00:15:00,121.75
2026-04-03 00:30:00,116.25
2026-04-03 00:45:00,116.330002
2026-04-03 01:00:00,112.459999
2026-04-03 01:15:00,112.919998
2026-04-03 01:30:00,112.940002
2026-04-03 01:45:00,114.889999
2026-04-03 02:00:00,106.419998
2026-04-03 02:15:00,108.589996
2026-04-03 02:30:00,108.769997
2026-04-03 02:45:00,108.910004
2026-04-03 03:00:00,105.330002
2026-04-03 03:15:00,105.529999
2026-04-03 03:30:00,105.230003
2026-04-03 03:45:00,105.099998
2026-04-03 04:00:00,104.449997
2026-04-03 04:15:00,104.470001
2026-04-03 04:30:00,104.480003
2026-04-03 04:45:00,104.720001
2026-04-03 05:00:00,105.660004
2026-04-03 05:15:00,105.900002
2026-04-03 05:30:00,106.199997
2026-04-03 05:45:00,107.43
2026-04-03 06:00:00,112.230003
2026-04-03 06:15:00,112.760002
2026-04-03 06:30:00,113.110001
2026-04-03 06:45:00,113.540001
2026-04-03 07:00:00,118.949997
2026-04-03 07:15:00,118.949997
2026-04-03 07:30:00,118.940002
2026-04-03 07:45:00,108.040001
2026-04-03 08:00:00,130.979996
2026-04-03 08:15:00,123.82
2026-04-03 08:30:00,128.149994
2026-04-03 08:45:00,103.849998
2026-04-03 09:00:00,143.139999
2026-04-03 09:15:00,121.589996
2026-04-03 09:30:00,103.660004
2026-04-03 09:45:00,84.330002
2026-04-03 10:00:00,126.779999
2026-04-03 10:15:00,95.779999
2026-04-03 10:30:00,64.660004
2026-04-03 10:45:00,55.119999
2026-04-03 11:00:00,72.0
2026-04-03 11:15:00,60.0
2026-04-03 11:30:00,49.07
2026-04-03 11:45:00,30.76
2026-04-03 12:00:00,48.700001
2026-04-03 12:15:00,31.129999
2026-04-03 12:30:00,19.959999
2026-04-03 12:45:00,10.88
2026-04-03 13:00:00,23.16
2026-04-03 13:15:00,14.89
2026-04-03 13:30:00,11.42
2026-04-03 13:45:00,6.61
2026-04-03 14:00:00,10.24
2026-04-03 14:15:00,8.91
2026-04-03 14:30:00,7.26
2026-04-03 14:45:00,7.21
2026-04-03 15:00:00,6.92
2026-04-03 15:15:00,7.03
2026-04-03 15:30:00,9.64
2026-04-03 15:45:00,15.06
2026-04-03 16:00:00,8.43
2026-04-03 16:15:00,17.17
2026-04-03 16:30:00,33.07
2026-04-03 16:45:00,48.700001
2026-04-03 17:00:00,43.349998
2026-04-03 17:15:00,62.509998
2026-04-03 17:30:00,73.989998
2026-04-03 17:45:00,87.339996
2026-04-03 18:00:00,77.029999
2026-04-03 18:15:00,86.169998
2026-04-03 18:30:00,93.290001
2026-04-03 18:45:00,99.400002
2026-04-03 19:00:00,96.849998
2026-04-03 19:15:00,98.879997
2026-04-03 19:30:00,101.610001
2026-04-03 19:45:00,100.220001
2026-04-03 20:00:00,102.410004
2026-04-03 20:15:00,97.730003
2026-04-03 20:30:00,91.730003
2026-04-03 20:45:00,85.010002
2026-04-03 21:00:00,94.010002
2026-04-03 21:15:00,87.760002
2026-04-03 21:30:00,79.059998
2026-04-03 21:45:00,75.980003
2026-04-03 22:00:00,87.18
2026-04-03 22:15:00,80.050003
2026-04-03 22:30:00,79.980003
2026-04-03 22:45:00,75.739998
2026-04-03 23:00:00,78.190002
2026-04-03 23:15:00,63.139999
2026-04-03 23:30:00,50.490002
2026-04-03 23:45:00,50.529999
2026-04-04 00:00:00,12.44
2026-04-04 00:15:00,17.35
2026-04-04 00:30:00,13.51
2026-04-04 00:45:00,9.9
2026-04-04 01:00:00,23.84
2026-04-04 01:15:00,18.08
2026-04-04 01:30:00,16.83
2026-04-04 01:45:00,13.38
2026-04-04 02:00:00,19.0
2026-04-04 02:15:00,20.0
2026-04-04 02:30:00,19.790001
2026-04-04 02:45:00,17.42
2026-04-04 03:00:00,12.93
2026-04-04 03:15:00,12.19
2026-04-04 03:30:00,10.86
2026-04-04 03:45:00,9.63
2026-04-04 04:00:00,10.64
2026-04-04 04:15:00,9.09
2026-04-04 04:30:00,9.29
2026-04-04 04:45:00,8.51
2026-04-04 05:00:00,13.39
2026-04-04 05:15:00,8.95
2026-04-04 05:30:00,10.1
2026-04-04 05:45:00,14.5
2026-04-04 06:00:00,7.77
2026-04-04 06:15:00,9.91
2026-04-04 06:30:00,15.03
2026-04-04 06:45:00,20.74
2026-04-04 07:00:00,19.9
2026-04-04 07:15:00,18.370001
2026-04-04 07:30:00,23.459999
2026-04-04 07:45:00,15.34
2026-04-04 08:00:00,21.879999
2026-04-04 08:15:00,19.969999
2026-04-04 08:30:00,16.030001
2026-04-04 08:45:00,8.9
2026-04-04 09:00:00,12.98
2026-04-04 09:15:00,6.45
2026-04-04 09:30:00,4.51
2026-04-04 09:45:00,2.46
2026-04-04 10:00:00,3.94
2026-04-04 10:15:00,2.0
2026-04-04 10:30:00,1.33
2026-04-04 10:45:00,0.5
2026-04-04 11:00:00,0.27
2026-04-04 11:15:00,0.05
2026-04-04 11:30:00,0.0
2026-04-04 11:45:00,0.0
2026-04-04 12:00:00,0.0
2026-04-04 12:15:00,0.06
2026-04-04 12:30:00,0.0
2026-04-04 12:45:00,0.05
2026-04-04 13:00:00,0.23
2026-04-04 13:15:00,0.15
2026-04-04 13:30:00,0.09
2026-04-04 13:45:00,0.04
2026-04-04 14:00:00,0.11
2026-04-04 14:15:00,0.1
2026-04-04 14:30:00,0.1
2026-04-04 14:45:00,0.1
2026-04-04 15:00:00,0.0
2026-04-04 15:15:00,0.0
2026-04-04 15:30:00,0.0
2026-04-04 15:45:00,0.11
2026-04-04 16:00:00,0.0
2026-04-04 16:15:00,2.74
2026-04-04 16:30:00,6.63
2026-04-04 16:45:00,33.389999
2026-04-04 17:00:00,13.38
2026-04-04 17:15:00,26.25
2026-04-04 17:30:00,36.360001
2026-04-04 17:45:00,60.400002
2026-04-04 18:00:00,52.849998
2026-04-04 18:15:00,80.099998
2026-04-04 18:30:00,103.589996
2026-04-04 18:45:00,140.309998
2026-04-04 19:00:00,110.300003
2026-04-04 19:15:00,120.110001
2026-04-04 19:30:00,147.160004
2026-04-04 19:45:00,147.830002
2026-04-04 20:00:00,146.259995
2026-04-04 20:15:00,122.43
2026-04-04 20:30:00,115.860001
2026-04-04 20:45:00,97.040001
2026-04-04 21:00:00,121.889999
2026-04-04 21:15:00,95.349998
2026-04-04 21:30:00,88.389999
2026-04-04 21:45:00,78.730003
2026-04-04 22:00:00,100.480003
2026-04-04 22:15:00,77.75
2026-04-04 22:30:00,64.540001
2026-04-04 22:45:00,52.91
2026-04-04 23:00:00,67.089996
2026-04-04 23:15:00,44.790001
2026-04-04 23:30:00,33.400002
2026-04-04 23:45:00,22.049999
2026-04-05 00:00:00,2.29
2026-04-05 00:15:00,1.95
2026-04-05 00:30:00,0.0
2026-04-05 00:45:00,0.01
2026-04-05 01:00:00,1.0
2026-04-05 01:15:00,0.94
2026-04-05 01:30:00,0.84
2026-04-05 01:45:00,0.76
2026-04-05 02:00:00,1.38
2026-04-05 02:15:00,1.38
2026-04-05 02:30:00,1.32
2026-04-05 02:45:00,0.74
2026-04-05 03:00:00,0.66
2026-04-05 03:15:00,0.63
2026-04-05 03:30:00,0.6
2026-04-05 03:45:00,0.0
2026-04-05 04:00:00,0.0
2026-04-05 04:15:00,0.0
2026-04-05 04:30:00,0.0
2026-04-05 04:45:00,0.0
2026-04-05 05:00:00,0.04
2026-04-05 05:15:00,0.0
2026-04-05 05:30:00,-0.01
2026-04-05 05:45:00,-0.03
2026-04-05 06:00:00,-0.01
2026-04-05 06:15:00,-0.02
2026-04-05 06:30:00,-0.01
2026-04-05 06:45:00,-0.01
2026-04-05 07:00:00,-0.03
2026-04-05 07:15:00,-0.08
2026-04-05 07:30:00,-0.09
2026-04-05 07:45:00,-0.3
2026-04-05 08:00:00,0.12
2026-04-05 08:15:00,0.0
2026-04-05 08:30:00,-0.04
2026-04-05 08:45:00,-0.07
2026-04-05 09:00:00,-0.1
2026-04-05 09:15:00,-1.37
2026-04-05 09:30:00,-1.98
2026-04-05 09:45:00,-2.02
2026-04-05 10:00:00,-1.72
2026-04-05 10:15:00,-2.48
2026-04-05 10:30:00,-3.11
2026-04-05 10:45:00,-4.8
2026-04-05 11:00:00,-3.48
2026-04-05 11:15:00,-5.66
2026-04-05 11:30:00,-6.59
2026-04-05 11:45:00,-7.42
2026-04-05 12:00:00,-8.09
2026-04-05 12:15:00,-8.0
2026-04-05 12:30:00,-9.02
2026-04-05 12:45:00,-16.530001
2026-04-05 13:00:00,-11.92
2026-04-05 13:15:00,-17.370001
2026-04-05 13:30:00,-22.110001
2026-04-05 13:45:00,-29.129999
2026-04-05 14:00:00,-20.129999
2026-04-05 14:15:00,-23.360001
2026-04-05 14:30:00,-26.77
2026-04-05 14:45:00,-31.57
2026-04-05 15:00:00,-20.1
2026-04-05 15:15:00,-22.82
2026-04-05 15:30:00,-26.77
2026-04-05 15:45:00,-26.780001
2026-04-05 16:00:00,-26.780001
2026-04-05 16:15:00,-21.66
2026-04-05 16:30:00,-18.16
2026-04-05 16:45:00,-11.24
2026-04-05 17:00:00,-3.41
2026-04-05 17:15:00,-3.47
2026-04-05 17:30:00,-2.5
2026-04-05 17:45:00,-0.91
2026-04-05 18:00:00,-2.04
2026-04-05 18:15:00,-0.14
2026-04-05 18:30:00,0.0
2026-04-05 18:45:00,2.65
2026-04-05 19:00:00,4.5
2026-04-05 19:15:00,14.01
2026-04-05 19:30:00,29.91
2026-04-05 19:45:00,31.75
2026-04-05 20:00:00,29.870001
2026-04-05 20:15:00,32.610001
2026-04-05 20:30:00,34.720001
2026-04-05 20:45:00,36.200001
2026-04-05 21:00:00,36.330002
2026-04-05 21:15:00,33.07
2026-04-05 21:30:00,31.4
2026-04-05 21:45:00,20.02
2026-04-05 22:00:00,35.720001
2026-04-05 22:15:00,30.950001
2026-04-05 22:30:00,32.919998
2026-04-05 22:45:00,21.92
2026-04-05 23:00:00,34.150002
2026-04-05 23:15:00,22.280001
2026-04-05 23:30:00,12.96
2026-04-05 23:45:00,6.7
2026-04-06 00:00:00,3.99
2026-04-06 00:15:00,3.95
2026-04-06 00:30:00,2.47
2026-04-06 00:45:00,2.55
2026-04-06 01:00:00,3.18
2026-04-06 01:15:00,2.45
2026-04-06 01:30:00,1.59
2026-04-06 01:45:00,0.72
2026-04-06 02:00:00,1.61
2026-04-06 02:15:00,1.17
2026-04-06 02:30:00,0.9
2026-04-06 02:45:00,0.48
2026-04-06 03:00:00,1.38
2026-04-06 03:15:00,1.34
2026-04-06 03:30:00,1.36
2026-04-06 03:45:00,1.36
2026-04-06 04:00:00,0.66
2026-04-06 04:15:00,0.99
2026-04-06 04:30:00,1.59
2026-04-06 04:45:00,1.0
2026-04-06 05:00:00,2.49
2026-04-06 05:15:00,2.5
2026-04-06 05:30:00,2.11
2026-04-06 05:45:00,1.34
2026-04-06 06:00:00,2.44
2026-04-06 06:15:00,2.12
2026-04-06 06:30:00,2.07
2026-04-06 06:45:00,1.31
2026-04-06 07:00:00,2.44
2026-04-06 07:15:00,1.56
2026-04-06 07:30:00,1.33
2026-04-06 07:45:00,0.0
2026-04-06 08:00:00,-0.01
2026-04-06 08:15:00,-0.02
2026-04-06 08:30:00,-0.07
2026-04-06 08:45:00,-0.07
2026-04-06 09:00:00,-0.3
2026-04-06 09:15:00,-0.3
2026-04-06 09:30:00,-1.7
2026-04-06 09:45:00,-1.74
2026-04-06 10:00:00,-0.51
2026-04-06 10:15:00,-1.34
2026-04-06 10:30:00,-0.13
2026-04-06 10:45:00,-2.08
2026-04-06 11:00:00,-3.6
2026-04-06 11:15:00,-3.66
2026-04-06 11:30:00,-4.27
2026-04-06 11:45:00,-4.31
2026-04-06 12:00:00,-4.79
2026-04-06 12:15:00,-5.11
2026-04-06 12:30:00,-5.33
2026-04-06 12:45:00,-5.54
2026-04-06 13:00:00,-5.54
2026-04-06 13:15:00,-5.53
2026-04-06 13:30:00,-5.53
2026-04-06 13:45:00,-5.63
2026-04-06 14:00:00,-4.9
2026-04-06 14:15:00,-5.15
2026-04-06 14:30:00,-5.19
2026-04-06 14:45:00,-5.19
2026-04-06 15:00:00,-5.55
2026-04-06 15:15:00,-5.18
2026-04-06 15:30:00,-4.39
2026-04-06 15:45:00,-4.07
2026-04-06 16:00:00,-3.3
2026-04-06 16:15:00,-2.38
2026-04-06 16:30:00,-0.1
2026-04-06 16:45:00,-0.05
2026-04-06 17:00:00,-0.05
2026-04-06 17:15:00,-0.02
2026-04-06 17:30:00,0.0
2026-04-06 17:45:00,0.76
2026-04-06 18:00:00,0.0
2026-04-06 18:15:00,9.99
2026-04-06 18:30:00,56.5
2026-04-06 18:45:00,81.68
2026-04-06 19:00:00,82.290001
2026-04-06 19:15:00,110.019997
2026-04-06 19:30:00,111.449997
2026-04-06 19:45:00,115.830002
2026-04-06 20:00:00,117.57
2026-04-06 20:15:00,116.099998
2026-04-06 20:30:00,117.269997
2026-04-06 20:45:00,111.889999
2026-04-06 21:00:00,111.080002
2026-04-06 21:15:00,111.010002
2026-04-06 21:30:00,108.589996
2026-04-06 21:45:00,106.209999
2026-04-06 22:00:00,121.5
2026-04-06 22:15:00,117.349998
2026-04-06 22:30:00,111.760002
2026-04-06 22:45:00,104.779999
2026-04-06 23:00:00,116.589996
2026-04-06 23:15:00,110.629997
2026-04-06 23:30:00,106.809998
2026-04-06 23:45:00,101.190002
2026-04-07 00:00:00,107.540001
2026-04-07 00:15:00,107.230003
2026-04-07 00:30:00,107.190002
2026-04-07 00:45:00,103.639999
2026-04-07 01:00:00,104.279999
2026-04-07 01:15:00,101.739998
2026-04-07 01:30:00,100.629997
2026-04-07 01:45:00,98.529999
2026-04-07 02:00:00,102.440002
2026-04-07 02:15:00,101.959999
2026-04-07 02:30:00,101.25
2026-04-07 02:45:00,100.940002
2026-04-07 03:00:00,101.959999
2026-04-07 03:15:00,101.629997
2026-04-07 03:30:00,102.239998
2026-04-07 03:45:00,103.290001
2026-04-07 04:00:00,100.279999
2026-04-07 04:15:00,103.309998
2026-04-07 04:30:00,103.5
2026-04-07 04:45:00,113.449997
2026-04-07 05:00:00,108.93
2026-04-07 05:15:00,103.5
2026-04-07 05:30:00,117.029999
2026-04-07 05:45:00,121.769997
2026-04-07 06:00:00,111.5
2026-04-07 06:15:00,127.68
2026-04-07 06:30:00,137.100006
2026-04-07 06:45:00,154.199997
2026-04-07 07:00:00,135.869995
2026-04-07 07:15:00,204.839996
2026-04-07 07:30:00,169.229996
2026-04-07 07:45:00,128.639999
2026-04-07 08:00:00,198.979996
2026-04-07 08:15:00,137.869995
2026-04-07 08:30:00,101.589996
2026-04-07 08:45:00,72.989998
2026-04-07 09:00:00,128.729996
2026-04-07 09:15:00,88.410004
2026-04-07 09:30:00,71.0
2026-04-07 09:45:00,39.07
2026-04-07 10:00:00,69.300003
2026-04-07 10:15:00,27.59
2026-04-07 10:30:00,9.1
2026-04-07 10:45:00,7.21
2026-04-07 11:00:00,7.6
2026-04-07 11:15:00,6.77
2026-04-07 11:30:00,6.33
2026-04-07 11:45:00,5.52
2026-04-07 12:00:00,5.07
2026-04-07 12:15:00,4.49
2026-04-07 12:30:00,4.02
2026-04-07 12:45:00,4.02
2026-04-07 13:00:00,2.6
2026-04-07 13:15:00,2.52
2026-04-07 13:30:00,2.45
2026-04-07 13:45:00,4.01
2026-04-07 14:00:00,4.02
2026-04-07 14:15:00,7.68
2026-04-07 14:30:00,8.29
2026-04-07 14:45:00,9.1
2026-04-07 15:00:00,4.02
2026-04-07 15:15:00,6.16
2026-04-07 15:30:00,7.17
2026-04-07 15:45:00,7.53
2026-04-07 16:00:00,3.68
2026-04-07 16:15:00,4.25
2026-04-07 16:30:00,4.02
2026-04-07 16:45:00,16.620001
2026-04-07 17:00:00,11.59
2026-04-07 17:15:00,69.849998
2026-04-07 17:30:00,102.650002
2026-04-07 17:45:00,135.520004
2026-04-07 18:00:00,91.25
2026-04-07 18:15:00,124.790001
2026-04-07 18:30:00,140.679993
2026-04-07 18:45:00,195.259995
2026-04-07 19:00:00,148.699997
2026-04-07 19:15:00,177.330002
2026-04-07 19:30:00,204.089996
2026-04-07 19:45:00,211.25
2026-04-07 20:00:00,218.570007
2026-04-07 20:15:00,205.470001
2026-04-07 20:30:00,166.160004
2026-04-07 20:45:00,140.020004
2026-04-07 21:00:00,166.639999
2026-04-07 21:15:00,144.639999
2026-04-07 21:30:00,134.850006
2026-04-07 21:45:00,120.940002
2026-04-07 22:00:00,134.75
2026-04-07 22:15:00,128.990005
2026-04-07 22:30:00,128.630005
2026-04-07 22:45:00,120.980003
2026-04-07 23:00:00,127.870003
2026-04-07 23:15:00,117.720001
2026-04-07 23:30:00,114.540001
2026-04-07 23:45:00,112.660004
2026-04-08 00:00:00,115.57
2026-04-08 00:15:00,108.220001
2026-04-08 00:30:00,103.779999
2026-04-08 00:45:00,101.110001
2026-04-08 01:00:00,103.93
2026-04-08 01:15:00,103.0
2026-04-08 01:30:00,101.589996
2026-04-08 01:45:00,100.32
2026-04-08 02:00:00,101.980003
2026-04-08 02:15:00,100.089996
2026-04-08 02:30:00,100.370003
2026-04-08 02:45:00,100.839996
2026-04-08 03:00:00,102.32
2026-04-08 03:15:00,102.379997
2026-04-08 03:30:00,103.940002
2026-04-08 03:45:00,105.349998
2026-04-08 04:00:00,102.32
2026-04-08 04:15:00,104.68
2026-04-08 04:30:00,109.379997
2026-04-08 04:45:00,113.669998
2026-04-08 05:00:00,103.839996
2026-04-08 05:15:00,112.300003
2026-04-08 05:30:00,117.889999
2026-04-08 05:45:00,133.679993
2026-04-08 06:00:00,118.959999
2026-04-08 06:15:00,135.820007
2026-04-08 06:30:00,157.710007
2026-04-08 06:45:00,169.869995
2026-04-08 07:00:00,186.789993
2026-04-08 07:15:00,184.809998
2026-04-08 07:30:00,168.0
2026-04-08 07:45:00,135.589996
2026-04-08 08:00:00,185.940002
2026-04-08 08:15:00,141.770004
2026-04-08 08:30:00,127.790001
2026-04-08 08:45:00,98.529999
2026-04-08 09:00:00,134.369995
2026-04-08 09:15:00,105.989998
2026-04-08 09:30:00,87.5
2026-04-08 09:45:00,61.939999
2026-04-08 10:00:00,102.360001
2026-04-08 10:15:00,77.589996
2026-04-08 10:30:00,46.98
2026-04-08 10:45:00,42.880001
2026-04-08 11:00:00,49.400002
2026-04-08 11:15:00,39.799999
2026-04-08 11:30:00,29.76
2026-04-08 11:45:00,25.4
2026-04-08 12:00:00,47.389999
2026-04-08 12:15:00,39.150002
2026-04-08 12:30:00,35.759998
2026-04-08 12:45:00,32.189999
2026-04-08 13:00:00,42.779999
2026-04-08 13:15:00,38.240002
2026-04-08 13:30:00,35.169998
2026-04-08 13:45:00,34.080002
2026-04-08 14:00:00,37.259998
2026-04-08 14:15:00,36.919998
2026-04-08 14:30:00,36.169998
2026-04-08 14:45:00,37.099998
2026-04-08 15:00:00,28.98
2026-04-08 15:15:00,32.669998
2026-04-08 15:30:00,37.02
2026-04-08 15:45:00,35.27
2026-04-08 16:00:00,35.759998
2026-04-08 16:15:00,35.810001
2026-04-08 16:30:00,36.009998
2026-04-08 16:45:00,59.470001
2026-04-08 17:00:00,30.08
2026-04-08 17:15:00,85.639999
2026-04-08 17:30:00,113.239998
2026-04-08 17:45:00,138.539993
2026-04-08 18:00:00,109.900002
2026-04-08 18:15:00,126.080002
2026-04-08 18:30:00,137.919998
2026-04-08 18:45:00,163.089996
2026-04-08 19:00:00,145.949997
2026-04-08 19:15:00,167.020004
2026-04-08 19:30:00,181.669998
2026-04-08 19:45:00,185.389999
2026-04-08 20:00:00,201.009995
2026-04-08 20:15:00,163.559998
2026-04-08 20:30:00,142.669998
2026-04-08 20:45:00,134.970001
2026-04-08 21:00:00,154.929993
2026-04-08 21:15:00,141.679993
2026-04-08 21:30:00,134.800003
2026-04-08 21:45:00,117.0
2026-04-08 22:00:00,127.300003
2026-04-08 22:15:00,122.589996
2026-04-08 22:30:00,121.160004
2026-04-08 22:45:00,114.519997
2026-04-08 23:00:00,117.370003
2026-04-08 23:15:00,110.949997
2026-04-08 23:30:00,107.75
2026-04-08 23:45:00,101.830002
2026-04-09 00:00:00,109.559998
2026-04-09 00:15:00,105.540001
2026-04-09 00:30:00,103.089996
2026-04-09 00:45:00,101.400002
2026-04-09 01:00:00,101.870003
2026-04-09 01:15:00,101.419998
2026-04-09 01:30:00,100.800003
2026-04-09 01:45:00,100.32
2026-04-09 02:00:00,100.809998
2026-04-09 02:15:00,100.809998
2026-04-09 02:30:00,101.199997
2026-04-09 02:45:00,101.559998
2026-04-09 03:00:00,100.739998
2026-04-09 03:15:00,101.5
2026-04-09 03:30:00,101.949997
2026-04-09 03:45:00,103.260002
2026-04-09 04:00:00,99.800003
2026-04-09 04:15:00,102.400002
2026-04-09 04:30:00,105.25
2026-04-09 04:45:00,112.110001
2026-04-09 05:00:00,102.470001
2026-04-09 05:15:00,107.190002
2026-04-09 05:30:00,115.879997
2026-04-09 05:45:00,123.980003
2026-04-09 06:00:00,116.370003
2026-04-09 06:15:00,127.970001
2026-04-09 06:30:00,136.789993
2026-04-09 06:45:00,141.25
2026-04-09 07:00:00,149.0
2026-04-09 07:15:00,147.779999
2026-04-09 07:30:00,140.059998
2026-04-09 07:45:00,126.610001
2026-04-09 08:00:00,158.75
2026-04-09 08:15:00,135.800003
2026-04-09 08:30:00,119.690002
2026-04-09 08:45:00,98.120003
2026-04-09 09:00:00,131.699997
2026-04-09 09:15:00,108.580002
2026-04-09 09:30:00,89.559998
2026-04-09 09:45:00,68.860001
2026-04-09 10:00:00,88.440002
2026-04-09 10:15:00,74.849998
2026-04-09 10:30:00,47.09
2026-04-09 10:45:00,10.34
2026-04-09 11:00:00,12.3
2026-04-09 11:15:00,7.0
2026-04-09 11:30:00,4.56
2026-04-09 11:45:00,4.26
2026-04-09 12:00:00,5.83
2026-04-09 12:15:00,4.3
2026-04-09 12:30:00,3.43
2026-04-09 12:45:00,2.0
2026-04-09 13:00:00,2.44
2026-04-09 13:15:00,2.0
2026-04-09 13:30:00,2.0
2026-04-09 13:45:00,1.56
2026-04-09 14:00:00,1.34
2026-04-09 14:15:00,1.34
2026-04-09 14:30:00,1.34
2026-04-09 14:45:00,1.34
2026-04-09 15:00:00,2.45
2026-04-09 15:15:00,3.39
2026-04-09 15:30:00,4.23
2026-04-09 15:45:00,5.2
2026-04-09 16:00:00,2.4
2026-04-09 16:15:00,4.32
2026-04-09 16:30:00,33.41
2026-04-09 16:45:00,71.239998
2026-04-09 17:00:00,27.4
2026-04-09 17:15:00,75.230003
2026-04-09 17:30:00,95.730003
2026-04-09 17:45:00,113.629997
2026-04-09 18:00:00,85.370003
2026-04-09 18:15:00,105.690002
2026-04-09 18:30:00,112.209999
2026-04-09 18:45:00,121.080002
2026-04-09 19:00:00,111.959999
2026-04-09 19:15:00,111.099998
2026-04-09 19:30:00,113.699997
2026-04-09 19:45:00,116.110001
2026-04-09 20:00:00,118.599998
2026-04-09 20:15:00,112.940002
2026-04-09 20:30:00,103.089996
2026-04-09 20:45:00,94.599998
2026-04-09 21:00:00,100.370003
2026-04-09 21:15:00,99.419998
2026-04-09 21:30:00,87.230003
2026-04-09 21:45:00,63.34
2026-04-09 22:00:00,90.029999
2026-04-09 22:15:00,77.690002
2026-04-09 22:30:00,66.739998
2026-04-09 22:45:00,50.25
2026-04-09 23:00:00,73.440002
2026-04-09 23:15:00,62.23
2026-04-09 23:30:00,57.869999
2026-04-09 23:45:00,51.259998
2026-04-10 00:00:00,60.5
2026-04-10 00:15:00,68.309998
2026-04-10 00:30:00,61.400002
2026-04-10 00:45:00,58.0
2026-04-10 01:00:00,63.990002
2026-04-10 01:15:00,64.739998
2026-04-10 01:30:00,62.009998
2026-04-10 01:45:00,58.169998
2026-04-10 02:00:00,65.93
2026-04-10 02:15:00,62.939999
2026-04-10 02:30:00,59.150002
2026-04-10 02:45:00,59.349998
2026-04-10 03:00:00,57.849998
2026-04-10 03:15:00,58.209999
2026-04-10 03:30:00,60.209999
2026-04-10 03:45:00,61.279999
2026-04-10 04:00:00,58.84
2026-04-10 04:15:00,62.650002
2026-04-10 04:30:00,66.239998
2026-04-10 04:45:00,73.860001
2026-04-10 05:00:00,63.66
2026-04-10 05:15:00,72.739998
2026-04-10 05:30:00,79.029999
2026-04-10 05:45:00,91.580002
2026-04-10 06:00:00,82.489998
2026-04-10 06:15:00,106.470001
2026-04-10 06:30:00,111.199997
2026-04-10 06:45:00,118.279999
2026-04-10 07:00:00,121.349998
2026-04-10 07:15:00,123.949997
2026-04-10 07:30:00,122.25
2026-04-10 07:45:00,118.940002
2026-04-10 08:00:00,132.0
2026-04-10 08:15:00,127.199997
2026-04-10 08:30:00,123.010002
2026-04-10 08:45:00,110.139999
2026-04-10 09:00:00,131.179993
2026-04-10 09:15:00,119.099998
2026-04-10 09:30:00,117.110001
2026-04-10 09:45:00,109.239998
2026-04-10 10:00:00,118.68
2026-04-10 10:15:00,110.779999
2026-04-10 10:30:00,111.0
2026-04-10 10:45:00,98.900002
2026-04-10 11:00:00,110.209999
2026-04-10 11:15:00,102.57
2026-04-10 11:30:00,100.18
2026-04-10 11:45:00,99.0
2026-04-10 12:00:00,95.480003
2026-04-10 12:15:00,88.480003
2026-04-10 12:30:00,96.019997
2026-04-10 12:45:00,88.379997
2026-04-10 13:00:00,96.110001
2026-04-10 13:15:00,87.940002
2026-04-10 13:30:00,84.889999
2026-04-10 13:45:00,86.809998
2026-04-10 14:00:00,87.910004
2026-04-10 14:15:00,85.68
2026-04-10 14:30:00,88.059998
2026-04-10 14:45:00,87.949997
2026-04-10 15:00:00,86.519997
2026-04-10 15:15:00,94.040001
2026-04-10 15:30:00,97.129997
2026-04-10 15:45:00,98.379997
2026-04-10 16:00:00,94.599998
2026-04-10 16:15:00,104.029999
2026-04-10 16:30:00,112.849998
2026-04-10 16:45:00,123.639999
2026-04-10 17:00:00,105.980003
2026-04-10 17:15:00,120.779999
2026-04-10 17:30:00,128.770004
2026-04-10 17:45:00,153.279999
2026-04-10 18:00:00,125.690002
2026-04-10 18:15:00,131.119995
2026-04-10 18:30:00,144.899994
2026-04-10 18:45:00,200.009995
2026-04-10 19:00:00,153.559998
2026-04-10 19:15:00,190.929993
2026-04-10 19:30:00,228.660004
2026-04-10 19:45:00,313.410004
2026-04-10 20:00:00,261.899994
2026-04-10 20:15:00,250.350006
2026-04-10 20:30:00,234.229996
2026-04-10 20:45:00,206.149994
2026-04-10 21:00:00,211.789993
2026-04-10 21:15:00,169.330002
2026-04-10 21:30:00,161.0
2026-04-10 21:45:00,140.399994
2026-04-10 22:00:00,159.479996
2026-04-10 22:15:00,144.429993
2026-04-10 22:30:00,137.520004
2026-04-10 22:45:00,126.870003
2026-04-10 23:00:00,131.600006
2026-04-10 23:15:00,126.059998
2026-04-10 23:30:00,126.07
2026-04-10 23:45:00,119.150002
2026-04-11 00:00:00,141.509995
2026-04-11 00:15:00,131.190002
2026-04-11 00:30:00,127.029999
2026-04-11 00:45:00,121.07
2026-04-11 01:00:00,125.639999
2026-04-11 01:15:00,121.68
2026-04-11 01:30:00,113.699997
2026-04-11 01:45:00,114.900002
2026-04-11 02:00:00,116.620003
2026-04-11 02:15:00,114.050003
2026-04-11 02:30:00,113.959999
2026-04-11 02:45:00,112.720001
2026-04-11 03:00:00,114.529999
2026-04-11 03:15:00,113.25
2026-04-11 03:30:00,112.32
2026-04-11 03:45:00,108.839996
2026-04-11 04:00:00,113.010002
2026-04-11 04:15:00,112.059998
2026-04-11 04:30:00,111.080002
2026-04-11 04:45:00,107.199997
2026-04-11 05:00:00,111.760002
2026-04-11 05:15:00,107.760002
2026-04-11 05:30:00,107.529999
2026-04-11 05:45:00,106.389999
2026-04-11 06:00:00,107.419998
2026-04-11 06:15:00,108.660004
2026-04-11 06:30:00,108.459999
2026-04-11 06:45:00,101.879997
2026-04-11 07:00:00,110.300003
2026-04-11 07:15:00,105.699997
2026-04-11 07:30:00,90.489998
2026-04-11 07:45:00,66.459999
2026-04-11 08:00:00,103.620003
2026-04-11 08:15:00,87.410004
2026-04-11 08:30:00,63.77
2026-04-11 08:45:00,26.209999
2026-04-11 09:00:00,57.52
2026-04-11 09:15:00,26.139999
2026-04-11 09:30:00,14.81
2026-04-11 09:45:00,6.2
2026-04-11 10:00:00,14.61
2026-04-11 10:15:00,7.71
2026-04-11 10:30:00,4.69
2026-04-11 10:45:00,2.0
2026-04-11 11:00:00,2.0
2026-04-11 11:15:00,1.34
2026-04-11 11:30:00,-0.01
2026-04-11 11:45:00,-0.08
2026-04-11 12:00:00,-1.7
2026-04-11 12:15:00,-4.0
2026-04-11 12:30:00,-10.55
2026-04-11 12:45:00,-15.75
2026-04-11 13:00:00,-12.05
2026-04-11 13:15:00,-15.89
2026-04-11 13:30:00,-16.309999
2026-04-11 13:45:00,-16.440001
2026-04-11 14:00:00,-22.82
2026-04-11 14:15:00,-20.1
2026-04-11 14:30:00,-15.71
2026-04-11 14:45:00,-10.34
2026-04-11 15:00:00,-16.74
2026-04-11 15:15:00,-20.07
2026-04-11 15:30:00,-18.870001
2026-04-11 15:45:00,-16.059999
2026-04-11 16:00:00,-8.01
2026-04-11 16:15:00,-4.0
2026-04-11 16:30:00,-0.14
2026-04-11 16:45:00,-0.07
2026-04-11 17:00:00,0.0
2026-04-11 17:15:00,1.34
2026-04-11 17:30:00,2.43
2026-04-11 17:45:00,4.79
2026-04-11 18:00:00,2.38
2026-04-11 18:15:00,37.099998
2026-04-11 18:30:00,60.41
2026-04-11 18:45:00,74.900002
2026-04-11 19:00:00,57.619999
2026-04-11 19:15:00,61.389999
2026-04-11 19:30:00,64.07
2026-04-11 19:45:00,63.889999
2026-04-11 20:00:00,68.480003
2026-04-11 20:15:00,60.75
2026-04-11 20:30:00,58.560001
2026-04-11 20:45:00,52.900002
2026-04-11 21:00:00,57.48
2026-04-11 21:15:00,55.709999
2026-04-11 21:30:00,51.48
2026-04-11 21:45:00,47.279999
2026-04-11 22:00:00,55.029999
2026-04-11 22:15:00,54.220001
2026-04-11 22:30:00,51.200001
2026-04-11 22:45:00,46.82
2026-04-11 23:00:00,52.939999
2026-04-11 23:15:00,51.700001
2026-04-11 23:30:00,48.98
2026-04-11 23:45:00,45.41
2026-04-12 00:00:00,65.769997
2026-04-12 00:15:00,53.049999
2026-04-12 00:30:00,55.220001
2026-04-12 00:45:00,51.029999
2026-04-12 01:00:00,58.970001
2026-04-12 01:15:00,53.900002
2026-04-12 01:30:00,55.509998
2026-04-12 01:45:00,58.0
2026-04-12 02:00:00,56.5
2026-04-12 02:15:00,58.07
2026-04-12 02:30:00,60.630001
2026-04-12 02:45:00,63.07
2026-04-12 03:00:00,74.739998
2026-04-12 03:15:00,77.309998
2026-04-12 03:30:00,75.110001
2026-04-12 03:45:00,79.080002
2026-04-12 04:00:00,82.260002
2026-04-12 04:15:00,83.959999
2026-04-12 04:30:00,86.470001
2026-04-12 04:45:00,90.040001
2026-04-12 05:00:00,86.32
2026-04-12 05:15:00,89.769997
2026-04-12 05:30:00,91.059998
2026-04-12 05:45:00,91.190002
2026-04-12 06:00:00,91.019997
2026-04-12 06:15:00,90.660004
2026-04-12 06:30:00,87.169998
2026-04-12 06:45:00,86.959999
2026-04-12 07:00:00,94.150002
2026-04-12 07:15:00,89.099998
2026-04-12 07:30:00,84.050003
2026-04-12 07:45:00,82.25
2026-04-12 08:00:00,87.989998
2026-04-12 08:15:00,81.279999
2026-04-12 08:30:00,77.139999
2026-04-12 08:45:00,58.0
2026-04-12 09:00:00,63.610001
2026-04-12 09:15:00,56.98
2026-04-12 09:30:00,47.689999
2026-04-12 09:45:00,45.009998
2026-04-12 10:00:00,49.720001
2026-04-12 10:15:00,24.93
2026-04-12 10:30:00,25.049999
2026-04-12 10:45:00,21.23
2026-04-12 11:00:00,26.25
2026-04-12 11:15:00,23.67
2026-04-12 11:30:00,20.790001
2026-04-12 11:45:00,18.950001
2026-04-12 12:00:00,21.58
2026-04-12 12:15:00,16.25
2026-04-12 12:30:00,15.0
2026-04-12 12:45:00,7.07
2026-04-12 13:00:00,7.61
2026-04-12 13:15:00,4.41
2026-04-12 13:30:00,2.72
2026-04-12 13:45:00,3.11
2026-04-12 14:00:00,4.54
2026-04-12 14:15:00,6.7
2026-04-12 14:30:00,10.0
2026-04-12 14:45:00,9.35
2026-04-12 15:00:00,5.96
2026-04-12 15:15:00,10.04
2026-04-12 15:30:00,17.23
2026-04-12 15:45:00,30.389999
2026-04-12 16:00:00,33.09
2026-04-12 16:15:00,61.549999
2026-04-12 16:30:00,66.129997
2026-04-12 16:45:00,106.879997
2026-04-12 17:00:00,60.43
2026-04-12 17:15:00,90.779999
2026-04-12 17:30:00,122.980003
2026-04-12 17:45:00,136.479996
2026-04-12 18:00:00,117.650002
2026-04-12 18:15:00,126.489998
2026-04-12 18:30:00,137.929993
2026-04-12 18:45:00,144.770004
2026-04-12 19:00:00,136.970001
2026-04-12 19:15:00,136.589996
2026-04-12 19:30:00,145.460007
2026-04-12 19:45:00,157.050003
2026-04-12 20:00:00,148.880005
2026-04-12 20:15:00,147.830002
2026-04-12 20:30:00,146.089996
2026-04-12 20:45:00,140.229996
2026-04-12 21:00:00,140.919998
2026-04-12 21:15:00,135.300003
2026-04-12 21:30:00,137.300003
2026-04-12 21:45:00,133.410004
2026-04-12 22:00:00,139.589996
2026-04-12 22:15:00,134.699997
2026-04-12 22:30:00,128.720001
2026-04-12 22:45:00,119.419998
2026-04-12 23:00:00,135.050003
2026-04-12 23:15:00,119.330002
2026-04-12 23:30:00,119.419998
2026-04-12 23:45:00,110.230003
2026-04-13 00:00:00,123.330002
2026-04-13 00:15:00,119.379997
2026-04-13 00:30:00,111.989998
2026-04-13 00:45:00,110.0
2026-04-13 01:00:00,113.290001
2026-04-13 01:15:00,110.599998
2026-04-13 01:30:00,110.0
2026-04-13 01:45:00,105.290001
2026-04-13 02:00:00,109.199997
2026-04-13 02:15:00,104.059998
2026-04-13 02:30:00,108.32
2026-04-13 02:45:00,107.68
2026-04-13 03:00:00,109.5
2026-04-13 03:15:00,106.900002
2026-04-13 03:30:00,108.089996
2026-04-13 03:45:00,105.870003
2026-04-13 04:00:00,109.160004
2026-04-13 04:15:00,109.57
2026-04-13 04:30:00,108.720001
2026-04-13 04:45:00,112.629997
2026-04-13 05:00:00,112.68
2026-04-13 05:15:00,114.370003
2026-04-13 05:30:00,119.440002
2026-04-13 05:45:00,124.080002
2026-04-13 06:00:00,123.400002
2026-04-13 06:15:00,134.100006
2026-04-13 06:30:00,141.820007
2026-04-13 06:45:00,140.380005
2026-04-13 07:00:00,145.160004
2026-04-13 07:15:00,143.419998
2026-04-13 07:30:00,144.220001
2026-04-13 07:45:00,144.550003
2026-04-13 08:00:00,214.690002
2026-04-13 08:15:00,172.220001
2026-04-13 08:30:00,156.190002
2026-04-13 08:45:00,149.110001
2026-04-13 09:00:00,192.369995
2026-04-13 09:15:00,174.809998
2026-04-13 09:30:00,145.779999
2026-04-13 09:45:00,130.899994
2026-04-13 10:00:00,177.029999
2026-04-13 10:15:00,133.0
2026-04-13 10:30:00,126.400002
2026-04-13 10:45:00,118.089996
2026-04-13 11:00:00,126.529999
2026-04-13 11:15:00,112.809998
2026-04-13 11:30:00,110.910004
2026-04-13 11:45:00,113.75
2026-04-13 12:00:00,112.82
2026-04-13 12:15:00,101.019997
2026-04-13 12:30:00,104.839996
2026-04-13 12:45:00,100.260002
2026-04-13 13:00:00,99.790001
2026-04-13 13:15:00,97.449997
2026-04-13 13:30:00,97.040001
2026-04-13 13:45:00,95.290001
2026-04-13 14:00:00,98.25
2026-04-13 14:15:00,99.309998
2026-04-13 14:30:00,103.300003
2026-04-13 14:45:00,105.919998
2026-04-13 15:00:00,100.400002
2026-04-13 15:15:00,103.779999
2026-04-13 15:30:00,103.370003
2026-04-13 15:45:00,111.0
2026-04-13 16:00:00,97.93
2026-04-13 16:15:00,103.379997
2026-04-13 16:30:00,117.699997
2026-04-13 16:45:00,139.130005
2026-04-13 17:00:00,101.209999
2026-04-13 17:15:00,117.5
2026-04-13 17:30:00,135.789993
2026-04-13 17:45:00,134.5
2026-04-13 18:00:00,125.690002
2026-04-13 18:15:00,139.039993
2026-04-13 18:30:00,141.089996
2026-04-13 18:45:00,136.869995
2026-04-13 19:00:00,149.679993
2026-04-13 19:15:00,157.740005
2026-04-13 19:30:00,147.509995
2026-04-13 19:45:00,137.919998
2026-04-13 20:00:00,141.880005
2026-04-13 20:15:00,139.25
2026-04-13 20:30:00,135.369995
2026-04-13 20:45:00,131.679993
2026-04-13 21:00:00,131.009995
2026-04-13 21:15:00,128.630005
2026-04-13 21:30:00,123.610001
2026-04-13 21:45:00,121.209999
2026-04-13 22:00:00,120.150002
2026-04-13 22:15:00,118.849998
2026-04-13 22:30:00,117.580002
2026-04-13 22:45:00,117.059998
2026-04-13 23:00:00,117.580002
2026-04-13 23:15:00,117.209999
2026-04-13 23:30:00,119.519997
2026-04-13 23:45:00,113.230003
2026-04-14 00:00:00,115.480003
2026-04-14 00:15:00,116.209999
2026-04-14 00:30:00,113.330002
2026-04-14 00:45:00,111.07
2026-04-14 01:00:00,113.559998
2026-04-14 01:15:00,113.25
2026-04-14 01:30:00,112.790001
2026-04-14 01:45:00,115.059998
2026-04-14 02:00:00,115.099998
2026-04-14 02:15:00,115.0
2026-04-14 02:30:00,114.389999
2026-04-14 02:45:00,115.470001
2026-04-14 03:00:00,113.199997
2026-04-14 03:15:00,112.860001
2026-04-14 03:30:00,113.800003
2026-04-14 03:45:00,113.68
2026-04-14 04:00:00,113.489998
2026-04-14 04:15:00,114.089996
2026-04-14 04:30:00,114.940002
2026-04-14 04:45:00,115.739998
2026-04-14 05:00:00,114.269997
2026-04-14 05:15:00,116.190002
2026-04-14 05:30:00,117.370003
2026-04-14 05:45:00,123.209999
2026-04-14 06:00:00,119.559998
2026-04-14 06:15:00,134.389999
2026-04-14 06:30:00,136.419998
2026-04-14 06:45:00,153.919998
2026-04-14 07:00:00,156.119995
2026-04-14 07:15:00,167.619995
2026-04-14 07:30:00,171.860001
2026-04-14 07:45:00,155.559998
2026-04-14 08:00:00,196.179993
2026-04-14 08:15:00,179.399994
2026-04-14 08:30:00,150.289993
2026-04-14 08:45:00,132.110001
2026-04-14 09:00:00,172.429993
2026-04-14 09:15:00,145.100006
2026-04-14 09:30:00,139.979996
2026-04-14 09:45:00,119.809998
2026-04-14 10:00:00,142.039993
2026-04-14 10:15:00,129.899994
2026-04-14 10:30:00,121.580002
2026-04-14 10:45:00,121.800003
2026-04-14 11:00:00,120.139999
2026-04-14 11:15:00,118.849998
2026-04-14 11:30:00,116.480003
2026-04-14 11:45:00,113.860001
2026-04-14 12:00:00,114.139999
2026-04-14 12:15:00,110.300003
2026-04-14 12:30:00,107.839996
2026-04-14 12:45:00,105.75
2026-04-14 13:00:00,106.949997
2026-04-14 13:15:00,105.830002
2026-04-14 13:30:00,105.07
2026-04-14 13:45:00,100.949997
2026-04-14 14:00:00,100.870003
2026-04-14 14:15:00,105.190002
2026-04-14 14:30:00,109.300003
2026-04-14 14:45:00,120.279999
2026-04-14 15:00:00,103.410004
2026-04-14 15:15:00,112.599998
2026-04-14 15:30:00,120.0
2026-04-14 15:45:00,126.260002
2026-04-14 16:00:00,110.290001
2026-04-14 16:15:00,112.099998
2026-04-14 16:30:00,124.709999
2026-04-14 16:45:00,132.889999
2026-04-14 17:00:00,115.989998
2026-04-14 17:15:00,124.669998
2026-04-14 17:30:00,135.589996
2026-04-14 17:45:00,141.050003
2026-04-14 18:00:00,132.429993
2026-04-14 18:15:00,147.820007
2026-04-14 18:30:00,163.009995
2026-04-14 18:45:00,191.800003
2026-04-14 19:00:00,171.139999
2026-04-14 19:15:00,193.809998
2026-04-14 19:30:00,232.589996
2026-04-14 19:45:00,287.950012
2026-04-14 20:00:00,259.01001
2026-04-14 20:15:00,253.630005
2026-04-14 20:30:00,223.660004
2026-04-14 20:45:00,194.449997
2026-04-14 21:00:00,186.669998
2026-04-14 21:15:00,171.0
2026-04-14 21:30:00,156.410004
2026-04-14 21:45:00,149.710007
2026-04-14 22:00:00,160.100006
2026-04-14 22:15:00,151.369995
2026-04-14 22:30:00,142.929993
2026-04-14 22:45:00,134.470001
2026-04-14 23:00:00,145.190002
2026-04-14 23:15:00,137.080002
2026-04-14 23:30:00,129.5
2026-04-14 23:45:00,120.010002
2026-04-15 00:00:00,124.5
2026-04-15 00:15:00,121.690002
2026-04-15 00:30:00,118.769997
2026-04-15 00:45:00,116.68
2026-04-15 01:00:00,119.900002
2026-04-15 01:15:00,118.029999
2026-04-15 01:30:00,114.889999
2026-04-15 01:45:00,113.010002
2026-04-15 02:00:00,113.690002
2026-04-15 02:15:00,112.699997
2026-04-15 02:30:00,110.669998
2026-04-15 02:45:00,110.010002
2026-04-15 03:00:00,110.0
2026-04-15 03:15:00,110.019997
2026-04-15 03:30:00,110.040001
2026-04-15 03:45:00,110.010002
2026-04-15 04:00:00,110.099998
2026-04-15 04:15:00,109.010002
2026-04-15 04:30:00,111.269997
2026-04-15 04:45:00,112.989998
2026-04-15 05:00:00,114.68
2026-04-15 05:15:00,119.660004
2026-04-15 05:30:00,124.879997
2026-04-15 05:45:00,131.100006
2026-04-15 06:00:00,137.710007
2026-04-15 06:15:00,147.440002
2026-04-15 06:30:00,151.490005
2026-04-15 06:45:00,156.600006
2026-04-15 07:00:00,166.919998
2026-04-15 07:15:00,164.869995
2026-04-15 07:30:00,161.279999
2026-04-15 07:45:00,145.139999
2026-04-15 08:00:00,164.5
2026-04-15 08:15:00,145.880005
2026-04-15 08:30:00,135.770004
2026-04-15 08:45:00,114.25
2026-04-15 09:00:00,130.0
2026-04-15 09:15:00,121.940002
2026-04-15 09:30:00,110.099998
2026-04-15 09:45:00,103.239998
2026-04-15 10:00:00,126.0
2026-04-15 10:15:00,101.839996
2026-04-15 10:30:00,94.309998
2026-04-15 10:45:00,81.059998
2026-04-15 11:00:00,99.330002
2026-04-15 11:15:00,84.919998
2026-04-15 11:30:00,74.389999
2026-04-15 11:45:00,57.119999
2026-04-15 12:00:00,71.330002
2026-04-15 12:15:00,62.880001
2026-04-15 12:30:00,57.540001
2026-04-15 12:45:00,54.689999
2026-04-15 13:00:00,52.099998
2026-04-15 13:15:00,52.16
2026-04-15 13:30:00,54.009998
2026-04-15 13:45:00,55.560001
2026-04-15 14:00:00,48.990002
2026-04-15 14:15:00,61.049999
2026-04-15 14:30:00,73.010002
2026-04-15 14:45:00,85.980003
2026-04-15 15:00:00,65.529999
2026-04-15 15:15:00,76.489998
2026-04-15 15:30:00,86.5
2026-04-15 15:45:00,97.449997
2026-04-15 16:00:00,84.769997
2026-04-15 16:15:00,96.5
2026-04-15 16:30:00,104.639999
2026-04-15 16:45:00,111.110001
2026-04-15 17:00:00,109.410004
2026-04-15 17:15:00,118.400002
2026-04-15 17:30:00,130.910004
2026-04-15 17:45:00,140.639999
2026-04-15 18:00:00,127.120003
2026-04-15 18:15:00,132.570007
2026-04-15 18:30:00,143.240005
2026-04-15 18:45:00,159.619995
2026-04-15 19:00:00,153.190002
2026-04-15 19:15:00,161.100006
2026-04-15 19:30:00,180.970001
2026-04-15 19:45:00,202.490005
2026-04-15 20:00:00,198.389999
2026-04-15 20:15:00,184.009995
2026-04-15 20:30:00,172.380005
2026-04-15 20:45:00,152.240005
2026-04-15 21:00:00,166.929993
2026-04-15 21:15:00,146.889999
2026-04-15 21:30:00,139.970001
2026-04-15 21:45:00,127.760002
2026-04-15 22:00:00,140.369995
2026-04-15 22:15:00,132.580002
2026-04-15 22:30:00,126.760002
2026-04-15 22:45:00,123.150002
2026-04-15 23:00:00,130.110001
2026-04-15 23:15:00,120.709999
2026-04-15 23:30:00,112.290001
2026-04-15 23:45:00,103.400002
2026-04-16 00:00:00,112.510002
2026-04-16 00:15:00,108.709999
2026-04-16 00:30:00,103.529999
2026-04-16 00:45:00,100.110001
2026-04-16 01:00:00,104.620003
2026-04-16 01:15:00,100.889999
2026-04-16 01:30:00,100.349998
2026-04-16 01:45:00,99.730003
2026-04-16 02:00:00,99.690002
2026-04-16 02:15:00,100.5
2026-04-16 02:30:00,100.080002
2026-04-16 02:45:00,98.110001
2026-04-16 03:00:00,96.779999
2026-04-16 03:15:00,98.25
2026-04-16 03:30:00,99.459999
2026-04-16 03:45:00,98.970001
2026-04-16 04:00:00,96.720001
2026-04-16 04:15:00,98.910004
2026-04-16 04:30:00,102.290001
2026-04-16 04:45:00,105.690002
2026-04-16 05:00:00,99.809998
2026-04-16 05:15:00,103.129997
2026-04-16 05:30:00,112.949997
2026-04-16 05:45:00,120.510002
2026-04-16 06:00:00,124.809998
2026-04-16 06:15:00,134.979996
2026-04-16 06:30:00,137.960007
2026-04-16 06:45:00,152.270004
2026-04-16 07:00:00,143.509995
2026-04-16 07:15:00,146.419998
2026-04-16 07:30:00,141.410004
2026-04-16 07:45:00,133.419998
2026-04-16 08:00:00,159.990005
2026-04-16 08:15:00,141.440002
2026-04-16 08:30:00,130.360001
2026-04-16 08:45:00,102.75
2026-04-16 09:00:00,124.5
2026-04-16 09:15:00,109.989998
2026-04-16 09:30:00,103.860001
2026-04-16 09:45:00,102.43
2026-04-16 10:00:00,120.93
2026-04-16 10:15:00,105.0
2026-04-16 10:30:00,90.790001
2026-04-16 10:45:00,68.690002
2026-04-16 11:00:00,96.730003
2026-04-16 11:15:00,85.0
2026-04-16 11:30:00,67.980003
2026-04-16 11:45:00,52.98
2026-04-16 12:00:00,80.989998
2026-04-16 12:15:00,63.110001
2026-04-16 12:30:00,54.220001
2026-04-16 12:45:00,44.139999
2026-04-16 13:00:00,59.450001
2026-04-16 13:15:00,52.919998
2026-04-16 13:30:00,46.439999
2026-04-16 13:45:00,39.849998
2026-04-16 14:00:00,43.009998
2026-04-16 14:15:00,52.639999
2026-04-16 14:30:00,60.91
2026-04-16 14:45:00,68.599998
2026-04-16 15:00:00,52.790001
2026-04-16 15:15:00,64.220001
2026-04-16 15:30:00,75.889999
2026-04-16 15:45:00,90.580002
2026-04-16 16:00:00,64.989998
2026-04-16 16:15:00,86.389999
2026-04-16 16:30:00,100.559998
2026-04-16 16:45:00,107.089996
2026-04-16 17:00:00,97.580002
2026-04-16 17:15:00,106.300003
2026-04-16 17:30:00,117.349998
2026-04-16 17:45:00,124.989998
2026-04-16 18:00:00,105.279999
2026-04-16 18:15:00,127.120003
2026-04-16 18:30:00,137.059998
2026-04-16 18:45:00,155.119995
2026-04-16 19:00:00,135.589996
2026-04-16 19:15:00,150.929993
2026-04-16 19:30:00,175.259995
2026-04-16 19:45:00,205.929993
2026-04-16 20:00:00,193.589996
2026-04-16 20:15:00,196.089996
2026-04-16 20:30:00,185.860001
2026-04-16 20:45:00,173.729996
2026-04-16 21:00:00,174.820007
2026-04-16 21:15:00,160.429993
2026-04-16 21:30:00,146.160004
2026-04-16 21:45:00,138.630005
2026-04-16 22:00:00,151.440002
2026-04-16 22:15:00,141.440002
2026-04-16 22:30:00,135.580002
2026-04-16 22:45:00,126.580002
2026-04-16 23:00:00,135.0
2026-04-16 23:15:00,128.679993
2026-04-16 23:30:00,125.849998
2026-04-16 23:45:00,119.919998
2026-04-17 00:00:00,128.479996
2026-04-17 00:15:00,123.410004
2026-04-17 00:30:00,118.830002
2026-04-17 00:45:00,116.370003
2026-04-17 01:00:00,118.0
2026-04-17 01:15:00,117.339996
2026-04-17 01:30:00,113.980003
2026-04-17 01:45:00,112.769997
2026-04-17 02:00:00,113.040001
2026-04-17 02:15:00,112.769997
2026-04-17 02:30:00,112.309998
2026-04-17 02:45:00,112.010002
2026-04-17 03:00:00,109.220001
2026-04-17 03:15:00,107.989998
2026-04-17 03:30:00,108.470001
2026-04-17 03:45:00,108.370003
2026-04-17 04:00:00,110.410004
2026-04-17 04:15:00,110.260002
2026-04-17 04:30:00,111.589996
2026-04-17 04:45:00,113.610001
2026-04-17 05:00:00,108.529999
2026-04-17 05:15:00,113.480003
2026-04-17 05:30:00,119.75
2026-04-17 05:45:00,139.009995
2026-04-17 06:00:00,130.210007
2026-04-17 06:15:00,151.479996
2026-04-17 06:30:00,149.589996
2026-04-17 06:45:00,154.990005
2026-04-17 07:00:00,158.470001
2026-04-17 07:15:00,151.929993
2026-04-17 07:30:00,148.360001
2026-04-17 07:45:00,135.460007
2026-04-17 08:00:00,155.380005
2026-04-17 08:15:00,136.119995
2026-04-17 08:30:00,119.800003
2026-04-17 08:45:00,97.330002
2026-04-17 09:00:00,123.019997
2026-04-17 09:15:00,106.599998
2026-04-17 09:30:00,93.68
2026-04-17 09:45:00,87.660004
2026-04-17 10:00:00,112.419998
2026-04-17 10:15:00,99.279999
2026-04-17 10:30:00,92.239998
2026-04-17 10:45:00,61.09
2026-04-17 11:00:00,92.389999
2026-04-17 11:15:00,78.620003
2026-04-17 11:30:00,59.759998
2026-04-17 11:45:00,39.740002
2026-04-17 12:00:00,67.07
2026-04-17 12:15:00,54.810001
2026-04-17 12:30:00,45.709999
2026-04-17 12:45:00,42.369999
2026-04-17 13:00:00,51.82
2026-04-17 13:15:00,48.150002
2026-04-17 13:30:00,44.09
2026-04-17 13:45:00,45.540001
2026-04-17 14:00:00,34.18
2026-04-17 14:15:00,38.369999
2026-04-17 14:30:00,50.099998
2026-04-17 14:45:00,68.919998
2026-04-17 15:00:00,25.059999
2026-04-17 15:15:00,51.459999
2026-04-17 15:30:00,74.410004
2026-04-17 15:45:00,89.059998
2026-04-17 16:00:00,58.689999
2026-04-17 16:15:00,78.309998
2026-04-17 16:30:00,88.129997
2026-04-17 16:45:00,102.150002
2026-04-17 17:00:00,87.730003
2026-04-17 17:15:00,98.059998
2026-04-17 17:30:00,106.809998
2026-04-17 17:45:00,116.639999
2026-04-17 18:00:00,112.18
2026-04-17 18:15:00,119.370003
2026-04-17 18:30:00,132.940002
2026-04-17 18:45:00,137.570007
2026-04-17 19:00:00,137.009995
2026-04-17 19:15:00,144.330002
2026-04-17 19:30:00,156.740005
2026-04-17 19:45:00,180.210007
2026-04-17 20:00:00,165.149994
2026-04-17 20:15:00,159.619995
2026-04-17 20:30:00,150.5
2026-04-17 20:45:00,143.240005
2026-04-17 21:00:00,154.399994
2026-04-17 21:15:00,140.330002
2026-04-17 21:30:00,135.399994
2026-04-17 21:45:00,121.900002
2026-04-17 22:00:00,137.119995
2026-04-17 22:15:00,125.739998
2026-04-17 22:30:00,119.370003
2026-04-17 22:45:00,113.489998
2026-04-17 23:00:00,116.800003
2026-04-17 23:15:00,113.889999
2026-04-17 23:30:00,110.440002
2026-04-17 23:45:00,109.709999
2026-04-18 00:00:00,121.220001
2026-04-18 00:15:00,116.599998
2026-04-18 00:30:00,109.669998
2026-04-18 00:45:00,107.610001
2026-04-18 01:00:00,111.459999
2026-04-18 01:15:00,108.860001
2026-04-18 01:30:00,108.089996
2026-04-18 01:45:00,105.830002
2026-04-18 02:00:00,107.010002
2026-04-18 02:15:00,105.910004
2026-04-18 02:30:00,106.440002
2026-04-18 02:45:00,105.809998
2026-04-18 03:00:00,104.639999
2026-04-18 03:15:00,104.449997
2026-04-18 03:30:00,104.529999
2026-04-18 03:45:00,104.099998
2026-04-18 04:00:00,103.629997
2026-04-18 04:15:00,104.199997
2026-04-18 04:30:00,104.419998
2026-04-18 04:45:00,105.75
2026-04-18 05:00:00,106.099998
2026-04-18 05:15:00,105.839996
2026-04-18 05:30:00,107.300003
2026-04-18 05:45:00,106.900002
2026-04-18 06:00:00,108.370003
2026-04-18 06:15:00,108.400002
2026-04-18 06:30:00,110.730003
2026-04-18 06:45:00,105.709999
2026-04-18 07:00:00,109.989998
2026-04-18 07:15:00,111.190002
2026-04-18 07:30:00,107.580002
2026-04-18 07:45:00,94.209999
2026-04-18 08:00:00,105.82
2026-04-18 08:15:00,99.279999
2026-04-18 08:30:00,87.059998
2026-04-18 08:45:00,76.989998
2026-04-18 09:00:00,95.230003
2026-04-18 09:15:00,87.370003
2026-04-18 09:30:00,66.910004
2026-04-18 09:45:00,51.740002
2026-04-18 10:00:00,82.169998
2026-04-18 10:15:00,62.389999
2026-04-18 10:30:00,36.959999
2026-04-18 10:45:00,33.060001
2026-04-18 11:00:00,41.400002
2026-04-18 11:15:00,40.939999
2026-04-18 11:30:00,40.119999
2026-04-18 11:45:00,40.099998
2026-04-18 12:00:00,33.02
2026-04-18 12:15:00,33.09
2026-04-18 12:30:00,30.870001
2026-04-18 12:45:00,31.42
2026-04-18 13:00:00,33.639999
2026-04-18 13:15:00,33.009998
2026-04-18 13:30:00,34.84
2026-04-18 13:45:00,34.669998
2026-04-18 14:00:00,33.5
2026-04-18 14:15:00,33.599998
2026-04-18 14:30:00,34.779999
2026-04-18 14:45:00,37.150002
2026-04-18 15:00:00,24.379999
2026-04-18 15:15:00,28.549999
2026-04-18 15:30:00,43.919998
2026-04-18 15:45:00,41.84
2026-04-18 16:00:00,25.4
2026-04-18 16:15:00,49.82
2026-04-18 16:30:00,58.209999
2026-04-18 16:45:00,73.599998
2026-04-18 17:00:00,57.650002
2026-04-18 17:15:00,86.25
2026-04-18 17:30:00,102.379997
2026-04-18 17:45:00,116.940002
2026-04-18 18:00:00,106.309998
2026-04-18 18:15:00,115.0
2026-04-18 18:30:00,127.080002
2026-04-18 18:45:00,129.990005
2026-04-18 19:00:00,116.0
2026-04-18 19:15:00,129.009995
2026-04-18 19:30:00,138.389999
2026-04-18 19:45:00,142.759995
2026-04-18 20:00:00,142.949997
2026-04-18 20:15:00,146.710007
2026-04-18 20:30:00,146.889999
2026-04-18 20:45:00,143.009995
2026-04-18 21:00:00,150.429993
2026-04-18 21:15:00,141.460007
2026-04-18 21:30:00,135.529999
2026-04-18 21:45:00,133.759995
2026-04-18 22:00:00,134.380005
2026-04-18 22:15:00,133.770004
2026-04-18 22:30:00,128.279999
2026-04-18 22:45:00,123.540001
2026-04-18 23:00:00,133.25
2026-04-18 23:15:00,125.529999
2026-04-18 23:30:00,122.959999
2026-04-18 23:45:00,118.260002
2026-04-19 00:00:00,123.779999
2026-04-19 00:15:00,117.059998
2026-04-19 00:30:00,113.480003
2026-04-19 00:45:00,111.919998
2026-04-19 01:00:00,112.32
2026-04-19 01:15:00,109.940002
2026-04-19 01:30:00,109.75
2026-04-19 01:45:00,107.790001
2026-04-19 02:00:00,111.68
2026-04-19 02:15:00,109.980003
2026-04-19 02:30:00,108.860001
2026-04-19 02:45:00,106.300003
2026-04-19 03:00:00,108.360001
2026-04-19 03:15:00,106.470001
2026-04-19 03:30:00,105.459999
2026-04-19 03:45:00,105.0
2026-04-19 04:00:00,105.540001
2026-04-19 04:15:00,105.419998
2026-04-19 04:30:00,105.440002
2026-04-19 04:45:00,105.260002
2026-04-19 05:00:00,106.199997
2026-04-19 05:15:00,106.510002
2026-04-19 05:30:00,106.540001
2026-04-19 05:45:00,106.949997
2026-04-19 06:00:00,105.879997
2026-04-19 06:15:00,105.349998
2026-04-19 06:30:00,105.0
2026-04-19 06:45:00,102.900002
2026-04-19 07:00:00,104.690002
2026-04-19 07:15:00,100.440002
2026-04-19 07:30:00,96.07
2026-04-19 07:45:00,98.93
2026-04-19 08:00:00,104.150002
2026-04-19 08:15:00,100.019997
2026-04-19 08:30:00,92.349998
2026-04-19 08:45:00,90.0
2026-04-19 09:00:00,99.269997
2026-04-19 09:15:00,94.949997
2026-04-19 09:30:00,95.150002
2026-04-19 09:45:00,86.0
2026-04-19 10:00:00,90.989998
2026-04-19 10:15:00,77.589996
2026-04-19 10:30:00,67.589996
2026-04-19 10:45:00,49.369999
2026-04-19 11:00:00,49.0
2026-04-19 11:15:00,42.23
2026-04-19 11:30:00,28.42
2026-04-19 11:45:00,22.860001
2026-04-19 12:00:00,33.09
2026-04-19 12:15:00,27.620001
2026-04-19 12:30:00,26.440001
2026-04-19 12:45:00,25.41
2026-04-19 13:00:00,24.620001
2026-04-19 13:15:00,23.200001
2026-04-19 13:30:00,21.25
2026-04-19 13:45:00,20.1
2026-04-19 14:00:00,22.639999
2026-04-19 14:15:00,21.469999
2026-04-19 14:30:00,21.4
2026-04-19 14:45:00,21.65
2026-04-19 15:00:00,19.9
2026-04-19 15:15:00,19.969999
2026-04-19 15:30:00,22.059999
2026-04-19 15:45:00,26.07
2026-04-19 16:00:00,21.940001
2026-04-19 16:15:00,24.0
2026-04-19 16:30:00,31.49
2026-04-19 16:45:00,51.0
2026-04-19 17:00:00,28.24
2026-04-19 17:15:00,67.809998
2026-04-19 17:30:00,89.190002
2026-04-19 17:45:00,109.790001
2026-04-19 18:00:00,85.349998
2026-04-19 18:15:00,97.519997
2026-04-19 18:30:00,110.050003
2026-04-19 18:45:00,122.5
2026-04-19 19:00:00,110.709999
2026-04-19 19:15:00,115.860001
2026-04-19 19:30:00,119.059998
2026-04-19 19:45:00,123.779999
2026-04-19 20:00:00,123.199997
2026-04-19 20:15:00,124.470001
2026-04-19 20:30:00,126.330002
2026-04-19 20:45:00,122.449997
2026-04-19 21:00:00,129.679993
2026-04-19 21:15:00,121.480003
2026-04-19 21:30:00,119.120003
2026-04-19 21:45:00,115.910004
2026-04-19 22:00:00,124.190002
2026-04-19 22:15:00,120.080002
2026-04-19 22:30:00,119.330002
2026-04-19 22:45:00,113.849998
2026-04-19 23:00:00,115.610001
2026-04-19 23:15:00,111.970001
2026-04-19 23:30:00,110.589996
2026-04-19 23:45:00,106.760002
2026-04-20 00:00:00,115.220001
2026-04-20 00:15:00,106.589996
2026-04-20 00:30:00,103.550003
2026-04-20 00:45:00,99.870003
2026-04-20 01:00:00,104.900002
2026-04-20 01:15:00,102.699997
2026-04-20 01:30:00,102.099998
2026-04-20 01:45:00,94.75
2026-04-20 02:00:00,102.800003
2026-04-20 02:15:00,97.290001
2026-04-20 02:30:00,99.0
2026-04-20 02:45:00,96.959999
2026-04-20 03:00:00,98.5
2026-04-20 03:15:00,97.290001
2026-04-20 03:30:00,99.209999
2026-04-20 03:45:00,101.160004
2026-04-20 04:00:00,98.459999
2026-04-20 04:15:00,101.32
2026-04-20 04:30:00,102.260002
2026-04-20 04:45:00,107.169998
2026-04-20 05:00:00,100.370003
2026-04-20 05:15:00,106.07
2026-04-20 05:30:00,114.089996
2026-04-20 05:45:00,125.870003
2026-04-20 06:00:00,116.379997
2026-04-20 06:15:00,129.119995
2026-04-20 06:30:00,136.830002
2026-04-20 06:45:00,135.210007
2026-04-20 07:00:00,147.339996
2026-04-20 07:15:00,151.0
2026-04-20 07:30:00,144.529999
2026-04-20 07:45:00,125.959999
2026-04-20 08:00:00,163.929993
2026-04-20 08:15:00,135.179993
2026-04-20 08:30:00,124.080002
2026-04-20 08:45:00,114.089996
2026-04-20 09:00:00,141.979996
2026-04-20 09:15:00,117.940002
2026-04-20 09:30:00,102.309998
2026-04-20 09:45:00,77.830002
2026-04-20 10:00:00,111.220001
2026-04-20 10:15:00,85.639999
2026-04-20 10:30:00,89.419998
2026-04-20 10:45:00,74.510002
2026-04-20 11:00:00,90.57
2026-04-20 11:15:00,82.360001
2026-04-20 11:30:00,73.709999
2026-04-20 11:45:00,56.91
2026-04-20 12:00:00,73.639999
2026-04-20 12:15:00,51.709999
2026-04-20 12:30:00,45.130001
2026-04-20 12:45:00,34.25
2026-04-20 13:00:00,47.139999
2026-04-20 13:15:00,36.57
2026-04-20 13:30:00,26.73
2026-04-20 13:45:00,19.940001
2026-04-20 14:00:00,20.18
2026-04-20 14:15:00,27.4
2026-04-20 14:30:00,28.690001
2026-04-20 14:45:00,42.009998
2026-04-20 15:00:00,24.780001
2026-04-20 15:15:00,36.84
2026-04-20 15:30:00,53.279999
2026-04-20 15:45:00,71.0
2026-04-20 16:00:00,62.610001
2026-04-20 16:15:00,77.169998
2026-04-20 16:30:00,81.879997
2026-04-20 16:45:00,91.639999
2026-04-20 17:00:00,81.589996
2026-04-20 17:15:00,87.730003
2026-04-20 17:30:00,101.760002
2026-04-20 17:45:00,117.900002
2026-04-20 18:00:00,99.209999
2026-04-20 18:15:00,112.769997
2026-04-20 18:30:00,118.059998
2026-04-20 18:45:00,121.599998
2026-04-20 19:00:00,118.480003
2026-04-20 19:15:00,122.43
2026-04-20 19:30:00,125.010002
2026-04-20 19:45:00,127.709999
2026-04-20 20:00:00,129.089996
2026-04-20 20:15:00,127.720001
2026-04-20 20:30:00,126.910004
2026-04-20 20:45:00,125.0
2026-04-20 21:00:00,130.039993
2026-04-20 21:15:00,122.910004
2026-04-20 21:30:00,119.650002
2026-04-20 21:45:00,115.160004
2026-04-20 22:00:00,123.099998
2026-04-20 22:15:00,117.57
2026-04-20 22:30:00,116.120003
2026-04-20 22:45:00,107.099998
2026-04-20 23:00:00,115.07
2026-04-20 23:15:00,107.489998
2026-04-20 23:30:00,105.440002
2026-04-20 23:45:00,99.169998
2026-04-21 00:00:00,101.589996
2026-04-21 00:15:00,99.82
2026-04-21 00:30:00,98.599998
2026-04-21 00:45:00,95.989998
2026-04-21 01:00:00,100.57
2026-04-21 01:15:00,98.419998
2026-04-21 01:30:00,98.279999
2026-04-21 01:45:00,97.300003
2026-04-21 02:00:00,98.089996
2026-04-21 02:15:00,97.919998
2026-04-21 02:30:00,98.739998
2026-04-21 02:45:00,98.739998
2026-04-21 03:00:00,97.510002
2026-04-21 03:15:00,98.379997
2026-04-21 03:30:00,98.699997
2026-04-21 03:45:00,101.709999
2026-04-21 04:00:00,97.639999
2026-04-21 04:15:00,98.550003
2026-04-21 04:30:00,101.050003
2026-04-21 04:45:00,103.519997
2026-04-21 05:00:00,100.029999
2026-04-21 05:15:00,103.599998
2026-04-21 05:30:00,111.690002
2026-04-21 05:45:00,118.470001
2026-04-21 06:00:00,116.709999
2026-04-21 06:15:00,127.370003
2026-04-21 06:30:00,129.929993
2026-04-21 06:45:00,134.330002
2026-04-21 07:00:00,144.789993
2026-04-21 07:15:00,144.610001
2026-04-21 07:30:00,133.529999
2026-04-21 07:45:00,118.379997
2026-04-21 08:00:00,141.139999
2026-04-21 08:15:00,124.120003
2026-04-21 08:30:00,115.07
2026-04-21 08:45:00,95.459999
2026-04-21 09:00:00,131.440002
2026-04-21 09:15:00,111.0
2026-04-21 09:30:00,85.830002
2026-04-21 09:45:00,60.950001
2026-04-21 10:00:00,87.699997
2026-04-21 10:15:00,80.529999
2026-04-21 10:30:00,54.099998
2026-04-21 10:45:00,17.25
2026-04-21 11:00:00,44.02
2026-04-21 11:15:00,24.01
2026-04-21 11:30:00,10.38
2026-04-21 11:45:00,5.57
2026-04-21 12:00:00,11.87
2026-04-21 12:15:00,8.87
2026-04-21 12:30:00,7.28
2026-04-21 12:45:00,6.66
2026-04-21 13:00:00,7.09
2026-04-21 13:15:00,6.43
2026-04-21 13:30:00,5.96
2026-04-21 13:45:00,5.33
2026-04-21 14:00:00,5.84
2026-04-21 14:15:00,6.3
2026-04-21 14:30:00,6.31
2026-04-21 14:45:00,6.88
2026-04-21 15:00:00,7.3
2026-04-21 15:15:00,8.62
2026-04-21 15:30:00,8.76
2026-04-21 15:45:00,9.5
2026-04-21 16:00:00,7.82
2026-04-21 16:15:00,3.66
2026-04-21 16:30:00,13.96
2026-04-21 16:45:00,44.259998
2026-04-21 17:00:00,27.4
2026-04-21 17:15:00,61.23
2026-04-21 17:30:00,86.419998
2026-04-21 17:45:00,104.269997
2026-04-21 18:00:00,84.050003
2026-04-21 18:15:00,95.269997
2026-04-21 18:30:00,109.970001
2026-04-21 18:45:00,121.290001
2026-04-21 19:00:00,117.68
2026-04-21 19:15:00,126.720001
2026-04-21 19:30:00,137.710007
2026-04-21 19:45:00,154.330002
2026-04-21 20:00:00,150.5
2026-04-21 20:15:00,151.270004
2026-04-21 20:30:00,144.979996
2026-04-21 20:45:00,132.350006
2026-04-21 21:00:00,147.720001
2026-04-21 21:15:00,131.229996
2026-04-21 21:30:00,122.660004
2026-04-21 21:45:00,116.870003
2026-04-21 22:00:00,127.989998
2026-04-21 22:15:00,122.290001
2026-04-21 22:30:00,118.029999
2026-04-21 22:45:00,111.07
2026-04-21 23:00:00,118.010002
2026-04-21 23:15:00,115.010002
2026-04-21 23:30:00,110.980003
2026-04-21 23:45:00,103.489998
2026-04-22 00:00:00,110.940002
2026-04-22 00:15:00,108.550003
2026-04-22 00:30:00,106.120003
2026-04-22 00:45:00,102.769997
2026-04-22 01:00:00,106.080002
2026-04-22 01:15:00,104.07
2026-04-22 01:30:00,103.849998
2026-04-22 01:45:00,102.440002
2026-04-22 02:00:00,107.400002
2026-04-22 02:15:00,103.93
2026-04-22 02:30:00,103.019997
2026-04-22 02:45:00,102.449997
2026-04-22 03:00:00,103.529999
2026-04-22 03:15:00,103.720001
2026-04-22 03:30:00,105.480003
2026-04-22 03:45:00,106.660004
2026-04-22 04:00:00,104.129997
2026-04-22 04:15:00,107.529999
2026-04-22 04:30:00,110.230003
2026-04-22 04:45:00,116.879997
2026-04-22 05:00:00,107.360001
2026-04-22 05:15:00,116.010002
2026-04-22 05:30:00,123.400002
2026-04-22 05:45:00,138.160004
2026-04-22 06:00:00,125.599998
2026-04-22 06:15:00,137.929993
2026-04-22 06:30:00,145.190002
2026-04-22 06:45:00,150.649994
2026-04-22 07:00:00,154.979996
2026-04-22 07:15:00,143.220001
2026-04-22 07:30:00,130.100006
2026-04-22 07:45:00,110.889999
2026-04-22 08:00:00,140.460007
2026-04-22 08:15:00,125.580002
2026-04-22 08:30:00,116.010002
2026-04-22 08:45:00,73.410004
2026-04-22 09:00:00,123.860001
2026-04-22 09:15:00,98.870003
2026-04-22 09:30:00,70.040001
2026-04-22 09:45:00,26.68
2026-04-22 10:00:00,65.720001
2026-04-22 10:15:00,17.33
2026-04-22 10:30:00,2.0
2026-04-22 10:45:00,1.34
2026-04-22 11:00:00,0.53
2026-04-22 11:15:00,0.0
2026-04-22 11:30:00,-0.01
2026-04-22 11:45:00,-0.14
2026-04-22 12:00:00,-0.09
2026-04-22 12:15:00,-0.05
2026-04-22 12:30:00,-0.07
2026-04-22 12:45:00,-0.12
2026-04-22 13:00:00,-0.13
2026-04-22 13:15:00,-0.02
2026-04-22 13:30:00,-0.05
2026-04-22 13:45:00,-0.13
2026-04-22 14:00:00,-0.21
2026-04-22 14:15:00,-1.47
2026-04-22 14:30:00,-2.43
2026-04-22 14:45:00,-0.1
2026-04-22 15:00:00,-0.89
2026-04-22 15:15:00,-0.07
2026-04-22 15:30:00,-0.07
2026-04-22 15:45:00,-0.14
2026-04-22 16:00:00,-0.01
2026-04-22 16:15:00,-0.01
2026-04-22 16:30:00,0.0
2026-04-22 16:45:00,3.49
2026-04-22 17:00:00,4.32
2026-04-22 17:15:00,29.370001
2026-04-22 17:30:00,82.300003
2026-04-22 17:45:00,113.629997
2026-04-22 18:00:00,75.160004
2026-04-22 18:15:00,94.650002
2026-04-22 18:30:00,118.459999
2026-04-22 18:45:00,118.779999
2026-04-22 19:00:00,103.580002
2026-04-22 19:15:00,120.199997
2026-04-22 19:30:00,131.320007
2026-04-22 19:45:00,168.850006
2026-04-22 20:00:00,157.490005
2026-04-22 20:15:00,148.130005
2026-04-22 20:30:00,147.710007
2026-04-22 20:45:00,125.720001
2026-04-22 21:00:00,150.009995
2026-04-22 21:15:00,114.870003
2026-04-22 21:30:00,111.230003
2026-04-22 21:45:00,110.349998
2026-04-22 22:00:00,125.790001
2026-04-22 22:15:00,117.260002
2026-04-22 22:30:00,110.480003
2026-04-22 22:45:00,104.080002
2026-04-22 23:00:00,109.470001
2026-04-22 23:15:00,107.139999
2026-04-22 23:30:00,103.769997
2026-04-22 23:45:00,99.93
2026-04-23 00:00:00,103.449997
2026-04-23 00:15:00,101.440002
2026-04-23 00:30:00,99.5
2026-04-23 00:45:00,96.169998
2026-04-23 01:00:00,100.610001
2026-04-23 01:15:00,98.400002
2026-04-23 01:30:00,96.989998
2026-04-23 01:45:00,94.5
2026-04-23 02:00:00,97.790001
2026-04-23 02:15:00,96.459999
2026-04-23 02:30:00,96.32
2026-04-23 02:45:00,96.370003
2026-04-23 03:00:00,96.610001
2026-04-23 03:15:00,96.010002
2026-04-23 03:30:00,96.099998
2026-04-23 03:45:00,96.110001
2026-04-23 04:00:00,92.980003
2026-04-23 04:15:00,95.540001
2026-04-23 04:30:00,96.379997
2026-04-23 04:45:00,98.5
2026-04-23 05:00:00,97.889999
2026-04-23 05:15:00,100.970001
2026-04-23 05:30:00,106.779999
2026-04-23 05:45:00,111.0
2026-04-23 06:00:00,113.620003
2026-04-23 06:15:00,119.43
2026-04-23 06:30:00,121.889999
2026-04-23 06:45:00,121.059998
2026-04-23 07:00:00,128.389999
2026-04-23 07:15:00,121.900002
2026-04-23 07:30:00,120.620003
2026-04-23 07:45:00,106.690002
2026-04-23 08:00:00,131.580002
2026-04-23 08:15:00,126.690002
2026-04-23 08:30:00,109.980003
2026-04-23 08:45:00,70.540001
2026-04-23 09:00:00,117.589996
2026-04-23 09:15:00,79.370003
2026-04-23 09:30:00,55.59
2026-04-23 09:45:00,6.76
2026-04-23 10:00:00,50.029999
2026-04-23 10:15:00,7.53
2026-04-23 10:30:00,2.17
2026-04-23 10:45:00,2.38
2026-04-23 11:00:00,5.62
2026-04-23 11:15:00,5.13
2026-04-23 11:30:00,3.91
2026-04-23 11:45:00,3.62
2026-04-23 12:00:00,2.0
2026-04-23 12:15:00,1.92
2026-04-23 12:30:00,1.34
2026-04-23 12:45:00,1.34
2026-04-23 13:00:00,0.5
2026-04-23 13:15:00,0.1
2026-04-23 13:30:00,0.1
2026-04-23 13:45:00,0.0
2026-04-23 14:00:00,0.0
2026-04-23 14:15:00,-0.01
2026-04-23 14:30:00,-0.01
2026-04-23 14:45:00,-0.01
2026-04-23 15:00:00,-0.01
2026-04-23 15:15:00,-0.01
2026-04-23 15:30:00,-0.01
2026-04-23 15:45:00,-0.01
2026-04-23 16:00:00,0.0
2026-04-23 16:15:00,0.0
2026-04-23 16:30:00,0.1
2026-04-23 16:45:00,1.3
2026-04-23 17:00:00,0.0
2026-04-23 17:15:00,0.13
2026-04-23 17:30:00,7.35
2026-04-23 17:45:00,80.480003
2026-04-23 18:00:00,47.57
2026-04-23 18:15:00,84.0
2026-04-23 18:30:00,111.809998
2026-04-23 18:45:00,130.910004
2026-04-23 19:00:00,101.800003
2026-04-23 19:15:00,110.339996
2026-04-23 19:30:00,117.419998
2026-04-23 19:45:00,123.849998
2026-04-23 20:00:00,126.800003
2026-04-23 20:15:00,126.220001
2026-04-23 20:30:00,120.279999
2026-04-23 20:45:00,111.889999
2026-04-23 21:00:00,119.900002
2026-04-23 21:15:00,112.290001
2026-04-23 21:30:00,113.989998
2026-04-23 21:45:00,107.019997
2026-04-23 22:00:00,101.93
2026-04-23 22:15:00,103.419998
2026-04-23 22:30:00,103.440002
2026-04-23 22:45:00,101.129997
2026-04-23 23:00:00,104.639999
2026-04-23 23:15:00,99.769997
2026-04-23 23:30:00,98.879997
2026-04-23 23:45:00,94.540001
2026-04-24 00:00:00,111.029999
2026-04-24 00:15:00,101.269997
2026-04-24 00:30:00,98.269997
2026-04-24 00:45:00,99.25
2026-04-24 01:00:00,101.389999
2026-04-24 01:15:00,99.959999
2026-04-24 01:30:00,99.650002
2026-04-24 01:45:00,99.519997
2026-04-24 02:00:00,101.699997
2026-04-24 02:15:00,100.449997
2026-04-24 02:30:00,100.360001
2026-04-24 02:45:00,100.330002
2026-04-24 03:00:00,100.57
2026-04-24 03:15:00,101.379997
2026-04-24 03:30:00,102.279999
2026-04-24 03:45:00,102.529999
2026-04-24 04:00:00,102.029999
2026-04-24 04:15:00,104.139999
2026-04-24 04:30:00,106.760002
2026-04-24 04:45:00,108.160004
2026-04-24 05:00:00,104.660004
2026-04-24 05:15:00,108.349998
2026-04-24 05:30:00,111.769997
2026-04-24 05:45:00,114.730003
2026-04-24 06:00:00,115.0
2026-04-24 06:15:00,132.160004
2026-04-24 06:30:00,129.949997
2026-04-24 06:45:00,134.889999
2026-04-24 07:00:00,149.440002
2026-04-24 07:15:00,142.820007
2026-04-24 07:30:00,135.960007
2026-04-24 07:45:00,123.730003
2026-04-24 08:00:00,154.949997
2026-04-24 08:15:00,126.099998
2026-04-24 08:30:00,113.199997
2026-04-24 08:45:00,76.489998
2026-04-24 09:00:00,128.289993
2026-04-24 09:15:00,82.769997
2026-04-24 09:30:00,68.379997
2026-04-24 09:45:00,44.18
2026-04-24 10:00:00,61.779999
2026-04-24 10:15:00,17.370001
2026-04-24 10:30:00,6.31
2026-04-24 10:45:00,5.0
2026-04-24 11:00:00,6.63
2026-04-24 11:15:00,5.8
2026-04-24 11:30:00,4.87
2026-04-24 11:45:00,3.49
2026-04-24 12:00:00,2.5
2026-04-24 12:15:00,2.07
2026-04-24 12:30:00,2.0
2026-04-24 12:45:00,2.0
2026-04-24 13:00:00,1.33
2026-04-24 13:15:00,1.32
2026-04-24 13:30:00,0.5
2026-04-24 13:45:00,0.1
2026-04-24 14:00:00,0.1
2026-04-24 14:15:00,0.1
2026-04-24 14:30:00,0.0
2026-04-24 14:45:00,0.0
2026-04-24 15:00:00,0.0
2026-04-24 15:15:00,0.0
2026-04-24 15:30:00,0.0
2026-04-24 15:45:00,0.0
2026-04-24 16:00:00,-0.01
2026-04-24 16:15:00,0.0
2026-04-24 16:30:00,0.0
2026-04-24 16:45:00,0.01
2026-04-24 17:00:00,0.0
2026-04-24 17:15:00,17.299999
2026-04-24 17:30:00,79.330002
2026-04-24 17:45:00,107.0
2026-04-24 18:00:00,58.02
2026-04-24 18:15:00,96.129997
2026-04-24 18:30:00,119.059998
2026-04-24 18:45:00,146.059998
2026-04-24 19:00:00,103.470001
2026-04-24 19:15:00,119.279999
2026-04-24 19:30:00,126.900002
2026-04-24 19:45:00,144.410004
2026-04-24 20:00:00,140.350006
2026-04-24 20:15:00,133.5
2026-04-24 20:30:00,131.089996
2026-04-24 20:45:00,121.199997
2026-04-24 21:00:00,132.75
2026-04-24 21:15:00,121.720001
2026-04-24 21:30:00,116.599998
2026-04-24 21:45:00,107.050003
2026-04-24 22:00:00,115.790001
2026-04-24 22:15:00,110.650002
2026-04-24 22:30:00,103.620003
2026-04-24 22:45:00,93.370003
2026-04-24 23:00:00,107.019997
2026-04-24 23:15:00,100.800003
2026-04-24 23:30:00,92.07
2026-04-24 23:45:00,87.900002
2026-04-25 00:00:00,83.139999
2026-04-25 00:15:00,82.57
2026-04-25 00:30:00,82.080002
2026-04-25 00:45:00,79.639999
2026-04-25 01:00:00,77.82
2026-04-25 01:15:00,74.980003
2026-04-25 01:30:00,75.07
2026-04-25 01:45:00,73.57
2026-04-25 02:00:00,73.870003
2026-04-25 02:15:00,71.620003
2026-04-25 02:30:00,69.459999
2026-04-25 02:45:00,68.050003
2026-04-25 03:00:00,69.18
2026-04-25 03:15:00,62.41
2026-04-25 03:30:00,58.450001
2026-04-25 03:45:00,52.450001
2026-04-25 04:00:00,58.0
2026-04-25 04:15:00,56.990002
2026-04-25 04:30:00,55.09
2026-04-25 04:45:00,53.91
2026-04-25 05:00:00,60.860001
2026-04-25 05:15:00,56.799999
2026-04-25 05:30:00,54.389999
2026-04-25 05:45:00,44.540001
2026-04-25 06:00:00,62.639999
2026-04-25 06:15:00,52.240002
2026-04-25 06:30:00,48.27
2026-04-25 06:45:00,43.43
2026-04-25 07:00:00,60.529999
2026-04-25 07:15:00,51.41
2026-04-25 07:30:00,45.880001
2026-04-25 07:45:00,26.74
2026-04-25 08:00:00,56.130001
2026-04-25 08:15:00,17.07
2026-04-25 08:30:00,4.1
2026-04-25 08:45:00,0.1
2026-04-25 09:00:00,1.34
2026-04-25 09:15:00,1.14
2026-04-25 09:30:00,0.01
2026-04-25 09:45:00,0.0
2026-04-25 10:00:00,-0.03
2026-04-25 10:15:00,-0.09
2026-04-25 10:30:00,-1.08
2026-04-25 10:45:00,-4.29
2026-04-25 11:00:00,-6.8
2026-04-25 11:15:00,-6.7
2026-04-25 11:30:00,-10.69
2026-04-25 11:45:00,-13.3
2026-04-25 12:00:00,-16.73
2026-04-25 12:15:00,-20.1
2026-04-25 12:30:00,-20.16
2026-04-25 12:45:00,-23.01
2026-04-25 13:00:00,-30.280001
2026-04-25 13:15:00,-30.93
2026-04-25 13:30:00,-31.85
2026-04-25 13:45:00,-32.049999
2026-04-25 14:00:00,-30.34
2026-04-25 14:15:00,-30.35
2026-04-25 14:30:00,-31.700001
2026-04-25 14:45:00,-32.290001
2026-04-25 15:00:00,-29.43
2026-04-25 15:15:00,-29.49
2026-04-25 15:30:00,-29.49
2026-04-25 15:45:00,-29.190001
2026-04-25 16:00:00,-20.1
2026-04-25 16:15:00,-20.07
2026-04-25 16:30:00,-13.39
2026-04-25 16:45:00,-10.43
2026-04-25 17:00:00,-4.96
2026-04-25 17:15:00,-0.08
2026-04-25 17:30:00,0.0
2026-04-25 17:45:00,1.33
2026-04-25 18:00:00,1.5
2026-04-25 18:15:00,0.5
2026-04-25 18:30:00,2.48
2026-04-25 18:45:00,17.02
2026-04-25 19:00:00,27.309999
2026-04-25 19:15:00,43.470001
2026-04-25 19:30:00,73.32
2026-04-25 19:45:00,85.720001
2026-04-25 20:00:00,75.470001
2026-04-25 20:15:00,77.540001
2026-04-25 20:30:00,76.010002
2026-04-25 20:45:00,72.660004
2026-04-25 21:00:00,81.860001
2026-04-25 21:15:00,76.330002
2026-04-25 21:30:00,69.760002
2026-04-25 21:45:00,60.07
2026-04-25 22:00:00,79.879997
2026-04-25 22:15:00,73.150002
2026-04-25 22:30:00,72.239998
2026-04-25 22:45:00,65.440002
2026-04-25 23:00:00,72.800003
2026-04-25 23:15:00,65.709999
2026-04-25 23:30:00,71.889999
2026-04-25 23:45:00,69.519997
2026-04-26 00:00:00,78.309998
2026-04-26 00:15:00,76.489998
2026-04-26 00:30:00,80.449997
2026-04-26 00:45:00,82.510002
2026-04-26 01:00:00,81.389999
2026-04-26 01:15:00,81.550003
2026-04-26 01:30:00,85.43
2026-04-26 01:45:00,86.010002
2026-04-26 02:00:00,85.349998
2026-04-26 02:15:00,85.739998
2026-04-26 02:30:00,88.25
2026-04-26 02:45:00,89.059998
2026-04-26 03:00:00,87.93
2026-04-26 03:15:00,89.370003
2026-04-26 03:30:00,91.269997
2026-04-26 03:45:00,93.379997
2026-04-26 04:00:00,88.470001
2026-04-26 04:15:00,91.150002
2026-04-26 04:30:00,98.269997
2026-04-26 04:45:00,98.720001
2026-04-26 05:00:00,94.220001
2026-04-26 05:15:00,99.489998
2026-04-26 05:30:00,99.900002
2026-04-26 05:45:00,100.949997
2026-04-26 06:00:00,97.099998
2026-04-26 06:15:00,97.199997
2026-04-26 06:30:00,94.040001
2026-04-26 06:45:00,88.400002
2026-04-26 07:00:00,92.25
2026-04-26 07:15:00,88.220001
2026-04-26 07:30:00,83.160004
2026-04-26 07:45:00,70.25
2026-04-26 08:00:00,90.480003
2026-04-26 08:15:00,73.550003
2026-04-26 08:30:00,45.720001
2026-04-26 08:45:00,10.39
2026-04-26 09:00:00,9.1
2026-04-26 09:15:00,3.98
2026-04-26 09:30:00,2.27
2026-04-26 09:45:00,2.06
2026-04-26 10:00:00,2.0
2026-04-26 10:15:00,1.49
2026-04-26 10:30:00,1.38
2026-04-26 10:45:00,1.45
2026-04-26 11:00:00,1.34
2026-04-26 11:15:00,1.33
2026-04-26 11:30:00,1.26
2026-04-26 11:45:00,1.3
2026-04-26 12:00:00,0.5
2026-04-26 12:15:00,0.54
2026-04-26 12:30:00,0.52
2026-04-26 12:45:00,0.5
2026-04-26 13:00:00,0.46
2026-04-26 13:15:00,0.11
2026-04-26 13:30:00,0.1
2026-04-26 13:45:00,0.09
2026-04-26 14:00:00,0.0
2026-04-26 14:15:00,0.0
2026-04-26 14:30:00,0.0
2026-04-26 14:45:00,0.0
2026-04-26 15:00:00,0.0
2026-04-26 15:15:00,0.0
2026-04-26 15:30:00,0.0
2026-04-26 15:45:00,0.02
2026-04-26 16:00:00,1.04
2026-04-26 16:15:00,1.28
2026-04-26 16:30:00,2.0
2026-04-26 16:45:00,2.1
2026-04-26 17:00:00,1.59
2026-04-26 17:15:00,1.23
2026-04-26 17:30:00,0.5
2026-04-26 17:45:00,46.549999
2026-04-26 18:00:00,42.669998
2026-04-26 18:15:00,100.919998
2026-04-26 18:30:00,144.259995
2026-04-26 18:45:00,164.539993
2026-04-26 19:00:00,114.889999
2026-04-26 19:15:00,132.339996
2026-04-26 19:30:00,164.639999
2026-04-26 19:45:00,189.279999
2026-04-26 20:00:00,151.979996
2026-04-26 20:15:00,161.009995
2026-04-26 20:30:00,166.229996
2026-04-26 20:45:00,152.039993
2026-04-26 21:00:00,150.0
2026-04-26 21:15:00,142.460007
2026-04-26 21:30:00,136.880005
2026-04-26 21:45:00,133.270004
2026-04-26 22:00:00,133.979996
2026-04-26 22:15:00,129.960007
2026-04-26 22:30:00,123.910004
2026-04-26 22:45:00,117.779999
2026-04-26 23:00:00,124.860001
2026-04-26 23:15:00,127.559998
2026-04-26 23:30:00,121.080002
2026-04-26 23:45:00,118.0
2026-04-27 00:00:00,125.910004
2026-04-27 00:15:00,119.800003
2026-04-27 00:30:00,115.379997
2026-04-27 00:45:00,112.699997
2026-04-27 01:00:00,114.480003
2026-04-27 01:15:00,113.589996
2026-04-27 01:30:00,112.309998
2026-04-27 01:45:00,111.739998
2026-04-27 02:00:00,113.010002
2026-04-27 02:15:00,112.709999
2026-04-27 02:30:00,112.709999
2026-04-27 02:45:00,112.410004
2026-04-27 03:00:00,112.970001
2026-04-27 03:15:00,112.139999
2026-04-27 03:30:00,112.669998
2026-04-27 03:45:00,113.519997
2026-04-27 04:00:00,112.709999
2026-04-27 04:15:00,113.919998
2026-04-27 04:30:00,116.870003
2026-04-27 04:45:00,123.459999
2026-04-27 05:00:00,116.699997
2026-04-27 05:15:00,124.0
2026-04-27 05:30:00,129.789993
2026-04-27 05:45:00,132.179993
2026-04-27 06:00:00,150.100006
2026-04-27 06:15:00,166.399994
2026-04-27 06:30:00,169.979996
2026-04-27 06:45:00,175.789993
2026-04-27 07:00:00,185.210007
2026-04-27 07:15:00,171.270004
2026-04-27 07:30:00,143.410004
2026-04-27 07:45:00,114.870003
2026-04-27 08:00:00,173.800003
2026-04-27 08:15:00,135.009995
2026-04-27 08:30:00,109.379997
2026-04-27 08:45:00,89.610001
2026-04-27 09:00:00,124.980003
2026-04-27 09:15:00,101.080002
2026-04-27 09:30:00,88.199997
2026-04-27 09:45:00,80.440002
2026-04-27 10:00:00,94.370003
2026-04-27 10:15:00,94.800003
2026-04-27 10:30:00,75.900002
2026-04-27 10:45:00,33.830002
2026-04-27 11:00:00,27.610001
2026-04-27 11:15:00,22.889999
2026-04-27 11:30:00,21.799999
2026-04-27 11:45:00,19.9
2026-04-27 12:00:00,21.719999
2026-04-27 12:15:00,18.26
2026-04-27 12:30:00,16.790001
2026-04-27 12:45:00,17.299999
2026-04-27 13:00:00,15.09
2026-04-27 13:15:00,15.15
2026-04-27 13:30:00,14.52
2026-04-27 13:45:00,15.23
2026-04-27 14:00:00,16.73
2026-04-27 14:15:00,16.76
2026-04-27 14:30:00,16.790001
2026-04-27 14:45:00,17.299999
2026-04-27 15:00:00,16.540001
2026-04-27 15:15:00,16.0
2026-04-27 15:30:00,16.790001
2026-04-27 15:45:00,24.41
2026-04-27 16:00:00,18.66
2026-04-27 16:15:00,53.610001
2026-04-27 16:30:00,88.620003
2026-04-27 16:45:00,113.769997
2026-04-27 17:00:00,68.25
2026-04-27 17:15:00,105.18
2026-04-27 17:30:00,123.550003
2026-04-27 17:45:00,131.759995
2026-04-27 18:00:00,109.050003
2026-04-27 18:15:00,123.739998
2026-04-27 18:30:00,139.330002
2026-04-27 18:45:00,147.289993
2026-04-27 19:00:00,132.910004
2026-04-27 19:15:00,156.539993
2026-04-27 19:30:00,175.419998
2026-04-27 19:45:00,224.330002
2026-04-27 20:00:00,217.550003
2026-04-27 20:15:00,205.139999
2026-04-27 20:30:00,179.380005
2026-04-27 20:45:00,150.399994
2026-04-27 21:00:00,193.940002
2026-04-27 21:15:00,150.899994
2026-04-27 21:30:00,129.0
2026-04-27 21:45:00,120.0
2026-04-27 22:00:00,138.369995
2026-04-27 22:15:00,130.020004
2026-04-27 22:30:00,122.830002
2026-04-27 22:45:00,111.370003
2026-04-27 23:00:00,124.739998
2026-04-27 23:15:00,117.449997
2026-04-27 23:30:00,111.540001
2026-04-27 23:45:00,107.080002
2026-04-28 00:00:00,119.919998
2026-04-28 00:15:00,113.690002
2026-04-28 00:30:00,109.910004
2026-04-28 00:45:00,107.120003
2026-04-28 01:00:00,110.830002
2026-04-28 01:15:00,107.610001
2026-04-28 01:30:00,106.260002
2026-04-28 01:45:00,102.910004
2026-04-28 02:00:00,104.019997
2026-04-28 02:15:00,102.510002
2026-04-28 02:30:00,102.639999
2026-04-28 02:45:00,102.75
2026-04-28 03:00:00,102.360001
2026-04-28 03:15:00,102.080002
2026-04-28 03:30:00,102.949997
2026-04-28 03:45:00,103.93
2026-04-28 04:00:00,102.730003
2026-04-28 04:15:00,103.470001
2026-04-28 04:30:00,105.519997
2026-04-28 04:45:00,109.389999
2026-04-28 05:00:00,104.550003
2026-04-28 05:15:00,109.239998
2026-04-28 05:30:00,115.199997
2026-04-28 05:45:00,118.349998
2026-04-28 06:00:00,118.790001
2026-04-28 06:15:00,121.400002
2026-04-28 06:30:00,124.889999
2026-04-28 06:45:00,123.32
2026-04-28 07:00:00,134.289993
2026-04-28 07:15:00,126.940002
2026-04-28 07:30:00,116.400002
2026-04-28 07:45:00,108.089996
2026-04-28 08:00:00,128.910004
2026-04-28 08:15:00,121.07
2026-04-28 08:30:00,109.709999
2026-04-28 08:45:00,89.57
2026-04-28 09:00:00,113.0
2026-04-28 09:15:00,97.010002
2026-04-28 09:30:00,70.07
2026-04-28 09:45:00,39.029999
2026-04-28 10:00:00,68.650002
2026-04-28 10:15:00,29.09
2026-04-28 10:30:00,17.440001
2026-04-28 10:45:00,12.81
2026-04-28 11:00:00,17.540001
2026-04-28 11:15:00,18.25
2026-04-28 11:30:00,12.37
2026-04-28 11:45:00,10.0
2026-04-28 12:00:00,14.7
2026-04-28 12:15:00,16.01
2026-04-28 12:30:00,10.6
2026-04-28 12:45:00,9.99
2026-04-28 13:00:00,14.23
2026-04-28 13:15:00,10.6
2026-04-28 13:30:00,10.0
2026-04-28 13:45:00,9.93
2026-04-28 14:00:00,7.92
2026-04-28 14:15:00,6.69
2026-04-28 14:30:00,6.4
2026-04-28 14:45:00,6.32
2026-04-28 15:00:00,7.56
2026-04-28 15:15:00,7.62
2026-04-28 15:30:00,7.88
2026-04-28 15:45:00,8.4
2026-04-28 16:00:00,6.89
2026-04-28 16:15:00,7.94
2026-04-28 16:30:00,10.42
2026-04-28 16:45:00,14.75
2026-04-28 17:00:00,6.7
2026-04-28 17:15:00,9.85
2026-04-28 17:30:00,45.599998
2026-04-28 17:45:00,81.900002
2026-04-28 18:00:00,58.650002
2026-04-28 18:15:00,79.389999
2026-04-28 18:30:00,105.360001
2026-04-28 18:45:00,117.0
2026-04-28 19:00:00,105.220001
2026-04-28 19:15:00,115.199997
2026-04-28 19:30:00,120.18
2026-04-28 19:45:00,129.0
2026-04-28 20:00:00,124.010002
2026-04-28 20:15:00,120.059998
2026-04-28 20:30:00,121.07
2026-04-28 20:45:00,118.75
2026-04-28 21:00:00,119.870003
2026-04-28 21:15:00,118.910004
2026-04-28 21:30:00,115.480003
2026-04-28 21:45:00,109.050003
2026-04-28 22:00:00,118.019997
2026-04-28 22:15:00,112.410004
2026-04-28 22:30:00,110.5
2026-04-28 22:45:00,104.25
2026-04-28 23:00:00,107.120003
2026-04-28 23:15:00,102.040001
2026-04-28 23:30:00,100.410004
2026-04-28 23:45:00,97.510002
2026-04-29 00:00:00,101.959999
2026-04-29 00:15:00,98.379997
2026-04-29 00:30:00,97.459999
2026-04-29 00:45:00,95.029999
2026-04-29 01:00:00,97.82
2026-04-29 01:15:00,96.32
2026-04-29 01:30:00,96.699997
2026-04-29 01:45:00,96.059998
2026-04-29 02:00:00,97.830002
2026-04-29 02:15:00,97.540001
2026-04-29 02:30:00,98.440002
2026-04-29 02:45:00,97.860001
2026-04-29 03:00:00,97.589996
2026-04-29 03:15:00,98.029999
2026-04-29 03:30:00,98.709999
2026-04-29 03:45:00,99.779999
2026-04-29 04:00:00,98.68
2026-04-29 04:15:00,99.800003
2026-04-29 04:30:00,100.790001
2026-04-29 04:45:00,103.330002
2026-04-29 05:00:00,102.07
2026-04-29 05:15:00,105.040001
2026-04-29 05:30:00,109.709999
2026-04-29 05:45:00,114.800003
2026-04-29 06:00:00,121.580002
2026-04-29 06:15:00,137.929993
2026-04-29 06:30:00,149.839996
2026-04-29 06:45:00,149.839996
2026-04-29 07:00:00,153.0
2026-04-29 07:15:00,130.169998
2026-04-29 07:30:00,119.199997
2026-04-29 07:45:00,105.019997
2026-04-29 08:00:00,134.589996
2026-04-29 08:15:00,120.459999
2026-04-29 08:30:00,105.150002
2026-04-29 08:45:00,89.260002
2026-04-29 09:00:00,117.75
2026-04-29 09:15:00,96.949997
2026-04-29 09:30:00,50.540001
2026-04-29 09:45:00,26.25
2026-04-29 10:00:00,33.049999
2026-04-29 10:15:00,23.440001
2026-04-29 10:30:00,17.370001
2026-04-29 10:45:00,17.309999
2026-04-29 11:00:00,9.0
2026-04-29 11:15:00,4.99
2026-04-29 11:30:00,2.1
2026-04-29 11:45:00,2.0
2026-04-29 12:00:00,-0.14
2026-04-29 12:15:00,-4.99
2026-04-29 12:30:00,-10.64
2026-04-29 12:45:00,-9.63
2026-04-29 13:00:00,-11.84
2026-04-29 13:15:00,-6.14
2026-04-29 13:30:00,-9.1
2026-04-29 13:45:00,-9.56
2026-04-29 14:00:00,-8.92
2026-04-29 14:15:00,-8.96
2026-04-29 14:30:00,-10.86
2026-04-29 14:45:00,-11.01
2026-04-29 15:00:00,-14.27
2026-04-29 15:15:00,-16.26
2026-04-29 15:30:00,-17.07
2026-04-29 15:45:00,-15.65
2026-04-29 16:00:00,-20.75
2026-04-29 16:15:00,-5.95
2026-04-29 16:30:00,-0.01
2026-04-29 16:45:00,0.0
2026-04-29 17:00:00,0.0
2026-04-29 17:15:00,0.66
2026-04-29 17:30:00,7.71
2026-04-29 17:45:00,76.970001
2026-04-29 18:00:00,41.810001
2026-04-29 18:15:00,85.07
2026-04-29 18:30:00,110.919998
2026-04-29 18:45:00,126.669998
2026-04-29 19:00:00,104.139999
2026-04-29 19:15:00,110.540001
2026-04-29 19:30:00,127.099998
2026-04-29 19:45:00,161.130005
2026-04-29 20:00:00,144.949997
2026-04-29 20:15:00,144.160004
2026-04-29 20:30:00,149.399994
2026-04-29 20:45:00,144.630005
2026-04-29 21:00:00,158.5
2026-04-29 21:15:00,131.330002
2026-04-29 21:30:00,118.720001
2026-04-29 21:45:00,111.260002
2026-04-29 22:00:00,123.5
2026-04-29 22:15:00,117.260002
2026-04-29 22:30:00,114.209999
2026-04-29 22:45:00,107.660004
2026-04-29 23:00:00,111.959999
2026-04-29 23:15:00,106.209999
2026-04-29 23:30:00,103.32
2026-04-29 23:45:00,98.900002
