timestamp,ImbalancePriceEUR
2025-09-01 00:00:00,14.49
2025-09-01 00:15:00,35.21
2025-09-01 00:30:00,81.45
2025-09-01 00:45:00,24.0
2025-09-01 01:00:00,99.88
2025-09-01 01:15:00,97.4
2025-09-01 01:30:00,117.87
2025-09-01 01:45:00,122.64
2025-09-01 02:00:00,96.82
2025-09-01 02:15:00,109.47
2025-09-01 02:30:00,162.61
2025-09-01 02:45:00,25.1
2025-09-01 03:00:00,17.74
2025-09-01 03:15:00,18.55
2025-09-01 03:30:00,52.0
2025-09-01 03:45:00,52.0
2025-09-01 04:00:00,52.75
2025-09-01 04:15:00,24.35
2025-09-01 04:30:00,16.63
2025-09-01 04:45:00,74.33
2025-09-01 05:00:00,14.92
2025-09-01 05:15:00,44.93
2025-09-01 05:30:00,71.67
2025-09-01 05:45:00,36.1
2025-09-01 06:00:00,27.34
2025-09-01 06:15:00,113.97
2025-09-01 06:30:00,249.25
2025-09-01 06:45:00,113.97
2025-09-01 07:00:00,20.96
2025-09-01 07:15:00,123.13
2025-09-01 07:30:00,81.18
2025-09-01 07:45:00,89.76
2025-09-01 08:00:00,88.0
2025-09-01 08:15:00,51.47
2025-09-01 08:30:00,50.93
2025-09-01 08:45:00,78.0
2025-09-01 09:00:00,71.72
2025-09-01 09:15:00,79.69
2025-09-01 09:30:00,98.19
2025-09-01 09:45:00,98.19
2025-09-01 10:00:00,82.0
2025-09-01 10:15:00,70.0
2025-09-01 10:30:00,82.0
2025-09-01 10:45:00,82.0
2025-09-01 11:00:00,228.92
2025-09-01 11:15:00,671.18
2025-09-01 11:30:00,937.79
2025-09-01 11:45:00,789.42
2025-09-01 12:00:00,398.42
2025-09-01 12:15:00,825.28
2025-09-01 12:30:00,1673.02
2025-09-01 12:45:00,646.2
2025-09-01 13:00:00,3684.11
2025-09-01 13:15:00,966.57
2025-09-01 13:30:00,200.96
2025-09-01 13:45:00,25.03
2025-09-01 14:00:00,42.73
2025-09-01 14:15:00,42.73
2025-09-01 14:30:00,42.73
2025-09-01 14:45:00,42.73
2025-09-01 15:00:00,36.12
2025-09-01 15:15:00,67.76
2025-09-01 15:30:00,48.06
2025-09-01 15:45:00,207.65
2025-09-01 16:00:00,28.75
2025-09-01 16:15:00,84.67
2025-09-01 16:30:00,84.67
2025-09-01 16:45:00,22.62
2025-09-01 17:00:00,34.58
2025-09-01 17:15:00,51.83
2025-09-01 17:30:00,72.18
2025-09-01 17:45:00,109.7
2025-09-01 18:00:00,14.67
2025-09-01 18:15:00,22.13
2025-09-01 18:30:00,27.19
2025-09-01 18:45:00,155.32
2025-09-01 19:00:00,458.96
2025-09-01 19:15:00,765.36
2025-09-01 19:30:00,759.5
2025-09-01 19:45:00,790.15
2025-09-01 20:00:00,530.02
2025-09-01 20:15:00,324.28
2025-09-01 20:30:00,210.56
2025-09-01 20:45:00,13.0
2025-09-01 21:00:00,584.93
2025-09-01 21:15:00,51.53
2025-09-01 21:30:00,19.75
2025-09-01 21:45:00,32.32
2025-09-01 22:00:00,32.82
2025-09-01 22:15:00,53.59
2025-09-01 22:30:00,71.73
2025-09-01 22:45:00,42.89
2025-09-01 23:00:00,70.36
2025-09-01 23:15:00,65.45
2025-09-01 23:30:00,100.53
2025-09-01 23:45:00,100.53
2025-09-02 00:00:00,95.01
2025-09-02 00:15:00,56.15
2025-09-02 00:30:00,68.0
2025-09-02 00:45:00,63.0
2025-09-02 01:00:00,49.61
2025-09-02 01:15:00,50.95
2025-09-02 01:30:00,90.11
2025-09-02 01:45:00,34.1
2025-09-02 02:00:00,48.92
2025-09-02 02:15:00,59.0
2025-09-02 02:30:00,57.0
2025-09-02 02:45:00,65.0
2025-09-02 03:00:00,63.0
2025-09-02 03:15:00,92.5
2025-09-02 03:30:00,92.5
2025-09-02 03:45:00,57.98
2025-09-02 04:00:00,94.8
2025-09-02 04:15:00,94.8
2025-09-02 04:30:00,68.0
2025-09-02 04:45:00,71.85
2025-09-02 05:00:00,35.22
2025-09-02 05:15:00,65.0
2025-09-02 05:30:00,44.78
2025-09-02 05:45:00,49.71
2025-09-02 06:00:00,33.17
2025-09-02 06:15:00,71.41
2025-09-02 06:30:00,182.63
2025-09-02 06:45:00,178.12
2025-09-02 07:00:00,73.34
2025-09-02 07:15:00,73.0
2025-09-02 07:30:00,28.0
2025-09-02 07:45:00,47.92
2025-09-02 08:00:00,18.0
2025-09-02 08:15:00,15.54
2025-09-02 08:30:00,15.54
2025-09-02 08:45:00,18.0
2025-09-02 09:00:00,121.05
2025-09-02 09:15:00,135.44
2025-09-02 09:30:00,40.27
2025-09-02 09:45:00,35.17
2025-09-02 10:00:00,6.09
2025-09-02 10:15:00,-1.49
2025-09-02 10:30:00,24.33
2025-09-02 10:45:00,63.66
2025-09-02 11:00:00,64.36
2025-09-02 11:15:00,24.73
2025-09-02 11:30:00,28.0
2025-09-02 11:45:00,5.0
2025-09-02 12:00:00,34.43
2025-09-02 12:15:00,24.73
2025-09-02 12:30:00,35.93
2025-09-02 12:45:00,35.93
2025-09-02 13:00:00,55.0
2025-09-02 13:15:00,79.73
2025-09-02 13:30:00,46.0
2025-09-02 13:45:00,42.88
2025-09-02 14:00:00,78.54
2025-09-02 14:15:00,24.47
2025-09-02 14:30:00,-16.56
2025-09-02 14:45:00,5.29
2025-09-02 15:00:00,24.0
2025-09-02 15:15:00,84.37
2025-09-02 15:30:00,41.75
2025-09-02 15:45:00,35.99
2025-09-02 16:00:00,18.0
2025-09-02 16:15:00,-1.34
2025-09-02 16:30:00,-79.84
2025-09-02 16:45:00,15.87
2025-09-02 17:00:00,34.24
2025-09-02 17:15:00,65.0
2025-09-02 17:30:00,108.97
2025-09-02 17:45:00,108.97
2025-09-02 18:00:00,40.49
2025-09-02 18:15:00,17.15
2025-09-02 18:30:00,39.27
2025-09-02 18:45:00,173.16
2025-09-02 19:00:00,40.94
2025-09-02 19:15:00,454.44
2025-09-02 19:30:00,512.01
2025-09-02 19:45:00,311.51
2025-09-02 20:00:00,263.79
2025-09-02 20:15:00,69.06
2025-09-02 20:30:00,50.73
2025-09-02 20:45:00,26.58
2025-09-02 21:00:00,140.92
2025-09-02 21:15:00,140.92
2025-09-02 21:30:00,141.19
2025-09-02 21:45:00,140.92
2025-09-02 22:00:00,110.47
2025-09-02 22:15:00,53.6
2025-09-02 22:30:00,53.6
2025-09-02 22:45:00,44.89
2025-09-02 23:00:00,200.56
2025-09-02 23:15:00,409.18
2025-09-02 23:30:00,91.21
2025-09-02 23:45:00,44.81
2025-09-03 00:00:00,777.38
2025-09-03 00:15:00,18.76
2025-09-03 00:30:00,97.25
2025-09-03 00:45:00,28.35
2025-09-03 01:00:00,90.74
2025-09-03 01:15:00,44.18
2025-09-03 01:30:00,3.09
2025-09-03 01:45:00,31.66
2025-09-03 02:00:00,21.06
2025-09-03 02:15:00,33.82
2025-09-03 02:30:00,49.57
2025-09-03 02:45:00,33.58
2025-09-03 03:00:00,56.63
2025-09-03 03:15:00,49.0
2025-09-03 03:30:00,55.0
2025-09-03 03:45:00,54.47
2025-09-03 04:00:00,55.0
2025-09-03 04:15:00,49.0
2025-09-03 04:30:00,15.09
2025-09-03 04:45:00,-6.57
2025-09-03 05:00:00,79.5
2025-09-03 05:15:00,79.5
2025-09-03 05:30:00,79.5
2025-09-03 05:45:00,79.5
2025-09-03 06:00:00,93.45
2025-09-03 06:15:00,93.45
2025-09-03 06:30:00,93.45
2025-09-03 06:45:00,106.27
2025-09-03 07:00:00,105.61
2025-09-03 07:15:00,186.53
2025-09-03 07:30:00,46.82
2025-09-03 07:45:00,12.42
2025-09-03 08:00:00,1904.14
2025-09-03 08:15:00,2679.71
2025-09-03 08:30:00,2275.3
2025-09-03 08:45:00,105.2
2025-09-03 09:00:00,66.59
2025-09-03 09:15:00,0.87
2025-09-03 09:30:00,-206.48
2025-09-03 09:45:00,-13.83
2025-09-03 10:00:00,-0.41
2025-09-03 10:15:00,-40.2
2025-09-03 10:30:00,-16.23
2025-09-03 10:45:00,-5.0
2025-09-03 11:00:00,0.0
2025-09-03 11:15:00,-8.0
2025-09-03 11:30:00,-16.65
2025-09-03 11:45:00,-13.08
2025-09-03 12:00:00,-9.82
2025-09-03 12:15:00,-29.91
2025-09-03 12:30:00,-12.93
2025-09-03 12:45:00,-15.78
2025-09-03 13:00:00,-39.0
2025-09-03 13:15:00,-5.0
2025-09-03 13:30:00,-1.0
2025-09-03 13:45:00,0.0
2025-09-03 14:00:00,2.31
2025-09-03 14:15:00,-7.91
2025-09-03 14:30:00,39.31
2025-09-03 14:45:00,-4.0
2025-09-03 15:00:00,-13.34
2025-09-03 15:15:00,-10.13
2025-09-03 15:30:00,-10.0
2025-09-03 15:45:00,-10.0
2025-09-03 16:00:00,-5.46
2025-09-03 16:15:00,-10.89
2025-09-03 16:30:00,-39.32
2025-09-03 16:45:00,2.36
2025-09-03 17:00:00,-15.88
2025-09-03 17:15:00,-12.08
2025-09-03 17:30:00,-8.0
2025-09-03 17:45:00,-8.0
2025-09-03 18:00:00,361.12
2025-09-03 18:15:00,80.93
2025-09-03 18:30:00,80.93
2025-09-03 18:45:00,4.23
2025-09-03 19:00:00,6.16
2025-09-03 19:15:00,1.31
2025-09-03 19:30:00,-0.63
2025-09-03 19:45:00,-3.73
2025-09-03 20:00:00,90.3
2025-09-03 20:15:00,8.86
2025-09-03 20:30:00,21.23
2025-09-03 20:45:00,9.11
2025-09-03 21:00:00,212.8
2025-09-03 21:15:00,60.88
2025-09-03 21:30:00,-6.7
2025-09-03 21:45:00,-105.56
2025-09-03 22:00:00,-8.0
2025-09-03 22:15:00,-10.0
2025-09-03 22:30:00,-10.0
2025-09-03 22:45:00,-10.0
2025-09-03 23:00:00,38.35
2025-09-03 23:15:00,38.35
2025-09-03 23:30:00,38.35
2025-09-03 23:45:00,38.35
2025-09-04 00:00:00,15.1
2025-09-04 00:15:00,-8.0
2025-09-04 00:30:00,91.82
2025-09-04 00:45:00,15.1
2025-09-04 01:00:00,29.38
2025-09-04 01:15:00,15.04
2025-09-04 01:30:00,15.04
2025-09-04 01:45:00,-10.0
2025-09-04 02:00:00,-10.0
2025-09-04 02:15:00,-10.0
2025-09-04 02:30:00,-10.0
2025-09-04 02:45:00,-10.0
2025-09-04 03:00:00,-60.29
2025-09-04 03:15:00,-60.29
2025-09-04 03:30:00,-10.0
2025-09-04 03:45:00,-6.7
2025-09-04 04:00:00,-10.0
2025-09-04 04:15:00,-10.0
2025-09-04 04:30:00,-10.0
2025-09-04 04:45:00,24.28
2025-09-04 05:00:00,-12.4
2025-09-04 05:15:00,5.0
2025-09-04 05:30:00,9.0
2025-09-04 05:45:00,44.6
2025-09-04 06:00:00,73.09
2025-09-04 06:15:00,73.09
2025-09-04 06:30:00,109.85
2025-09-04 06:45:00,73.09
2025-09-04 07:00:00,107.72
2025-09-04 07:15:00,138.34
2025-09-04 07:30:00,126.01
2025-09-04 07:45:00,96.82
2025-09-04 08:00:00,142.25
2025-09-04 08:15:00,6.8
2025-09-04 08:30:00,98.0
2025-09-04 08:45:00,1.31
2025-09-04 09:00:00,6.81
2025-09-04 09:15:00,7.17
2025-09-04 09:30:00,1.86
2025-09-04 09:45:00,13.44
2025-09-04 10:00:00,182.58
2025-09-04 10:15:00,401.88
2025-09-04 10:30:00,-2.54
2025-09-04 10:45:00,41.45
2025-09-04 11:00:00,-3.0
2025-09-04 11:15:00,-41.64
2025-09-04 11:30:00,-23.58
2025-09-04 11:45:00,-11.83
2025-09-04 12:00:00,-3.48
2025-09-04 12:15:00,-8.0
2025-09-04 12:30:00,11.05
2025-09-04 12:45:00,-11.75
2025-09-04 13:00:00,-1.25
2025-09-04 13:15:00,-10.9
2025-09-04 13:30:00,-20.5
2025-09-04 13:45:00,-7.64
2025-09-04 14:00:00,-5.0
2025-09-04 14:15:00,-5.0
2025-09-04 14:30:00,-5.0
2025-09-04 14:45:00,-1.0
2025-09-04 15:00:00,0.0
2025-09-04 15:15:00,-10.24
2025-09-04 15:30:00,71.0
2025-09-04 15:45:00,8.99
2025-09-04 16:00:00,0.0
2025-09-04 16:15:00,89.52
2025-09-04 16:30:00,20.8
2025-09-04 16:45:00,89.52
2025-09-04 17:00:00,3.01
2025-09-04 17:15:00,32.95
2025-09-04 17:30:00,42.95
2025-09-04 17:45:00,1.47
2025-09-04 18:00:00,25.33
2025-09-04 18:15:00,74.0
2025-09-04 18:30:00,191.8
2025-09-04 18:45:00,937.93
2025-09-04 19:00:00,804.05
2025-09-04 19:15:00,1675.11
2025-09-04 19:30:00,535.96
2025-09-04 19:45:00,350.31
2025-09-04 20:00:00,478.05
2025-09-04 20:15:00,378.12
2025-09-04 20:30:00,16.58
2025-09-04 20:45:00,37.35
2025-09-04 21:00:00,124.93
2025-09-04 21:15:00,124.93
2025-09-04 21:30:00,25.42
2025-09-04 21:45:00,1.08
2025-09-04 22:00:00,9.41
2025-09-04 22:15:00,8.0
2025-09-04 22:30:00,45.21
2025-09-04 22:45:00,50.53
2025-09-04 23:00:00,222.97
2025-09-04 23:15:00,204.25
2025-09-04 23:30:00,135.3
2025-09-04 23:45:00,101.3
2025-09-05 00:00:00,95.25
2025-09-05 00:15:00,95.25
2025-09-05 00:30:00,127.15
2025-09-05 00:45:00,95.25
2025-09-05 01:00:00,86.1
2025-09-05 01:15:00,29.21
2025-09-05 01:30:00,16.27
2025-09-05 01:45:00,30.15
2025-09-05 02:00:00,49.0
2025-09-05 02:15:00,30.02
2025-09-05 02:30:00,56.0
2025-09-05 02:45:00,43.78
2025-09-05 03:00:00,85.2
2025-09-05 03:15:00,55.42
2025-09-05 03:30:00,85.2
2025-09-05 03:45:00,85.2
2025-09-05 04:00:00,115.49
2025-09-05 04:15:00,115.49
2025-09-05 04:30:00,85.6
2025-09-05 04:45:00,85.6
2025-09-05 05:00:00,49.77
2025-09-05 05:15:00,56.0
2025-09-05 05:30:00,14.65
2025-09-05 05:45:00,6.7
2025-09-05 06:00:00,11.78
2025-09-05 06:15:00,39.9
2025-09-05 06:30:00,66.68
2025-09-05 06:45:00,23.51
2025-09-05 07:00:00,62.6
2025-09-05 07:15:00,132.13
2025-09-05 07:30:00,132.13
2025-09-05 07:45:00,253.88
2025-09-05 08:00:00,64.94
2025-09-05 08:15:00,13.73
2025-09-05 08:30:00,6.7
2025-09-05 08:45:00,25.09
2025-09-05 09:00:00,1.5
2025-09-05 09:15:00,33.19
2025-09-05 09:30:00,6.7
2025-09-05 09:45:00,7.49
2025-09-05 10:00:00,7.25
2025-09-05 10:15:00,7.49
2025-09-05 10:30:00,18.46
2025-09-05 10:45:00,12.56
2025-09-05 11:00:00,19.71
2025-09-05 11:15:00,13.52
2025-09-05 11:30:00,18.87
2025-09-05 11:45:00,10.0
2025-09-05 12:00:00,49.13
2025-09-05 12:15:00,17.99
2025-09-05 12:30:00,16.81
2025-09-05 12:45:00,11.99
2025-09-05 13:00:00,8.48
2025-09-05 13:15:00,34.28
2025-09-05 13:30:00,19.5
2025-09-05 13:45:00,4.91
2025-09-05 14:00:00,10.32
2025-09-05 14:15:00,18.86
2025-09-05 14:30:00,18.57
2025-09-05 14:45:00,70.17
2025-09-05 15:00:00,27.15
2025-09-05 15:15:00,314.23
2025-09-05 15:30:00,11.52
2025-09-05 15:45:00,12.98
2025-09-05 16:00:00,3.7
2025-09-05 16:15:00,-3.38
2025-09-05 16:30:00,-104.91
2025-09-05 16:45:00,-48.66
2025-09-05 17:00:00,-11.3
2025-09-05 17:15:00,50.83
2025-09-05 17:30:00,22.19
2025-09-05 17:45:00,90.96
2025-09-05 18:00:00,-2.53
2025-09-05 18:15:00,108.95
2025-09-05 18:30:00,108.95
2025-09-05 18:45:00,108.95
2025-09-05 19:00:00,32.62
2025-09-05 19:15:00,40.23
2025-09-05 19:30:00,-20.26
2025-09-05 19:45:00,-19.07
2025-09-05 20:00:00,9.0
2025-09-05 20:15:00,13.4
2025-09-05 20:30:00,0.4
2025-09-05 20:45:00,4.39
2025-09-05 21:00:00,117.1
2025-09-05 21:15:00,55.88
2025-09-05 21:30:00,20.94
2025-09-05 21:45:00,15.92
2025-09-05 22:00:00,-6.4
2025-09-05 22:15:00,2.32
2025-09-05 22:30:00,60.72
2025-09-05 22:45:00,53.73
2025-09-05 23:00:00,53.61
2025-09-05 23:15:00,321.06
2025-09-05 23:30:00,137.78
2025-09-05 23:45:00,106.73
2025-09-06 00:00:00,31.13
2025-09-06 00:15:00,52.2
2025-09-06 00:30:00,241.15
2025-09-06 00:45:00,214.33
2025-09-06 01:00:00,113.91
2025-09-06 01:15:00,50.24
2025-09-06 01:30:00,50.32
2025-09-06 01:45:00,51.88
2025-09-06 02:00:00,50.57
2025-09-06 02:15:00,60.83
2025-09-06 02:30:00,50.85
2025-09-06 02:45:00,54.4
2025-09-06 03:00:00,60.81
2025-09-06 03:15:00,57.06
2025-09-06 03:30:00,53.45
2025-09-06 03:45:00,52.74
2025-09-06 04:00:00,56.15
2025-09-06 04:15:00,96.96
2025-09-06 04:30:00,139.1
2025-09-06 04:45:00,96.96
2025-09-06 05:00:00,98.01
2025-09-06 05:15:00,208.21
2025-09-06 05:30:00,180.83
2025-09-06 05:45:00,118.1
2025-09-06 06:00:00,40.96
2025-09-06 06:15:00,27.26
2025-09-06 06:30:00,44.02
2025-09-06 06:45:00,49.82
2025-09-06 07:00:00,49.47
2025-09-06 07:15:00,60.83
2025-09-06 07:30:00,50.78
2025-09-06 07:45:00,25.0
2025-09-06 08:00:00,50.77
2025-09-06 08:15:00,95.98
2025-09-06 08:30:00,16.77
2025-09-06 08:45:00,2.13
2025-09-06 09:00:00,-5.66
2025-09-06 09:15:00,-0.67
2025-09-06 09:30:00,0.77
2025-09-06 09:45:00,7.5
2025-09-06 10:00:00,6.45
2025-09-06 10:15:00,-14.15
2025-09-06 10:30:00,-25.77
2025-09-06 10:45:00,11.35
2025-09-06 11:00:00,-58.83
2025-09-06 11:15:00,-2.15
2025-09-06 11:30:00,-4.91
2025-09-06 11:45:00,1.31
2025-09-06 12:00:00,0.13
2025-09-06 12:15:00,-8.02
2025-09-06 12:30:00,-2.27
2025-09-06 12:45:00,-84.88
2025-09-06 13:00:00,-15.38
2025-09-06 13:15:00,-16.73
2025-09-06 13:30:00,-23.56
2025-09-06 13:45:00,-17.42
2025-09-06 14:00:00,-13.4
2025-09-06 14:15:00,-28.31
2025-09-06 14:30:00,-13.67
2025-09-06 14:45:00,-13.4
2025-09-06 15:00:00,-14.74
2025-09-06 15:15:00,-13.4
2025-09-06 15:30:00,-23.45
2025-09-06 15:45:00,-13.4
2025-09-06 16:00:00,-54.71
2025-09-06 16:15:00,-127.39
2025-09-06 16:30:00,-35.39
2025-09-06 16:45:00,-6.88
2025-09-06 17:00:00,-188.58
2025-09-06 17:15:00,1.31
2025-09-06 17:30:00,-106.51
2025-09-06 17:45:00,-24.93
2025-09-06 18:00:00,3.47
2025-09-06 18:15:00,214.33
2025-09-06 18:30:00,669.11
2025-09-06 18:45:00,484.92
2025-09-06 19:00:00,158.65
2025-09-06 19:15:00,158.39
2025-09-06 19:30:00,60.79
2025-09-06 19:45:00,18.42
2025-09-06 20:00:00,56.56
2025-09-06 20:15:00,139.54
2025-09-06 20:30:00,36.6
2025-09-06 20:45:00,5.32
2025-09-06 21:00:00,24.95
2025-09-06 21:15:00,109.95
2025-09-06 21:30:00,109.95
2025-09-06 21:45:00,109.95
2025-09-06 22:00:00,92.95
2025-09-06 22:15:00,92.95
2025-09-06 22:30:00,92.95
2025-09-06 22:45:00,92.95
2025-09-06 23:00:00,87.17
2025-09-06 23:15:00,82.56
2025-09-06 23:30:00,82.56
2025-09-06 23:45:00,26.3
2025-09-07 00:00:00,89.72
2025-09-07 00:15:00,89.72
2025-09-07 00:30:00,22.28
2025-09-07 00:45:00,50.0
2025-09-07 01:00:00,58.85
2025-09-07 01:15:00,33.29
2025-09-07 01:30:00,34.85
2025-09-07 01:45:00,49.0
2025-09-07 02:00:00,55.83
2025-09-07 02:15:00,55.83
2025-09-07 02:30:00,80.77
2025-09-07 02:45:00,29.95
2025-09-07 03:00:00,45.55
2025-09-07 03:15:00,41.23
2025-09-07 03:30:00,51.27
2025-09-07 03:45:00,31.51
2025-09-07 04:00:00,39.82
2025-09-07 04:15:00,40.35
2025-09-07 04:30:00,6.5
2025-09-07 04:45:00,17.24
2025-09-07 05:00:00,25.24
2025-09-07 05:15:00,39.37
2025-09-07 05:30:00,36.68
2025-09-07 05:45:00,-8.49
2025-09-07 06:00:00,78.04
2025-09-07 06:15:00,78.04
2025-09-07 06:30:00,335.0
2025-09-07 06:45:00,337.0
2025-09-07 07:00:00,334.89
2025-09-07 07:15:00,55.48
2025-09-07 07:30:00,11.43
2025-09-07 07:45:00,2.53
2025-09-07 08:00:00,0.0
2025-09-07 08:15:00,0.0
2025-09-07 08:30:00,0.0
2025-09-07 08:45:00,0.0
2025-09-07 09:00:00,-0.09
2025-09-07 09:15:00,-0.09
2025-09-07 09:30:00,-0.09
2025-09-07 09:45:00,-1.26
2025-09-07 10:00:00,-0.01
2025-09-07 10:15:00,-10.0
2025-09-07 10:30:00,-34.13
2025-09-07 10:45:00,-36.98
2025-09-07 11:00:00,-8.96
2025-09-07 11:15:00,-41.46
2025-09-07 11:30:00,-13.4
2025-09-07 11:45:00,-119.89
2025-09-07 12:00:00,-25.32
2025-09-07 12:15:00,-25.32
2025-09-07 12:30:00,-25.32
2025-09-07 12:45:00,11.69
2025-09-07 13:00:00,18.38
2025-09-07 13:15:00,0.0
2025-09-07 13:30:00,3.16
2025-09-07 13:45:00,2.51
2025-09-07 14:00:00,-31.79
2025-09-07 14:15:00,-31.79
2025-09-07 14:30:00,-31.79
2025-09-07 14:45:00,-31.79
2025-09-07 15:00:00,-13.4
2025-09-07 15:15:00,-13.4
2025-09-07 15:30:00,-12.1
2025-09-07 15:45:00,3.75
2025-09-07 16:00:00,-33.56
2025-09-07 16:15:00,-136.67
2025-09-07 16:30:00,-113.74
2025-09-07 16:45:00,-10.0
2025-09-07 17:00:00,-133.99
2025-09-07 17:15:00,-141.5
2025-09-07 17:30:00,3.09
2025-09-07 17:45:00,3.09
2025-09-07 18:00:00,1.34
2025-09-07 18:15:00,802.63
2025-09-07 18:30:00,227.26
2025-09-07 18:45:00,133.95
2025-09-07 19:00:00,664.11
2025-09-07 19:15:00,353.8
2025-09-07 19:30:00,265.89
2025-09-07 19:45:00,-5.26
2025-09-07 20:00:00,30.75
2025-09-07 20:15:00,27.15
2025-09-07 20:30:00,18.71
2025-09-07 20:45:00,-3.74
2025-09-07 21:00:00,4.59
2025-09-07 21:15:00,12.22
2025-09-07 21:30:00,-4.1
2025-09-07 21:45:00,-5.59
2025-09-07 22:00:00,175.0
2025-09-07 22:15:00,85.01
2025-09-07 22:30:00,19.42
2025-09-07 22:45:00,85.01
2025-09-07 23:00:00,82.57
2025-09-07 23:15:00,82.57
2025-09-07 23:30:00,56.8
2025-09-07 23:45:00,56.81
2025-09-08 00:00:00,58.17
2025-09-08 00:15:00,58.17
2025-09-08 00:30:00,9.39
2025-09-08 00:45:00,69.2
2025-09-08 01:00:00,10.09
2025-09-08 01:15:00,38.89
2025-09-08 01:30:00,50.94
2025-09-08 01:45:00,20.19
2025-09-08 02:00:00,70.48
2025-09-08 02:15:00,55.96
2025-09-08 02:30:00,70.48
2025-09-08 02:45:00,88.0
2025-09-08 03:00:00,1.28
2025-09-08 03:15:00,15.57
2025-09-08 03:30:00,24.9
2025-09-08 03:45:00,9.27
2025-09-08 04:00:00,-4.21
2025-09-08 04:15:00,-11.12
2025-09-08 04:30:00,30.07
2025-09-08 04:45:00,28.91
2025-09-08 05:00:00,57.45
2025-09-08 05:15:00,74.94
2025-09-08 05:30:00,74.94
2025-09-08 05:45:00,62.42
2025-09-08 06:00:00,59.27
2025-09-08 06:15:00,62.74
2025-09-08 06:30:00,94.29
2025-09-08 06:45:00,429.36
2025-09-08 07:00:00,75.48
2025-09-08 07:15:00,87.84
2025-09-08 07:30:00,87.22
2025-09-08 07:45:00,56.69
2025-09-08 08:00:00,53.74
2025-09-08 08:15:00,249.56
2025-09-08 08:30:00,113.55
2025-09-08 08:45:00,55.58
2025-09-08 09:00:00,57.06
2025-09-08 09:15:00,57.06
2025-09-08 09:30:00,59.02
2025-09-08 09:45:00,20.2
2025-09-08 10:00:00,12.13
2025-09-08 10:15:00,85.83
2025-09-08 10:30:00,51.14
2025-09-08 10:45:00,85.83
2025-09-08 11:00:00,73.91
2025-09-08 11:15:00,100.0
2025-09-08 11:30:00,4.05
2025-09-08 11:45:00,-14.63
2025-09-08 12:00:00,-2.49
2025-09-08 12:15:00,11.06
2025-09-08 12:30:00,6.43
2025-09-08 12:45:00,3.5
2025-09-08 13:00:00,4.0
2025-09-08 13:15:00,3.39
2025-09-08 13:30:00,5.36
2025-09-08 13:45:00,-18.51
2025-09-08 14:00:00,34.0
2025-09-08 14:15:00,21.87
2025-09-08 14:30:00,6.99
2025-09-08 14:45:00,4.74
2025-09-08 15:00:00,-12.67
2025-09-08 15:15:00,-6.64
2025-09-08 15:30:00,54.4
2025-09-08 15:45:00,72.16
2025-09-08 16:00:00,-10.27
2025-09-08 16:15:00,44.74
2025-09-08 16:30:00,50.37
2025-09-08 16:45:00,448.66
2025-09-08 17:00:00,53.44
2025-09-08 17:15:00,108.45
2025-09-08 17:30:00,124.28
2025-09-08 17:45:00,756.94
2025-09-08 18:00:00,53.75
2025-09-08 18:15:00,1050.43
2025-09-08 18:30:00,600.91
2025-09-08 18:45:00,840.98
2025-09-08 19:00:00,665.75
2025-09-08 19:15:00,669.5
2025-09-08 19:30:00,892.54
2025-09-08 19:45:00,1325.55
2025-09-08 20:00:00,2196.86
2025-09-08 20:15:00,308.52
2025-09-08 20:30:00,47.95
2025-09-08 20:45:00,6.8
2025-09-08 21:00:00,152.0
2025-09-08 21:15:00,37.1
2025-09-08 21:30:00,52.85
2025-09-08 21:45:00,49.09
2025-09-08 22:00:00,123.93
2025-09-08 22:15:00,55.65
2025-09-08 22:30:00,56.31
2025-09-08 22:45:00,56.31
2025-09-08 23:00:00,113.12
2025-09-08 23:15:00,58.0
2025-09-08 23:30:00,113.12
2025-09-08 23:45:00,113.12
2025-09-09 00:00:00,228.86
2025-09-09 00:15:00,114.52
2025-09-09 00:30:00,134.58
2025-09-09 00:45:00,114.52
2025-09-09 01:00:00,112.46
2025-09-09 01:15:00,227.67
2025-09-09 01:30:00,253.82
2025-09-09 01:45:00,215.46
2025-09-09 02:00:00,60.26
2025-09-09 02:15:00,60.26
2025-09-09 02:30:00,60.26
2025-09-09 02:45:00,60.26
2025-09-09 03:00:00,60.26
2025-09-09 03:15:00,60.26
2025-09-09 03:30:00,60.26
2025-09-09 03:45:00,59.1
2025-09-09 04:00:00,109.99
2025-09-09 04:15:00,109.99
2025-09-09 04:30:00,109.99
2025-09-09 04:45:00,109.99
2025-09-09 05:00:00,118.18
2025-09-09 05:15:00,118.18
2025-09-09 05:30:00,140.0
2025-09-09 05:45:00,223.08
2025-09-09 06:00:00,56.5
2025-09-09 06:15:00,182.39
2025-09-09 06:30:00,286.03
2025-09-09 06:45:00,267.91
2025-09-09 07:00:00,293.5
2025-09-09 07:15:00,293.5
2025-09-09 07:30:00,92.87
2025-09-09 07:45:00,60.06
2025-09-09 08:00:00,39.88
2025-09-09 08:15:00,39.88
2025-09-09 08:30:00,18.0
2025-09-09 08:45:00,0.84
2025-09-09 09:00:00,49.0
2025-09-09 09:15:00,80.0
2025-09-09 09:30:00,89.0
2025-09-09 09:45:00,54.57
2025-09-09 10:00:00,80.0
2025-09-09 10:15:00,62.08
2025-09-09 10:30:00,71.28
2025-09-09 10:45:00,73.0
2025-09-09 11:00:00,72.0
2025-09-09 11:15:00,73.0
2025-09-09 11:30:00,61.26
2025-09-09 11:45:00,65.0
2025-09-09 12:00:00,63.5
2025-09-09 12:15:00,57.93
2025-09-09 12:30:00,51.37
2025-09-09 12:45:00,53.09
2025-09-09 13:00:00,62.48
2025-09-09 13:15:00,22.33
2025-09-09 13:30:00,-6.35
2025-09-09 13:45:00,-1.35
2025-09-09 14:00:00,47.01
2025-09-09 14:15:00,47.01
2025-09-09 14:30:00,55.58
2025-09-09 14:45:00,767.02
2025-09-09 15:00:00,54.52
2025-09-09 15:15:00,89.6
2025-09-09 15:30:00,135.45
2025-09-09 15:45:00,89.6
2025-09-09 16:00:00,99.96
2025-09-09 16:15:00,52.73
2025-09-09 16:30:00,112.2
2025-09-09 16:45:00,200.51
2025-09-09 17:00:00,55.0
2025-09-09 17:15:00,55.0
2025-09-09 17:30:00,57.33
2025-09-09 17:45:00,272.3
2025-09-09 18:00:00,219.36
2025-09-09 18:15:00,192.68
2025-09-09 18:30:00,57.33
2025-09-09 18:45:00,192.68
2025-09-09 19:00:00,386.4
2025-09-09 19:15:00,386.4
2025-09-09 19:30:00,386.4
2025-09-09 19:45:00,60.2
2025-09-09 20:00:00,381.68
2025-09-09 20:15:00,293.96
2025-09-09 20:30:00,58.22
2025-09-09 20:45:00,59.1
2025-09-09 21:00:00,25.0
2025-09-09 21:15:00,64.63
2025-09-09 21:30:00,132.37
2025-09-09 21:45:00,60.67
2025-09-09 22:00:00,57.52
2025-09-09 22:15:00,56.92
2025-09-09 22:30:00,56.92
2025-09-09 22:45:00,56.92
2025-09-09 23:00:00,67.88
2025-09-09 23:15:00,334.75
2025-09-09 23:30:00,315.66
2025-09-09 23:45:00,106.0
2025-09-10 00:00:00,-27.28
2025-09-10 00:15:00,30.57
2025-09-10 00:30:00,4.14
2025-09-10 00:45:00,27.64
2025-09-10 01:00:00,26.25
2025-09-10 01:15:00,39.87
2025-09-10 01:30:00,48.79
2025-09-10 01:45:00,57.06
2025-09-10 02:00:00,56.77
2025-09-10 02:15:00,56.43
2025-09-10 02:30:00,21.97
2025-09-10 02:45:00,98.48
2025-09-10 03:00:00,56.1
2025-09-10 03:15:00,53.29
2025-09-10 03:30:00,29.27
2025-09-10 03:45:00,11.71
2025-09-10 04:00:00,49.95
2025-09-10 04:15:00,49.32
2025-09-10 04:30:00,50.4
2025-09-10 04:45:00,100.14
2025-09-10 05:00:00,107.64
2025-09-10 05:15:00,9.53
2025-09-10 05:30:00,36.47
2025-09-10 05:45:00,56.32
2025-09-10 06:00:00,34.55
2025-09-10 06:15:00,48.79
2025-09-10 06:30:00,66.0
2025-09-10 06:45:00,131.04
2025-09-10 07:00:00,218.81
2025-09-10 07:15:00,218.81
2025-09-10 07:30:00,218.81
2025-09-10 07:45:00,223.69
2025-09-10 08:00:00,309.89
2025-09-10 08:15:00,171.92
2025-09-10 08:30:00,172.25
2025-09-10 08:45:00,171.92
2025-09-10 09:00:00,56.3
2025-09-10 09:15:00,56.8
2025-09-10 09:30:00,56.3
2025-09-10 09:45:00,56.3
2025-09-10 10:00:00,107.33
2025-09-10 10:15:00,204.57
2025-09-10 10:30:00,129.59
2025-09-10 10:45:00,107.33
2025-09-10 11:00:00,97.2
2025-09-10 11:15:00,25.23
2025-09-10 11:30:00,45.11
2025-09-10 11:45:00,56.3
2025-09-10 12:00:00,23.76
2025-09-10 12:15:00,4.84
2025-09-10 12:30:00,22.17
2025-09-10 12:45:00,56.3
2025-09-10 13:00:00,78.0
2025-09-10 13:15:00,460.73
2025-09-10 13:30:00,95.96
2025-09-10 13:45:00,78.0
2025-09-10 14:00:00,9.69
2025-09-10 14:15:00,20.46
2025-09-10 14:30:00,15.64
2025-09-10 14:45:00,15.64
2025-09-10 15:00:00,30.9
2025-09-10 15:15:00,37.77
2025-09-10 15:30:00,49.05
2025-09-10 15:45:00,50.53
2025-09-10 16:00:00,26.16
2025-09-10 16:15:00,26.79
2025-09-10 16:30:00,26.72
2025-09-10 16:45:00,26.73
2025-09-10 17:00:00,40.08
2025-09-10 17:15:00,74.0
2025-09-10 17:30:00,15.38
2025-09-10 17:45:00,14.97
2025-09-10 18:00:00,13.59
2025-09-10 18:15:00,170.9
2025-09-10 18:30:00,170.59
2025-09-10 18:45:00,170.9
2025-09-10 19:00:00,275.19
2025-09-10 19:15:00,20.54
2025-09-10 19:30:00,16.67
2025-09-10 19:45:00,20.72
2025-09-10 20:00:00,20.07
2025-09-10 20:15:00,20.37
2025-09-10 20:30:00,17.68
2025-09-10 20:45:00,18.36
2025-09-10 21:00:00,122.94
2025-09-10 21:15:00,123.09
2025-09-10 21:30:00,122.94
2025-09-10 21:45:00,14.61
2025-09-10 22:00:00,26.52
2025-09-10 22:15:00,101.58
2025-09-10 22:30:00,26.52
2025-09-10 22:45:00,101.58
2025-09-10 23:00:00,214.53
2025-09-10 23:15:00,87.63
2025-09-10 23:30:00,116.07
2025-09-10 23:45:00,87.63
2025-09-11 00:00:00,1.62
2025-09-11 00:15:00,67.0
2025-09-11 00:30:00,17.21
2025-09-11 00:45:00,7.74
2025-09-11 01:00:00,-0.28
2025-09-11 01:15:00,1.51
2025-09-11 01:30:00,6.59
2025-09-11 01:45:00,-7.6
2025-09-11 02:00:00,4.02
2025-09-11 02:15:00,-7.6
2025-09-11 02:30:00,1.48
2025-09-11 02:45:00,7.63
2025-09-11 03:00:00,7.65
2025-09-11 03:15:00,3.45
2025-09-11 03:30:00,4.13
2025-09-11 03:45:00,65.23
2025-09-11 04:00:00,3.03
2025-09-11 04:15:00,1.5
2025-09-11 04:30:00,1.5
2025-09-11 04:45:00,0.19
2025-09-11 05:00:00,3.45
2025-09-11 05:15:00,4.39
2025-09-11 05:30:00,6.0
2025-09-11 05:45:00,9.44
2025-09-11 06:00:00,-3.01
2025-09-11 06:15:00,16.1
2025-09-11 06:30:00,0.74
2025-09-11 06:45:00,0.55
2025-09-11 07:00:00,159.26
2025-09-11 07:15:00,85.8
2025-09-11 07:30:00,59.4
2025-09-11 07:45:00,59.4
2025-09-11 08:00:00,18.69
2025-09-11 08:15:00,20.09
2025-09-11 08:30:00,15.7
2025-09-11 08:45:00,18.59
2025-09-11 09:00:00,14.53
2025-09-11 09:15:00,20.03
2025-09-11 09:30:00,19.21
2025-09-11 09:45:00,11.48
2025-09-11 10:00:00,58.0
2025-09-11 10:15:00,8.04
2025-09-11 10:30:00,1.86
2025-09-11 10:45:00,1.86
2025-09-11 11:00:00,-9.36
2025-09-11 11:15:00,0.0
2025-09-11 11:30:00,0.0
2025-09-11 11:45:00,-4.0
2025-09-11 12:00:00,-11.78
2025-09-11 12:15:00,-6.0
2025-09-11 12:30:00,4.08
2025-09-11 12:45:00,10.54
2025-09-11 13:00:00,5.03
2025-09-11 13:15:00,765.34
2025-09-11 13:30:00,-71.76
2025-09-11 13:45:00,12.7
2025-09-11 14:00:00,-12.0
2025-09-11 14:15:00,-12.0
2025-09-11 14:30:00,-13.39
2025-09-11 14:45:00,-16.18
2025-09-11 15:00:00,-13.39
2025-09-11 15:15:00,-13.39
2025-09-11 15:30:00,-13.39
2025-09-11 15:45:00,-13.39
2025-09-11 16:00:00,-12.2
2025-09-11 16:15:00,-510.0
2025-09-11 16:30:00,-12.2
2025-09-11 16:45:00,-10.0
2025-09-11 17:00:00,-10.0
2025-09-11 17:15:00,-13.43
2025-09-11 17:30:00,0.0
2025-09-11 17:45:00,2.95
2025-09-11 18:00:00,-10.0
2025-09-11 18:15:00,-0.95
2025-09-11 18:30:00,5.36
2025-09-11 18:45:00,106.68
2025-09-11 19:00:00,130.99
2025-09-11 19:15:00,155.09
2025-09-11 19:30:00,128.0
2025-09-11 19:45:00,425.82
2025-09-11 20:00:00,234.25
2025-09-11 20:15:00,60.0
2025-09-11 20:30:00,19.88
2025-09-11 20:45:00,6.76
2025-09-11 21:00:00,11.32
2025-09-11 21:15:00,2678.92
2025-09-11 21:30:00,103.19
2025-09-11 21:45:00,103.19
2025-09-11 22:00:00,129.08
2025-09-11 22:15:00,81.2
2025-09-11 22:30:00,2.95
2025-09-11 22:45:00,5.33
2025-09-11 23:00:00,63.89
2025-09-11 23:15:00,0.24
2025-09-11 23:30:00,6.43
2025-09-11 23:45:00,-0.22
2025-09-12 00:00:00,1.09
2025-09-12 00:15:00,0.76
2025-09-12 00:30:00,-146.58
2025-09-12 00:45:00,-34.46
2025-09-12 01:00:00,0.27
2025-09-12 01:15:00,3.0
2025-09-12 01:30:00,1.41
2025-09-12 01:45:00,-27.51
2025-09-12 02:00:00,-7.99
2025-09-12 02:15:00,0.0
2025-09-12 02:30:00,2.95
2025-09-12 02:45:00,6.75
2025-09-12 03:00:00,1.48
2025-09-12 03:15:00,-1.74
2025-09-12 03:30:00,-14.42
2025-09-12 03:45:00,-71.16
2025-09-12 04:00:00,-31.96
2025-09-12 04:15:00,-6.96
2025-09-12 04:30:00,-10.0
2025-09-12 04:45:00,-6.83
2025-09-12 05:00:00,13.07
2025-09-12 05:15:00,-4.62
2025-09-12 05:30:00,1.0
2025-09-12 05:45:00,113.21
2025-09-12 06:00:00,30.1
2025-09-12 06:15:00,8.84
2025-09-12 06:30:00,20.0
2025-09-12 06:45:00,44.46
2025-09-12 07:00:00,-20.61
2025-09-12 07:15:00,3.67
2025-09-12 07:30:00,6.7
2025-09-12 07:45:00,10.93
2025-09-12 08:00:00,-0.22
2025-09-12 08:15:00,-6.35
2025-09-12 08:30:00,1.93
2025-09-12 08:45:00,-2.73
2025-09-12 09:00:00,9.83
2025-09-12 09:15:00,7.16
2025-09-12 09:30:00,2.95
2025-09-12 09:45:00,1.86
2025-09-12 10:00:00,101.52
2025-09-12 10:15:00,30.49
2025-09-12 10:30:00,8.0
2025-09-12 10:45:00,-29.21
2025-09-12 11:00:00,15.0
2025-09-12 11:15:00,10.01
2025-09-12 11:30:00,3.0
2025-09-12 11:45:00,0.0
2025-09-12 12:00:00,-1.83
2025-09-12 12:15:00,-1.83
2025-09-12 12:30:00,-1.83
2025-09-12 12:45:00,38.82
2025-09-12 13:00:00,7.87
2025-09-12 13:15:00,158.11
2025-09-12 13:30:00,36.66
2025-09-12 13:45:00,10.9
2025-09-12 14:00:00,1.12
2025-09-12 14:15:00,2.5
2025-09-12 14:30:00,-2.01
2025-09-12 14:45:00,2.26
2025-09-12 15:00:00,-20.73
2025-09-12 15:15:00,-13.44
2025-09-12 15:30:00,-60.62
2025-09-12 15:45:00,-0.96
2025-09-12 16:00:00,-27.14
2025-09-12 16:15:00,-0.01
2025-09-12 16:30:00,11.16
2025-09-12 16:45:00,-4.6
2025-09-12 17:00:00,-175.37
2025-09-12 17:15:00,-12.14
2025-09-12 17:30:00,0.0
2025-09-12 17:45:00,1009.82
2025-09-12 18:00:00,125.11
2025-09-12 18:15:00,678.34
2025-09-12 18:30:00,315.64
2025-09-12 18:45:00,227.72
2025-09-12 19:00:00,-2.0
2025-09-12 19:15:00,4.72
2025-09-12 19:30:00,155.49
2025-09-12 19:45:00,1992.14
2025-09-12 20:00:00,45.15
2025-09-12 20:15:00,1.82
2025-09-12 20:30:00,-15.32
2025-09-12 20:45:00,1.95
2025-09-12 21:00:00,27.53
2025-09-12 21:15:00,102.99
2025-09-12 21:30:00,40.34
2025-09-12 21:45:00,55.23
2025-09-12 22:00:00,334.89
2025-09-12 22:15:00,236.36
2025-09-12 22:30:00,236.36
2025-09-12 22:45:00,89.5
2025-09-12 23:00:00,-14.76
2025-09-12 23:15:00,-11.41
2025-09-12 23:30:00,-14.53
2025-09-12 23:45:00,8.0
2025-09-13 00:00:00,2.55
2025-09-13 00:15:00,-3.96
2025-09-13 00:30:00,-11.27
2025-09-13 00:45:00,-13.67
2025-09-13 01:00:00,-7.48
2025-09-13 01:15:00,-13.06
2025-09-13 01:30:00,-20.06
2025-09-13 01:45:00,0.0
2025-09-13 02:00:00,-2.0
2025-09-13 02:15:00,-3.0
2025-09-13 02:30:00,15.0
2025-09-13 02:45:00,0.62
2025-09-13 03:00:00,0.0
2025-09-13 03:15:00,12.95
2025-09-13 03:30:00,0.23
2025-09-13 03:45:00,-13.92
2025-09-13 04:00:00,-6.14
2025-09-13 04:15:00,-1.58
2025-09-13 04:30:00,-2.85
2025-09-13 04:45:00,-11.06
2025-09-13 05:00:00,1.0
2025-09-13 05:15:00,0.7
2025-09-13 05:30:00,-16.04
2025-09-13 05:45:00,-26.73
2025-09-13 06:00:00,-12.21
2025-09-13 06:15:00,-2.0
2025-09-13 06:30:00,0.0
2025-09-13 06:45:00,-12.52
2025-09-13 07:00:00,2.83
2025-09-13 07:15:00,36.55
2025-09-13 07:30:00,9.53
2025-09-13 07:45:00,-1.0
2025-09-13 08:00:00,2459.01
2025-09-13 08:15:00,466.93
2025-09-13 08:30:00,334.12
2025-09-13 08:45:00,101.84
2025-09-13 09:00:00,61.17
2025-09-13 09:15:00,47.65
2025-09-13 09:30:00,6.74
2025-09-13 09:45:00,4.78
2025-09-13 10:00:00,-5.89
2025-09-13 10:15:00,14.3
2025-09-13 10:30:00,1337.17
2025-09-13 10:45:00,17.0
2025-09-13 11:00:00,17.45
2025-09-13 11:15:00,2.37
2025-09-13 11:30:00,2.37
2025-09-13 11:45:00,-442.54
2025-09-13 12:00:00,-129.71
2025-09-13 12:15:00,-31.87
2025-09-13 12:30:00,-344.24
2025-09-13 12:45:00,-110.38
2025-09-13 13:00:00,-10.0
2025-09-13 13:15:00,-6.7
2025-09-13 13:30:00,-5.36
2025-09-13 13:45:00,-2.67
2025-09-13 14:00:00,-12.84
2025-09-13 14:15:00,-3.21
2025-09-13 14:30:00,36.3
2025-09-13 14:45:00,26.28
2025-09-13 15:00:00,-3.34
2025-09-13 15:15:00,-12.87
2025-09-13 15:30:00,0.0
2025-09-13 15:45:00,-10.0
2025-09-13 16:00:00,-17.83
2025-09-13 16:15:00,-915.2
2025-09-13 16:30:00,-368.16
2025-09-13 16:45:00,-350.7
2025-09-13 17:00:00,-4.01
2025-09-13 17:15:00,0.0
2025-09-13 17:30:00,85.27
2025-09-13 17:45:00,63.0
2025-09-13 18:00:00,42.97
2025-09-13 18:15:00,208.17
2025-09-13 18:30:00,602.87
2025-09-13 18:45:00,294.76
2025-09-13 19:00:00,372.82
2025-09-13 19:15:00,402.01
2025-09-13 19:30:00,4019.08
2025-09-13 19:45:00,937.79
2025-09-13 20:00:00,1071.76
2025-09-13 20:15:00,44.25
2025-09-13 20:30:00,216.62
2025-09-13 20:45:00,254.57
2025-09-13 21:00:00,13.0
2025-09-13 21:15:00,13.0
2025-09-13 21:30:00,48.65
2025-09-13 21:45:00,15.0
2025-09-13 22:00:00,48.42
2025-09-13 22:15:00,50.92
2025-09-13 22:30:00,13.0
2025-09-13 22:45:00,100.38
2025-09-13 23:00:00,87.18
2025-09-13 23:15:00,87.18
2025-09-13 23:30:00,214.24
2025-09-13 23:45:00,87.18
2025-09-14 00:00:00,4.0
2025-09-14 00:15:00,54.43
2025-09-14 00:30:00,85.69
2025-09-14 00:45:00,45.98
2025-09-14 01:00:00,55.48
2025-09-14 01:15:00,54.65
2025-09-14 01:30:00,55.48
2025-09-14 01:45:00,40.0
2025-09-14 02:00:00,23.95
2025-09-14 02:15:00,4.0
2025-09-14 02:30:00,-1.0
2025-09-14 02:45:00,24.83
2025-09-14 03:00:00,40.0
2025-09-14 03:15:00,46.9
2025-09-14 03:30:00,51.5
2025-09-14 03:45:00,51.6
2025-09-14 04:00:00,46.03
2025-09-14 04:15:00,55.48
2025-09-14 04:30:00,93.84
2025-09-14 04:45:00,94.46
2025-09-14 05:00:00,55.5
2025-09-14 05:15:00,55.46
2025-09-14 05:30:00,120.77
2025-09-14 05:45:00,113.64
2025-09-14 06:00:00,100.75
2025-09-14 06:15:00,100.75
2025-09-14 06:30:00,112.7
2025-09-14 06:45:00,55.53
2025-09-14 07:00:00,44.07
2025-09-14 07:15:00,55.53
2025-09-14 07:30:00,53.0
2025-09-14 07:45:00,47.53
2025-09-14 08:00:00,-5.0
2025-09-14 08:15:00,55.54
2025-09-14 08:30:00,55.54
2025-09-14 08:45:00,53.93
2025-09-14 09:00:00,55.52
2025-09-14 09:15:00,26.66
2025-09-14 09:30:00,7.03
2025-09-14 09:45:00,4.82
2025-09-14 10:00:00,55.65
2025-09-14 10:15:00,55.66
2025-09-14 10:30:00,61.68
2025-09-14 10:45:00,16.47
2025-09-14 11:00:00,17.58
2025-09-14 11:15:00,17.58
2025-09-14 11:30:00,17.58
2025-09-14 11:45:00,36.49
2025-09-14 12:00:00,89.34
2025-09-14 12:15:00,55.0
2025-09-14 12:30:00,55.0
2025-09-14 12:45:00,95.0
2025-09-14 13:00:00,-8.0
2025-09-14 13:15:00,-12.51
2025-09-14 13:30:00,0.01
2025-09-14 13:45:00,0.01
2025-09-14 14:00:00,0.0
2025-09-14 14:15:00,11.66
2025-09-14 14:30:00,-4.36
2025-09-14 14:45:00,-10.0
2025-09-14 15:00:00,-1.52
2025-09-14 15:15:00,-8.0
2025-09-14 15:30:00,-10.39
2025-09-14 15:45:00,-0.27
2025-09-14 16:00:00,-13.21
2025-09-14 16:15:00,-10.78
2025-09-14 16:30:00,-1.13
2025-09-14 16:45:00,4.26
2025-09-14 17:00:00,98.2
2025-09-14 17:15:00,4.58
2025-09-14 17:30:00,204.22
2025-09-14 17:45:00,98.2
2025-09-14 18:00:00,22.26
2025-09-14 18:15:00,3.0
2025-09-14 18:30:00,26.0
2025-09-14 18:45:00,25.28
2025-09-14 19:00:00,142.02
2025-09-14 19:15:00,75.0
2025-09-14 19:30:00,142.02
2025-09-14 19:45:00,60.79
2025-09-14 20:00:00,123.22
2025-09-14 20:15:00,56.67
2025-09-14 20:30:00,31.73
2025-09-14 20:45:00,0.67
2025-09-14 21:00:00,51.51
2025-09-14 21:15:00,89.67
2025-09-14 21:30:00,15.42
2025-09-14 21:45:00,30.75
2025-09-14 22:00:00,47.64
2025-09-14 22:15:00,53.73
2025-09-14 22:30:00,58.94
2025-09-14 22:45:00,55.55
2025-09-14 23:00:00,14.27
2025-09-14 23:15:00,6.67
2025-09-14 23:30:00,3.99
2025-09-14 23:45:00,3.0
2025-09-15 00:00:00,2.38
2025-09-15 00:15:00,-2.15
2025-09-15 00:30:00,-41.66
2025-09-15 00:45:00,-24.02
2025-09-15 01:00:00,-0.89
2025-09-15 01:15:00,2.0
2025-09-15 01:30:00,3.87
2025-09-15 01:45:00,-38.34
2025-09-15 02:00:00,-0.47
2025-09-15 02:15:00,-0.88
2025-09-15 02:30:00,-0.89
2025-09-15 02:45:00,-0.47
2025-09-15 03:00:00,0.01
2025-09-15 03:15:00,-0.89
2025-09-15 03:30:00,-0.49
2025-09-15 03:45:00,-14.18
2025-09-15 04:00:00,0.0
2025-09-15 04:15:00,13.25
2025-09-15 04:30:00,0.0
2025-09-15 04:45:00,-2.83
2025-09-15 05:00:00,0.9
2025-09-15 05:15:00,0.9
2025-09-15 05:30:00,0.9
2025-09-15 05:45:00,0.9
2025-09-15 06:00:00,-420.12
2025-09-15 06:15:00,-16.91
2025-09-15 06:30:00,-135.41
2025-09-15 06:45:00,-10.0
2025-09-15 07:00:00,-22.65
2025-09-15 07:15:00,-13.18
2025-09-15 07:30:00,-8.0
2025-09-15 07:45:00,-5.0
2025-09-15 08:00:00,-8.0
2025-09-15 08:15:00,-8.0
2025-09-15 08:30:00,-115.1
2025-09-15 08:45:00,-33.91
2025-09-15 09:00:00,-6.6
2025-09-15 09:15:00,-6.6
2025-09-15 09:30:00,242.08
2025-09-15 09:45:00,2.34
2025-09-15 10:00:00,252.42
2025-09-15 10:15:00,28.99
2025-09-15 10:30:00,4.28
2025-09-15 10:45:00,16.41
2025-09-15 11:00:00,102.48
2025-09-15 11:15:00,102.16
2025-09-15 11:30:00,82.07
2025-09-15 11:45:00,12.29
2025-09-15 12:00:00,-87.69
2025-09-15 12:15:00,-125.01
2025-09-15 12:30:00,-15.83
2025-09-15 12:45:00,-39.1
2025-09-15 13:00:00,-149.81
2025-09-15 13:15:00,-0.28
2025-09-15 13:30:00,11.0
2025-09-15 13:45:00,-1.07
2025-09-15 14:00:00,-0.01
2025-09-15 14:15:00,-0.01
2025-09-15 14:30:00,8.07
2025-09-15 14:45:00,-0.01
2025-09-15 15:00:00,-1.0
2025-09-15 15:15:00,-2.07
2025-09-15 15:30:00,9.67
2025-09-15 15:45:00,-0.07
2025-09-15 16:00:00,-14.16
2025-09-15 16:15:00,-1.07
2025-09-15 16:30:00,-12.89
2025-09-15 16:45:00,406.47
2025-09-15 17:00:00,-10.0
2025-09-15 17:15:00,80.88
2025-09-15 17:30:00,-10.81
2025-09-15 17:45:00,117.47
2025-09-15 18:00:00,3.9
2025-09-15 18:15:00,3.9
2025-09-15 18:30:00,3.9
2025-09-15 18:45:00,88.0
2025-09-15 19:00:00,58.0
2025-09-15 19:15:00,442.21
2025-09-15 19:30:00,52.0
2025-09-15 19:45:00,45.16
2025-09-15 20:00:00,0.97
2025-09-15 20:15:00,4.01
2025-09-15 20:30:00,83.46
2025-09-15 20:45:00,9.87
2025-09-15 21:00:00,35.5
2025-09-15 21:15:00,-8.52
2025-09-15 21:30:00,19.48
2025-09-15 21:45:00,26.8
2025-09-15 22:00:00,41.14
2025-09-15 22:15:00,26.8
2025-09-15 22:30:00,29.48
2025-09-15 22:45:00,13.32
2025-09-15 23:00:00,55.79
2025-09-15 23:15:00,21.37
2025-09-15 23:30:00,26.98
2025-09-15 23:45:00,17.72
2025-09-16 00:00:00,-34.6
2025-09-16 00:15:00,-4.76
2025-09-16 00:30:00,-0.02
2025-09-16 00:45:00,-5.34
2025-09-16 01:00:00,-0.05
2025-09-16 01:15:00,-0.05
2025-09-16 01:30:00,-0.05
2025-09-16 01:45:00,-0.32
2025-09-16 02:00:00,160.96
2025-09-16 02:15:00,12.21
2025-09-16 02:30:00,9.84
2025-09-16 02:45:00,7.0
2025-09-16 03:00:00,6.7
2025-09-16 03:15:00,-0.56
2025-09-16 03:30:00,9.27
2025-09-16 03:45:00,5.9
2025-09-16 04:00:00,-10.29
2025-09-16 04:15:00,14.09
2025-09-16 04:30:00,4.43
2025-09-16 04:45:00,14.09
2025-09-16 05:00:00,-18.55
2025-09-16 05:15:00,-6.51
2025-09-16 05:30:00,-10.62
2025-09-16 05:45:00,0.19
2025-09-16 06:00:00,-10.0
2025-09-16 06:15:00,-0.9
2025-09-16 06:30:00,26.59
2025-09-16 06:45:00,37.47
2025-09-16 07:00:00,-1.0
2025-09-16 07:15:00,55.82
2025-09-16 07:30:00,-1.0
2025-09-16 07:45:00,-3.0
2025-09-16 08:00:00,5.57
2025-09-16 08:15:00,10.79
2025-09-16 08:30:00,6.31
2025-09-16 08:45:00,0.0
2025-09-16 09:00:00,10.0
2025-09-16 09:15:00,35.41
2025-09-16 09:30:00,161.59
2025-09-16 09:45:00,30.0
2025-09-16 10:00:00,46.0
2025-09-16 10:15:00,15.0
2025-09-16 10:30:00,2.85
2025-09-16 10:45:00,2.85
2025-09-16 11:00:00,-1.87
2025-09-16 11:15:00,-38.2
2025-09-16 11:30:00,-9.98
2025-09-16 11:45:00,-10.32
2025-09-16 12:00:00,-12.59
2025-09-16 12:15:00,-236.01
2025-09-16 12:30:00,-37.46
2025-09-16 12:45:00,-12.59
2025-09-16 13:00:00,-10.0
2025-09-16 13:15:00,-10.0
2025-09-16 13:30:00,-12.13
2025-09-16 13:45:00,-13.57
2025-09-16 14:00:00,-10.0
2025-09-16 14:15:00,-10.0
2025-09-16 14:30:00,-7.9
2025-09-16 14:45:00,1.69
2025-09-16 15:00:00,55.41
2025-09-16 15:15:00,6.7
2025-09-16 15:30:00,16.75
2025-09-16 15:45:00,92.53
2025-09-16 16:00:00,355.89
2025-09-16 16:15:00,144.81
2025-09-16 16:30:00,127.79
2025-09-16 16:45:00,176.09
2025-09-16 17:00:00,278.17
2025-09-16 17:15:00,257.36
2025-09-16 17:30:00,145.71
2025-09-16 17:45:00,105.24
2025-09-16 18:00:00,4.46
2025-09-16 18:15:00,62.93
2025-09-16 18:30:00,107.23
2025-09-16 18:45:00,102.28
2025-09-16 19:00:00,6.7
2025-09-16 19:15:00,86.02
2025-09-16 19:30:00,-1.05
2025-09-16 19:45:00,85.0
2025-09-16 20:00:00,79.67
2025-09-16 20:15:00,5.74
2025-09-16 20:30:00,90.0
2025-09-16 20:45:00,5.19
2025-09-16 21:00:00,33.39
2025-09-16 21:15:00,-3.1
2025-09-16 21:30:00,94.0
2025-09-16 21:45:00,-19.61
2025-09-16 22:00:00,56.02
2025-09-16 22:15:00,3.02
2025-09-16 22:30:00,79.0
2025-09-16 22:45:00,-11.95
2025-09-16 23:00:00,294.71
2025-09-16 23:15:00,11.63
2025-09-16 23:30:00,45.31
2025-09-16 23:45:00,4.0
2025-09-17 00:00:00,19.63
2025-09-17 00:15:00,12.32
2025-09-17 00:30:00,52.64
2025-09-17 00:45:00,15.0
2025-09-17 01:00:00,24.95
2025-09-17 01:15:00,-1.5
2025-09-17 01:30:00,27.34
2025-09-17 01:45:00,3.02
2025-09-17 02:00:00,0.0
2025-09-17 02:15:00,-1.5
2025-09-17 02:30:00,-0.93
2025-09-17 02:45:00,-5.36
2025-09-17 03:00:00,3.07
2025-09-17 03:15:00,15.0
2025-09-17 03:30:00,7.4
2025-09-17 03:45:00,15.0
2025-09-17 04:00:00,20.09
2025-09-17 04:15:00,15.0
2025-09-17 04:30:00,26.8
2025-09-17 04:45:00,55.89
2025-09-17 05:00:00,-2.57
2025-09-17 05:15:00,-16.16
2025-09-17 05:30:00,2.32
2025-09-17 05:45:00,6.7
2025-09-17 06:00:00,-80.88
2025-09-17 06:15:00,-18.05
2025-09-17 06:30:00,-13.39
2025-09-17 06:45:00,-17.39
2025-09-17 07:00:00,-10.0
2025-09-17 07:15:00,-10.0
2025-09-17 07:30:00,-10.0
2025-09-17 07:45:00,-10.0
2025-09-17 08:00:00,-10.0
2025-09-17 08:15:00,-7.9
2025-09-17 08:30:00,-10.0
2025-09-17 08:45:00,-10.0
2025-09-17 09:00:00,4.29
2025-09-17 09:15:00,4.29
2025-09-17 09:30:00,57.42
2025-09-17 09:45:00,4.29
2025-09-17 10:00:00,57.57
2025-09-17 10:15:00,57.42
2025-09-17 10:30:00,63.74
2025-09-17 10:45:00,36.75
2025-09-17 11:00:00,-0.37
2025-09-17 11:15:00,67.0
2025-09-17 11:30:00,2.1
2025-09-17 11:45:00,69.0
2025-09-17 12:00:00,-105.56
2025-09-17 12:15:00,-189.26
2025-09-17 12:30:00,9.1
2025-09-17 12:45:00,9.1
2025-09-17 13:00:00,-2.0
2025-09-17 13:15:00,0.84
2025-09-17 13:30:00,17.0
2025-09-17 13:45:00,-1.35
2025-09-17 14:00:00,15.0
2025-09-17 14:15:00,15.0
2025-09-17 14:30:00,-3.29
2025-09-17 14:45:00,-2.94
2025-09-17 15:00:00,-27.05
2025-09-17 15:15:00,-4.21
2025-09-17 15:30:00,1.28
2025-09-17 15:45:00,-4.4
2025-09-17 16:00:00,-9.66
2025-09-17 16:15:00,-4.01
2025-09-17 16:30:00,29.73
2025-09-17 16:45:00,40.0
2025-09-17 17:00:00,-561.05
2025-09-17 17:15:00,-188.98
2025-09-17 17:30:00,0.0
2025-09-17 17:45:00,45.31
2025-09-17 18:00:00,0.0
2025-09-17 18:15:00,11.75
2025-09-17 18:30:00,46.4
2025-09-17 18:45:00,601.08
2025-09-17 19:00:00,116.21
2025-09-17 19:15:00,211.13
2025-09-17 19:30:00,146.09
2025-09-17 19:45:00,116.21
2025-09-17 20:00:00,198.8
2025-09-17 20:15:00,178.0
2025-09-17 20:30:00,110.79
2025-09-17 20:45:00,110.79
2025-09-17 21:00:00,115.29
2025-09-17 21:15:00,10.6
2025-09-17 21:30:00,-7.1
2025-09-17 21:45:00,-10.81
2025-09-17 22:00:00,-1.72
2025-09-17 22:15:00,-16.25
2025-09-17 22:30:00,-8.48
2025-09-17 22:45:00,-6.26
2025-09-17 23:00:00,-2.41
2025-09-17 23:15:00,-7.6
2025-09-17 23:30:00,-9.62
2025-09-17 23:45:00,-7.62
2025-09-18 00:00:00,-4.25
2025-09-18 00:15:00,-5.0
2025-09-18 00:30:00,-5.68
2025-09-18 00:45:00,-9.36
2025-09-18 01:00:00,1.75
2025-09-18 01:15:00,-0.29
2025-09-18 01:30:00,1.17
2025-09-18 01:45:00,-1.88
2025-09-18 02:00:00,19.48
2025-09-18 02:15:00,19.48
2025-09-18 02:30:00,-9.01
2025-09-18 02:45:00,-4.25
2025-09-18 03:00:00,14.42
2025-09-18 03:15:00,14.42
2025-09-18 03:30:00,14.42
2025-09-18 03:45:00,-1.33
2025-09-18 04:00:00,92.02
2025-09-18 04:15:00,68.07
2025-09-18 04:30:00,33.95
2025-09-18 04:45:00,54.0
2025-09-18 05:00:00,35.59
2025-09-18 05:15:00,43.0
2025-09-18 05:30:00,63.36
2025-09-18 05:45:00,87.54
2025-09-18 06:00:00,45.06
2025-09-18 06:15:00,383.51
2025-09-18 06:30:00,2657.12
2025-09-18 06:45:00,464.33
2025-09-18 07:00:00,110.0
2025-09-18 07:15:00,624.34
2025-09-18 07:30:00,159.9
2025-09-18 07:45:00,110.0
2025-09-18 08:00:00,92.0
2025-09-18 08:15:00,69.13
2025-09-18 08:30:00,0.03
2025-09-18 08:45:00,0.0
2025-09-18 09:00:00,0.24
2025-09-18 09:15:00,20.07
2025-09-18 09:30:00,-8.59
2025-09-18 09:45:00,-12.45
2025-09-18 10:00:00,63.61
2025-09-18 10:15:00,-275.46
2025-09-18 10:30:00,-19.99
2025-09-18 10:45:00,-126.41
2025-09-18 11:00:00,-16.77
2025-09-18 11:15:00,-16.27
2025-09-18 11:30:00,-4.25
2025-09-18 11:45:00,-17.77
2025-09-18 12:00:00,-6.82
2025-09-18 12:15:00,-7.56
2025-09-18 12:30:00,-25.45
2025-09-18 12:45:00,-37.47
2025-09-18 13:00:00,-148.79
2025-09-18 13:15:00,-12.16
2025-09-18 13:30:00,-13.69
2025-09-18 13:45:00,-54.22
2025-09-18 14:00:00,-29.17
2025-09-18 14:15:00,-5.1
2025-09-18 14:30:00,-8.0
2025-09-18 14:45:00,-8.43
2025-09-18 15:00:00,-11.37
2025-09-18 15:15:00,-15.28
2025-09-18 15:30:00,-9.19
2025-09-18 15:45:00,-4.79
2025-09-18 16:00:00,-23.3
2025-09-18 16:15:00,-128.17
2025-09-18 16:30:00,-9.49
2025-09-18 16:45:00,-7.73
2025-09-18 17:00:00,-20.61
2025-09-18 17:15:00,-12.96
2025-09-18 17:30:00,-0.98
2025-09-18 17:45:00,-3.21
2025-09-18 18:00:00,-36.04
2025-09-18 18:15:00,-18.4
2025-09-18 18:30:00,-10.0
2025-09-18 18:45:00,-13.5
2025-09-18 19:00:00,-32.6
2025-09-18 19:15:00,-16.88
2025-09-18 19:30:00,-6.7
2025-09-18 19:45:00,-6.69
2025-09-18 20:00:00,-15.28
2025-09-18 20:15:00,-20.04
2025-09-18 20:30:00,-15.34
2025-09-18 20:45:00,-10.0
2025-09-18 21:00:00,-23.31
2025-09-18 21:15:00,9.05
2025-09-18 21:30:00,9.05
2025-09-18 21:45:00,9.05
2025-09-18 22:00:00,-10.0
2025-09-18 22:15:00,-10.0
2025-09-18 22:30:00,5.73
2025-09-18 22:45:00,5.73
2025-09-18 23:00:00,15.0
2025-09-18 23:15:00,15.0
2025-09-18 23:30:00,15.0
2025-09-18 23:45:00,15.0
2025-09-19 00:00:00,-18.15
2025-09-19 00:15:00,1.68
2025-09-19 00:30:00,15.0
2025-09-19 00:45:00,15.0
2025-09-19 01:00:00,65.0
2025-09-19 01:15:00,65.0
2025-09-19 01:30:00,106.0
2025-09-19 01:45:00,187.6
2025-09-19 02:00:00,3.6
2025-09-19 02:15:00,-5.36
2025-09-19 02:30:00,26.8
2025-09-19 02:45:00,-14.22
2025-09-19 03:00:00,-33.53
2025-09-19 03:15:00,-28.47
2025-09-19 03:30:00,-10.0
2025-09-19 03:45:00,-10.0
2025-09-19 04:00:00,-24.63
2025-09-19 04:15:00,-18.91
2025-09-19 04:30:00,-26.33
2025-09-19 04:45:00,-25.15
2025-09-19 05:00:00,-13.72
2025-09-19 05:15:00,-10.0
2025-09-19 05:30:00,-10.0
2025-09-19 05:45:00,-10.0
2025-09-19 06:00:00,-14.59
2025-09-19 06:15:00,-1.89
2025-09-19 06:30:00,-2.45
2025-09-19 06:45:00,56.0
2025-09-19 07:00:00,-24.13
2025-09-19 07:15:00,89.0
2025-09-19 07:30:00,-21.69
2025-09-19 07:45:00,-12.9
2025-09-19 08:00:00,40.0
2025-09-19 08:15:00,800.0
2025-09-19 08:30:00,400.0
2025-09-19 08:45:00,-9.27
2025-09-19 09:00:00,95.18
2025-09-19 09:15:00,32.37
2025-09-19 09:30:00,59.73
2025-09-19 09:45:00,70.0
2025-09-19 10:00:00,0.7
2025-09-19 10:15:00,0.18
2025-09-19 10:30:00,-7.6
2025-09-19 10:45:00,-22.04
2025-09-19 11:00:00,284.08
2025-09-19 11:15:00,39.44
2025-09-19 11:30:00,13.03
2025-09-19 11:45:00,1.86
2025-09-19 12:00:00,64.83
2025-09-19 12:15:00,10.0
2025-09-19 12:30:00,8.28
2025-09-19 12:45:00,2.36
2025-09-19 13:00:00,-74.27
2025-09-19 13:15:00,-23.14
2025-09-19 13:30:00,-15.3
2025-09-19 13:45:00,-49.96
2025-09-19 14:00:00,-18.29
2025-09-19 14:15:00,-13.4
2025-09-19 14:30:00,2.18
2025-09-19 14:45:00,-6.0
2025-09-19 15:00:00,-276.8
2025-09-19 15:15:00,-277.56
2025-09-19 15:30:00,-13.0
2025-09-19 15:45:00,-13.22
2025-09-19 16:00:00,-12.06
2025-09-19 16:15:00,88.66
2025-09-19 16:30:00,-19.97
2025-09-19 16:45:00,87.0
2025-09-19 17:00:00,-13.39
2025-09-19 17:15:00,84.78
2025-09-19 17:30:00,40.0
2025-09-19 17:45:00,250.0
2025-09-19 18:00:00,-17.21
2025-09-19 18:15:00,-17.8
2025-09-19 18:30:00,-9.13
2025-09-19 18:45:00,-6.7
2025-09-19 19:00:00,141.4
2025-09-19 19:15:00,141.4
2025-09-19 19:30:00,141.4
2025-09-19 19:45:00,0.0
2025-09-19 20:00:00,64.45
2025-09-19 20:15:00,36.32
2025-09-19 20:30:00,25.88
2025-09-19 20:45:00,-1.07
2025-09-19 21:00:00,19.7
2025-09-19 21:15:00,32.84
2025-09-19 21:30:00,34.44
2025-09-19 21:45:00,1.05
2025-09-19 22:00:00,86.04
2025-09-19 22:15:00,14.02
2025-09-19 22:30:00,26.12
2025-09-19 22:45:00,-7.64
2025-09-19 23:00:00,78.93
2025-09-19 23:15:00,78.93
2025-09-19 23:30:00,78.93
2025-09-19 23:45:00,-8.53
2025-09-20 00:00:00,-11.81
2025-09-20 00:15:00,13.04
2025-09-20 00:30:00,87.24
2025-09-20 00:45:00,31.16
2025-09-20 01:00:00,40.0
2025-09-20 01:15:00,19.52
2025-09-20 01:30:00,33.09
2025-09-20 01:45:00,16.44
2025-09-20 02:00:00,-1.0
2025-09-20 02:15:00,6.55
2025-09-20 02:30:00,13.54
2025-09-20 02:45:00,10.72
2025-09-20 03:00:00,-2.67
2025-09-20 03:15:00,13.4
2025-09-20 03:30:00,17.13
2025-09-20 03:45:00,33.3
2025-09-20 04:00:00,28.76
2025-09-20 04:15:00,74.79
2025-09-20 04:30:00,74.79
2025-09-20 04:45:00,74.79
2025-09-20 05:00:00,80.21
2025-09-20 05:15:00,80.21
2025-09-20 05:30:00,80.21
2025-09-20 05:45:00,80.21
2025-09-20 06:00:00,88.51
2025-09-20 06:15:00,88.51
2025-09-20 06:30:00,99.9
2025-09-20 06:45:00,88.51
2025-09-20 07:00:00,268.0
2025-09-20 07:15:00,198.22
2025-09-20 07:30:00,133.86
2025-09-20 07:45:00,24.0
2025-09-20 08:00:00,9.0
2025-09-20 08:15:00,17.25
2025-09-20 08:30:00,16.39
2025-09-20 08:45:00,26.62
2025-09-20 09:00:00,0.35
2025-09-20 09:15:00,4.28
2025-09-20 09:30:00,3.68
2025-09-20 09:45:00,1.14
2025-09-20 10:00:00,2463.17
2025-09-20 10:15:00,1444.95
2025-09-20 10:30:00,107.82
2025-09-20 10:45:00,15.0
2025-09-20 11:00:00,82.11
2025-09-20 11:15:00,35.9
2025-09-20 11:30:00,2.0
2025-09-20 11:45:00,-6.7
2025-09-20 12:00:00,-7.0
2025-09-20 12:15:00,-10.0
2025-09-20 12:30:00,-3.34
2025-09-20 12:45:00,-10.0
2025-09-20 13:00:00,-9.91
2025-09-20 13:15:00,-10.0
2025-09-20 13:30:00,-13.39
2025-09-20 13:45:00,-13.39
2025-09-20 14:00:00,-10.0
2025-09-20 14:15:00,-10.0
2025-09-20 14:30:00,-10.72
2025-09-20 14:45:00,-6.26
2025-09-20 15:00:00,-10.0
2025-09-20 15:15:00,1.14
2025-09-20 15:30:00,1.43
2025-09-20 15:45:00,-1.95
2025-09-20 16:00:00,-3.74
2025-09-20 16:15:00,3.85
2025-09-20 16:30:00,13.0
2025-09-20 16:45:00,26.36
2025-09-20 17:00:00,-6.7
2025-09-20 17:15:00,57.29
2025-09-20 17:30:00,104.95
2025-09-20 17:45:00,24.94
2025-09-20 18:00:00,38.93
2025-09-20 18:15:00,23.76
2025-09-20 18:30:00,57.8
2025-09-20 18:45:00,14.37
2025-09-20 19:00:00,16.23
2025-09-20 19:15:00,8.26
2025-09-20 19:30:00,-2.54
2025-09-20 19:45:00,12.22
2025-09-20 20:00:00,21.53
2025-09-20 20:15:00,28.38
2025-09-20 20:30:00,32.6
2025-09-20 20:45:00,28.26
2025-09-20 21:00:00,535.9
2025-09-20 21:15:00,502.41
2025-09-20 21:30:00,18.55
2025-09-20 21:45:00,-5.6
2025-09-20 22:00:00,-26.09
2025-09-20 22:15:00,-31.19
2025-09-20 22:30:00,-22.04
2025-09-20 22:45:00,-10.0
2025-09-20 23:00:00,-10.0
2025-09-20 23:15:00,-10.0
2025-09-20 23:30:00,-10.0
2025-09-20 23:45:00,-10.0
2025-09-21 00:00:00,-10.0
2025-09-21 00:15:00,-10.0
2025-09-21 00:30:00,-10.0
2025-09-21 00:45:00,-28.94
2025-09-21 01:00:00,-7.42
2025-09-21 01:15:00,-1.07
2025-09-21 01:30:00,3.7
2025-09-21 01:45:00,3.7
2025-09-21 02:00:00,12.26
2025-09-21 02:15:00,3.4
2025-09-21 02:30:00,-5.07
2025-09-21 02:45:00,-1.07
2025-09-21 03:00:00,75.92
2025-09-21 03:15:00,170.06
2025-09-21 03:30:00,107.73
2025-09-21 03:45:00,12.9
2025-09-21 04:00:00,5.11
2025-09-21 04:15:00,4.29
2025-09-21 04:30:00,2.0
2025-09-21 04:45:00,1.62
2025-09-21 05:00:00,46.68
2025-09-21 05:15:00,2.0
2025-09-21 05:30:00,4.43
2025-09-21 05:45:00,-30.48
2025-09-21 06:00:00,-17.29
2025-09-21 06:15:00,-0.01
2025-09-21 06:30:00,-12.75
2025-09-21 06:45:00,-10.28
2025-09-21 07:00:00,-37.7
2025-09-21 07:15:00,1.04
2025-09-21 07:30:00,-24.05
2025-09-21 07:45:00,-190.43
2025-09-21 08:00:00,-21.41
2025-09-21 08:15:00,-38.12
2025-09-21 08:30:00,-68.72
2025-09-21 08:45:00,-36.44
2025-09-21 09:00:00,-10.0
2025-09-21 09:15:00,-10.0
2025-09-21 09:30:00,-10.0
2025-09-21 09:45:00,-19.02
2025-09-21 10:00:00,-37.49
2025-09-21 10:15:00,-22.21
2025-09-21 10:30:00,-23.77
2025-09-21 10:45:00,-22.26
2025-09-21 11:00:00,-21.84
2025-09-21 11:15:00,-13.4
2025-09-21 11:30:00,-0.09
2025-09-21 11:45:00,-4.48
2025-09-21 12:00:00,-18.74
2025-09-21 12:15:00,-1.2
2025-09-21 12:30:00,-152.77
2025-09-21 12:45:00,-79.64
2025-09-21 13:00:00,-20.42
2025-09-21 13:15:00,-10.98
2025-09-21 13:30:00,-33.83
2025-09-21 13:45:00,-21.63
2025-09-21 14:00:00,-25.64
2025-09-21 14:15:00,-29.23
2025-09-21 14:30:00,-4.17
2025-09-21 14:45:00,-1.31
2025-09-21 15:00:00,-0.01
2025-09-21 15:15:00,-0.01
2025-09-21 15:30:00,-0.01
2025-09-21 15:45:00,-1.35
2025-09-21 16:00:00,-224.15
2025-09-21 16:15:00,-297.32
2025-09-21 16:30:00,-13.39
2025-09-21 16:45:00,-10.0
2025-09-21 17:00:00,-59.86
2025-09-21 17:15:00,-14.33
2025-09-21 17:30:00,-29.02
2025-09-21 17:45:00,-16.98
2025-09-21 18:00:00,-45.52
2025-09-21 18:15:00,-10.0
2025-09-21 18:30:00,-16.31
2025-09-21 18:45:00,-11.42
2025-09-21 19:00:00,22.36
2025-09-21 19:15:00,69.94
2025-09-21 19:30:00,-7.75
2025-09-21 19:45:00,2.1
2025-09-21 20:00:00,40.4
2025-09-21 20:15:00,40.4
2025-09-21 20:30:00,15.41
2025-09-21 20:45:00,-4.62
2025-09-21 21:00:00,41.99
2025-09-21 21:15:00,41.99
2025-09-21 21:30:00,-4.12
2025-09-21 21:45:00,-3.8
2025-09-21 22:00:00,65.72
2025-09-21 22:15:00,14.07
2025-09-21 22:30:00,70.0
2025-09-21 22:45:00,14.07
2025-09-21 23:00:00,20.05
2025-09-21 23:15:00,-8.87
2025-09-21 23:30:00,-14.53
2025-09-21 23:45:00,-14.35
2025-09-22 00:00:00,-6.26
2025-09-22 00:15:00,-10.0
2025-09-22 00:30:00,58.38
2025-09-22 00:45:00,9.78
2025-09-22 01:00:00,3.9
2025-09-22 01:15:00,3.9
2025-09-22 01:30:00,31.23
2025-09-22 01:45:00,12.71
2025-09-22 02:00:00,4.02
2025-09-22 02:15:00,4.02
2025-09-22 02:30:00,15.26
2025-09-22 02:45:00,36.97
2025-09-22 03:00:00,0.67
2025-09-22 03:15:00,2.02
2025-09-22 03:30:00,4.02
2025-09-22 03:45:00,4.02
2025-09-22 04:00:00,-0.9
2025-09-22 04:15:00,25.46
2025-09-22 04:30:00,9.78
2025-09-22 04:45:00,46.55
2025-09-22 05:00:00,-5.0
2025-09-22 05:15:00,-1.0
2025-09-22 05:30:00,3.34
2025-09-22 05:45:00,51.74
2025-09-22 06:00:00,-1.0
2025-09-22 06:15:00,45.83
2025-09-22 06:30:00,5.92
2025-09-22 06:45:00,100.0
2025-09-22 07:00:00,401.93
2025-09-22 07:15:00,1339.08
2025-09-22 07:30:00,656.48
2025-09-22 07:45:00,615.73
2025-09-22 08:00:00,1.86
2025-09-22 08:15:00,100.72
2025-09-22 08:30:00,268.0
2025-09-22 08:45:00,175.18
2025-09-22 09:00:00,880.54
2025-09-22 09:15:00,535.9
2025-09-22 09:30:00,86.62
2025-09-22 09:45:00,81.85
2025-09-22 10:00:00,90.41
2025-09-22 10:15:00,125.52
2025-09-22 10:30:00,69.11
2025-09-22 10:45:00,-12.17
2025-09-22 11:00:00,12.53
2025-09-22 11:15:00,-28.79
2025-09-22 11:30:00,-9.18
2025-09-22 11:45:00,-10.0
2025-09-22 12:00:00,-17.88
2025-09-22 12:15:00,-9.72
2025-09-22 12:30:00,-13.47
2025-09-22 12:45:00,2.04
2025-09-22 13:00:00,1.31
2025-09-22 13:15:00,6.7
2025-09-22 13:30:00,2.4
2025-09-22 13:45:00,-9.52
2025-09-22 14:00:00,5.56
2025-09-22 14:15:00,-6.0
2025-09-22 14:30:00,-3.76
2025-09-22 14:45:00,-6.1
2025-09-22 15:00:00,2.13
2025-09-22 15:15:00,8.61
2025-09-22 15:30:00,2.13
2025-09-22 15:45:00,15.0
2025-09-22 16:00:00,2.38
2025-09-22 16:15:00,3.06
2025-09-22 16:30:00,5.7
2025-09-22 16:45:00,15.89
2025-09-22 17:00:00,-154.93
2025-09-22 17:15:00,315.44
2025-09-22 17:30:00,402.0
2025-09-22 17:45:00,656.52
2025-09-22 18:00:00,247.9
2025-09-22 18:15:00,165.78
2025-09-22 18:30:00,128.08
2025-09-22 18:45:00,180.9
2025-09-22 19:00:00,2.21
2025-09-22 19:15:00,140.92
2025-09-22 19:30:00,268.0
2025-09-22 19:45:00,469.0
2025-09-22 20:00:00,333.86
2025-09-22 20:15:00,-1.09
2025-09-22 20:30:00,-0.26
2025-09-22 20:45:00,-0.06
2025-09-22 21:00:00,1227.29
2025-09-22 21:15:00,871.24
2025-09-22 21:30:00,402.08
2025-09-22 21:45:00,559.9
2025-09-22 22:00:00,415.4
2025-09-22 22:15:00,214.4
2025-09-22 22:30:00,2.38
2025-09-22 22:45:00,2.38
2025-09-22 23:00:00,2.38
2025-09-22 23:15:00,2.38
2025-09-22 23:30:00,89.99
2025-09-22 23:45:00,89.99
2025-09-23 00:00:00,30.93
2025-09-23 00:15:00,16.08
2025-09-23 00:30:00,17.55
2025-09-23 00:45:00,17.55
2025-09-23 01:00:00,17.55
2025-09-23 01:15:00,41.15
2025-09-23 01:30:00,15.08
2025-09-23 01:45:00,3.64
2025-09-23 02:00:00,-4.28
2025-09-23 02:15:00,-17.29
2025-09-23 02:30:00,2.38
2025-09-23 02:45:00,2.38
2025-09-23 03:00:00,2.38
2025-09-23 03:15:00,2.38
2025-09-23 03:30:00,5.36
2025-09-23 03:45:00,2.38
2025-09-23 04:00:00,5.41
2025-09-23 04:15:00,-5.53
2025-09-23 04:30:00,10.4
2025-09-23 04:45:00,2.38
2025-09-23 05:00:00,2.38
2025-09-23 05:15:00,2.38
2025-09-23 05:30:00,2.38
2025-09-23 05:45:00,2.38
2025-09-23 06:00:00,-6.52
2025-09-23 06:15:00,509.21
2025-09-23 06:30:00,-11.38
2025-09-23 06:45:00,0.94
2025-09-23 07:00:00,2.38
2025-09-23 07:15:00,7.82
2025-09-23 07:30:00,15.11
2025-09-23 07:45:00,25.29
2025-09-23 08:00:00,22.78
2025-09-23 08:15:00,4.24
2025-09-23 08:30:00,-23.17
2025-09-23 08:45:00,-3.26
2025-09-23 09:00:00,2.38
2025-09-23 09:15:00,0.0
2025-09-23 09:30:00,0.0
2025-09-23 09:45:00,13.4
2025-09-23 10:00:00,21.54
2025-09-23 10:15:00,215.59
2025-09-23 10:30:00,1.86
2025-09-23 10:45:00,2.38
2025-09-23 11:00:00,2.38
2025-09-23 11:15:00,-323.86
2025-09-23 11:30:00,-317.17
2025-09-23 11:45:00,-4.01
2025-09-23 12:00:00,1.86
2025-09-23 12:15:00,77.54
2025-09-23 12:30:00,77.54
2025-09-23 12:45:00,77.54
2025-09-23 13:00:00,106.22
2025-09-23 13:15:00,36.33
2025-09-23 13:30:00,106.55
2025-09-23 13:45:00,14.74
2025-09-23 14:00:00,74.25
2025-09-23 14:15:00,74.25
2025-09-23 14:30:00,119.38
2025-09-23 14:45:00,201.0
2025-09-23 15:00:00,84.11
2025-09-23 15:15:00,84.11
2025-09-23 15:30:00,84.11
2025-09-23 15:45:00,84.38
2025-09-23 16:00:00,18.85
2025-09-23 16:15:00,15.81
2025-09-23 16:30:00,51.99
2025-09-23 16:45:00,256.65
2025-09-23 17:00:00,6.6
2025-09-23 17:15:00,-4.53
2025-09-23 17:30:00,14.74
2025-09-23 17:45:00,57.55
2025-09-23 18:00:00,51.74
2025-09-23 18:15:00,39.0
2025-09-23 18:30:00,52.69
2025-09-23 18:45:00,54.18
2025-09-23 19:00:00,4.71
2025-09-23 19:15:00,5.0
2025-09-23 19:30:00,-1.6
2025-09-23 19:45:00,2.68
2025-09-23 20:00:00,15.86
2025-09-23 20:15:00,13.0
2025-09-23 20:30:00,6.7
2025-09-23 20:45:00,14.42
2025-09-23 21:00:00,15.81
2025-09-23 21:15:00,18.09
2025-09-23 21:30:00,13.0
2025-09-23 21:45:00,45.55
2025-09-23 22:00:00,37.15
2025-09-23 22:15:00,61.86
2025-09-23 22:30:00,37.77
2025-09-23 22:45:00,16.46
2025-09-23 23:00:00,422.27
2025-09-23 23:15:00,109.66
2025-09-23 23:30:00,99.48
2025-09-23 23:45:00,84.17
2025-09-24 00:00:00,82.67
2025-09-24 00:15:00,52.43
2025-09-24 00:30:00,97.95
2025-09-24 00:45:00,85.0
2025-09-24 01:00:00,64.0
2025-09-24 01:15:00,82.32
2025-09-24 01:30:00,82.32
2025-09-24 01:45:00,100.94
2025-09-24 02:00:00,81.61
2025-09-24 02:15:00,22.96
2025-09-24 02:30:00,25.69
2025-09-24 02:45:00,24.22
2025-09-24 03:00:00,70.38
2025-09-24 03:15:00,53.59
2025-09-24 03:30:00,114.49
2025-09-24 03:45:00,114.48
2025-09-24 04:00:00,268.0
2025-09-24 04:15:00,215.51
2025-09-24 04:30:00,254.57
2025-09-24 04:45:00,267.94
2025-09-24 05:00:00,82.67
2025-09-24 05:15:00,82.67
2025-09-24 05:30:00,82.67
2025-09-24 05:45:00,206.71
2025-09-24 06:00:00,109.76
2025-09-24 06:15:00,317.56
2025-09-24 06:30:00,267.94
2025-09-24 06:45:00,737.0
2025-09-24 07:00:00,118.29
2025-09-24 07:15:00,125.0
2025-09-24 07:30:00,118.01
2025-09-24 07:45:00,118.01
2025-09-24 08:00:00,64.0
2025-09-24 08:15:00,57.16
2025-09-24 08:30:00,15.63
2025-09-24 08:45:00,35.0
2025-09-24 09:00:00,668.25
2025-09-24 09:15:00,107.0
2025-09-24 09:30:00,139.3
2025-09-24 09:45:00,54.17
2025-09-24 10:00:00,52.4
2025-09-24 10:15:00,174.37
2025-09-24 10:30:00,1348.02
2025-09-24 10:45:00,85.54
2025-09-24 11:00:00,173.51
2025-09-24 11:15:00,13.45
2025-09-24 11:30:00,-356.07
2025-09-24 11:45:00,-118.36
2025-09-24 12:00:00,27.1
2025-09-24 12:15:00,21.68
2025-09-24 12:30:00,10.72
2025-09-24 12:45:00,27.1
2025-09-24 13:00:00,10.66
2025-09-24 13:15:00,1.31
2025-09-24 13:30:00,1.31
2025-09-24 13:45:00,8.21
2025-09-24 14:00:00,7.0
2025-09-24 14:15:00,9.9
2025-09-24 14:30:00,5.3
2025-09-24 14:45:00,9.9
2025-09-24 15:00:00,182.04
2025-09-24 15:15:00,42.94
2025-09-24 15:30:00,54.9
2025-09-24 15:45:00,55.81
2025-09-24 16:00:00,66.1
2025-09-24 16:15:00,-91.67
2025-09-24 16:30:00,-27.3
2025-09-24 16:45:00,-34.66
2025-09-24 17:00:00,38.3
2025-09-24 17:15:00,46.52
2025-09-24 17:30:00,46.9
2025-09-24 17:45:00,46.52
2025-09-24 18:00:00,51.97
2025-09-24 18:15:00,51.97
2025-09-24 18:30:00,45.0
2025-09-24 18:45:00,30.38
2025-09-24 19:00:00,42.0
2025-09-24 19:15:00,54.96
2025-09-24 19:30:00,46.52
2025-09-24 19:45:00,25.8
2025-09-24 20:00:00,17.42
2025-09-24 20:15:00,32.04
2025-09-24 20:30:00,2.95
2025-09-24 20:45:00,12.5
2025-09-24 21:00:00,56.37
2025-09-24 21:15:00,41.51
2025-09-24 21:30:00,53.11
2025-09-24 21:45:00,58.58
2025-09-24 22:00:00,58.51
2025-09-24 22:15:00,85.5
2025-09-24 22:30:00,97.28
2025-09-24 22:45:00,85.5
2025-09-24 23:00:00,69.68
2025-09-24 23:15:00,23.05
2025-09-24 23:30:00,125.0
2025-09-24 23:45:00,73.47
2025-09-25 00:00:00,29.03
2025-09-25 00:15:00,40.3
2025-09-25 00:30:00,42.9
2025-09-25 00:45:00,5.6
2025-09-25 01:00:00,10.64
2025-09-25 01:15:00,21.86
2025-09-25 01:30:00,75.0
2025-09-25 01:45:00,69.69
2025-09-25 02:00:00,67.81
2025-09-25 02:15:00,11.03
2025-09-25 02:30:00,67.81
2025-09-25 02:45:00,16.57
2025-09-25 03:00:00,67.58
2025-09-25 03:15:00,18.09
2025-09-25 03:30:00,16.26
2025-09-25 03:45:00,13.14
2025-09-25 04:00:00,24.72
2025-09-25 04:15:00,58.57
2025-09-25 04:30:00,61.44
2025-09-25 04:45:00,71.69
2025-09-25 05:00:00,56.82
2025-09-25 05:15:00,58.13
2025-09-25 05:30:00,63.01
2025-09-25 05:45:00,26.67
2025-09-25 06:00:00,23.65
2025-09-25 06:15:00,23.18
2025-09-25 06:30:00,62.0
2025-09-25 06:45:00,174.38
2025-09-25 07:00:00,217.65
2025-09-25 07:15:00,146.42
2025-09-25 07:30:00,130.59
2025-09-25 07:45:00,124.26
2025-09-25 08:00:00,125.58
2025-09-25 08:15:00,187.87
2025-09-25 08:30:00,125.58
2025-09-25 08:45:00,43.36
2025-09-25 09:00:00,40.87
2025-09-25 09:15:00,51.38
2025-09-25 09:30:00,64.91
2025-09-25 09:45:00,43.21
2025-09-25 10:00:00,37.55
2025-09-25 10:15:00,43.86
2025-09-25 10:30:00,25.0
2025-09-25 10:45:00,58.08
2025-09-25 11:00:00,69.24
2025-09-25 11:15:00,21.5
2025-09-25 11:30:00,38.77
2025-09-25 11:45:00,69.24
2025-09-25 12:00:00,75.88
2025-09-25 12:15:00,109.58
2025-09-25 12:30:00,101.84
2025-09-25 12:45:00,59.0
2025-09-25 13:00:00,503.46
2025-09-25 13:15:00,192.25
2025-09-25 13:30:00,16.03
2025-09-25 13:45:00,16.03
2025-09-25 14:00:00,20.1
2025-09-25 14:15:00,20.1
2025-09-25 14:30:00,20.1
2025-09-25 14:45:00,20.1
2025-09-25 15:00:00,18.09
2025-09-25 15:15:00,10.03
2025-09-25 15:30:00,13.4
2025-09-25 15:45:00,6.7
2025-09-25 16:00:00,0.0
2025-09-25 16:15:00,0.0
2025-09-25 16:30:00,16.08
2025-09-25 16:45:00,17.55
2025-09-25 17:00:00,-6.0
2025-09-25 17:15:00,13.0
2025-09-25 17:30:00,88.79
2025-09-25 17:45:00,5.36
2025-09-25 18:00:00,51.66
2025-09-25 18:15:00,50.09
2025-09-25 18:30:00,117.04
2025-09-25 18:45:00,147.38
2025-09-25 19:00:00,173.51
2025-09-25 19:15:00,173.51
2025-09-25 19:30:00,162.61
2025-09-25 19:45:00,121.47
2025-09-25 20:00:00,123.75
2025-09-25 20:15:00,78.0
2025-09-25 20:30:00,21.48
2025-09-25 20:45:00,69.5
2025-09-25 21:00:00,62.58
2025-09-25 21:15:00,40.15
2025-09-25 21:30:00,17.05
2025-09-25 21:45:00,58.1
2025-09-25 22:00:00,60.21
2025-09-25 22:15:00,52.69
2025-09-25 22:30:00,50.33
2025-09-25 22:45:00,58.25
2025-09-25 23:00:00,61.12
2025-09-25 23:15:00,26.93
2025-09-25 23:30:00,20.1
2025-09-25 23:45:00,58.43
2025-09-26 00:00:00,22.28
2025-09-26 00:15:00,22.28
2025-09-26 00:30:00,58.17
2025-09-26 00:45:00,58.16
2025-09-26 01:00:00,58.13
2025-09-26 01:15:00,46.94
2025-09-26 01:30:00,58.13
2025-09-26 01:45:00,59.0
2025-09-26 02:00:00,58.28
2025-09-26 02:15:00,58.28
2025-09-26 02:30:00,73.17
2025-09-26 02:45:00,101.38
2025-09-26 03:00:00,73.18
2025-09-26 03:15:00,73.18
2025-09-26 03:30:00,73.18
2025-09-26 03:45:00,73.18
2025-09-26 04:00:00,97.0
2025-09-26 04:15:00,175.0
2025-09-26 04:30:00,74.93
2025-09-26 04:45:00,74.93
2025-09-26 05:00:00,61.19
2025-09-26 05:15:00,59.5
2025-09-26 05:30:00,60.35
2025-09-26 05:45:00,79.73
2025-09-26 06:00:00,46.0
2025-09-26 06:15:00,41.97
2025-09-26 06:30:00,59.0
2025-09-26 06:45:00,61.7
2025-09-26 07:00:00,62.17
2025-09-26 07:15:00,56.12
2025-09-26 07:30:00,62.37
2025-09-26 07:45:00,64.3
2025-09-26 08:00:00,62.0
2025-09-26 08:15:00,123.56
2025-09-26 08:30:00,123.56
2025-09-26 08:45:00,65.0
2025-09-26 09:00:00,106.26
2025-09-26 09:15:00,79.95
2025-09-26 09:30:00,103.73
2025-09-26 09:45:00,103.73
2025-09-26 10:00:00,87.0
2025-09-26 10:15:00,0.0
2025-09-26 10:30:00,-21.82
2025-09-26 10:45:00,-0.41
2025-09-26 11:00:00,0.62
2025-09-26 11:15:00,-6.7
2025-09-26 11:30:00,-10.0
2025-09-26 11:45:00,-51.56
2025-09-26 12:00:00,-39.84
2025-09-26 12:15:00,-498.82
2025-09-26 12:30:00,-1023.38
2025-09-26 12:45:00,-1076.07
2025-09-26 13:00:00,-23.96
2025-09-26 13:15:00,-89.99
2025-09-26 13:30:00,-682.01
2025-09-26 13:45:00,-13.4
2025-09-26 14:00:00,-13.39
2025-09-26 14:15:00,-13.4
2025-09-26 14:30:00,-1215.59
2025-09-26 14:45:00,-636.2
2025-09-26 15:00:00,-10.82
2025-09-26 15:15:00,-10.0
2025-09-26 15:30:00,-10.05
2025-09-26 15:45:00,-10.0
2025-09-26 16:00:00,-865.12
2025-09-26 16:15:00,-10.0
2025-09-26 16:30:00,-388.26
2025-09-26 16:45:00,-29.34
2025-09-26 17:00:00,0.5
2025-09-26 17:15:00,13.4
2025-09-26 17:30:00,39.36
2025-09-26 17:45:00,20.0
2025-09-26 18:00:00,18.09
2025-09-26 18:15:00,62.0
2025-09-26 18:30:00,2198.61
2025-09-26 18:45:00,1551.09
2025-09-26 19:00:00,347.7
2025-09-26 19:15:00,104.74
2025-09-26 19:30:00,104.74
2025-09-26 19:45:00,194.28
2025-09-26 20:00:00,211.01
2025-09-26 20:15:00,44.67
2025-09-26 20:30:00,62.69
2025-09-26 20:45:00,50.2
2025-09-26 21:00:00,37.7
2025-09-26 21:15:00,18.91
2025-09-26 21:30:00,8.53
2025-09-26 21:45:00,13.36
2025-09-26 22:00:00,21.06
2025-09-26 22:15:00,59.0
2025-09-26 22:30:00,335.0
2025-09-26 22:45:00,334.97
2025-09-26 23:00:00,268.0
2025-09-26 23:15:00,268.0
2025-09-26 23:30:00,11.78
2025-09-26 23:45:00,19.0
2025-09-27 00:00:00,23.7
2025-09-27 00:15:00,58.61
2025-09-27 00:30:00,84.99
2025-09-27 00:45:00,85.06
2025-09-27 01:00:00,16.68
2025-09-27 01:15:00,57.5
2025-09-27 01:30:00,44.69
2025-09-27 01:45:00,44.01
2025-09-27 02:00:00,16.21
2025-09-27 02:15:00,10.09
2025-09-27 02:30:00,5.58
2025-09-27 02:45:00,6.32
2025-09-27 03:00:00,9.28
2025-09-27 03:15:00,4.9
2025-09-27 03:30:00,3.72
2025-09-27 03:45:00,8.76
2025-09-27 04:00:00,17.56
2025-09-27 04:15:00,26.76
2025-09-27 04:30:00,8.82
2025-09-27 04:45:00,6.24
2025-09-27 05:00:00,11.48
2025-09-27 05:15:00,17.57
2025-09-27 05:30:00,14.57
2025-09-27 05:45:00,7.93
2025-09-27 06:00:00,17.89
2025-09-27 06:15:00,17.06
2025-09-27 06:30:00,13.84
2025-09-27 06:45:00,16.07
2025-09-27 07:00:00,10.16
2025-09-27 07:15:00,1.74
2025-09-27 07:30:00,5.49
2025-09-27 07:45:00,27.93
2025-09-27 08:00:00,40.2
2025-09-27 08:15:00,21.11
2025-09-27 08:30:00,106.54
2025-09-27 08:45:00,106.54
2025-09-27 09:00:00,310.18
2025-09-27 09:15:00,334.97
2025-09-27 09:30:00,94.44
2025-09-27 09:45:00,94.44
2025-09-27 10:00:00,133.99
2025-09-27 10:15:00,54.37
2025-09-27 10:30:00,-5.05
2025-09-27 10:45:00,-12.57
2025-09-27 11:00:00,-60.96
2025-09-27 11:15:00,-11.23
2025-09-27 11:30:00,-752.9
2025-09-27 11:45:00,-10.0
2025-09-27 12:00:00,-15.57
2025-09-27 12:15:00,-52.63
2025-09-27 12:30:00,-264.67
2025-09-27 12:45:00,-309.62
2025-09-27 13:00:00,-11.0
2025-09-27 13:15:00,-11.0
2025-09-27 13:30:00,-10.0
2025-09-27 13:45:00,-10.0
2025-09-27 14:00:00,-10.0
2025-09-27 14:15:00,-10.05
2025-09-27 14:30:00,-10.0
2025-09-27 14:45:00,-10.0
2025-09-27 15:00:00,-11.0
2025-09-27 15:15:00,-57.6
2025-09-27 15:30:00,-10.0
2025-09-27 15:45:00,-10.0
2025-09-27 16:00:00,-10.0
2025-09-27 16:15:00,-10.0
2025-09-27 16:30:00,-2.55
2025-09-27 16:45:00,-6.69
2025-09-27 17:00:00,5.61
2025-09-27 17:15:00,19.42
2025-09-27 17:30:00,23.03
2025-09-27 17:45:00,16.72
2025-09-27 18:00:00,16.16
2025-09-27 18:15:00,39.9
2025-09-27 18:30:00,14.51
2025-09-27 18:45:00,34.65
2025-09-27 19:00:00,24.19
2025-09-27 19:15:00,58.61
2025-09-27 19:30:00,59.0
2025-09-27 19:45:00,22.06
2025-09-27 20:00:00,122.53
2025-09-27 20:15:00,13.4
2025-09-27 20:30:00,27.96
2025-09-27 20:45:00,40.2
2025-09-27 21:00:00,57.0
2025-09-27 21:15:00,57.18
2025-09-27 21:30:00,113.02
2025-09-27 21:45:00,38.67
2025-09-27 22:00:00,104.64
2025-09-27 22:15:00,166.81
2025-09-27 22:30:00,167.61
2025-09-27 22:45:00,13.45
2025-09-27 23:00:00,24.89
2025-09-27 23:15:00,29.37
2025-09-27 23:30:00,28.13
2025-09-27 23:45:00,57.35
2025-09-28 00:00:00,49.21
2025-09-28 00:15:00,56.0
2025-09-28 00:30:00,267.97
2025-09-28 00:45:00,321.43
2025-09-28 01:00:00,92.33
2025-09-28 01:15:00,58.0
2025-09-28 01:30:00,145.07
2025-09-28 01:45:00,92.33
2025-09-28 02:00:00,57.3
2025-09-28 02:15:00,91.97
2025-09-28 02:30:00,34.54
2025-09-28 02:45:00,45.9
2025-09-28 03:00:00,51.04
2025-09-28 03:15:00,56.1
2025-09-28 03:30:00,55.1
2025-09-28 03:45:00,58.27
2025-09-28 04:00:00,55.6
2025-09-28 04:15:00,55.6
2025-09-28 04:30:00,97.77
2025-09-28 04:45:00,50.39
2025-09-28 05:00:00,34.8
2025-09-28 05:15:00,43.74
2025-09-28 05:30:00,55.0
2025-09-28 05:45:00,55.0
2025-09-28 06:00:00,50.39
2025-09-28 06:15:00,50.39
2025-09-28 06:30:00,58.0
2025-09-28 06:45:00,12.83
2025-09-28 07:00:00,2.27
2025-09-28 07:15:00,15.98
2025-09-28 07:30:00,9.66
2025-09-28 07:45:00,16.48
2025-09-28 08:00:00,16.48
2025-09-28 08:15:00,50.39
2025-09-28 08:30:00,46.52
2025-09-28 08:45:00,24.12
2025-09-28 09:00:00,50.39
2025-09-28 09:15:00,1191.0
2025-09-28 09:30:00,95.09
2025-09-28 09:45:00,95.04
2025-09-28 10:00:00,101.06
2025-09-28 10:15:00,227.77
2025-09-28 10:30:00,101.9
2025-09-28 10:45:00,82.08
2025-09-28 11:00:00,74.91
2025-09-28 11:15:00,117.11
2025-09-28 11:30:00,68.43
2025-09-28 11:45:00,168.52
2025-09-28 12:00:00,46.32
2025-09-28 12:15:00,47.59
2025-09-28 12:30:00,47.59
2025-09-28 12:45:00,17.11
2025-09-28 13:00:00,2.99
2025-09-28 13:15:00,8.53
2025-09-28 13:30:00,8.53
2025-09-28 13:45:00,8.53
2025-09-28 14:00:00,3.12
2025-09-28 14:15:00,27.63
2025-09-28 14:30:00,48.99
2025-09-28 14:45:00,45.26
2025-09-28 15:00:00,61.33
2025-09-28 15:15:00,5.17
2025-09-28 15:30:00,61.33
2025-09-28 15:45:00,63.43
2025-09-28 16:00:00,4.81
2025-09-28 16:15:00,31.04
2025-09-28 16:30:00,24.76
2025-09-28 16:45:00,0.79
2025-09-28 17:00:00,9.58
2025-09-28 17:15:00,22.14
2025-09-28 17:30:00,12.81
2025-09-28 17:45:00,8.0
2025-09-28 18:00:00,70.0
2025-09-28 18:15:00,35.81
2025-09-28 18:30:00,13.86
2025-09-28 18:45:00,21.94
2025-09-28 19:00:00,29.25
2025-09-28 19:15:00,10.22
2025-09-28 19:30:00,27.38
2025-09-28 19:45:00,13.13
2025-09-28 20:00:00,23.02
2025-09-28 20:15:00,29.41
2025-09-28 20:30:00,58.6
2025-09-28 20:45:00,58.76
2025-09-28 21:00:00,113.51
2025-09-28 21:15:00,58.95
2025-09-28 21:30:00,58.79
2025-09-28 21:45:00,47.35
2025-09-28 22:00:00,50.39
2025-09-28 22:15:00,25.41
2025-09-28 22:30:00,18.6
2025-09-28 22:45:00,12.81
2025-09-28 23:00:00,55.29
2025-09-28 23:15:00,55.3
2025-09-28 23:30:00,95.74
2025-09-28 23:45:00,95.74
2025-09-29 00:00:00,1689.33
2025-09-29 00:15:00,2654.66
2025-09-29 00:30:00,674.92
2025-09-29 00:45:00,221.08
2025-09-29 01:00:00,88.76
2025-09-29 01:15:00,21.16
2025-09-29 01:30:00,6.24
2025-09-29 01:45:00,19.85
2025-09-29 02:00:00,58.0
2025-09-29 02:15:00,87.88
2025-09-29 02:30:00,57.14
2025-09-29 02:45:00,87.88
2025-09-29 03:00:00,57.51
2025-09-29 03:15:00,57.49
2025-09-29 03:30:00,276.7
2025-09-29 03:45:00,5.06
2025-09-29 04:00:00,9.63
2025-09-29 04:15:00,10.25
2025-09-29 04:30:00,10.95
2025-09-29 04:45:00,5.36
2025-09-29 05:00:00,7.01
2025-09-29 05:15:00,10.45
2025-09-29 05:30:00,57.15
2025-09-29 05:45:00,47.32
2025-09-29 06:00:00,5.36
2025-09-29 06:15:00,7.01
2025-09-29 06:30:00,50.76
2025-09-29 06:45:00,61.0
2025-09-29 07:00:00,40.79
2025-09-29 07:15:00,61.0
2025-09-29 07:30:00,3.03
2025-09-29 07:45:00,2.94
2025-09-29 08:00:00,18.44
2025-09-29 08:15:00,166.91
2025-09-29 08:30:00,66.0
2025-09-29 08:45:00,76.25
2025-09-29 09:00:00,1550.15
2025-09-29 09:15:00,2493.17
2025-09-29 09:30:00,2679.67
2025-09-29 09:45:00,1201.77
2025-09-29 10:00:00,456.78
2025-09-29 10:15:00,220.63
2025-09-29 10:30:00,187.58
2025-09-29 10:45:00,267.97
2025-09-29 11:00:00,-25.04
2025-09-29 11:15:00,4.14
2025-09-29 11:30:00,33.5
2025-09-29 11:45:00,8.8
2025-09-29 12:00:00,78.71
2025-09-29 12:15:00,6.66
2025-09-29 12:30:00,6.6
2025-09-29 12:45:00,25.51
2025-09-29 13:00:00,-833.37
2025-09-29 13:15:00,-10.45
2025-09-29 13:30:00,9.88
2025-09-29 13:45:00,3.53
2025-09-29 14:00:00,17.0
2025-09-29 14:15:00,51.18
2025-09-29 14:30:00,43.0
2025-09-29 14:45:00,33.5
2025-09-29 15:00:00,66.0
2025-09-29 15:15:00,13.81
2025-09-29 15:30:00,241.17
2025-09-29 15:45:00,7.51
2025-09-29 16:00:00,17.0
2025-09-29 16:15:00,33.5
2025-09-29 16:30:00,46.89
2025-09-29 16:45:00,11.52
2025-09-29 17:00:00,15.04
2025-09-29 17:15:00,10.89
2025-09-29 17:30:00,13.45
2025-09-29 17:45:00,11.01
2025-09-29 18:00:00,6.84
2025-09-29 18:15:00,16.22
2025-09-29 18:30:00,13.29
2025-09-29 18:45:00,13.51
2025-09-29 19:00:00,10.04
2025-09-29 19:15:00,5.66
2025-09-29 19:30:00,6.57
2025-09-29 19:45:00,6.83
2025-09-29 20:00:00,14.57
2025-09-29 20:15:00,26.01
2025-09-29 20:30:00,16.48
2025-09-29 20:45:00,6.12
2025-09-29 21:00:00,0.86
2025-09-29 21:15:00,-2.67
2025-09-29 21:30:00,7.5
2025-09-29 21:45:00,11.12
2025-09-29 22:00:00,2.81
2025-09-29 22:15:00,0.2
2025-09-29 22:30:00,13.09
2025-09-29 22:45:00,31.74
2025-09-29 23:00:00,58.15
2025-09-29 23:15:00,58.14
2025-09-29 23:30:00,592.75
2025-09-29 23:45:00,211.0
2025-09-30 00:00:00,209.88247422680413
2025-09-30 00:15:00,208.76494845360824
2025-09-30 00:30:00,207.64742268041238
2025-09-30 00:45:00,206.52989690721648
2025-09-30 01:00:00,205.41237113402062
2025-09-30 01:15:00,204.29484536082475
2025-09-30 01:30:00,203.17731958762886
2025-09-30 01:45:00,202.059793814433
2025-09-30 02:00:00,200.9422680412371
2025-09-30 02:15:00,199.82474226804123
2025-09-30 02:30:00,198.70721649484537
2025-09-30 02:45:00,197.58969072164948
2025-09-30 03:00:00,196.4721649484536
2025-09-30 03:15:00,195.35463917525774
2025-09-30 03:30:00,194.23711340206185
2025-09-30 03:45:00,193.119587628866
2025-09-30 04:00:00,192.0020618556701
2025-09-30 04:15:00,190.88453608247423
2025-09-30 04:30:00,189.76701030927836
2025-09-30 04:45:00,188.64948453608247
2025-09-30 05:00:00,187.5319587628866
2025-09-30 05:15:00,186.4144329896907
2025-09-30 05:30:00,185.29690721649484
2025-09-30 05:45:00,184.17938144329898
2025-09-30 06:00:00,183.06185567010309
2025-09-30 06:15:00,181.94432989690722
2025-09-30 06:30:00,180.82680412371133
2025-09-30 06:45:00,179.70927835051546
2025-09-30 07:00:00,178.5917525773196
2025-09-30 07:15:00,177.4742268041237
2025-09-30 07:30:00,176.35670103092784
2025-09-30 07:45:00,175.23917525773197
2025-09-30 08:00:00,174.12164948453608
2025-09-30 08:15:00,173.0041237113402
2025-09-30 08:30:00,171.88659793814432
2025-09-30 08:45:00,170.76907216494845
2025-09-30 09:00:00,169.6515463917526
2025-09-30 09:15:00,168.5340206185567
2025-09-30 09:30:00,167.41649484536083
2025-09-30 09:45:00,166.29896907216494
2025-09-30 10:00:00,165.18144329896907
2025-09-30 10:15:00,164.0639175257732
2025-09-30 10:30:00,162.9463917525773
2025-09-30 10:45:00,161.82886597938145
2025-09-30 11:00:00,160.71134020618555
2025-09-30 11:15:00,159.5938144329897
2025-09-30 11:30:00,158.47628865979382
2025-09-30 11:45:00,157.35876288659793
2025-09-30 12:00:00,156.24123711340206
2025-09-30 12:15:00,155.1237113402062
2025-09-30 12:30:00,154.0061855670103
2025-09-30 12:45:00,152.88865979381444
2025-09-30 13:00:00,151.77113402061855
2025-09-30 13:15:00,150.65360824742268
2025-09-30 13:30:00,149.53608247422682
2025-09-30 13:45:00,148.41855670103092
2025-09-30 14:00:00,147.30103092783506
2025-09-30 14:15:00,146.18350515463916
2025-09-30 14:30:00,145.0659793814433
2025-09-30 14:45:00,143.94845360824743
2025-09-30 15:00:00,142.83092783505154
2025-09-30 15:15:00,141.71340206185567
2025-09-30 15:30:00,140.59587628865978
2025-09-30 15:45:00,139.47835051546392
2025-09-30 16:00:00,138.36082474226805
2025-09-30 16:15:00,137.24329896907216
2025-09-30 16:30:00,136.1257731958763
2025-09-30 16:45:00,135.00824742268043
2025-09-30 17:00:00,133.89072164948453
2025-09-30 17:15:00,132.77319587628867
2025-09-30 17:30:00,131.65567010309277
2025-09-30 17:45:00,130.5381443298969
2025-09-30 18:00:00,129.42061855670104
2025-09-30 18:15:00,128.30309278350515
2025-09-30 18:30:00,127.18556701030928
2025-09-30 18:45:00,126.0680412371134
2025-09-30 19:00:00,124.95051546391753
2025-09-30 19:15:00,123.83298969072165
2025-09-30 19:30:00,122.71546391752577
2025-09-30 19:45:00,121.5979381443299
2025-09-30 20:00:00,120.48041237113402
2025-09-30 20:15:00,119.36288659793814
2025-09-30 20:30:00,118.24536082474226
2025-09-30 20:45:00,117.1278350515464
2025-09-30 21:00:00,116.01030927835052
2025-09-30 21:15:00,114.89278350515464
2025-09-30 21:30:00,113.77525773195876
2025-09-30 21:45:00,112.65773195876288
2025-09-30 22:00:00,111.54020618556702
2025-09-30 22:15:00,110.42268041237114
2025-09-30 22:30:00,109.30515463917526
2025-09-30 22:45:00,108.18762886597938
2025-09-30 23:00:00,107.07010309278351
2025-09-30 23:15:00,105.95257731958763
2025-09-30 23:30:00,104.83505154639175
2025-09-30 23:45:00,103.71752577319587
2025-10-01 00:00:00,102.6
2025-10-01 00:15:00,79.96
2025-10-01 00:30:00,86.03
2025-10-01 00:45:00,46.75
2025-10-01 01:00:00,89.99
2025-10-01 01:15:00,86.03
2025-10-01 01:30:00,344.97
2025-10-01 01:45:00,334.91
2025-10-01 02:00:00,85.41
2025-10-01 02:15:00,241.16
2025-10-01 02:30:00,268.0
2025-10-01 02:45:00,241.14
2025-10-01 03:00:00,87.39
2025-10-01 03:15:00,87.36
2025-10-01 03:30:00,88.56
2025-10-01 03:45:00,89.99
2025-10-01 04:00:00,241.16
2025-10-01 04:15:00,241.16
2025-10-01 04:30:00,86.42
2025-10-01 04:45:00,88.83
2025-10-01 05:00:00,52.08
2025-10-01 05:15:00,34.58
2025-10-01 05:30:00,6.84
2025-10-01 05:45:00,16.95
2025-10-01 06:00:00,36.75
2025-10-01 06:15:00,47.81
2025-10-01 06:30:00,58.76
2025-10-01 06:45:00,36.39
2025-10-01 07:00:00,43.24
2025-10-01 07:15:00,43.31
2025-10-01 07:30:00,43.31
2025-10-01 07:45:00,43.39
2025-10-01 08:00:00,60.06
2025-10-01 08:15:00,65.0
2025-10-01 08:30:00,246.56
2025-10-01 08:45:00,347.01
2025-10-01 09:00:00,208.28
2025-10-01 09:15:00,19.74
2025-10-01 09:30:00,93.66
2025-10-01 09:45:00,1732.73
2025-10-01 10:00:00,103.22
2025-10-01 10:15:00,1973.01
2025-10-01 10:30:00,669.89
2025-10-01 10:45:00,361.8
2025-10-01 11:00:00,314.57
2025-10-01 11:15:00,72.08
2025-10-01 11:30:00,-12.36
2025-10-01 11:45:00,-11.27
2025-10-01 12:00:00,4.54
2025-10-01 12:15:00,60.0
2025-10-01 12:30:00,65.45
2025-10-01 12:45:00,65.3
2025-10-01 13:00:00,65.6
2025-10-01 13:15:00,67.72
2025-10-01 13:30:00,69.44
2025-10-01 13:45:00,129.23
2025-10-01 14:00:00,81.71
2025-10-01 14:15:00,222.73
2025-10-01 14:30:00,99.88
2025-10-01 14:45:00,81.14
2025-10-01 15:00:00,53.39
2025-10-01 15:15:00,74.63
2025-10-01 15:30:00,88.02
2025-10-01 15:45:00,3.71
2025-10-01 16:00:00,114.75
2025-10-01 16:15:00,19.68
2025-10-01 16:30:00,65.3
2025-10-01 16:45:00,17.47
2025-10-01 17:00:00,24.0
2025-10-01 17:15:00,23.97
2025-10-01 17:30:00,45.53
2025-10-01 17:45:00,16.98
2025-10-01 18:00:00,66.0
2025-10-01 18:15:00,50.07
2025-10-01 18:30:00,66.0
2025-10-01 18:45:00,64.0
2025-10-01 19:00:00,408.77
2025-10-01 19:15:00,376.39
2025-10-01 19:30:00,49.89
2025-10-01 19:45:00,4.37
2025-10-01 20:00:00,10.89
2025-10-01 20:15:00,14.21
2025-10-01 20:30:00,9.44
2025-10-01 20:45:00,15.43
2025-10-01 21:00:00,9.92
2025-10-01 21:15:00,15.31
2025-10-01 21:30:00,10.48
2025-10-01 21:45:00,8.29
2025-10-01 22:00:00,7.5
2025-10-01 22:15:00,13.73
2025-10-01 22:30:00,9.51
2025-10-01 22:45:00,7.89
2025-10-01 23:00:00,8.27
2025-10-01 23:15:00,38.31
2025-10-01 23:30:00,30.0
2025-10-01 23:45:00,15.95
2025-10-02 00:00:00,41.27
2025-10-02 00:15:00,55.43
2025-10-02 00:30:00,55.43
2025-10-02 00:45:00,56.02
2025-10-02 01:00:00,44.25
2025-10-02 01:15:00,57.11
2025-10-02 01:30:00,34.38
2025-10-02 01:45:00,82.54
2025-10-02 02:00:00,26.92
2025-10-02 02:15:00,55.43
2025-10-02 02:30:00,86.02
2025-10-02 02:45:00,56.0
2025-10-02 03:00:00,86.11
2025-10-02 03:15:00,86.05
2025-10-02 03:30:00,86.04
2025-10-02 03:45:00,123.31
2025-10-02 04:00:00,86.02
2025-10-02 04:15:00,194.27
2025-10-02 04:30:00,25.96
2025-10-02 04:45:00,14.2
2025-10-02 05:00:00,82.72
2025-10-02 05:15:00,87.15
2025-10-02 05:30:00,94.15
2025-10-02 05:45:00,48.56
2025-10-02 06:00:00,55.71
2025-10-02 06:15:00,57.8
2025-10-02 06:30:00,59.05
2025-10-02 06:45:00,67.09
2025-10-02 07:00:00,59.0
2025-10-02 07:15:00,59.0
2025-10-02 07:30:00,355.7
2025-10-02 07:45:00,822.81
2025-10-02 08:00:00,55.43
2025-10-02 08:15:00,150.54
2025-10-02 08:30:00,115.27
2025-10-02 08:45:00,129.81
2025-10-02 09:00:00,19.99
2025-10-02 09:15:00,58.0
2025-10-02 09:30:00,54.62
2025-10-02 09:45:00,56.0
2025-10-02 10:00:00,54.44
2025-10-02 10:15:00,55.43
2025-10-02 10:30:00,86.08
2025-10-02 10:45:00,1688.6
2025-10-02 11:00:00,1785.02
2025-10-02 11:15:00,83.31
2025-10-02 11:30:00,72.08
2025-10-02 11:45:00,66.27
2025-10-02 12:00:00,-535.52
2025-10-02 12:15:00,1.31
2025-10-02 12:30:00,0.07
2025-10-02 12:45:00,-849.08
2025-10-02 13:00:00,-15.75
2025-10-02 13:15:00,0.0
2025-10-02 13:30:00,2.91
2025-10-02 13:45:00,4.58
2025-10-02 14:00:00,0.0
2025-10-02 14:15:00,6.7
2025-10-02 14:30:00,0.38
2025-10-02 14:45:00,4.96
2025-10-02 15:00:00,8.0
2025-10-02 15:15:00,10.29
2025-10-02 15:30:00,50.0
2025-10-02 15:45:00,15.0
2025-10-02 16:00:00,12.31
2025-10-02 16:15:00,11.58
2025-10-02 16:30:00,56.56
2025-10-02 16:45:00,25.7
2025-10-02 17:00:00,33.25
2025-10-02 17:15:00,171.39
2025-10-02 17:30:00,110.42
2025-10-02 17:45:00,171.06
2025-10-02 18:00:00,123.32
2025-10-02 18:15:00,134.29
2025-10-02 18:30:00,172.42
2025-10-02 18:45:00,232.57
2025-10-02 19:00:00,219.78
2025-10-02 19:15:00,249.86
2025-10-02 19:30:00,236.47
2025-10-02 19:45:00,-13.54
2025-10-02 20:00:00,-3.1
2025-10-02 20:15:00,6.99
2025-10-02 20:30:00,21.86
2025-10-02 20:45:00,45.89
2025-10-02 21:00:00,13.14
2025-10-02 21:15:00,9.43
2025-10-02 21:30:00,10.84
2025-10-02 21:45:00,14.01
2025-10-02 22:00:00,20.7
2025-10-02 22:15:00,71.42
2025-10-02 22:30:00,281.35
2025-10-02 22:45:00,334.75
2025-10-02 23:00:00,187.53
2025-10-02 23:15:00,43.94
2025-10-02 23:30:00,63.97
2025-10-02 23:45:00,53.0
2025-10-03 00:00:00,29.04
2025-10-03 00:15:00,2.38
2025-10-03 00:30:00,84.82
2025-10-03 00:45:00,18.69
2025-10-03 01:00:00,13.64
2025-10-03 01:15:00,13.64
2025-10-03 01:30:00,147.06
2025-10-03 01:45:00,154.02
2025-10-03 02:00:00,49.9
2025-10-03 02:15:00,12.99
2025-10-03 02:30:00,113.64
2025-10-03 02:45:00,115.88
2025-10-03 03:00:00,37.0
2025-10-03 03:15:00,37.0
2025-10-03 03:30:00,36.73
2025-10-03 03:45:00,37.0
2025-10-03 04:00:00,24.65
2025-10-03 04:15:00,12.34
2025-10-03 04:30:00,29.27
2025-10-03 04:45:00,24.65
2025-10-03 05:00:00,236.32
2025-10-03 05:15:00,133.96
2025-10-03 05:30:00,82.56
2025-10-03 05:45:00,108.7
2025-10-03 06:00:00,160.68
2025-10-03 06:15:00,194.2
2025-10-03 06:30:00,34.26
2025-10-03 06:45:00,140.65
2025-10-03 07:00:00,16.74
2025-10-03 07:15:00,130.3
2025-10-03 07:30:00,111.6
2025-10-03 07:45:00,101.42
2025-10-03 08:00:00,13.64
2025-10-03 08:15:00,54.55
2025-10-03 08:30:00,38.04
2025-10-03 08:45:00,2.38
2025-10-03 09:00:00,13.64
2025-10-03 09:15:00,24.36
2025-10-03 09:30:00,2.38
2025-10-03 09:45:00,2.38
2025-10-03 10:00:00,10.59
2025-10-03 10:15:00,14.06
2025-10-03 10:30:00,13.64
2025-10-03 10:45:00,24.56
2025-10-03 11:00:00,9.0
2025-10-03 11:15:00,3.85
2025-10-03 11:30:00,1.33
2025-10-03 11:45:00,-16.41
2025-10-03 12:00:00,-161.09
2025-10-03 12:15:00,-15.74
2025-10-03 12:30:00,-4.0
2025-10-03 12:45:00,-55.71
2025-10-03 13:00:00,-2.98
2025-10-03 13:15:00,-204.24
2025-10-03 13:30:00,-0.07
2025-10-03 13:45:00,-3.94
2025-10-03 14:00:00,-4.0
2025-10-03 14:15:00,23.71
2025-10-03 14:30:00,60.46
2025-10-03 14:45:00,21.62
2025-10-03 15:00:00,8.0
2025-10-03 15:15:00,0.0
2025-10-03 15:30:00,-1.0
2025-10-03 15:45:00,74.79
2025-10-03 16:00:00,11.43
2025-10-03 16:15:00,20.52
2025-10-03 16:30:00,16.05
2025-10-03 16:45:00,37.7
2025-10-03 17:00:00,39.73
2025-10-03 17:15:00,0.0
2025-10-03 17:30:00,83.66
2025-10-03 17:45:00,67.51
2025-10-03 18:00:00,64.17
2025-10-03 18:15:00,67.58
2025-10-03 18:30:00,37.38
2025-10-03 18:45:00,-4.06
2025-10-03 19:00:00,-1.08
2025-10-03 19:15:00,-20.22
2025-10-03 19:30:00,-8.46
2025-10-03 19:45:00,-2.54
2025-10-03 20:00:00,38.7
2025-10-03 20:15:00,38.79
2025-10-03 20:30:00,-10.0
2025-10-03 20:45:00,45.34
2025-10-03 21:00:00,-437.59
2025-10-03 21:15:00,-26.77
2025-10-03 21:30:00,-190.63
2025-10-03 21:45:00,-157.91
2025-10-03 22:00:00,-20.77
2025-10-03 22:15:00,-10.0
2025-10-03 22:30:00,-3.47
2025-10-03 22:45:00,15.0
2025-10-03 23:00:00,4.9
2025-10-03 23:15:00,4.3
2025-10-03 23:30:00,-7.9
2025-10-03 23:45:00,0.7
2025-10-04 00:00:00,-1256.37
2025-10-04 00:15:00,15.0
2025-10-04 00:30:00,-0.05
2025-10-04 00:45:00,82.77
2025-10-04 01:00:00,48.37
2025-10-04 01:15:00,45.0
2025-10-04 01:30:00,-0.01
2025-10-04 01:45:00,10.67
2025-10-04 02:00:00,92.8
2025-10-04 02:15:00,35.19
2025-10-04 02:30:00,33.0
2025-10-04 02:45:00,4.55
2025-10-04 03:00:00,45.0
2025-10-04 03:15:00,4.55
2025-10-04 03:30:00,4.55
2025-10-04 03:45:00,-0.13
2025-10-04 04:00:00,-0.93
2025-10-04 04:15:00,36.62
2025-10-04 04:30:00,31.81
2025-10-04 04:45:00,48.37
2025-10-04 05:00:00,-1.52
2025-10-04 05:15:00,-2.02
2025-10-04 05:30:00,-2.01
2025-10-04 05:45:00,1.21
2025-10-04 06:00:00,-2.15
2025-10-04 06:15:00,17.89
2025-10-04 06:30:00,27.74
2025-10-04 06:45:00,24.99
2025-10-04 07:00:00,22.36
2025-10-04 07:15:00,30.64
2025-10-04 07:30:00,-1.5
2025-10-04 07:45:00,58.79
2025-10-04 08:00:00,-0.7
2025-10-04 08:15:00,89.05
2025-10-04 08:30:00,63.66
2025-10-04 08:45:00,116.0
2025-10-04 09:00:00,72.88
2025-10-04 09:15:00,71.5
2025-10-04 09:30:00,0.14
2025-10-04 09:45:00,96.13
2025-10-04 10:00:00,0.37
2025-10-04 10:15:00,-0.01
2025-10-04 10:30:00,0.32
2025-10-04 10:45:00,0.01
2025-10-04 11:00:00,0.21
2025-10-04 11:15:00,0.01
2025-10-04 11:30:00,-0.17
2025-10-04 11:45:00,-3.34
2025-10-04 12:00:00,-2.75
2025-10-04 12:15:00,11.65
2025-10-04 12:30:00,-2.3
2025-10-04 12:45:00,12.29
2025-10-04 13:00:00,-10.09
2025-10-04 13:15:00,-0.24
2025-10-04 13:30:00,-10.71
2025-10-04 13:45:00,-0.9
2025-10-04 14:00:00,-0.13
2025-10-04 14:15:00,-1.52
2025-10-04 14:30:00,-2.29
2025-10-04 14:45:00,40.73
2025-10-04 15:00:00,22.75
2025-10-04 15:15:00,-3.41
2025-10-04 15:30:00,56.61
2025-10-04 15:45:00,61.46
2025-10-04 16:00:00,67.42
2025-10-04 16:15:00,32.37
2025-10-04 16:30:00,81.29
2025-10-04 16:45:00,-0.08
2025-10-04 17:00:00,-0.09
2025-10-04 17:15:00,69.27
2025-10-04 17:30:00,-0.29
2025-10-04 17:45:00,0.5
2025-10-04 18:00:00,50.82
2025-10-04 18:15:00,1.06
2025-10-04 18:30:00,35.7
2025-10-04 18:45:00,2.37
2025-10-04 19:00:00,3.05
2025-10-04 19:15:00,3.39
2025-10-04 19:30:00,198.14
2025-10-04 19:45:00,52.0
2025-10-04 20:00:00,52.27
2025-10-04 20:15:00,29.46
2025-10-04 20:30:00,46.8
2025-10-04 20:45:00,0.67
2025-10-04 21:00:00,0.28
2025-10-04 21:15:00,0.56
2025-10-04 21:30:00,0.53
2025-10-04 21:45:00,0.15
2025-10-04 22:00:00,0.48
2025-10-04 22:15:00,0.35
2025-10-04 22:30:00,0.41
2025-10-04 22:45:00,5.0
2025-10-04 23:00:00,15.0
2025-10-04 23:15:00,15.0
2025-10-04 23:30:00,19.68
2025-10-04 23:45:00,-1.03
2025-10-05 00:00:00,765.82
2025-10-05 00:15:00,180.11
2025-10-05 00:30:00,-0.77
2025-10-05 00:45:00,126.14
2025-10-05 01:00:00,24.02
2025-10-05 01:15:00,10.0
2025-10-05 01:30:00,29.08
2025-10-05 01:45:00,11.16
2025-10-05 02:00:00,25.42
2025-10-05 02:15:00,-2.82
2025-10-05 02:30:00,16.49
2025-10-05 02:45:00,50.17
2025-10-05 03:00:00,-3.4
2025-10-05 03:15:00,-3.65
2025-10-05 03:30:00,4.95
2025-10-05 03:45:00,-3.67
2025-10-05 04:00:00,-3.24
2025-10-05 04:15:00,-3.39
2025-10-05 04:30:00,8.58
2025-10-05 04:45:00,0.02
2025-10-05 05:00:00,24.74
2025-10-05 05:15:00,22.16
2025-10-05 05:30:00,22.93
2025-10-05 05:45:00,4.0
2025-10-05 06:00:00,-3.64
2025-10-05 06:15:00,-3.58
2025-10-05 06:30:00,19.56
2025-10-05 06:45:00,22.94
2025-10-05 07:00:00,39.99
2025-10-05 07:15:00,5.59
2025-10-05 07:30:00,5.11
2025-10-05 07:45:00,29.44
2025-10-05 08:00:00,-0.09
2025-10-05 08:15:00,-0.01
2025-10-05 08:30:00,0.0
2025-10-05 08:45:00,68.69
2025-10-05 09:00:00,0.21
2025-10-05 09:15:00,0.11
2025-10-05 09:30:00,48.45
2025-10-05 09:45:00,-1.39
2025-10-05 10:00:00,14.0
2025-10-05 10:15:00,44.35
2025-10-05 10:30:00,21.79
2025-10-05 10:45:00,22.63
2025-10-05 11:00:00,-2.02
2025-10-05 11:15:00,-2.02
2025-10-05 11:30:00,-2.28
2025-10-05 11:45:00,-2.52
2025-10-05 12:00:00,30.63
2025-10-05 12:15:00,17.68
2025-10-05 12:30:00,12.28
2025-10-05 12:45:00,29.95
2025-10-05 13:00:00,24.98
2025-10-05 13:15:00,-3.4
2025-10-05 13:30:00,24.34
2025-10-05 13:45:00,22.68
2025-10-05 14:00:00,20.85
2025-10-05 14:15:00,18.04
2025-10-05 14:30:00,12.78
2025-10-05 14:45:00,12.05
2025-10-05 15:00:00,16.92
2025-10-05 15:15:00,24.55
2025-10-05 15:30:00,20.4
2025-10-05 15:45:00,55.56
2025-10-05 16:00:00,181.05
2025-10-05 16:15:00,47.33
2025-10-05 16:30:00,69.05
2025-10-05 16:45:00,62.24
2025-10-05 17:00:00,89.14
2025-10-05 17:15:00,69.72
2025-10-05 17:30:00,119.22
2025-10-05 17:45:00,6.53
2025-10-05 18:00:00,125.82
2025-10-05 18:15:00,62.36
2025-10-05 18:30:00,334.45
2025-10-05 18:45:00,6.85
2025-10-05 19:00:00,156.43
2025-10-05 19:15:00,184.78
2025-10-05 19:30:00,156.43
2025-10-05 19:45:00,669.64
2025-10-05 20:00:00,90.0
2025-10-05 20:15:00,13.63
2025-10-05 20:30:00,13.66
2025-10-05 20:45:00,7.08
2025-10-05 21:00:00,7.84
2025-10-05 21:15:00,53.78
2025-10-05 21:30:00,47.0
2025-10-05 21:45:00,52.69
2025-10-05 22:00:00,53.1
2025-10-05 22:15:00,52.69
2025-10-05 22:30:00,52.69
2025-10-05 22:45:00,56.7
2025-10-05 23:00:00,64.21
2025-10-05 23:15:00,69.06
2025-10-05 23:30:00,85.68
2025-10-05 23:45:00,27.72
2025-10-06 00:00:00,-6.7
2025-10-06 00:15:00,-6.54
2025-10-06 00:30:00,-5.79
2025-10-06 00:45:00,5.07
2025-10-06 01:00:00,13.85
2025-10-06 01:15:00,25.0
2025-10-06 01:30:00,30.0
2025-10-06 01:45:00,60.58
2025-10-06 02:00:00,31.99
2025-10-06 02:15:00,8.7
2025-10-06 02:30:00,10.58
2025-10-06 02:45:00,10.13
2025-10-06 03:00:00,10.53
2025-10-06 03:15:00,4.0
2025-10-06 03:30:00,11.03
2025-10-06 03:45:00,10.85
2025-10-06 04:00:00,0.0
2025-10-06 04:15:00,5.0
2025-10-06 04:30:00,17.86
2025-10-06 04:45:00,20.2
2025-10-06 05:00:00,2.38
2025-10-06 05:15:00,9.9
2025-10-06 05:30:00,70.21
2025-10-06 05:45:00,49.9
2025-10-06 06:00:00,17.77
2025-10-06 06:15:00,53.56
2025-10-06 06:30:00,241.23
2025-10-06 06:45:00,76.87
2025-10-06 07:00:00,196.0
2025-10-06 07:15:00,229.46
2025-10-06 07:30:00,184.78
2025-10-06 07:45:00,115.44
2025-10-06 08:00:00,58.0
2025-10-06 08:15:00,13.63
2025-10-06 08:30:00,72.54
2025-10-06 08:45:00,71.31
2025-10-06 09:00:00,76.09
2025-10-06 09:15:00,85.75
2025-10-06 09:30:00,24.63
2025-10-06 09:45:00,14.36
2025-10-06 10:00:00,15.64
2025-10-06 10:15:00,15.64
2025-10-06 10:30:00,-314.08
2025-10-06 10:45:00,-8.28
2025-10-06 11:00:00,18.04
2025-10-06 11:15:00,-4.97
2025-10-06 11:30:00,3.61
2025-10-06 11:45:00,7.49
2025-10-06 12:00:00,22.63
2025-10-06 12:15:00,12.71
2025-10-06 12:30:00,3.31
2025-10-06 12:45:00,46.33
2025-10-06 13:00:00,81.67
2025-10-06 13:15:00,188.83
2025-10-06 13:30:00,83.88
2025-10-06 13:45:00,200.76
2025-10-06 14:00:00,40.5
2025-10-06 14:15:00,53.71
2025-10-06 14:30:00,55.17
2025-10-06 14:45:00,50.49
2025-10-06 15:00:00,80.01
2025-10-06 15:15:00,91.97
2025-10-06 15:30:00,95.68
2025-10-06 15:45:00,626.07
2025-10-06 16:00:00,352.79
2025-10-06 16:15:00,97.87
2025-10-06 16:30:00,49.67
2025-10-06 16:45:00,51.01
2025-10-06 17:00:00,51.19
2025-10-06 17:15:00,113.03
2025-10-06 17:30:00,561.99
2025-10-06 17:45:00,80.0
2025-10-06 18:00:00,58.52
2025-10-06 18:15:00,58.77
2025-10-06 18:30:00,49.0
2025-10-06 18:45:00,64.9
2025-10-06 19:00:00,64.9
2025-10-06 19:15:00,175.5
2025-10-06 19:30:00,64.71
2025-10-06 19:45:00,60.35
2025-10-06 20:00:00,60.35
2025-10-06 20:15:00,53.15
2025-10-06 20:30:00,53.15
2025-10-06 20:45:00,41.0
2025-10-06 21:00:00,59.74
2025-10-06 21:15:00,123.93
2025-10-06 21:30:00,115.65
2025-10-06 21:45:00,552.67
2025-10-06 22:00:00,153.27
2025-10-06 22:15:00,324.63
2025-10-06 22:30:00,143.46
2025-10-06 22:45:00,109.62
2025-10-06 23:00:00,112.33
2025-10-06 23:15:00,56.0
2025-10-06 23:30:00,52.96
2025-10-06 23:45:00,51.84
2025-10-07 00:00:00,51.19
2025-10-07 00:15:00,51.19
2025-10-07 00:30:00,272.59
2025-10-07 00:45:00,218.24
2025-10-07 01:00:00,100.0
2025-10-07 01:15:00,52.85
2025-10-07 01:30:00,56.73
2025-10-07 01:45:00,52.81
2025-10-07 02:00:00,52.83
2025-10-07 02:15:00,89.36
2025-10-07 02:30:00,267.76
2025-10-07 02:45:00,401.65
2025-10-07 03:00:00,439.43
2025-10-07 03:15:00,466.8
2025-10-07 03:30:00,401.65
2025-10-07 03:45:00,334.82
2025-10-07 04:00:00,267.8
2025-10-07 04:15:00,160.05
2025-10-07 04:30:00,95.03
2025-10-07 04:45:00,104.06
2025-10-07 05:00:00,184.56
2025-10-07 05:15:00,133.95
2025-10-07 05:30:00,99.05
2025-10-07 05:45:00,184.56
2025-10-07 06:00:00,194.22
2025-10-07 06:15:00,250.76
2025-10-07 06:30:00,267.22
2025-10-07 06:45:00,241.07
2025-10-07 07:00:00,142.46
2025-10-07 07:15:00,80.29
2025-10-07 07:30:00,271.34
2025-10-07 07:45:00,267.89
2025-10-07 08:00:00,294.1
2025-10-07 08:15:00,274.3
2025-10-07 08:30:00,56.01
2025-10-07 08:45:00,58.36
2025-10-07 09:00:00,283.65
2025-10-07 09:15:00,52.5
2025-10-07 09:30:00,163.15
2025-10-07 09:45:00,133.31
2025-10-07 10:00:00,206.88
2025-10-07 10:15:00,160.3
2025-10-07 10:30:00,135.57
2025-10-07 10:45:00,40.51
2025-10-07 11:00:00,21.38
2025-10-07 11:15:00,131.06
2025-10-07 11:30:00,118.32
2025-10-07 11:45:00,150.8
2025-10-07 12:00:00,241.1
2025-10-07 12:15:00,200.22
2025-10-07 12:30:00,200.09
2025-10-07 12:45:00,254.5
2025-10-07 13:00:00,214.31
2025-10-07 13:15:00,160.79
2025-10-07 13:30:00,133.95
2025-10-07 13:45:00,133.95
2025-10-07 14:00:00,101.7
2025-10-07 14:15:00,59.96
2025-10-07 14:30:00,173.46
2025-10-07 14:45:00,158.65
2025-10-07 15:00:00,101.2
2025-10-07 15:15:00,59.92
2025-10-07 15:30:00,117.95
2025-10-07 15:45:00,17.68
2025-10-07 16:00:00,9.29
2025-10-07 16:15:00,43.72
2025-10-07 16:30:00,59.0
2025-10-07 16:45:00,54.18
2025-10-07 17:00:00,110.64
2025-10-07 17:15:00,294.64
2025-10-07 17:30:00,241.02
2025-10-07 17:45:00,294.64
2025-10-07 18:00:00,281.29
2025-10-07 18:15:00,334.02
2025-10-07 18:30:00,215.43
2025-10-07 18:45:00,279.47
2025-10-07 19:00:00,253.39
2025-10-07 19:15:00,79.0
2025-10-07 19:30:00,197.41
2025-10-07 19:45:00,60.79
2025-10-07 20:00:00,54.48
2025-10-07 20:15:00,55.0
2025-10-07 20:30:00,55.0
2025-10-07 20:45:00,51.42
2025-10-07 21:00:00,53.99
2025-10-07 21:15:00,55.0
2025-10-07 21:30:00,112.79
2025-10-07 21:45:00,48.92
2025-10-07 22:00:00,57.0
2025-10-07 22:15:00,111.87
2025-10-07 22:30:00,106.1
2025-10-07 22:45:00,267.22
2025-10-07 23:00:00,241.02
2025-10-07 23:15:00,213.49
2025-10-07 23:30:00,267.19
2025-10-07 23:45:00,90.11
2025-10-08 00:00:00,55.28
2025-10-08 00:15:00,46.88
2025-10-08 00:30:00,91.47
2025-10-08 00:45:00,267.22
2025-10-08 01:00:00,91.85
2025-10-08 01:15:00,80.01
2025-10-08 01:30:00,87.33
2025-10-08 01:45:00,51.19
2025-10-08 02:00:00,50.6
2025-10-08 02:15:00,50.6
2025-10-08 02:30:00,50.59
2025-10-08 02:45:00,50.59
2025-10-08 03:00:00,50.59
2025-10-08 03:15:00,50.59
2025-10-08 03:30:00,50.58
2025-10-08 03:45:00,50.58
2025-10-08 04:00:00,50.37
2025-10-08 04:15:00,-1.94
2025-10-08 04:30:00,52.7
2025-10-08 04:45:00,79.83
2025-10-08 05:00:00,-1.98
2025-10-08 05:15:00,47.62
2025-10-08 05:30:00,129.37
2025-10-08 05:45:00,109.41
2025-10-08 06:00:00,51.16
2025-10-08 06:15:00,56.0
2025-10-08 06:30:00,121.37
2025-10-08 06:45:00,279.0
2025-10-08 07:00:00,305.5
2025-10-08 07:15:00,149.57
2025-10-08 07:30:00,282.15
2025-10-08 07:45:00,169.76
2025-10-08 08:00:00,240.82
2025-10-08 08:15:00,66.0
2025-10-08 08:30:00,51.19
2025-10-08 08:45:00,60.36
2025-10-08 09:00:00,52.7
2025-10-08 09:15:00,52.7
2025-10-08 09:30:00,52.7
2025-10-08 09:45:00,105.91
2025-10-08 10:00:00,52.7
2025-10-08 10:15:00,52.7
2025-10-08 10:30:00,60.0
2025-10-08 10:45:00,52.7
2025-10-08 11:00:00,40.02
2025-10-08 11:15:00,0.2
2025-10-08 11:30:00,50.04
2025-10-08 11:45:00,33.49
2025-10-08 12:00:00,44.93
2025-10-08 12:15:00,91.03
2025-10-08 12:30:00,194.21
2025-10-08 12:45:00,199.47
2025-10-08 13:00:00,401.91
2025-10-08 13:15:00,320.83
2025-10-08 13:30:00,213.5
2025-10-08 13:45:00,267.81
2025-10-08 14:00:00,-1.94
2025-10-08 14:15:00,334.75
2025-10-08 14:30:00,200.51
2025-10-08 14:45:00,186.17
2025-10-08 15:00:00,86.82
2025-10-08 15:15:00,-1.98
2025-10-08 15:30:00,306.85
2025-10-08 15:45:00,334.04
2025-10-08 16:00:00,468.38
2025-10-08 16:15:00,334.75
2025-10-08 16:30:00,334.93
2025-10-08 16:45:00,140.19
2025-10-08 17:00:00,148.95
2025-10-08 17:15:00,267.27
2025-10-08 17:30:00,60.91
2025-10-08 17:45:00,208.35
2025-10-08 18:00:00,229.05
2025-10-08 18:15:00,147.6
2025-10-08 18:30:00,204.53
2025-10-08 18:45:00,247.56
2025-10-08 19:00:00,80.74
2025-10-08 19:15:00,204.62
2025-10-08 19:30:00,218.17
2025-10-08 19:45:00,175.0
2025-10-08 20:00:00,170.74
2025-10-08 20:15:00,149.96
2025-10-08 20:30:00,27.07
2025-10-08 20:45:00,33.27
2025-10-08 21:00:00,35.46
2025-10-08 21:15:00,51.19
2025-10-08 21:30:00,186.17
2025-10-08 21:45:00,102.54
2025-10-08 22:00:00,267.8
2025-10-08 22:15:00,38.11
2025-10-08 22:30:00,50.39
2025-10-08 22:45:00,51.19
2025-10-08 23:00:00,62.98
2025-10-08 23:15:00,56.49
2025-10-08 23:30:00,56.49
2025-10-08 23:45:00,56.49
2025-10-09 00:00:00,109.23
2025-10-09 00:15:00,100.01
2025-10-09 00:30:00,51.57
2025-10-09 00:45:00,88.75
2025-10-09 01:00:00,58.0
2025-10-09 01:15:00,58.0
2025-10-09 01:30:00,334.93
2025-10-09 01:45:00,318.74
2025-10-09 02:00:00,96.05
2025-10-09 02:15:00,51.37
2025-10-09 02:30:00,63.1
2025-10-09 02:45:00,51.21
2025-10-09 03:00:00,51.33
2025-10-09 03:15:00,87.76
2025-10-09 03:30:00,223.32
2025-10-09 03:45:00,87.34
2025-10-09 04:00:00,184.55
2025-10-09 04:15:00,334.73
2025-10-09 04:30:00,200.85
2025-10-09 04:45:00,42.25
2025-10-09 05:00:00,34.26
2025-10-09 05:15:00,58.0
2025-10-09 05:30:00,27.5
2025-10-09 05:45:00,48.49
2025-10-09 06:00:00,100.02
2025-10-09 06:15:00,117.61
2025-10-09 06:30:00,128.39
2025-10-09 06:45:00,141.39
2025-10-09 07:00:00,60.94
2025-10-09 07:15:00,63.44
2025-10-09 07:30:00,153.39
2025-10-09 07:45:00,59.0
2025-10-09 08:00:00,56.54
2025-10-09 08:15:00,150.96
2025-10-09 08:30:00,53.57
2025-10-09 08:45:00,53.64
2025-10-09 09:00:00,55.62
2025-10-09 09:15:00,51.79
2025-10-09 09:30:00,119.58
2025-10-09 09:45:00,101.86
2025-10-09 10:00:00,129.01
2025-10-09 10:15:00,110.7
2025-10-09 10:30:00,267.22
2025-10-09 10:45:00,200.09
2025-10-09 11:00:00,267.85
2025-10-09 11:15:00,221.65
2025-10-09 11:30:00,16.15
2025-10-09 11:45:00,103.98
2025-10-09 12:00:00,21.55
2025-10-09 12:15:00,197.73
2025-10-09 12:30:00,200.79
2025-10-09 12:45:00,194.22
2025-10-09 13:00:00,401.78
2025-10-09 13:15:00,334.41
2025-10-09 13:30:00,200.92
2025-10-09 13:45:00,267.85
2025-10-09 14:00:00,19.28
2025-10-09 14:15:00,113.64
2025-10-09 14:30:00,152.08
2025-10-09 14:45:00,46.72
2025-10-09 15:00:00,26.79
2025-10-09 15:15:00,63.71
2025-10-09 15:30:00,111.03
2025-10-09 15:45:00,100.58
2025-10-09 16:00:00,102.06
2025-10-09 16:15:00,264.95
2025-10-09 16:30:00,64.34
2025-10-09 16:45:00,200.79
2025-10-09 17:00:00,321.38
2025-10-09 17:15:00,334.75
2025-10-09 17:30:00,66.41
2025-10-09 17:45:00,19.36
2025-10-09 18:00:00,18.08
2025-10-09 18:15:00,18.35
2025-10-09 18:30:00,46.0
2025-10-09 18:45:00,38.91
2025-10-09 19:00:00,241.1
2025-10-09 19:15:00,559.93
2025-10-09 19:30:00,200.49
2025-10-09 19:45:00,80.25
2025-10-09 20:00:00,12.02
2025-10-09 20:15:00,7.22
2025-10-09 20:30:00,11.74
2025-10-09 20:45:00,13.61
2025-10-09 21:00:00,13.13
2025-10-09 21:15:00,14.63
2025-10-09 21:30:00,17.16
2025-10-09 21:45:00,13.86
2025-10-09 22:00:00,13.97
2025-10-09 22:15:00,13.45
2025-10-09 22:30:00,13.19
2025-10-09 22:45:00,9.98
2025-10-09 23:00:00,46.09
2025-10-09 23:15:00,44.36
2025-10-09 23:30:00,57.0
2025-10-09 23:45:00,38.55
2025-10-10 00:00:00,17.3
2025-10-10 00:15:00,0.75
2025-10-10 00:30:00,9.02
2025-10-10 00:45:00,14.01
2025-10-10 01:00:00,16.49
2025-10-10 01:15:00,47.05
2025-10-10 01:30:00,49.67
2025-10-10 01:45:00,47.68
2025-10-10 02:00:00,43.0
2025-10-10 02:15:00,21.86
2025-10-10 02:30:00,12.54
2025-10-10 02:45:00,7.39
2025-10-10 03:00:00,10.84
2025-10-10 03:15:00,17.2
2025-10-10 03:30:00,7.38
2025-10-10 03:45:00,8.31
2025-10-10 04:00:00,17.82
2025-10-10 04:15:00,11.06
2025-10-10 04:30:00,9.01
2025-10-10 04:45:00,15.97
2025-10-10 05:00:00,44.39
2025-10-10 05:15:00,45.23
2025-10-10 05:30:00,50.18
2025-10-10 05:45:00,38.75
2025-10-10 06:00:00,8.21
2025-10-10 06:15:00,14.48
2025-10-10 06:30:00,15.17
2025-10-10 06:45:00,16.07
2025-10-10 07:00:00,6.95
2025-10-10 07:15:00,8.59
2025-10-10 07:30:00,6.73
2025-10-10 07:45:00,10.17
2025-10-10 08:00:00,62.57
2025-10-10 08:15:00,62.57
2025-10-10 08:30:00,59.87
2025-10-10 08:45:00,59.99
2025-10-10 09:00:00,16.25
2025-10-10 09:15:00,16.29
2025-10-10 09:30:00,59.25
2025-10-10 09:45:00,60.82
2025-10-10 10:00:00,58.0
2025-10-10 10:15:00,60.0
2025-10-10 10:30:00,46.88
2025-10-10 10:45:00,38.04
2025-10-10 11:00:00,267.8
2025-10-10 11:15:00,186.43
2025-10-10 11:30:00,184.55
2025-10-10 11:45:00,183.08
2025-10-10 12:00:00,70.0
2025-10-10 12:15:00,187.3
2025-10-10 12:30:00,149.24
2025-10-10 12:45:00,146.66
2025-10-10 13:00:00,210.18
2025-10-10 13:15:00,120.4
2025-10-10 13:30:00,52.57
2025-10-10 13:45:00,51.19
2025-10-10 14:00:00,48.0
2025-10-10 14:15:00,10.81
2025-10-10 14:30:00,7.73
2025-10-10 14:45:00,17.84
2025-10-10 15:00:00,76.13
2025-10-10 15:15:00,74.43
2025-10-10 15:30:00,95.59
2025-10-10 15:45:00,95.1
2025-10-10 16:00:00,312.01
2025-10-10 16:15:00,322.62
2025-10-10 16:30:00,4017.68
2025-10-10 16:45:00,44.99
2025-10-10 17:00:00,8.48
2025-10-10 17:15:00,12.07
2025-10-10 17:30:00,6.99
2025-10-10 17:45:00,9.24
2025-10-10 18:00:00,5.08
2025-10-10 18:15:00,10.75
2025-10-10 18:30:00,21.49
2025-10-10 18:45:00,15.1
2025-10-10 19:00:00,20.04
2025-10-10 19:15:00,2.06
2025-10-10 19:30:00,-9.43
2025-10-10 19:45:00,0.32
2025-10-10 20:00:00,4.77
2025-10-10 20:15:00,6.32
2025-10-10 20:30:00,7.66
2025-10-10 20:45:00,12.65
2025-10-10 21:00:00,11.73
2025-10-10 21:15:00,7.59
2025-10-10 21:30:00,11.66
2025-10-10 21:45:00,14.77
2025-10-10 22:00:00,17.89
2025-10-10 22:15:00,14.72
2025-10-10 22:30:00,14.95
2025-10-10 22:45:00,12.88
2025-10-10 23:00:00,9.5
2025-10-10 23:15:00,11.74
2025-10-10 23:30:00,13.42
2025-10-10 23:45:00,7.46
2025-10-11 00:00:00,18.52
2025-10-11 00:15:00,45.0
2025-10-11 00:30:00,23.49
2025-10-11 00:45:00,81.44
2025-10-11 01:00:00,88.91
2025-10-11 01:15:00,67.39
2025-10-11 01:30:00,59.98
2025-10-11 01:45:00,55.93
2025-10-11 02:00:00,16.75
2025-10-11 02:15:00,40.0
2025-10-11 02:30:00,40.0
2025-10-11 02:45:00,22.09
2025-10-11 03:00:00,40.72
2025-10-11 03:15:00,59.73
2025-10-11 03:30:00,57.91
2025-10-11 03:45:00,6.98
2025-10-11 04:00:00,58.99
2025-10-11 04:15:00,20.72
2025-10-11 04:30:00,56.24
2025-10-11 04:45:00,53.99
2025-10-11 05:00:00,56.06
2025-10-11 05:15:00,64.76
2025-10-11 05:30:00,67.46
2025-10-11 05:45:00,60.45
2025-10-11 06:00:00,65.41
2025-10-11 06:15:00,65.94
2025-10-11 06:30:00,8.95
2025-10-11 06:45:00,15.99
2025-10-11 07:00:00,17.77
2025-10-11 07:15:00,69.53
2025-10-11 07:30:00,69.75
2025-10-11 07:45:00,200.62
2025-10-11 08:00:00,16.03
2025-10-11 08:15:00,15.64
2025-10-11 08:30:00,13.65
2025-10-11 08:45:00,16.58
2025-10-11 09:00:00,51.89
2025-10-11 09:15:00,54.91
2025-10-11 09:30:00,20.09
2025-10-11 09:45:00,18.0
2025-10-11 10:00:00,19.88
2025-10-11 10:15:00,56.9
2025-10-11 10:30:00,17.83
2025-10-11 10:45:00,8.08
2025-10-11 11:00:00,66.5
2025-10-11 11:15:00,10.68
2025-10-11 11:30:00,9.15
2025-10-11 11:45:00,15.46
2025-10-11 12:00:00,51.0
2025-10-11 12:15:00,18.92
2025-10-11 12:30:00,7.64
2025-10-11 12:45:00,74.09
2025-10-11 13:00:00,5.5
2025-10-11 13:15:00,47.13
2025-10-11 13:30:00,10.68
2025-10-11 13:45:00,14.04
2025-10-11 14:00:00,10.04
2025-10-11 14:15:00,15.47
2025-10-11 14:30:00,48.14
2025-10-11 14:45:00,61.08
2025-10-11 15:00:00,135.66
2025-10-11 15:15:00,74.39
2025-10-11 15:30:00,186.15
2025-10-11 15:45:00,83.97
2025-10-11 16:00:00,85.93
2025-10-11 16:15:00,200.85
2025-10-11 16:30:00,89.61
2025-10-11 16:45:00,103.7
2025-10-11 17:00:00,49.27
2025-10-11 17:15:00,47.4
2025-10-11 17:30:00,44.94
2025-10-11 17:45:00,51.49
2025-10-11 18:00:00,232.23
2025-10-11 18:15:00,200.85
2025-10-11 18:30:00,334.82
2025-10-11 18:45:00,212.41
2025-10-11 19:00:00,241.07
2025-10-11 19:15:00,135.31
2025-10-11 19:30:00,334.13
2025-10-11 19:45:00,206.39
2025-10-11 20:00:00,55.0
2025-10-11 20:15:00,267.84
2025-10-11 20:30:00,108.27
2025-10-11 20:45:00,186.15
2025-10-11 21:00:00,342.02
2025-10-11 21:15:00,198.34
2025-10-11 21:30:00,171.39
2025-10-11 21:45:00,166.24
2025-10-11 22:00:00,112.61
2025-10-11 22:15:00,241.07
2025-10-11 22:30:00,101.57
2025-10-11 22:45:00,220.61
2025-10-11 23:00:00,104.03
2025-10-11 23:15:00,94.99
2025-10-11 23:30:00,93.18
2025-10-11 23:45:00,53.8
2025-10-12 00:00:00,54.99
2025-10-12 00:15:00,87.58
2025-10-12 00:30:00,103.65
2025-10-12 00:45:00,171.39
2025-10-12 01:00:00,87.82
2025-10-12 01:15:00,104.06
2025-10-12 01:30:00,18.5
2025-10-12 01:45:00,77.78
2025-10-12 02:00:00,23.82
2025-10-12 02:15:00,52.64
2025-10-12 02:30:00,40.01
2025-10-12 02:45:00,24.98
2025-10-12 03:00:00,26.75
2025-10-12 03:15:00,51.73
2025-10-12 03:30:00,28.9
2025-10-12 03:45:00,74.2
2025-10-12 04:00:00,80.0
2025-10-12 04:15:00,77.5
2025-10-12 04:30:00,82.0
2025-10-12 04:45:00,204.23
2025-10-12 05:00:00,109.99
2025-10-12 05:15:00,104.06
2025-10-12 05:30:00,194.19
2025-10-12 05:45:00,200.85
2025-10-12 06:00:00,70.72
2025-10-12 06:15:00,70.72
2025-10-12 06:30:00,70.71
2025-10-12 06:45:00,70.71
2025-10-12 07:00:00,82.0
2025-10-12 07:15:00,80.0
2025-10-12 07:30:00,79.62
2025-10-12 07:45:00,70.07
2025-10-12 08:00:00,31.99
2025-10-12 08:15:00,58.61
2025-10-12 08:30:00,51.95
2025-10-12 08:45:00,53.95
2025-10-12 09:00:00,54.19
2025-10-12 09:15:00,53.04
2025-10-12 09:30:00,51.73
2025-10-12 09:45:00,73.0
2025-10-12 10:00:00,200.62
2025-10-12 10:15:00,44.98
2025-10-12 10:30:00,51.73
2025-10-12 10:45:00,51.73
2025-10-12 11:00:00,114.01
2025-10-12 11:15:00,53.16
2025-10-12 11:30:00,117.07
2025-10-12 11:45:00,69.69
2025-10-12 12:00:00,51.94
2025-10-12 12:15:00,45.83
2025-10-12 12:30:00,51.78
2025-10-12 12:45:00,51.5
2025-10-12 13:00:00,55.84
2025-10-12 13:15:00,51.0
2025-10-12 13:30:00,50.65
2025-10-12 13:45:00,5.36
2025-10-12 14:00:00,51.73
2025-10-12 14:15:00,51.73
2025-10-12 14:30:00,28.6
2025-10-12 14:45:00,46.07
2025-10-12 15:00:00,33.48
2025-10-12 15:15:00,33.48
2025-10-12 15:30:00,50.15
2025-10-12 15:45:00,51.87
2025-10-12 16:00:00,17.52
2025-10-12 16:15:00,14.6
2025-10-12 16:30:00,48.24
2025-10-12 16:45:00,59.68
2025-10-12 17:00:00,54.39
2025-10-12 17:15:00,56.65
2025-10-12 17:30:00,58.83
2025-10-12 17:45:00,70.0
2025-10-12 18:00:00,96.76
2025-10-12 18:15:00,65.22
2025-10-12 18:30:00,60.86
2025-10-12 18:45:00,60.3
2025-10-12 19:00:00,162.81
2025-10-12 19:15:00,267.84
2025-10-12 19:30:00,401.36
2025-10-12 19:45:00,267.84
2025-10-12 20:00:00,65.22
2025-10-12 20:15:00,60.89
2025-10-12 20:30:00,60.7
2025-10-12 20:45:00,61.94
2025-10-12 21:00:00,345.81
2025-10-12 21:15:00,334.81
2025-10-12 21:30:00,316.85
2025-10-12 21:45:00,254.45
2025-10-12 22:00:00,267.84
2025-10-12 22:15:00,295.36
2025-10-12 22:30:00,334.81
2025-10-12 22:45:00,334.81
2025-10-12 23:00:00,334.81
2025-10-12 23:15:00,93.59
2025-10-12 23:30:00,91.83
2025-10-12 23:45:00,85.52
2025-10-13 00:00:00,52.53
2025-10-13 00:15:00,53.64
2025-10-13 00:30:00,90.19
2025-10-13 00:45:00,86.49
2025-10-13 01:00:00,91.31
2025-10-13 01:15:00,87.58
2025-10-13 01:30:00,267.8
2025-10-13 01:45:00,218.14
2025-10-13 02:00:00,267.84
2025-10-13 02:15:00,334.75
2025-10-13 02:30:00,267.58
2025-10-13 02:45:00,267.8
2025-10-13 03:00:00,89.67
2025-10-13 03:15:00,89.0
2025-10-13 03:30:00,87.72
2025-10-13 03:45:00,173.83
2025-10-13 04:00:00,227.67
2025-10-13 04:15:00,210.55
2025-10-13 04:30:00,241.02
2025-10-13 04:45:00,241.06
2025-10-13 05:00:00,89.06
2025-10-13 05:15:00,210.18
2025-10-13 05:30:00,334.81
2025-10-13 05:45:00,334.75
2025-10-13 06:00:00,216.09
2025-10-13 06:15:00,114.21
2025-10-13 06:30:00,340.24
2025-10-13 06:45:00,800.0
2025-10-13 07:00:00,468.65
2025-10-13 07:15:00,502.2
2025-10-13 07:30:00,803.54
2025-10-13 07:45:00,267.58
2025-10-13 08:00:00,82.22
2025-10-13 08:15:00,59.0
2025-10-13 08:30:00,55.0
2025-10-13 08:45:00,53.57
2025-10-13 09:00:00,56.1
2025-10-13 09:15:00,54.96
2025-10-13 09:30:00,46.86
2025-10-13 09:45:00,2433.69
2025-10-13 10:00:00,2653.05
2025-10-13 10:15:00,379.15
2025-10-13 10:30:00,118.19
2025-10-13 10:45:00,267.85
2025-10-13 11:00:00,344.23
2025-10-13 11:15:00,438.77
2025-10-13 11:30:00,344.23
2025-10-13 11:45:00,401.7
2025-10-13 12:00:00,103.56
2025-10-13 12:15:00,53.82
2025-10-13 12:30:00,259.81
2025-10-13 12:45:00,254.46
2025-10-13 13:00:00,95.05
2025-10-13 13:15:00,92.2
2025-10-13 13:30:00,130.33
2025-10-13 13:45:00,53.1
2025-10-13 14:00:00,54.0
2025-10-13 14:15:00,53.0
2025-10-13 14:30:00,53.1
2025-10-13 14:45:00,54.0
2025-10-13 15:00:00,54.08
2025-10-13 15:15:00,52.79
2025-10-13 15:30:00,104.87
2025-10-13 15:45:00,47.09
2025-10-13 16:00:00,52.14
2025-10-13 16:15:00,53.98
2025-10-13 16:30:00,52.83
2025-10-13 16:45:00,46.18
2025-10-13 17:00:00,300.0
2025-10-13 17:15:00,300.0
2025-10-13 17:30:00,353.02
2025-10-13 17:45:00,482.13
2025-10-13 18:00:00,436.06
2025-10-13 18:15:00,468.06
2025-10-13 18:30:00,736.45
2025-10-13 18:45:00,439.02
2025-10-13 19:00:00,539.38
2025-10-13 19:15:00,440.0
2025-10-13 19:30:00,257.97
2025-10-13 19:45:00,52.98
2025-10-13 20:00:00,166.37
2025-10-13 20:15:00,55.0
2025-10-13 20:30:00,54.99
2025-10-13 20:45:00,54.99
2025-10-13 21:00:00,54.66
2025-10-13 21:15:00,139.36
2025-10-13 21:30:00,118.96
2025-10-13 21:45:00,53.64
2025-10-13 22:00:00,46.35
2025-10-13 22:15:00,120.98
2025-10-13 22:30:00,55.8
2025-10-13 22:45:00,51.39
2025-10-13 23:00:00,47.17
2025-10-13 23:15:00,50.19
2025-10-13 23:30:00,45.99
2025-10-13 23:45:00,27.5
2025-10-14 00:00:00,61.73
2025-10-14 00:15:00,55.48
2025-10-14 00:30:00,51.01
2025-10-14 00:45:00,60.8
2025-10-14 01:00:00,84.91
2025-10-14 01:15:00,64.7
2025-10-14 01:30:00,100.59
2025-10-14 01:45:00,91.22
2025-10-14 02:00:00,104.85
2025-10-14 02:15:00,98.48
2025-10-14 02:30:00,94.49
2025-10-14 02:45:00,88.95
2025-10-14 03:00:00,85.56
2025-10-14 03:15:00,96.56
2025-10-14 03:30:00,94.13
2025-10-14 03:45:00,93.85
2025-10-14 04:00:00,94.24
2025-10-14 04:15:00,94.54
2025-10-14 04:30:00,92.88
2025-10-14 04:45:00,97.64
2025-10-14 05:00:00,23.58
2025-10-14 05:15:00,57.0
2025-10-14 05:30:00,58.0
2025-10-14 05:45:00,53.99
2025-10-14 06:00:00,58.0
2025-10-14 06:15:00,54.5
2025-10-14 06:30:00,59.86
2025-10-14 06:45:00,68.35
2025-10-14 07:00:00,72.0
2025-10-14 07:15:00,74.32
2025-10-14 07:30:00,40.5
2025-10-14 07:45:00,188.5
2025-10-14 08:00:00,95.0
2025-10-14 08:15:00,224.0
2025-10-14 08:30:00,173.03
2025-10-14 08:45:00,59.61
2025-10-14 09:00:00,53.42
2025-10-14 09:15:00,49.69
2025-10-14 09:30:00,46.82
2025-10-14 09:45:00,24.11
2025-10-14 10:00:00,344.05
2025-10-14 10:15:00,134.65
2025-10-14 10:30:00,30.76
2025-10-14 10:45:00,110.0
2025-10-14 11:00:00,49.07
2025-10-14 11:15:00,48.6
2025-10-14 11:30:00,47.26
2025-10-14 11:45:00,44.52
2025-10-14 12:00:00,64.0
2025-10-14 12:15:00,53.85
2025-10-14 12:30:00,54.88
2025-10-14 12:45:00,49.06
2025-10-14 13:00:00,49.29
2025-10-14 13:15:00,102.49
2025-10-14 13:30:00,103.49
2025-10-14 13:45:00,101.17
2025-10-14 14:00:00,89.23
2025-10-14 14:15:00,101.25
2025-10-14 14:30:00,109.6
2025-10-14 14:45:00,38.23
2025-10-14 15:00:00,49.58
2025-10-14 15:15:00,55.0
2025-10-14 15:30:00,47.75
2025-10-14 15:45:00,166.55
2025-10-14 16:00:00,20.09
2025-10-14 16:15:00,55.27
2025-10-14 16:30:00,-1.33
2025-10-14 16:45:00,20.09
2025-10-14 17:00:00,45.45
2025-10-14 17:15:00,39.74
2025-10-14 17:30:00,49.68
2025-10-14 17:45:00,378.78
2025-10-14 18:00:00,274.81
2025-10-14 18:15:00,361.84
2025-10-14 18:30:00,475.3
2025-10-14 18:45:00,508.65
2025-10-14 19:00:00,494.21
2025-10-14 19:15:00,448.79
2025-10-14 19:30:00,379.98
2025-10-14 19:45:00,41.23
2025-10-14 20:00:00,332.2
2025-10-14 20:15:00,242.83
2025-10-14 20:30:00,182.2
2025-10-14 20:45:00,145.19
2025-10-14 21:00:00,214.2
2025-10-14 21:15:00,42.97
2025-10-14 21:30:00,146.91
2025-10-14 21:45:00,125.98
2025-10-14 22:00:00,146.9
2025-10-14 22:15:00,241.03
2025-10-14 22:30:00,220.94
2025-10-14 22:45:00,227.64
2025-10-14 23:00:00,353.03
2025-10-14 23:15:00,334.81
2025-10-14 23:30:00,361.53
2025-10-14 23:45:00,334.81
2025-10-15 00:00:00,261.1
2025-10-15 00:15:00,200.18
2025-10-15 00:30:00,388.25
2025-10-15 00:45:00,334.81
2025-10-15 01:00:00,117.16
2025-10-15 01:15:00,112.45
2025-10-15 01:30:00,160.48
2025-10-15 01:45:00,119.94
2025-10-15 02:00:00,220.23
2025-10-15 02:15:00,241.01
2025-10-15 02:30:00,334.79
2025-10-15 02:45:00,334.75
2025-10-15 03:00:00,334.12
2025-10-15 03:15:00,334.79
2025-10-15 03:30:00,334.75
2025-10-15 03:45:00,267.8
2025-10-15 04:00:00,134.32
2025-10-15 04:15:00,50.08
2025-10-15 04:30:00,49.29
2025-10-15 04:45:00,54.22
2025-10-15 05:00:00,49.14
2025-10-15 05:15:00,48.19
2025-10-15 05:30:00,51.08
2025-10-15 05:45:00,38.28
2025-10-15 06:00:00,38.4
2025-10-15 06:15:00,40.22
2025-10-15 06:30:00,52.62
2025-10-15 06:45:00,40.17
2025-10-15 07:00:00,25.0
2025-10-15 07:15:00,45.88
2025-10-15 07:30:00,254.09
2025-10-15 07:45:00,266.66
2025-10-15 08:00:00,316.81
2025-10-15 08:15:00,278.35
2025-10-15 08:30:00,234.6
2025-10-15 08:45:00,193.76
2025-10-15 09:00:00,34.44
2025-10-15 09:15:00,188.38
2025-10-15 09:30:00,8.0
2025-10-15 09:45:00,54.22
2025-10-15 10:00:00,42.9
2025-10-15 10:15:00,57.11
2025-10-15 10:30:00,135.64
2025-10-15 10:45:00,114.1
2025-10-15 11:00:00,599.28
2025-10-15 11:15:00,144.27
2025-10-15 11:30:00,185.21
2025-10-15 11:45:00,150.68
2025-10-15 12:00:00,120.82
2025-10-15 12:15:00,171.71
2025-10-15 12:30:00,108.85
2025-10-15 12:45:00,200.87
2025-10-15 13:00:00,110.55
2025-10-15 13:15:00,157.89
2025-10-15 13:30:00,185.85
2025-10-15 13:45:00,218.1
2025-10-15 14:00:00,132.46
2025-10-15 14:15:00,334.39
2025-10-15 14:30:00,164.47
2025-10-15 14:45:00,185.85
2025-10-15 15:00:00,334.75
2025-10-15 15:15:00,29.54
2025-10-15 15:30:00,53.24
2025-10-15 15:45:00,12.57
2025-10-15 16:00:00,14.3
2025-10-15 16:15:00,28.23
2025-10-15 16:30:00,46.65
2025-10-15 16:45:00,8.56
2025-10-15 17:00:00,102.47
2025-10-15 17:15:00,15.52
2025-10-15 17:30:00,171.3
2025-10-15 17:45:00,241.24
2025-10-15 18:00:00,152.4
2025-10-15 18:15:00,182.92
2025-10-15 18:30:00,236.22
2025-10-15 18:45:00,280.99
2025-10-15 19:00:00,347.82
2025-10-15 19:15:00,334.75
2025-10-15 19:30:00,182.93
2025-10-15 19:45:00,160.6
2025-10-15 20:00:00,55.0
2025-10-15 20:15:00,58.98
2025-10-15 20:30:00,123.95
2025-10-15 20:45:00,114.0
2025-10-15 21:00:00,144.35
2025-10-15 21:15:00,73.65
2025-10-15 21:30:00,334.79
2025-10-15 21:45:00,241.05
2025-10-15 22:00:00,113.42
2025-10-15 22:15:00,40.94
2025-10-15 22:30:00,44.71
2025-10-15 22:45:00,45.66
2025-10-15 23:00:00,41.86
2025-10-15 23:15:00,14.56
2025-10-15 23:30:00,136.59
2025-10-15 23:45:00,106.51
2025-10-16 00:00:00,55.82
2025-10-16 00:15:00,51.0
2025-10-16 00:30:00,56.51
2025-10-16 00:45:00,81.84
2025-10-16 01:00:00,53.48
2025-10-16 01:15:00,83.43
2025-10-16 01:30:00,334.76
2025-10-16 01:45:00,401.72
2025-10-16 02:00:00,267.79
2025-10-16 02:15:00,209.95
2025-10-16 02:30:00,83.38
2025-10-16 02:45:00,49.74
2025-10-16 03:00:00,58.14
2025-10-16 03:15:00,81.91
2025-10-16 03:30:00,267.8
2025-10-16 03:45:00,174.07
2025-10-16 04:00:00,136.6
2025-10-16 04:15:00,134.04
2025-10-16 04:30:00,137.06
2025-10-16 04:45:00,72.68
2025-10-16 05:00:00,71.22
2025-10-16 05:15:00,78.0
2025-10-16 05:30:00,39.46
2025-10-16 05:45:00,29.58
2025-10-16 06:00:00,20.54
2025-10-16 06:15:00,49.0
2025-10-16 06:30:00,50.37
2025-10-16 06:45:00,31.89
2025-10-16 07:00:00,49.11
2025-10-16 07:15:00,39.71
2025-10-16 07:30:00,48.81
2025-10-16 07:45:00,52.59
2025-10-16 08:00:00,6.98
2025-10-16 08:15:00,133.2
2025-10-16 08:30:00,122.94
2025-10-16 08:45:00,58.6
2025-10-16 09:00:00,56.12
2025-10-16 09:15:00,54.73
2025-10-16 09:30:00,55.22
2025-10-16 09:45:00,55.81
2025-10-16 10:00:00,64.38
2025-10-16 10:15:00,101.6
2025-10-16 10:30:00,118.6
2025-10-16 10:45:00,136.15
2025-10-16 11:00:00,103.15
2025-10-16 11:15:00,267.79
2025-10-16 11:30:00,194.16
2025-10-16 11:45:00,72.92
2025-10-16 12:00:00,239.68
2025-10-16 12:15:00,214.11
2025-10-16 12:30:00,200.0
2025-10-16 12:45:00,200.85
2025-10-16 13:00:00,130.74
2025-10-16 13:15:00,10.94
2025-10-16 13:30:00,27.58
2025-10-16 13:45:00,52.59
2025-10-16 14:00:00,34.85
2025-10-16 14:15:00,13.58
2025-10-16 14:30:00,68.48
2025-10-16 14:45:00,24.21
2025-10-16 15:00:00,456.59
2025-10-16 15:15:00,209.88
2025-10-16 15:30:00,679.98
2025-10-16 15:45:00,473.32
2025-10-16 16:00:00,166.24
2025-10-16 16:15:00,74.1
2025-10-16 16:30:00,343.15
2025-10-16 16:45:00,331.98
2025-10-16 17:00:00,78.4
2025-10-16 17:15:00,167.37
2025-10-16 17:30:00,40.77
2025-10-16 17:45:00,52.87
2025-10-16 18:00:00,109.52
2025-10-16 18:15:00,126.1
2025-10-16 18:30:00,134.6
2025-10-16 18:45:00,51.63
2025-10-16 19:00:00,23.39
2025-10-16 19:15:00,11.4
2025-10-16 19:30:00,35.5
2025-10-16 19:45:00,136.19
2025-10-16 20:00:00,42.0
2025-10-16 20:15:00,120.85
2025-10-16 20:30:00,58.0
2025-10-16 20:45:00,35.48
2025-10-16 21:00:00,123.85
2025-10-16 21:15:00,35.86
2025-10-16 21:30:00,14.29
2025-10-16 21:45:00,15.35
2025-10-16 22:00:00,30.45
2025-10-16 22:15:00,54.0
2025-10-16 22:30:00,63.38
2025-10-16 22:45:00,59.87
2025-10-16 23:00:00,117.38
2025-10-16 23:15:00,117.38
2025-10-16 23:30:00,93.19
2025-10-16 23:45:00,48.75
2025-10-17 00:00:00,38.73
2025-10-17 00:15:00,51.65
2025-10-17 00:30:00,112.66
2025-10-17 00:45:00,47.97
2025-10-17 01:00:00,51.2
2025-10-17 01:15:00,28.88
2025-10-17 01:30:00,20.75
2025-10-17 01:45:00,35.41
2025-10-17 02:00:00,57.06
2025-10-17 02:15:00,52.74
2025-10-17 02:30:00,38.42
2025-10-17 02:45:00,24.93
2025-10-17 03:00:00,13.13
2025-10-17 03:15:00,31.28
2025-10-17 03:30:00,38.04
2025-10-17 03:45:00,41.81
2025-10-17 04:00:00,43.18
2025-10-17 04:15:00,36.71
2025-10-17 04:30:00,13.49
2025-10-17 04:45:00,24.33
2025-10-17 05:00:00,36.96
2025-10-17 05:15:00,31.55
2025-10-17 05:30:00,13.81
2025-10-17 05:45:00,15.68
2025-10-17 06:00:00,8.27
2025-10-17 06:15:00,13.43
2025-10-17 06:30:00,48.2
2025-10-17 06:45:00,41.66
2025-10-17 07:00:00,18.64
2025-10-17 07:15:00,41.05
2025-10-17 07:30:00,30.04
2025-10-17 07:45:00,15.53
2025-10-17 08:00:00,42.34
2025-10-17 08:15:00,51.95
2025-10-17 08:30:00,51.14
2025-10-17 08:45:00,53.8
2025-10-17 09:00:00,71.09
2025-10-17 09:15:00,133.0
2025-10-17 09:30:00,51.7
2025-10-17 09:45:00,52.59
2025-10-17 10:00:00,52.94
2025-10-17 10:15:00,36.24
2025-10-17 10:30:00,15.41
2025-10-17 10:45:00,13.24
2025-10-17 11:00:00,13.84
2025-10-17 11:15:00,15.92
2025-10-17 11:30:00,14.38
2025-10-17 11:45:00,7.2
2025-10-17 12:00:00,10.25
2025-10-17 12:15:00,11.28
2025-10-17 12:30:00,4.61
2025-10-17 12:45:00,7.35
2025-10-17 13:00:00,9.48
2025-10-17 13:15:00,10.86
2025-10-17 13:30:00,14.97
2025-10-17 13:45:00,12.19
2025-10-17 14:00:00,7.04
2025-10-17 14:15:00,16.59
2025-10-17 14:30:00,10.31
2025-10-17 14:45:00,4.29
2025-10-17 15:00:00,4.9
2025-10-17 15:15:00,9.43
2025-10-17 15:30:00,2.95
2025-10-17 15:45:00,-243.58
2025-10-17 16:00:00,8.38
2025-10-17 16:15:00,11.01
2025-10-17 16:30:00,19.8
2025-10-17 16:45:00,24.1
2025-10-17 17:00:00,53.59
2025-10-17 17:15:00,187.44
2025-10-17 17:30:00,200.73
2025-10-17 17:45:00,160.42
2025-10-17 18:00:00,126.4
2025-10-17 18:15:00,56.87
2025-10-17 18:30:00,53.01
2025-10-17 18:45:00,63.73
2025-10-17 19:00:00,63.65
2025-10-17 19:15:00,59.45
2025-10-17 19:30:00,51.51
2025-10-17 19:45:00,54.85
2025-10-17 20:00:00,59.0
2025-10-17 20:15:00,59.48
2025-10-17 20:30:00,59.48
2025-10-17 20:45:00,57.25
2025-10-17 21:00:00,62.51
2025-10-17 21:15:00,101.44
2025-10-17 21:30:00,101.45
2025-10-17 21:45:00,173.41
2025-10-17 22:00:00,108.12
2025-10-17 22:15:00,102.81
2025-10-17 22:30:00,35.25
2025-10-17 22:45:00,95.82
2025-10-17 23:00:00,55.09
2025-10-17 23:15:00,160.56
2025-10-17 23:30:00,133.62
2025-10-17 23:45:00,81.39
2025-10-18 00:00:00,53.61
2025-10-18 00:15:00,50.72
2025-10-18 00:30:00,241.02
2025-10-18 00:45:00,87.83
2025-10-18 01:00:00,59.49
2025-10-18 01:15:00,58.2
2025-10-18 01:30:00,57.25
2025-10-18 01:45:00,86.56
2025-10-18 02:00:00,62.9
2025-10-18 02:15:00,89.8
2025-10-18 02:30:00,212.88
2025-10-18 02:45:00,85.38
2025-10-18 03:00:00,54.59
2025-10-18 03:15:00,54.28
2025-10-18 03:30:00,54.43
2025-10-18 03:45:00,53.81
2025-10-18 04:00:00,85.41
2025-10-18 04:15:00,86.07
2025-10-18 04:30:00,89.29
2025-10-18 04:45:00,92.63
2025-10-18 05:00:00,200.86
2025-10-18 05:15:00,210.36
2025-10-18 05:30:00,334.75
2025-10-18 05:45:00,334.04
2025-10-18 06:00:00,80.22
2025-10-18 06:15:00,85.4
2025-10-18 06:30:00,58.92
2025-10-18 06:45:00,58.06
2025-10-18 07:00:00,51.57
2025-10-18 07:15:00,65.82
2025-10-18 07:30:00,62.64
2025-10-18 07:45:00,61.0
2025-10-18 08:00:00,121.2
2025-10-18 08:15:00,117.52
2025-10-18 08:30:00,116.5
2025-10-18 08:45:00,102.97
2025-10-18 09:00:00,54.13
2025-10-18 09:15:00,51.7
2025-10-18 09:30:00,53.71
2025-10-18 09:45:00,50.03
2025-10-18 10:00:00,58.1
2025-10-18 10:15:00,54.52
2025-10-18 10:30:00,51.48
2025-10-18 10:45:00,49.44
2025-10-18 11:00:00,87.99
2025-10-18 11:15:00,28.56
2025-10-18 11:30:00,32.95
2025-10-18 11:45:00,72.76
2025-10-18 12:00:00,37.28
2025-10-18 12:15:00,29.79
2025-10-18 12:30:00,73.78
2025-10-18 12:45:00,92.35
2025-10-18 13:00:00,68.67
2025-10-18 13:15:00,28.7
2025-10-18 13:30:00,21.29
2025-10-18 13:45:00,11.01
2025-10-18 14:00:00,14.5
2025-10-18 14:15:00,53.9
2025-10-18 14:30:00,40.04
2025-10-18 14:45:00,42.92
2025-10-18 15:00:00,71.22
2025-10-18 15:15:00,51.14
2025-10-18 15:30:00,49.49
2025-10-18 15:45:00,51.83
2025-10-18 16:00:00,40.17
2025-10-18 16:15:00,53.64
2025-10-18 16:30:00,58.58
2025-10-18 16:45:00,59.47
2025-10-18 17:00:00,58.7
2025-10-18 17:15:00,60.0
2025-10-18 17:30:00,60.0
2025-10-18 17:45:00,155.94
2025-10-18 18:00:00,126.18
2025-10-18 18:15:00,152.75
2025-10-18 18:30:00,138.52
2025-10-18 18:45:00,62.0
2025-10-18 19:00:00,138.39
2025-10-18 19:15:00,127.22
2025-10-18 19:30:00,39.54
2025-10-18 19:45:00,23.44
2025-10-18 20:00:00,51.64
2025-10-18 20:15:00,58.0
2025-10-18 20:30:00,104.77
2025-10-18 20:45:00,58.5
2025-10-18 21:00:00,58.53
2025-10-18 21:15:00,97.02
2025-10-18 21:30:00,62.0
2025-10-18 21:45:00,58.95
2025-10-18 22:00:00,104.17
2025-10-18 22:15:00,133.91
2025-10-18 22:30:00,166.69
2025-10-18 22:45:00,164.03
2025-10-18 23:00:00,105.76
2025-10-18 23:15:00,96.35
2025-10-18 23:30:00,59.2
2025-10-18 23:45:00,125.32
2025-10-19 00:00:00,160.55
2025-10-19 00:15:00,160.42
2025-10-19 00:30:00,241.03
2025-10-19 00:45:00,167.36
2025-10-19 01:00:00,92.44
2025-10-19 01:15:00,86.89
2025-10-19 01:30:00,55.45
2025-10-19 01:45:00,56.4
2025-10-19 02:00:00,121.51
2025-10-19 02:15:00,152.69
2025-10-19 02:30:00,160.66
2025-10-19 02:45:00,75.04
2025-10-19 03:00:00,59.77
2025-10-19 03:15:00,60.0
2025-10-19 03:30:00,55.48
2025-10-19 03:45:00,50.03
2025-10-19 04:00:00,58.51
2025-10-19 04:15:00,57.64
2025-10-19 04:30:00,61.74
2025-10-19 04:45:00,55.08
2025-10-19 05:00:00,48.96
2025-10-19 05:15:00,54.4
2025-10-19 05:30:00,54.79
2025-10-19 05:45:00,17.94
2025-10-19 06:00:00,27.77
2025-10-19 06:15:00,53.29
2025-10-19 06:30:00,57.75
2025-10-19 06:45:00,18.45
2025-10-19 07:00:00,23.26
2025-10-19 07:15:00,48.07
2025-10-19 07:30:00,33.22
2025-10-19 07:45:00,24.55
2025-10-19 08:00:00,0.25
2025-10-19 08:15:00,1.86
2025-10-19 08:30:00,-21.02
2025-10-19 08:45:00,17.17
2025-10-19 09:00:00,21.64
2025-10-19 09:15:00,2.55
2025-10-19 09:30:00,-0.59
2025-10-19 09:45:00,4.68
2025-10-19 10:00:00,36.21
2025-10-19 10:15:00,14.43
2025-10-19 10:30:00,28.75
2025-10-19 10:45:00,73.31
2025-10-19 11:00:00,13.84
2025-10-19 11:15:00,20.09
2025-10-19 11:30:00,16.64
2025-10-19 11:45:00,13.91
2025-10-19 12:00:00,13.34
2025-10-19 12:15:00,16.8
2025-10-19 12:30:00,11.71
2025-10-19 12:45:00,7.14
2025-10-19 13:00:00,19.84
2025-10-19 13:15:00,1.31
2025-10-19 13:30:00,1.31
2025-10-19 13:45:00,1.86
2025-10-19 14:00:00,3.75
2025-10-19 14:15:00,1.31
2025-10-19 14:30:00,1.86
2025-10-19 14:45:00,10.04
2025-10-19 15:00:00,1.31
2025-10-19 15:15:00,3.91
2025-10-19 15:30:00,18.86
2025-10-19 15:45:00,16.2
2025-10-19 16:00:00,50.18
2025-10-19 16:15:00,70.01
2025-10-19 16:30:00,150.0
2025-10-19 16:45:00,38.29
2025-10-19 17:00:00,74.43
2025-10-19 17:15:00,160.42
2025-10-19 17:30:00,93.82
2025-10-19 17:45:00,160.42
2025-10-19 18:00:00,241.03
2025-10-19 18:15:00,160.66
2025-10-19 18:30:00,17.5
2025-10-19 18:45:00,86.85
2025-10-19 19:00:00,17.11
2025-10-19 19:15:00,25.52
2025-10-19 19:30:00,83.0
2025-10-19 19:45:00,69.92
2025-10-19 20:00:00,70.96
2025-10-19 20:15:00,16.96
2025-10-19 20:30:00,16.81
2025-10-19 20:45:00,13.39
2025-10-19 21:00:00,28.26
2025-10-19 21:15:00,25.43
2025-10-19 21:30:00,13.39
2025-10-19 21:45:00,13.38
2025-10-19 22:00:00,67.21
2025-10-19 22:15:00,66.53
2025-10-19 22:30:00,65.64
2025-10-19 22:45:00,10.66
2025-10-19 23:00:00,64.28
2025-10-19 23:15:00,13.6
2025-10-19 23:30:00,51.52
2025-10-19 23:45:00,51.83
2025-10-20 00:00:00,8.3
2025-10-20 00:15:00,12.72
2025-10-20 00:30:00,12.72
2025-10-20 00:45:00,6.3
2025-10-20 01:00:00,13.77
2025-10-20 01:15:00,5.89
2025-10-20 01:30:00,-59.48
2025-10-20 01:45:00,5.95
2025-10-20 02:00:00,80.27
2025-10-20 02:15:00,53.16
2025-10-20 02:30:00,52.09
2025-10-20 02:45:00,50.59
2025-10-20 03:00:00,53.3
2025-10-20 03:15:00,91.1
2025-10-20 03:30:00,74.01
2025-10-20 03:45:00,109.87
2025-10-20 04:00:00,60.11
2025-10-20 04:15:00,72.71
2025-10-20 04:30:00,80.34
2025-10-20 04:45:00,59.74
2025-10-20 05:00:00,94.04
2025-10-20 05:15:00,90.21
2025-10-20 05:30:00,64.72
2025-10-20 05:45:00,65.49
2025-10-20 06:00:00,13.75
2025-10-20 06:15:00,14.0
2025-10-20 06:30:00,31.2
2025-10-20 06:45:00,48.56
2025-10-20 07:00:00,42.61
2025-10-20 07:15:00,100.23
2025-10-20 07:30:00,82.81
2025-10-20 07:45:00,86.86
2025-10-20 08:00:00,89.39
2025-10-20 08:15:00,88.06
2025-10-20 08:30:00,86.85
2025-10-20 08:45:00,85.37
2025-10-20 09:00:00,60.0
2025-10-20 09:15:00,53.14
2025-10-20 09:30:00,60.0
2025-10-20 09:45:00,58.43
2025-10-20 10:00:00,143.36
2025-10-20 10:15:00,181.85
2025-10-20 10:30:00,66.47
2025-10-20 10:45:00,62.38
2025-10-20 11:00:00,11.49
2025-10-20 11:15:00,40.62
2025-10-20 11:30:00,32.63
2025-10-20 11:45:00,1.31
2025-10-20 12:00:00,61.9
2025-10-20 12:15:00,57.28
2025-10-20 12:30:00,54.46
2025-10-20 12:45:00,57.34
2025-10-20 13:00:00,59.13
2025-10-20 13:15:00,13.63
2025-10-20 13:30:00,21.36
2025-10-20 13:45:00,-8.53
2025-10-20 14:00:00,-0.24
2025-10-20 14:15:00,16.24
2025-10-20 14:30:00,22.49
2025-10-20 14:45:00,63.0
2025-10-20 15:00:00,65.96
2025-10-20 15:15:00,70.46
2025-10-20 15:30:00,35.0
2025-10-20 15:45:00,73.13
2025-10-20 16:00:00,38.68
2025-10-20 16:15:00,54.19
2025-10-20 16:30:00,75.95
2025-10-20 16:45:00,77.89
2025-10-20 17:00:00,86.87
2025-10-20 17:15:00,52.0
2025-10-20 17:30:00,90.9
2025-10-20 17:45:00,147.27
2025-10-20 18:00:00,214.25
2025-10-20 18:15:00,267.81
2025-10-20 18:30:00,226.84
2025-10-20 18:45:00,267.81
2025-10-20 19:00:00,133.91
2025-10-20 19:15:00,95.55
2025-10-20 19:30:00,96.49
2025-10-20 19:45:00,84.2
2025-10-20 20:00:00,63.07
2025-10-20 20:15:00,29.77
2025-10-20 20:30:00,37.02
2025-10-20 20:45:00,67.22
2025-10-20 21:00:00,68.29
2025-10-20 21:15:00,67.9
2025-10-20 21:30:00,127.21
2025-10-20 21:45:00,60.0
2025-10-20 22:00:00,94.99
2025-10-20 22:15:00,104.64
2025-10-20 22:30:00,127.21
2025-10-20 22:45:00,60.0
2025-10-20 23:00:00,105.63
2025-10-20 23:15:00,98.96
2025-10-20 23:30:00,160.55
2025-10-20 23:45:00,97.39
2025-10-21 00:00:00,80.9
2025-10-21 00:15:00,65.7
2025-10-21 00:30:00,92.44
2025-10-21 00:45:00,69.58
2025-10-21 01:00:00,13.7
2025-10-21 01:15:00,46.0
2025-10-21 01:30:00,64.84
2025-10-21 01:45:00,27.38
2025-10-21 02:00:00,46.5
2025-10-21 02:15:00,75.55
2025-10-21 02:30:00,180.78
2025-10-21 02:45:00,67.0
2025-10-21 03:00:00,220.93
2025-10-21 03:15:00,87.59
2025-10-21 03:30:00,127.21
2025-10-21 03:45:00,67.0
2025-10-21 04:00:00,81.56
2025-10-21 04:15:00,85.48
2025-10-21 04:30:00,58.21
2025-10-21 04:45:00,31.8
2025-10-21 05:00:00,22.8
2025-10-21 05:15:00,32.91
2025-10-21 05:30:00,52.87
2025-10-21 05:45:00,64.7
2025-10-21 06:00:00,36.41
2025-10-21 06:15:00,174.64
2025-10-21 06:30:00,82.91
2025-10-21 06:45:00,83.1
2025-10-21 07:00:00,254.43
2025-10-21 07:15:00,153.99
2025-10-21 07:30:00,158.0
2025-10-21 07:45:00,111.53
2025-10-21 08:00:00,85.56
2025-10-21 08:15:00,64.0
2025-10-21 08:30:00,438.63
2025-10-21 08:45:00,93.74
2025-10-21 09:00:00,64.0
2025-10-21 09:15:00,64.0
2025-10-21 09:30:00,74.67
2025-10-21 09:45:00,50.23
2025-10-21 10:00:00,92.0
2025-10-21 10:15:00,73.63
2025-10-21 10:30:00,66.35
2025-10-21 10:45:00,54.67
2025-10-21 11:00:00,16.79
2025-10-21 11:15:00,72.91
2025-10-21 11:30:00,58.4
2025-10-21 11:45:00,996.01
2025-10-21 12:00:00,267.82
2025-10-21 12:15:00,424.5
2025-10-21 12:30:00,334.77
2025-10-21 12:45:00,467.96
2025-10-21 13:00:00,187.46
2025-10-21 13:15:00,13.91
2025-10-21 13:30:00,17.24
2025-10-21 13:45:00,20.59
2025-10-21 14:00:00,15.52
2025-10-21 14:15:00,13.58
2025-10-21 14:30:00,17.07
2025-10-21 14:45:00,37.63
2025-10-21 15:00:00,23.39
2025-10-21 15:15:00,29.13
2025-10-21 15:30:00,78.83
2025-10-21 15:45:00,91.01
2025-10-21 16:00:00,35.44
2025-10-21 16:15:00,11.5
2025-10-21 16:30:00,12.63
2025-10-21 16:45:00,3.96
2025-10-21 17:00:00,49.34
2025-10-21 17:15:00,66.43
2025-10-21 17:30:00,51.05
2025-10-21 17:45:00,79.22
2025-10-21 18:00:00,86.63
2025-10-21 18:15:00,47.46
2025-10-21 18:30:00,86.82
2025-10-21 18:45:00,75.11
2025-10-21 19:00:00,75.3
2025-10-21 19:15:00,71.38
2025-10-21 19:30:00,8.14
2025-10-21 19:45:00,12.32
2025-10-21 20:00:00,18.22
2025-10-21 20:15:00,16.28
2025-10-21 20:30:00,67.61
2025-10-21 20:45:00,84.84
2025-10-21 21:00:00,86.0
2025-10-21 21:15:00,84.0
2025-10-21 21:30:00,74.73
2025-10-21 21:45:00,74.78
2025-10-21 22:00:00,79.53
2025-10-21 22:15:00,78.78
2025-10-21 22:30:00,80.0
2025-10-21 22:45:00,152.76
2025-10-21 23:00:00,501.15
2025-10-21 23:15:00,63.16
2025-10-21 23:30:00,200.86
2025-10-21 23:45:00,200.85
2025-10-22 00:00:00,143.51
2025-10-22 00:15:00,131.27
2025-10-22 00:30:00,267.8
2025-10-22 00:45:00,209.16
2025-10-22 01:00:00,78.0
2025-10-22 01:15:00,71.79
2025-10-22 01:30:00,75.0
2025-10-22 01:45:00,57.25
2025-10-22 02:00:00,56.84
2025-10-22 02:15:00,76.54
2025-10-22 02:30:00,58.13
2025-10-22 02:45:00,58.31
2025-10-22 03:00:00,77.41
2025-10-22 03:15:00,58.97
2025-10-22 03:30:00,91.0
2025-10-22 03:45:00,81.24
2025-10-22 04:00:00,61.19
2025-10-22 04:15:00,106.6
2025-10-22 04:30:00,93.0
2025-10-22 04:45:00,75.0
2025-10-22 05:00:00,61.48
2025-10-22 05:15:00,47.32
2025-10-22 05:30:00,61.97
2025-10-22 05:45:00,23.47
2025-10-22 06:00:00,54.0
2025-10-22 06:15:00,69.75
2025-10-22 06:30:00,91.02
2025-10-22 06:45:00,62.35
2025-10-22 07:00:00,428.16
2025-10-22 07:15:00,175.7
2025-10-22 07:30:00,101.43
2025-10-22 07:45:00,91.0
2025-10-22 08:00:00,263.88
2025-10-22 08:15:00,151.04
2025-10-22 08:30:00,90.84
2025-10-22 08:45:00,86.81
2025-10-22 09:00:00,97.39
2025-10-22 09:15:00,55.0
2025-10-22 09:30:00,20.08
2025-10-22 09:45:00,37.28
2025-10-22 10:00:00,49.78
2025-10-22 10:15:00,49.62
2025-10-22 10:30:00,86.86
2025-10-22 10:45:00,51.48
2025-10-22 11:00:00,90.41
2025-10-22 11:15:00,210.3
2025-10-22 11:30:00,197.11
2025-10-22 11:45:00,267.64
2025-10-22 12:00:00,166.51
2025-10-22 12:15:00,210.3
2025-10-22 12:30:00,1023.34
2025-10-22 12:45:00,173.4
2025-10-22 13:00:00,160.54
2025-10-22 13:15:00,77.7
2025-10-22 13:30:00,77.84
2025-10-22 13:45:00,75.51
2025-10-22 14:00:00,-182.17
2025-10-22 14:15:00,-238.05
2025-10-22 14:30:00,4.43
2025-10-22 14:45:00,4.99
2025-10-22 15:00:00,-14.52
2025-10-22 15:15:00,6.48
2025-10-22 15:30:00,58.0
2025-10-22 15:45:00,16.62
2025-10-22 16:00:00,17.11
2025-10-22 16:15:00,38.89
2025-10-22 16:30:00,130.78
2025-10-22 16:45:00,39.39
2025-10-22 17:00:00,434.3
2025-10-22 17:15:00,468.6
2025-10-22 17:30:00,294.58
2025-10-22 17:45:00,568.23
2025-10-22 18:00:00,213.31
2025-10-22 18:15:00,259.65
2025-10-22 18:30:00,404.69
2025-10-22 18:45:00,800.0
2025-10-22 19:00:00,803.39
2025-10-22 19:15:00,669.5
2025-10-22 19:30:00,1000.0
2025-10-22 19:45:00,221.45
2025-10-22 20:00:00,347.26
2025-10-22 20:15:00,334.75
2025-10-22 20:30:00,51.19
2025-10-22 20:45:00,60.0
2025-10-22 21:00:00,59.36
2025-10-22 21:15:00,60.0
2025-10-22 21:30:00,117.86
2025-10-22 21:45:00,57.0
2025-10-22 22:00:00,75.28
2025-10-22 22:15:00,159.71
2025-10-22 22:30:00,176.05
2025-10-22 22:45:00,59.53
2025-10-22 23:00:00,106.83
2025-10-22 23:15:00,222.11
2025-10-22 23:30:00,165.87
2025-10-22 23:45:00,152.6
2025-10-23 00:00:00,47.56
2025-10-23 00:15:00,57.71
2025-10-23 00:30:00,2273.86
2025-10-23 00:45:00,57.28
2025-10-23 01:00:00,56.23
2025-10-23 01:15:00,54.55
2025-10-23 01:30:00,52.89
2025-10-23 01:45:00,33.27
2025-10-23 02:00:00,41.21
2025-10-23 02:15:00,47.71
2025-10-23 02:30:00,33.83
2025-10-23 02:45:00,51.17
2025-10-23 03:00:00,51.5
2025-10-23 03:15:00,50.22
2025-10-23 03:30:00,26.93
2025-10-23 03:45:00,53.0
2025-10-23 04:00:00,31.36
2025-10-23 04:15:00,70.77
2025-10-23 04:30:00,489.36
2025-10-23 04:45:00,981.45
2025-10-23 05:00:00,67.31
2025-10-23 05:15:00,67.31
2025-10-23 05:30:00,1305.67
2025-10-23 05:45:00,67.91
2025-10-23 06:00:00,14.7
2025-10-23 06:15:00,52.1
2025-10-23 06:30:00,30.0
2025-10-23 06:45:00,13.23
2025-10-23 07:00:00,19.84
2025-10-23 07:15:00,19.49
2025-10-23 07:30:00,18.83
2025-10-23 07:45:00,19.17
2025-10-23 08:00:00,100.1
2025-10-23 08:15:00,13.78
2025-10-23 08:30:00,14.95
2025-10-23 08:45:00,21.95
2025-10-23 09:00:00,3959.19
2025-10-23 09:15:00,87.53
2025-10-23 09:30:00,80.0
2025-10-23 09:45:00,65.0
2025-10-23 10:00:00,26.31
2025-10-23 10:15:00,309.4
2025-10-23 10:30:00,1817.55
2025-10-23 10:45:00,70.92
2025-10-23 11:00:00,200.84
2025-10-23 11:15:00,68.65
2025-10-23 11:30:00,67.49
2025-10-23 11:45:00,17.02
2025-10-23 12:00:00,9.61
2025-10-23 12:15:00,10.63
2025-10-23 12:30:00,17.46
2025-10-23 12:45:00,11.75
2025-10-23 13:00:00,65.93
2025-10-23 13:15:00,63.99
2025-10-23 13:30:00,63.56
2025-10-23 13:45:00,62.94
2025-10-23 14:00:00,18.23
2025-10-23 14:15:00,21.37
2025-10-23 14:30:00,65.04
2025-10-23 14:45:00,67.3
2025-10-23 15:00:00,19.82
2025-10-23 15:15:00,68.73
2025-10-23 15:30:00,16.97
2025-10-23 15:45:00,25.94
2025-10-23 16:00:00,70.79
2025-10-23 16:15:00,73.97
2025-10-23 16:30:00,73.66
2025-10-23 16:45:00,-246.22
2025-10-23 17:00:00,13.44
2025-10-23 17:15:00,59.76
2025-10-23 17:30:00,34.0
2025-10-23 17:45:00,145.35
2025-10-23 18:00:00,361.53
2025-10-23 18:15:00,321.32
2025-10-23 18:30:00,200.84
2025-10-23 18:45:00,33.89
2025-10-23 19:00:00,14.58
2025-10-23 19:15:00,17.34
2025-10-23 19:30:00,17.9
2025-10-23 19:45:00,27.47
2025-10-23 20:00:00,60.0
2025-10-23 20:15:00,68.0
2025-10-23 20:30:00,86.85
2025-10-23 20:45:00,59.0
2025-10-23 21:00:00,57.0
2025-10-23 21:15:00,187.44
2025-10-23 21:30:00,123.88
2025-10-23 21:45:00,73.74
2025-10-23 22:00:00,53.12
2025-10-23 22:15:00,50.09
2025-10-23 22:30:00,73.36
2025-10-23 22:45:00,13.39
2025-10-23 23:00:00,3.62
2025-10-23 23:15:00,12.05
2025-10-23 23:30:00,35.0
2025-10-23 23:45:00,5.21
2025-10-24 00:00:00,1.76
2025-10-24 00:15:00,-0.57
2025-10-24 00:30:00,0.67
2025-10-24 00:45:00,3.54
2025-10-24 01:00:00,10.71
2025-10-24 01:15:00,9.97
2025-10-24 01:30:00,8.99
2025-10-24 01:45:00,6.35
2025-10-24 02:00:00,9.9
2025-10-24 02:15:00,2.11
2025-10-24 02:30:00,-20.89
2025-10-24 02:45:00,-4.69
2025-10-24 03:00:00,0.67
2025-10-24 03:15:00,0.0
2025-10-24 03:30:00,2.79
2025-10-24 03:45:00,-14.73
2025-10-24 04:00:00,3.35
2025-10-24 04:15:00,0.0
2025-10-24 04:30:00,-22.08
2025-10-24 04:45:00,-11.06
2025-10-24 05:00:00,-13.39
2025-10-24 05:15:00,-13.38
2025-10-24 05:30:00,7.35
2025-10-24 05:45:00,8.69
2025-10-24 06:00:00,5.0
2025-10-24 06:15:00,9.17
2025-10-24 06:30:00,24.99
2025-10-24 06:45:00,40.54
2025-10-24 07:00:00,25.98
2025-10-24 07:15:00,20.42
2025-10-24 07:30:00,12.0
2025-10-24 07:45:00,17.67
2025-10-24 08:00:00,20.1
2025-10-24 08:15:00,75.8
2025-10-24 08:30:00,20.08
2025-10-24 08:45:00,20.09
2025-10-24 09:00:00,56.4
2025-10-24 09:15:00,57.3
2025-10-24 09:30:00,17.34
2025-10-24 09:45:00,14.25
2025-10-24 10:00:00,14.7
2025-10-24 10:15:00,19.03
2025-10-24 10:30:00,17.33
2025-10-24 10:45:00,17.74
2025-10-24 11:00:00,17.82
2025-10-24 11:15:00,18.32
2025-10-24 11:30:00,27.79
2025-10-24 11:45:00,9.17
2025-10-24 12:00:00,6.3
2025-10-24 12:15:00,0.0
2025-10-24 12:30:00,0.67
2025-10-24 12:45:00,0.0
2025-10-24 13:00:00,-146.62
2025-10-24 13:15:00,-13.38
2025-10-24 13:30:00,-13.38
2025-10-24 13:45:00,-13.38
2025-10-24 14:00:00,-13.38
2025-10-24 14:15:00,-16.07
2025-10-24 14:30:00,-13.39
2025-10-24 14:45:00,-13.39
2025-10-24 15:00:00,-1.31
2025-10-24 15:15:00,-3.35
2025-10-24 15:30:00,7.64
2025-10-24 15:45:00,6.69
2025-10-24 16:00:00,-3.01
2025-10-24 16:15:00,-4.0
2025-10-24 16:30:00,-15.36
2025-10-24 16:45:00,9.0
2025-10-24 17:00:00,10.56
2025-10-24 17:15:00,3.86
2025-10-24 17:30:00,4.69
2025-10-24 17:45:00,0.51
2025-10-24 18:00:00,-0.55
2025-10-24 18:15:00,1.77
2025-10-24 18:30:00,11.87
2025-10-24 18:45:00,8.11
2025-10-24 19:00:00,7.1
2025-10-24 19:15:00,5.63
2025-10-24 19:30:00,9.02
2025-10-24 19:45:00,-29.65
2025-10-24 20:00:00,-165.08
2025-10-24 20:15:00,-85.54
2025-10-24 20:30:00,-17.93
2025-10-24 20:45:00,-21.23
2025-10-24 21:00:00,-3.34
2025-10-24 21:15:00,-181.67
2025-10-24 21:30:00,-746.12
2025-10-24 21:45:00,-96.17
2025-10-24 22:00:00,-2.27
2025-10-24 22:15:00,-6.7
2025-10-24 22:30:00,-7.95
2025-10-24 22:45:00,-6.69
2025-10-24 23:00:00,-58.95
2025-10-24 23:15:00,-141.93
2025-10-24 23:30:00,-10.72
2025-10-24 23:45:00,26.76
2025-10-25 00:00:00,-1.26
2025-10-25 00:15:00,-5.0
2025-10-25 00:30:00,-1.33
2025-10-25 00:45:00,-10.0
2025-10-25 01:00:00,-4.55
2025-10-25 01:15:00,-7.89
2025-10-25 01:30:00,-6.99
2025-10-25 01:45:00,-1.0
2025-10-25 02:00:00,-5.0
2025-10-25 02:15:00,-5.0
2025-10-25 02:30:00,-10.0
2025-10-25 02:45:00,-10.0
2025-10-25 03:00:00,0.63
2025-10-25 03:15:00,-1.0
2025-10-25 03:30:00,-6.7
2025-10-25 03:45:00,-6.6
2025-10-25 04:00:00,-1.0
2025-10-25 04:15:00,-7.0
2025-10-25 04:30:00,0.13
2025-10-25 04:45:00,0.12
2025-10-25 05:00:00,-6.9
2025-10-25 05:15:00,-26.29
2025-10-25 05:30:00,-212.83
2025-10-25 05:45:00,-6.6
2025-10-25 06:00:00,-14.73
2025-10-25 06:15:00,-10.0
2025-10-25 06:30:00,-10.0
2025-10-25 06:45:00,-1.34
2025-10-25 07:00:00,-7.5
2025-10-25 07:15:00,-1.1
2025-10-25 07:30:00,-8.0
2025-10-25 07:45:00,-14.22
2025-10-25 08:00:00,-7.89
2025-10-25 08:15:00,-5.0
2025-10-25 08:30:00,19.7
2025-10-25 08:45:00,5.11
2025-10-25 09:00:00,-3.0
2025-10-25 09:15:00,-5.0
2025-10-25 09:30:00,-1.33
2025-10-25 09:45:00,-1.0
2025-10-25 10:00:00,8.18
2025-10-25 10:15:00,8.81
2025-10-25 10:30:00,45.0
2025-10-25 10:45:00,51.58
2025-10-25 11:00:00,36.65
2025-10-25 11:15:00,29.47
2025-10-25 11:30:00,5.97
2025-10-25 11:45:00,5.75
2025-10-25 12:00:00,51.45
2025-10-25 12:15:00,33.58
2025-10-25 12:30:00,33.4
2025-10-25 12:45:00,6.09
2025-10-25 13:00:00,5.47
2025-10-25 13:15:00,59.75
2025-10-25 13:30:00,4.3
2025-10-25 13:45:00,18.95
2025-10-25 14:00:00,257.13
2025-10-25 14:15:00,2119.13
2025-10-25 14:30:00,124.16
2025-10-25 14:45:00,60.0
2025-10-25 15:00:00,32.28
2025-10-25 15:15:00,5.07
2025-10-25 15:30:00,5.32
2025-10-25 15:45:00,-5.94
2025-10-25 16:00:00,-2.0
2025-10-25 16:15:00,-10.7
2025-10-25 16:30:00,-25.31
2025-10-25 16:45:00,-2.57
2025-10-25 17:00:00,0.2
2025-10-25 17:15:00,10.0
2025-10-25 17:30:00,-1.0
2025-10-25 17:45:00,13.83
2025-10-25 18:00:00,93.72
2025-10-25 18:15:00,60.7
2025-10-25 18:30:00,60.0
2025-10-25 18:45:00,66.55
2025-10-25 19:00:00,22.2
2025-10-25 19:15:00,64.41
2025-10-25 19:30:00,2.39
2025-10-25 19:45:00,14.39
2025-10-25 20:00:00,10.08
2025-10-25 20:15:00,11.38
2025-10-25 20:30:00,6.03
2025-10-25 20:45:00,1.14
2025-10-25 21:00:00,33.76
2025-10-25 21:15:00,17.91
2025-10-25 21:30:00,6.41
2025-10-25 21:45:00,4.49
2025-10-25 22:00:00,761.78
2025-10-25 22:15:00,87.27
2025-10-25 22:30:00,17.65
2025-10-25 22:45:00,14.23
2025-10-25 23:00:00,1.07
2025-10-25 23:15:00,2.07
2025-10-25 23:30:00,4.6
2025-10-25 23:45:00,-1.94
2025-10-26 00:00:00,-1.04
2025-10-26 00:15:00,6.57
2025-10-26 00:30:00,4.29
2025-10-26 00:45:00,0.87
2025-10-26 01:00:00,238.85
2025-10-26 01:15:00,3.76
2025-10-26 01:30:00,3.75
2025-10-26 01:45:00,-2.91
2025-10-26 02:00:00,-1.16
2025-10-26 02:15:00,3.33
2025-10-26 02:30:00,-5.94
2025-10-26 02:45:00,-36.82
2025-10-26 03:00:00,-17.0
2025-10-26 03:15:00,-70.0
2025-10-26 03:30:00,-7.6
2025-10-26 03:45:00,-13.39
2025-10-26 04:00:00,-6.9
2025-10-26 04:15:00,-7.46
2025-10-26 04:30:00,-7.6
2025-10-26 04:45:00,-6.0
2025-10-26 05:00:00,-2.07
2025-10-26 05:15:00,-1.94
2025-10-26 05:30:00,-1.94
2025-10-26 05:45:00,-1.94
2025-10-26 06:00:00,0.78
2025-10-26 06:15:00,0.73
2025-10-26 06:30:00,1.12
2025-10-26 06:45:00,1.38
2025-10-26 07:00:00,553.17
2025-10-26 07:15:00,2.3
2025-10-26 07:30:00,2.38
2025-10-26 07:45:00,15.86
2025-10-26 08:00:00,4.3
2025-10-26 08:15:00,4.42
2025-10-26 08:30:00,4.44
2025-10-26 08:45:00,4.17
2025-10-26 09:00:00,4.56
2025-10-26 09:15:00,4.05
2025-10-26 09:30:00,3.7
2025-10-26 09:45:00,3.3
2025-10-26 10:00:00,4.39
2025-10-26 10:15:00,4.02
2025-10-26 10:30:00,17.0
2025-10-26 10:45:00,17.81
2025-10-26 11:00:00,19.63
2025-10-26 11:15:00,4.2
2025-10-26 11:30:00,4.23
2025-10-26 11:45:00,0.7
2025-10-26 12:00:00,-11.86
2025-10-26 12:15:00,-11.75
2025-10-26 12:30:00,-0.47
2025-10-26 12:45:00,-1.09
2025-10-26 13:00:00,5.07
2025-10-26 13:15:00,1.86
2025-10-26 13:30:00,0.0
2025-10-26 13:45:00,1.31
2025-10-26 14:00:00,5.16
2025-10-26 14:15:00,5.4
2025-10-26 14:30:00,6.03
2025-10-26 14:45:00,7.46
2025-10-26 15:00:00,5.63
2025-10-26 15:15:00,11.7
2025-10-26 15:30:00,12.31
2025-10-26 15:45:00,13.05
2025-10-26 16:00:00,14.37
2025-10-26 16:15:00,20.01
2025-10-26 16:30:00,8.49
2025-10-26 16:45:00,32.04
2025-10-26 17:00:00,33.18
2025-10-26 17:15:00,69.03
2025-10-26 17:30:00,51.06
2025-10-26 17:45:00,58.61
2025-10-26 18:00:00,85.0
2025-10-26 18:15:00,316.49
2025-10-26 18:30:00,200.85
2025-10-26 18:45:00,76.49
2025-10-26 19:00:00,5.54
2025-10-26 19:15:00,3.0
2025-10-26 19:30:00,0.0
2025-10-26 19:45:00,4.82
2025-10-26 20:00:00,47.77
2025-10-26 20:15:00,36.87
2025-10-26 20:30:00,42.99
2025-10-26 20:45:00,1.05
2025-10-26 21:00:00,8.57
2025-10-26 21:15:00,7.22
2025-10-26 21:30:00,-1.98
2025-10-26 21:45:00,-1.0
2025-10-26 22:00:00,6.6
2025-10-26 22:15:00,3.0
2025-10-26 22:30:00,-3.38
2025-10-26 22:45:00,-199.48
2025-10-26 23:00:00,-99.06
2025-10-26 23:15:00,-151.48
2025-10-26 23:30:00,-58.82
2025-10-26 23:45:00,-196.52
2025-10-27 00:00:00,-67.07
2025-10-27 00:15:00,-20.08
2025-10-27 00:30:00,34.23
2025-10-27 00:45:00,-3.0
2025-10-27 01:00:00,3.39
2025-10-27 01:15:00,3.2
2025-10-27 01:30:00,2.0
2025-10-27 01:45:00,2.69
2025-10-27 02:00:00,-1.94
2025-10-27 02:15:00,-1.0
2025-10-27 02:30:00,-3.0
2025-10-27 02:45:00,-4.0
2025-10-27 03:00:00,-10.04
2025-10-27 03:15:00,-20.08
2025-10-27 03:30:00,-26.78
2025-10-27 03:45:00,-60.26
2025-10-27 04:00:00,-40.16
2025-10-27 04:15:00,-40.3
2025-10-27 04:30:00,-20.08
2025-10-27 04:45:00,-40.3
2025-10-27 05:00:00,3.82
2025-10-27 05:15:00,-20.08
2025-10-27 05:30:00,76.47
2025-10-27 05:45:00,-13.39
2025-10-27 06:00:00,-11.38
2025-10-27 06:15:00,-5.0
2025-10-27 06:30:00,18.0
2025-10-27 06:45:00,9.1
2025-10-27 07:00:00,6.7
2025-10-27 07:15:00,16.14
2025-10-27 07:30:00,24.39
2025-10-27 07:45:00,21.0
2025-10-27 08:00:00,26.78
2025-10-27 08:15:00,35.0
2025-10-27 08:30:00,58.0
2025-10-27 08:45:00,65.08
2025-10-27 09:00:00,30.28
2025-10-27 09:15:00,3.24
2025-10-27 09:30:00,100.97
2025-10-27 09:45:00,23.5
2025-10-27 10:00:00,74.0
2025-10-27 10:15:00,38.8
2025-10-27 10:30:00,19.94
2025-10-27 10:45:00,26.13
2025-10-27 11:00:00,65.13
2025-10-27 11:15:00,45.32
2025-10-27 11:30:00,302.92
2025-10-27 11:45:00,285.47
2025-10-27 12:00:00,120.5
2025-10-27 12:15:00,122.63
2025-10-27 12:30:00,81.15
2025-10-27 12:45:00,81.54
2025-10-27 13:00:00,98.07
2025-10-27 13:15:00,82.17
2025-10-27 13:30:00,101.22
2025-10-27 13:45:00,90.97
2025-10-27 14:00:00,75.34
2025-10-27 14:15:00,80.39
2025-10-27 14:30:00,84.72
2025-10-27 14:45:00,96.32
2025-10-27 15:00:00,25.0
2025-10-27 15:15:00,73.99
2025-10-27 15:30:00,87.3
2025-10-27 15:45:00,65.0
2025-10-27 16:00:00,87.3
2025-10-27 16:15:00,100.06
2025-10-27 16:30:00,103.89
2025-10-27 16:45:00,111.01
2025-10-27 17:00:00,100.52
2025-10-27 17:15:00,75.95
2025-10-27 17:30:00,65.0
2025-10-27 17:45:00,66.69
2025-10-27 18:00:00,29.68
2025-10-27 18:15:00,21.19
2025-10-27 18:30:00,40.18
2025-10-27 18:45:00,43.37
2025-10-27 19:00:00,58.85
2025-10-27 19:15:00,19.0
2025-10-27 19:30:00,8.97
2025-10-27 19:45:00,21.0
2025-10-27 20:00:00,-497.87
2025-10-27 20:15:00,107.92
2025-10-27 20:30:00,92.68
2025-10-27 20:45:00,74.56
2025-10-27 21:00:00,88.9
2025-10-27 21:15:00,87.33
2025-10-27 21:30:00,72.52
2025-10-27 21:45:00,65.24
2025-10-27 22:00:00,96.32
2025-10-27 22:15:00,132.4
2025-10-27 22:30:00,128.0
2025-10-27 22:45:00,61.75
2025-10-27 23:00:00,80.0
2025-10-27 23:15:00,18.98
2025-10-27 23:30:00,13.8
2025-10-27 23:45:00,-194.16
2025-10-28 00:00:00,54.94
2025-10-28 00:15:00,-5.92
2025-10-28 00:30:00,-3.19
2025-10-28 00:45:00,12.0
2025-10-28 01:00:00,3.0
2025-10-28 01:15:00,0.0
2025-10-28 01:30:00,0.46
2025-10-28 01:45:00,0.2
2025-10-28 02:00:00,5.0
2025-10-28 02:15:00,0.2
2025-10-28 02:30:00,1.15
2025-10-28 02:45:00,16.91
2025-10-28 03:00:00,13.19
2025-10-28 03:15:00,19.02
2025-10-28 03:30:00,8.85
2025-10-28 03:45:00,8.82
2025-10-28 04:00:00,-0.41
2025-10-28 04:15:00,-1.98
2025-10-28 04:30:00,0.0
2025-10-28 04:45:00,1.15
2025-10-28 05:00:00,12.9
2025-10-28 05:15:00,-1.33
2025-10-28 05:30:00,1.15
2025-10-28 05:45:00,53.31
2025-10-28 06:00:00,-2.79
2025-10-28 06:15:00,56.05
2025-10-28 06:30:00,74.52
2025-10-28 06:45:00,17.01
2025-10-28 07:00:00,25.0
2025-10-28 07:15:00,6.67
2025-10-28 07:30:00,16.64
2025-10-28 07:45:00,20.24
2025-10-28 08:00:00,99.59
2025-10-28 08:15:00,90.63
2025-10-28 08:30:00,31.56
2025-10-28 08:45:00,676.19
2025-10-28 09:00:00,48.23
2025-10-28 09:15:00,25.74
2025-10-28 09:30:00,30.05
2025-10-28 09:45:00,48.86
2025-10-28 10:00:00,28.8
2025-10-28 10:15:00,26.78
2025-10-28 10:30:00,50.0
2025-10-28 10:45:00,14.0
2025-10-28 11:00:00,78.61
2025-10-28 11:15:00,75.21
2025-10-28 11:30:00,9.58
2025-10-28 11:45:00,23.34
2025-10-28 12:00:00,36.84
2025-10-28 12:15:00,17.25
2025-10-28 12:30:00,16.4
2025-10-28 12:45:00,17.99
2025-10-28 13:00:00,30.32
2025-10-28 13:15:00,48.0
2025-10-28 13:30:00,12.05
2025-10-28 13:45:00,26.78
2025-10-28 14:00:00,33.47
2025-10-28 14:15:00,-1.33
2025-10-28 14:30:00,6.7
2025-10-28 14:45:00,41.72
2025-10-28 15:00:00,47.13
2025-10-28 15:15:00,39.76
2025-10-28 15:30:00,43.5
2025-10-28 15:45:00,56.32
2025-10-28 16:00:00,40.44
2025-10-28 16:15:00,8.43
2025-10-28 16:30:00,-170.04
2025-10-28 16:45:00,14.36
2025-10-28 17:00:00,56.23
2025-10-28 17:15:00,72.8
2025-10-28 17:30:00,72.47
2025-10-28 17:45:00,72.8
2025-10-28 18:00:00,70.5
2025-10-28 18:15:00,67.0
2025-10-28 18:30:00,20.78
2025-10-28 18:45:00,16.35
2025-10-28 19:00:00,39.48
2025-10-28 19:15:00,51.4
2025-10-28 19:30:00,17.59
2025-10-28 19:45:00,101.24
2025-10-28 20:00:00,100.3
2025-10-28 20:15:00,2552.93
2025-10-28 20:30:00,682.86
2025-10-28 20:45:00,170.72
2025-10-28 21:00:00,130.35
2025-10-28 21:15:00,241.02
2025-10-28 21:30:00,103.18
2025-10-28 21:45:00,69.44
2025-10-28 22:00:00,8.82
2025-10-28 22:15:00,-8.05
2025-10-28 22:30:00,-31.27
2025-10-28 22:45:00,-194.39
2025-10-28 23:00:00,-173.74
2025-10-28 23:15:00,73.46
2025-10-28 23:30:00,74.59
2025-10-28 23:45:00,1.34
2025-10-29 00:00:00,65.83
2025-10-29 00:15:00,62.1
2025-10-29 00:30:00,72.8
2025-10-29 00:45:00,103.91
2025-10-29 01:00:00,115.86
2025-10-29 01:15:00,125.84
2025-10-29 01:30:00,128.85
2025-10-29 01:45:00,112.52
2025-10-29 02:00:00,267.8
2025-10-29 02:15:00,70.76
2025-10-29 02:30:00,62.14
2025-10-29 02:45:00,68.57
2025-10-29 03:00:00,57.35
2025-10-29 03:15:00,53.24
2025-10-29 03:30:00,55.93
2025-10-29 03:45:00,52.01
2025-10-29 04:00:00,29.0
2025-10-29 04:15:00,28.09
2025-10-29 04:30:00,3.56
2025-10-29 04:45:00,1.4
2025-10-29 05:00:00,3.98
2025-10-29 05:15:00,32.0
2025-10-29 05:30:00,32.11
2025-10-29 05:45:00,17.49
2025-10-29 06:00:00,15.0
2025-10-29 06:15:00,44.0
2025-10-29 06:30:00,27.36
2025-10-29 06:45:00,42.78
2025-10-29 07:00:00,44.12
2025-10-29 07:15:00,19.96
2025-10-29 07:30:00,35.44
2025-10-29 07:45:00,29.48
2025-10-29 08:00:00,40.38
2025-10-29 08:15:00,67.61
2025-10-29 08:30:00,52.38
2025-10-29 08:45:00,16.7
2025-10-29 09:00:00,35.63
2025-10-29 09:15:00,41.28
2025-10-29 09:30:00,25.84
2025-10-29 09:45:00,7.15
2025-10-29 10:00:00,99.89
2025-10-29 10:15:00,56.9
2025-10-29 10:30:00,68.57
2025-10-29 10:45:00,65.44
2025-10-29 11:00:00,65.62
2025-10-29 11:15:00,143.79
2025-10-29 11:30:00,203.6
2025-10-29 11:45:00,159.19
2025-10-29 12:00:00,66.31
2025-10-29 12:15:00,68.9
2025-10-29 12:30:00,26.78
2025-10-29 12:45:00,55.02
2025-10-29 13:00:00,6.7
2025-10-29 13:15:00,3.98
2025-10-29 13:30:00,12.05
2025-10-29 13:45:00,20.72
2025-10-29 14:00:00,60.03
2025-10-29 14:15:00,2379.21
2025-10-29 14:30:00,100.2
2025-10-29 14:45:00,2300.12
2025-10-29 15:00:00,250.0
2025-10-29 15:15:00,301.67
2025-10-29 15:30:00,542.97
2025-10-29 15:45:00,209.26
2025-10-29 16:00:00,20.51
2025-10-29 16:15:00,44.46
2025-10-29 16:30:00,20.49
2025-10-29 16:45:00,59.88
2025-10-29 17:00:00,80.0
2025-10-29 17:15:00,174.88
2025-10-29 17:30:00,133.91
2025-10-29 17:45:00,110.99
2025-10-29 18:00:00,122.68
2025-10-29 18:15:00,8.66
2025-10-29 18:30:00,13.74
2025-10-29 18:45:00,42.74
2025-10-29 19:00:00,67.87
2025-10-29 19:15:00,70.0
2025-10-29 19:30:00,111.55
2025-10-29 19:45:00,99.46
2025-10-29 20:00:00,141.74
2025-10-29 20:15:00,102.57
2025-10-29 20:30:00,101.0
2025-10-29 20:45:00,60.47
2025-10-29 21:00:00,101.96
2025-10-29 21:15:00,159.19
2025-10-29 21:30:00,70.0
2025-10-29 21:45:00,52.16
2025-10-29 22:00:00,63.56
2025-10-29 22:15:00,57.44
2025-10-29 22:30:00,64.99
2025-10-29 22:45:00,61.34
2025-10-29 23:00:00,32.05
2025-10-29 23:15:00,11.42
2025-10-29 23:30:00,15.34
2025-10-29 23:45:00,13.46
2025-10-30 00:00:00,37.02
2025-10-30 00:15:00,62.03
2025-10-30 00:30:00,62.03
2025-10-30 00:45:00,50.06
2025-10-30 01:00:00,62.03
2025-10-30 01:15:00,62.03
2025-10-30 01:30:00,64.59
2025-10-30 01:45:00,65.25
2025-10-30 02:00:00,67.45
2025-10-30 02:15:00,64.23
2025-10-30 02:30:00,35.82
2025-10-30 02:45:00,27.47
2025-10-30 03:00:00,24.14
2025-10-30 03:15:00,52.14
2025-10-30 03:30:00,59.36
2025-10-30 03:45:00,50.77
2025-10-30 04:00:00,43.87
2025-10-30 04:15:00,26.54
2025-10-30 04:30:00,18.52
2025-10-30 04:45:00,14.11
2025-10-30 05:00:00,8.94
2025-10-30 05:15:00,30.0
2025-10-30 05:30:00,30.0
2025-10-30 05:45:00,51.53
2025-10-30 06:00:00,6.74
2025-10-30 06:15:00,22.94
2025-10-30 06:30:00,-10.18
2025-10-30 06:45:00,30.04
2025-10-30 07:00:00,29.0
2025-10-30 07:15:00,1062.48
2025-10-30 07:30:00,16.22
2025-10-30 07:45:00,86.39
2025-10-30 08:00:00,80.5
2025-10-30 08:15:00,45.59
2025-10-30 08:30:00,45.44
2025-10-30 08:45:00,60.26
2025-10-30 09:00:00,7.24
2025-10-30 09:15:00,28.9
2025-10-30 09:30:00,57.77
2025-10-30 09:45:00,20.51
2025-10-30 10:00:00,24.04
2025-10-30 10:15:00,58.85
2025-10-30 10:30:00,618.97
2025-10-30 10:45:00,66.0
2025-10-30 11:00:00,39.56
2025-10-30 11:15:00,53.59
2025-10-30 11:30:00,26.89
2025-10-30 11:45:00,30.77
2025-10-30 12:00:00,45.2
2025-10-30 12:15:00,9.97
2025-10-30 12:30:00,-4.56
2025-10-30 12:45:00,-0.28
2025-10-30 13:00:00,37.31
2025-10-30 13:15:00,28.21
2025-10-30 13:30:00,40.09
2025-10-30 13:45:00,4.61
2025-10-30 14:00:00,2.28
2025-10-30 14:15:00,16.0
2025-10-30 14:30:00,7.65
2025-10-30 14:45:00,-517.9
2025-10-30 15:00:00,6.71
2025-10-30 15:15:00,-320.08
2025-10-30 15:30:00,10.02
2025-10-30 15:45:00,53.0
2025-10-30 16:00:00,43.76
2025-10-30 16:15:00,7.81
2025-10-30 16:30:00,24.47
2025-10-30 16:45:00,50.63
2025-10-30 17:00:00,58.25
2025-10-30 17:15:00,60.0
2025-10-30 17:30:00,60.0
2025-10-30 17:45:00,43.02
2025-10-30 18:00:00,22.16
2025-10-30 18:15:00,24.38
2025-10-30 18:30:00,49.84
2025-10-30 18:45:00,46.84
2025-10-30 19:00:00,50.13
2025-10-30 19:15:00,102.34
2025-10-30 19:30:00,96.04
2025-10-30 19:45:00,25.17
2025-10-30 20:00:00,53.95
2025-10-30 20:15:00,17.63
2025-10-30 20:30:00,15.56
2025-10-30 20:45:00,87.39
2025-10-30 21:00:00,66.41
2025-10-30 21:15:00,37.1
2025-10-30 21:30:00,101.73
2025-10-30 21:45:00,82.42
2025-10-30 22:00:00,69.1
2025-10-30 22:15:00,76.97
2025-10-30 22:30:00,77.53
2025-10-30 22:45:00,86.15
2025-10-30 23:00:00,81.0
2025-10-30 23:15:00,46.72
2025-10-30 23:30:00,104.83
2025-10-30 23:45:00,13.53
2025-10-31 00:00:00,14.0040206185567
2025-10-31 00:15:00,14.478041237113402
2025-10-31 00:30:00,14.952061855670102
2025-10-31 00:45:00,15.426082474226803
2025-10-31 01:00:00,15.900103092783505
2025-10-31 01:15:00,16.374123711340204
2025-10-31 01:30:00,16.848144329896908
2025-10-31 01:45:00,17.322164948453608
2025-10-31 02:00:00,17.79618556701031
2025-10-31 02:15:00,18.27020618556701
2025-10-31 02:30:00,18.74422680412371
2025-10-31 02:45:00,19.21824742268041
2025-10-31 03:00:00,19.692268041237114
2025-10-31 03:15:00,20.166288659793814
2025-10-31 03:30:00,20.640309278350514
2025-10-31 03:45:00,21.114329896907215
2025-10-31 04:00:00,21.588350515463915
2025-10-31 04:15:00,22.062371134020616
2025-10-31 04:30:00,22.53639175257732
2025-10-31 04:45:00,23.01041237113402
2025-10-31 05:00:00,23.48443298969072
2025-10-31 05:15:00,23.95845360824742
2025-10-31 05:30:00,24.43247422680412
2025-10-31 05:45:00,24.90649484536082
2025-10-31 06:00:00,25.380515463917526
2025-10-31 06:15:00,25.854536082474226
2025-10-31 06:30:00,26.328556701030926
2025-10-31 06:45:00,26.802577319587627
2025-10-31 07:00:00,27.276597938144327
2025-10-31 07:15:00,27.750618556701028
2025-10-31 07:30:00,28.224639175257728
2025-10-31 07:45:00,28.698659793814432
2025-10-31 08:00:00,29.172680412371133
2025-10-31 08:15:00,29.646701030927833
2025-10-31 08:30:00,30.120721649484533
2025-10-31 08:45:00,30.594742268041234
2025-10-31 09:00:00,31.068762886597934
2025-10-31 09:15:00,31.542783505154638
2025-10-31 09:30:00,32.01680412371134
2025-10-31 09:45:00,32.49082474226804
2025-10-31 10:00:00,32.96484536082474
2025-10-31 10:15:00,33.43886597938144
2025-10-31 10:30:00,33.91288659793814
2025-10-31 10:45:00,34.38690721649484
2025-10-31 11:00:00,34.86092783505154
2025-10-31 11:15:00,35.33494845360824
2025-10-31 11:30:00,35.80896907216495
2025-10-31 11:45:00,36.28298969072165
2025-10-31 12:00:00,36.75701030927835
2025-10-31 12:15:00,37.23103092783505
2025-10-31 12:30:00,37.70505154639175
2025-10-31 12:45:00,38.17907216494845
2025-10-31 13:00:00,38.65309278350515
2025-10-31 13:15:00,39.12711340206185
2025-10-31 13:30:00,39.60113402061855
2025-10-31 13:45:00,40.07515463917525
2025-10-31 14:00:00,40.54917525773195
2025-10-31 14:15:00,41.02319587628865
2025-10-31 14:30:00,41.497216494845354
2025-10-31 14:45:00,41.97123711340206
2025-10-31 15:00:00,42.44525773195876
2025-10-31 15:15:00,42.91927835051546
2025-10-31 15:30:00,43.39329896907216
2025-10-31 15:45:00,43.86731958762886
2025-10-31 16:00:00,44.34134020618556
2025-10-31 16:15:00,44.815360824742264
2025-10-31 16:30:00,45.289381443298964
2025-10-31 16:45:00,45.763402061855665
2025-10-31 17:00:00,46.237422680412365
2025-10-31 17:15:00,46.711443298969066
2025-10-31 17:30:00,47.185463917525766
2025-10-31 17:45:00,47.65948453608247
2025-10-31 18:00:00,48.133505154639174
2025-10-31 18:15:00,48.607525773195874
2025-10-31 18:30:00,49.081546391752575
2025-10-31 18:45:00,49.555567010309275
2025-10-31 19:00:00,50.029587628865976
2025-10-31 19:15:00,50.503608247422676
2025-10-31 19:30:00,50.977628865979376
2025-10-31 19:45:00,51.45164948453608
2025-10-31 20:00:00,51.92567010309278
2025-10-31 20:15:00,52.39969072164948
2025-10-31 20:30:00,52.87371134020618
2025-10-31 20:45:00,53.347731958762886
2025-10-31 21:00:00,53.821752577319586
2025-10-31 21:15:00,54.295773195876286
2025-10-31 21:30:00,54.76979381443299
2025-10-31 21:45:00,55.24381443298969
2025-10-31 22:00:00,55.71783505154639
2025-10-31 22:15:00,56.19185567010309
2025-10-31 22:30:00,56.66587628865979
2025-10-31 22:45:00,57.13989690721649
2025-10-31 23:00:00,57.61391752577319
2025-10-31 23:15:00,58.08793814432989
2025-10-31 23:30:00,58.56195876288659
2025-10-31 23:45:00,59.03597938144329
2025-11-01 00:00:00,59.51
2025-11-01 00:15:00,50.26
2025-11-01 00:30:00,87.24
2025-11-01 00:45:00,43.74
2025-11-01 01:00:00,46.58
2025-11-01 01:15:00,103.65
2025-11-01 01:30:00,57.98
2025-11-01 01:45:00,105.66
2025-11-01 02:00:00,101.76
2025-11-01 02:15:00,105.66
2025-11-01 02:30:00,84.28
2025-11-01 02:45:00,103.74
2025-11-01 03:00:00,313.34
2025-11-01 03:15:00,267.83
2025-11-01 03:30:00,313.34
2025-11-01 03:45:00,334.82
2025-11-01 04:00:00,67.3
2025-11-01 04:15:00,67.3
2025-11-01 04:30:00,198.28
2025-11-01 04:45:00,73.66
2025-11-01 05:00:00,8.62
2025-11-01 05:15:00,2.72
2025-11-01 05:30:00,6.86
2025-11-01 05:45:00,8.81
2025-11-01 06:00:00,40.92
2025-11-01 06:15:00,39.7
2025-11-01 06:30:00,30.0
2025-11-01 06:45:00,8.94
2025-11-01 07:00:00,17.22
2025-11-01 07:15:00,5.11
2025-11-01 07:30:00,12.0
2025-11-01 07:45:00,5.75
2025-11-01 08:00:00,15.06
2025-11-01 08:15:00,9.71
2025-11-01 08:30:00,6.03
2025-11-01 08:45:00,7.36
2025-11-01 09:00:00,20.28
2025-11-01 09:15:00,30.08
2025-11-01 09:30:00,19.44
2025-11-01 09:45:00,12.52
2025-11-01 10:00:00,-0.61
2025-11-01 10:15:00,-0.61
2025-11-01 10:30:00,2.68
2025-11-01 10:45:00,0.0
2025-11-01 11:00:00,-0.61
2025-11-01 11:15:00,-0.61
2025-11-01 11:30:00,6.7
2025-11-01 11:45:00,13.38
2025-11-01 12:00:00,14.85
2025-11-01 12:15:00,18.0
2025-11-01 12:30:00,5.36
2025-11-01 12:45:00,121.19
2025-11-01 13:00:00,16.77
2025-11-01 13:15:00,13.39
2025-11-01 13:30:00,39.36
2025-11-01 13:45:00,12.0
2025-11-01 14:00:00,5.04
2025-11-01 14:15:00,11.75
2025-11-01 14:30:00,10.99
2025-11-01 14:45:00,6.7
2025-11-01 15:00:00,44.11
2025-11-01 15:15:00,85.15
2025-11-01 15:30:00,73.66
2025-11-01 15:45:00,78.96
2025-11-01 16:00:00,58.03
2025-11-01 16:15:00,95.89
2025-11-01 16:30:00,13.26
2025-11-01 16:45:00,10.4
2025-11-01 17:00:00,8.74
2025-11-01 17:15:00,167.41
2025-11-01 17:30:00,6.63
2025-11-01 17:45:00,7.52
2025-11-01 18:00:00,0.49
2025-11-01 18:15:00,6.16
2025-11-01 18:30:00,10.21
2025-11-01 18:45:00,6.37
2025-11-01 19:00:00,9.9
2025-11-01 19:15:00,28.81
2025-11-01 19:30:00,29.26
2025-11-01 19:45:00,35.11
2025-11-01 20:00:00,13.29
2025-11-01 20:15:00,11.3
2025-11-01 20:30:00,21.12
2025-11-01 20:45:00,53.57
2025-11-01 21:00:00,18.12
2025-11-01 21:15:00,16.7
2025-11-01 21:30:00,12.76
2025-11-01 21:45:00,17.38
2025-11-01 22:00:00,28.02
2025-11-01 22:15:00,12.87
2025-11-01 22:30:00,30.51
2025-11-01 22:45:00,32.84
2025-11-01 23:00:00,18.44
2025-11-01 23:15:00,25.12
2025-11-01 23:30:00,7.74
2025-11-01 23:45:00,12.86
2025-11-02 00:00:00,38.44
2025-11-02 00:15:00,40.18
2025-11-02 00:30:00,21.58
2025-11-02 00:45:00,55.08
2025-11-02 01:00:00,90.03
2025-11-02 01:15:00,34.3
2025-11-02 01:30:00,73.66
2025-11-02 01:45:00,77.3
2025-11-02 02:00:00,52.17
2025-11-02 02:15:00,51.59
2025-11-02 02:30:00,19.97
2025-11-02 02:45:00,52.42
2025-11-02 03:00:00,187.23
2025-11-02 03:15:00,133.92
2025-11-02 03:30:00,14.22
2025-11-02 03:45:00,14.63
2025-11-02 04:00:00,21.61
2025-11-02 04:15:00,42.46
2025-11-02 04:30:00,18.03
2025-11-02 04:45:00,17.38
2025-11-02 05:00:00,50.05
2025-11-02 05:15:00,73.66
2025-11-02 05:30:00,133.93
2025-11-02 05:45:00,55.97
2025-11-02 06:00:00,40.18
2025-11-02 06:15:00,49.0
2025-11-02 06:30:00,11.84
2025-11-02 06:45:00,55.24
2025-11-02 07:00:00,25.99
2025-11-02 07:15:00,16.32
2025-11-02 07:30:00,6.05
2025-11-02 07:45:00,6.7
2025-11-02 08:00:00,31.41
2025-11-02 08:15:00,45.13
2025-11-02 08:30:00,43.99
2025-11-02 08:45:00,240.37
2025-11-02 09:00:00,227.01
2025-11-02 09:15:00,26.49
2025-11-02 09:30:00,104.45
2025-11-02 09:45:00,6.7
2025-11-02 10:00:00,25.9
2025-11-02 10:15:00,41.42
2025-11-02 10:30:00,62.95
2025-11-02 10:45:00,10.06
2025-11-02 11:00:00,22.0
2025-11-02 11:15:00,28.36
2025-11-02 11:30:00,11.28
2025-11-02 11:45:00,27.29
2025-11-02 12:00:00,37.55
2025-11-02 12:15:00,16.01
2025-11-02 12:30:00,-1.4
2025-11-02 12:45:00,15.45
2025-11-02 13:00:00,12.48
2025-11-02 13:15:00,27.13
2025-11-02 13:30:00,55.49
2025-11-02 13:45:00,74.16
2025-11-02 14:00:00,22.63
2025-11-02 14:15:00,26.7
2025-11-02 14:30:00,38.2
2025-11-02 14:45:00,24.15
2025-11-02 15:00:00,49.59
2025-11-02 15:15:00,56.73
2025-11-02 15:30:00,100.0
2025-11-02 15:45:00,114.53
2025-11-02 16:00:00,95.7
2025-11-02 16:15:00,99.8
2025-11-02 16:30:00,25.0
2025-11-02 16:45:00,50.0
2025-11-02 17:00:00,58.84
2025-11-02 17:15:00,61.6
2025-11-02 17:30:00,50.0
2025-11-02 17:45:00,62.0
2025-11-02 18:00:00,294.14
2025-11-02 18:15:00,308.0
2025-11-02 18:30:00,25.58
2025-11-02 18:45:00,59.9
2025-11-02 19:00:00,58.0
2025-11-02 19:15:00,50.0
2025-11-02 19:30:00,50.0
2025-11-02 19:45:00,34.34
2025-11-02 20:00:00,31.11
2025-11-02 20:15:00,16.17
2025-11-02 20:30:00,6.05
2025-11-02 20:45:00,8.7
2025-11-02 21:00:00,18.0
2025-11-02 21:15:00,18.0
2025-11-02 21:30:00,19.19
2025-11-02 21:45:00,51.56
2025-11-02 22:00:00,87.3
2025-11-02 22:15:00,64.78
2025-11-02 22:30:00,88.51
2025-11-02 22:45:00,62.26
2025-11-02 23:00:00,49.09
2025-11-02 23:15:00,45.72
2025-11-02 23:30:00,13.69
2025-11-02 23:45:00,15.21
2025-11-03 00:00:00,40.23
2025-11-03 00:15:00,43.34
2025-11-03 00:30:00,47.46
2025-11-03 00:45:00,47.32
2025-11-03 01:00:00,54.55
2025-11-03 01:15:00,59.0
2025-11-03 01:30:00,73.13
2025-11-03 01:45:00,90.0
2025-11-03 02:00:00,98.45
2025-11-03 02:15:00,69.99
2025-11-03 02:30:00,96.68
2025-11-03 02:45:00,19.44
2025-11-03 03:00:00,24.59
2025-11-03 03:15:00,37.42
2025-11-03 03:30:00,28.61
2025-11-03 03:45:00,26.9
2025-11-03 04:00:00,43.19
2025-11-03 04:15:00,47.0
2025-11-03 04:30:00,68.38
2025-11-03 04:45:00,69.11
2025-11-03 05:00:00,68.43
2025-11-03 05:15:00,78.72
2025-11-03 05:30:00,49.11
2025-11-03 05:45:00,83.94
2025-11-03 06:00:00,68.64
2025-11-03 06:15:00,32.0
2025-11-03 06:30:00,28.34
2025-11-03 06:45:00,48.25
2025-11-03 07:00:00,33.21
2025-11-03 07:15:00,33.48
2025-11-03 07:30:00,18.23
2025-11-03 07:45:00,18.0
2025-11-03 08:00:00,30.81
2025-11-03 08:15:00,24.91
2025-11-03 08:30:00,48.61
2025-11-03 08:45:00,38.3
2025-11-03 09:00:00,2.02
2025-11-03 09:15:00,13.39
2025-11-03 09:30:00,0.5
2025-11-03 09:45:00,18.54
2025-11-03 10:00:00,20.61
2025-11-03 10:15:00,26.91
2025-11-03 10:30:00,68.59
2025-11-03 10:45:00,109.66
2025-11-03 11:00:00,157.44
2025-11-03 11:15:00,74.3
2025-11-03 11:30:00,66.0
2025-11-03 11:45:00,9.38
2025-11-03 12:00:00,7.77
2025-11-03 12:15:00,13.74
2025-11-03 12:30:00,27.41
2025-11-03 12:45:00,23.71
2025-11-03 13:00:00,23.0
2025-11-03 13:15:00,46.88
2025-11-03 13:30:00,239.9
2025-11-03 13:45:00,73.07
2025-11-03 14:00:00,64.13
2025-11-03 14:15:00,64.27
2025-11-03 14:30:00,-15.91
2025-11-03 14:45:00,70.17
2025-11-03 15:00:00,18.26
2025-11-03 15:15:00,19.64
2025-11-03 15:30:00,13.39
2025-11-03 15:45:00,28.37
2025-11-03 16:00:00,21.32
2025-11-03 16:15:00,68.27
2025-11-03 16:30:00,13.9
2025-11-03 16:45:00,30.54
2025-11-03 17:00:00,23.0
2025-11-03 17:15:00,21.32
2025-11-03 17:30:00,45.31
2025-11-03 17:45:00,89.39
2025-11-03 18:00:00,13.85
2025-11-03 18:15:00,9.52
2025-11-03 18:30:00,13.05
2025-11-03 18:45:00,13.07
2025-11-03 19:00:00,13.29
2025-11-03 19:15:00,18.64
2025-11-03 19:30:00,40.18
2025-11-03 19:45:00,66.7
2025-11-03 20:00:00,63.63
2025-11-03 20:15:00,64.72
2025-11-03 20:30:00,64.92
2025-11-03 20:45:00,60.0
2025-11-03 21:00:00,12.22
2025-11-03 21:15:00,9.76
2025-11-03 21:30:00,61.03
2025-11-03 21:45:00,54.14
2025-11-03 22:00:00,55.0
2025-11-03 22:15:00,49.47
2025-11-03 22:30:00,47.16
2025-11-03 22:45:00,-25.15
2025-11-03 23:00:00,-0.72
2025-11-03 23:15:00,-1.33
2025-11-03 23:30:00,-4.0
2025-11-03 23:45:00,-6.7
2025-11-04 00:00:00,-5.0
2025-11-04 00:15:00,-5.0
2025-11-04 00:30:00,-6.0
2025-11-04 00:45:00,6.0
2025-11-04 01:00:00,-6.7
2025-11-04 01:15:00,-6.0
2025-11-04 01:30:00,0.67
2025-11-04 01:45:00,5.89
2025-11-04 02:00:00,50.6
2025-11-04 02:15:00,42.88
2025-11-04 02:30:00,15.47
2025-11-04 02:45:00,11.25
2025-11-04 03:00:00,6.96
2025-11-04 03:15:00,4.89
2025-11-04 03:30:00,3.56
2025-11-04 03:45:00,-7.0
2025-11-04 04:00:00,-6.6
2025-11-04 04:15:00,-6.69
2025-11-04 04:30:00,6.69
2025-11-04 04:45:00,8.28
2025-11-04 05:00:00,-6.0
2025-11-04 05:15:00,-6.0
2025-11-04 05:30:00,-1.94
2025-11-04 05:45:00,-1.0
2025-11-04 06:00:00,-6.0
2025-11-04 06:15:00,-2.27
2025-11-04 06:30:00,2.01
2025-11-04 06:45:00,14.84
2025-11-04 07:00:00,3.0
2025-11-04 07:15:00,6.0
2025-11-04 07:30:00,26.05
2025-11-04 07:45:00,4.82
2025-11-04 08:00:00,6.7
2025-11-04 08:15:00,3.0
2025-11-04 08:30:00,38.98
2025-11-04 08:45:00,41.0
2025-11-04 09:00:00,61.46
2025-11-04 09:15:00,47.44
2025-11-04 09:30:00,60.94
2025-11-04 09:45:00,56.4
2025-11-04 10:00:00,64.3
2025-11-04 10:15:00,-1.63
2025-11-04 10:30:00,73.66
2025-11-04 10:45:00,51.47
2025-11-04 11:00:00,29.36
2025-11-04 11:15:00,40.0
2025-11-04 11:30:00,34.09
2025-11-04 11:45:00,6.7
2025-11-04 12:00:00,0.67
2025-11-04 12:15:00,47.95
2025-11-04 12:30:00,7.94
2025-11-04 12:45:00,33.48
2025-11-04 13:00:00,1.0
2025-11-04 13:15:00,2.0
2025-11-04 13:30:00,5.0
2025-11-04 13:45:00,6.7
2025-11-04 14:00:00,6.6
2025-11-04 14:15:00,70.41
2025-11-04 14:30:00,48.0
2025-11-04 14:45:00,65.84
2025-11-04 15:00:00,97.94
2025-11-04 15:15:00,160.69
2025-11-04 15:30:00,57.31
2025-11-04 15:45:00,75.78
2025-11-04 16:00:00,167.39
2025-11-04 16:15:00,6.22
2025-11-04 16:30:00,77.13
2025-11-04 16:45:00,38.37
2025-11-04 17:00:00,95.45
2025-11-04 17:15:00,267.87
2025-11-04 17:30:00,206.89
2025-11-04 17:45:00,8.15
2025-11-04 18:00:00,0.57
2025-11-04 18:15:00,0.23
2025-11-04 18:30:00,1.43
2025-11-04 18:45:00,4.75
2025-11-04 19:00:00,16.17
2025-11-04 19:15:00,14.22
2025-11-04 19:30:00,7.86
2025-11-04 19:45:00,2.07
2025-11-04 20:00:00,67.84
2025-11-04 20:15:00,9.94
2025-11-04 20:30:00,3.79
2025-11-04 20:45:00,6.17
2025-11-04 21:00:00,62.85
2025-11-04 21:15:00,67.76
2025-11-04 21:30:00,213.98
2025-11-04 21:45:00,66.63
2025-11-04 22:00:00,68.33
2025-11-04 22:15:00,67.79
2025-11-04 22:30:00,1.04
2025-11-04 22:45:00,6.66
2025-11-04 23:00:00,15.12
2025-11-04 23:15:00,8.87
2025-11-04 23:30:00,3.23
2025-11-04 23:45:00,1.94
2025-11-05 00:00:00,5.99
2025-11-05 00:15:00,45.49
2025-11-05 00:30:00,187.24
2025-11-05 00:45:00,174.61
2025-11-05 01:00:00,0.78
2025-11-05 01:15:00,-8.93
2025-11-05 01:30:00,5.75
2025-11-05 01:45:00,7.81
2025-11-05 02:00:00,1.11
2025-11-05 02:15:00,5.77
2025-11-05 02:30:00,1.03
2025-11-05 02:45:00,0.55
2025-11-05 03:00:00,1.44
2025-11-05 03:15:00,-0.45
2025-11-05 03:30:00,0.61
2025-11-05 03:45:00,1.86
2025-11-05 04:00:00,-1.98
2025-11-05 04:15:00,-1.32
2025-11-05 04:30:00,19.49
2025-11-05 04:45:00,62.82
2025-11-05 05:00:00,79.0
2025-11-05 05:15:00,83.36
2025-11-05 05:30:00,68.03
2025-11-05 05:45:00,60.17
2025-11-05 06:00:00,3.7
2025-11-05 06:15:00,13.47
2025-11-05 06:30:00,68.47
2025-11-05 06:45:00,82.49
2025-11-05 07:00:00,133.95
2025-11-05 07:15:00,29.61
2025-11-05 07:30:00,82.37
2025-11-05 07:45:00,13.33
2025-11-05 08:00:00,57.0
2025-11-05 08:15:00,55.83
2025-11-05 08:30:00,57.64
2025-11-05 08:45:00,133.95
2025-11-05 09:00:00,206.95
2025-11-05 09:15:00,206.95
2025-11-05 09:30:00,334.89
2025-11-05 09:45:00,285.15
2025-11-05 10:00:00,131.41
2025-11-05 10:15:00,94.13
2025-11-05 10:30:00,43.91
2025-11-05 10:45:00,-9.07
2025-11-05 11:00:00,-9.27
2025-11-05 11:15:00,1.33
2025-11-05 11:30:00,3.64
2025-11-05 11:45:00,15.99
2025-11-05 12:00:00,53.29
2025-11-05 12:15:00,61.08
2025-11-05 12:30:00,57.48
2025-11-05 12:45:00,29.76
2025-11-05 13:00:00,60.51
2025-11-05 13:15:00,55.58
2025-11-05 13:30:00,50.15
2025-11-05 13:45:00,59.51
2025-11-05 14:00:00,26.22
2025-11-05 14:15:00,206.95
2025-11-05 14:30:00,84.16
2025-11-05 14:45:00,200.85
2025-11-05 15:00:00,6.75
2025-11-05 15:15:00,-9.18
2025-11-05 15:30:00,9.98
2025-11-05 15:45:00,24.96
2025-11-05 16:00:00,4.09
2025-11-05 16:15:00,7.27
2025-11-05 16:30:00,12.59
2025-11-05 16:45:00,12.34
2025-11-05 17:00:00,10.95
2025-11-05 17:15:00,17.93
2025-11-05 17:30:00,12.41
2025-11-05 17:45:00,15.56
2025-11-05 18:00:00,61.17
2025-11-05 18:15:00,24.21
2025-11-05 18:30:00,35.67
2025-11-05 18:45:00,58.53
2025-11-05 19:00:00,52.77
2025-11-05 19:15:00,13.53
2025-11-05 19:30:00,133.82
2025-11-05 19:45:00,14.38
2025-11-05 20:00:00,40.05
2025-11-05 20:15:00,93.59
2025-11-05 20:30:00,27.4
2025-11-05 20:45:00,63.57
2025-11-05 21:00:00,97.44
2025-11-05 21:15:00,334.89
2025-11-05 21:30:00,401.84
2025-11-05 21:45:00,462.23
2025-11-05 22:00:00,424.97
2025-11-05 22:15:00,334.75
2025-11-05 22:30:00,85.49
2025-11-05 22:45:00,53.6
2025-11-05 23:00:00,57.14
2025-11-05 23:15:00,84.95
2025-11-05 23:30:00,61.01
2025-11-05 23:45:00,72.65
2025-11-06 00:00:00,39.28
2025-11-06 00:15:00,20.05
2025-11-06 00:30:00,180.48
2025-11-06 00:45:00,159.27
2025-11-06 01:00:00,87.88
2025-11-06 01:15:00,77.5
2025-11-06 01:30:00,49.37
2025-11-06 01:45:00,59.71
2025-11-06 02:00:00,59.16
2025-11-06 02:15:00,53.59
2025-11-06 02:30:00,53.98
2025-11-06 02:45:00,55.27
2025-11-06 03:00:00,55.64
2025-11-06 03:15:00,59.08
2025-11-06 03:30:00,55.27
2025-11-06 03:45:00,58.25
2025-11-06 04:00:00,84.47
2025-11-06 04:15:00,63.43
2025-11-06 04:30:00,153.24
2025-11-06 04:45:00,124.14
2025-11-06 05:00:00,78.89
2025-11-06 05:15:00,82.87
2025-11-06 05:30:00,127.34
2025-11-06 05:45:00,133.22
2025-11-06 06:00:00,83.66
2025-11-06 06:15:00,134.68
2025-11-06 06:30:00,123.28
2025-11-06 06:45:00,142.4
2025-11-06 07:00:00,58.86
2025-11-06 07:15:00,59.75
2025-11-06 07:30:00,60.18
2025-11-06 07:45:00,121.98
2025-11-06 08:00:00,211.45
2025-11-06 08:15:00,308.09
2025-11-06 08:30:00,200.95
2025-11-06 08:45:00,93.06
2025-11-06 09:00:00,28.0
2025-11-06 09:15:00,60.25
2025-11-06 09:30:00,60.74
2025-11-06 09:45:00,74.96
2025-11-06 10:00:00,60.66
2025-11-06 10:15:00,66.58
2025-11-06 10:30:00,61.0
2025-11-06 10:45:00,58.0
2025-11-06 11:00:00,59.0
2025-11-06 11:15:00,58.65
2025-11-06 11:30:00,60.0
2025-11-06 11:45:00,4018.49
2025-11-06 12:00:00,194.23
2025-11-06 12:15:00,1338.83
2025-11-06 12:30:00,1725.7
2025-11-06 12:45:00,159.27
2025-11-06 13:00:00,50.66
2025-11-06 13:15:00,187.29
2025-11-06 13:30:00,51.32
2025-11-06 13:45:00,54.0
2025-11-06 14:00:00,2111.74
2025-11-06 14:15:00,466.87
2025-11-06 14:30:00,185.46
2025-11-06 14:45:00,468.21
2025-11-06 15:00:00,17.22
2025-11-06 15:15:00,36.49
2025-11-06 15:30:00,16.48
2025-11-06 15:45:00,61.15
2025-11-06 16:00:00,60.29
2025-11-06 16:15:00,57.28
2025-11-06 16:30:00,46.62
2025-11-06 16:45:00,61.32
2025-11-06 17:00:00,70.63
2025-11-06 17:15:00,47.3
2025-11-06 17:30:00,40.33
2025-11-06 17:45:00,57.91
2025-11-06 18:00:00,50.51
2025-11-06 18:15:00,13.39
2025-11-06 18:30:00,-23.62
2025-11-06 18:45:00,11.21
2025-11-06 19:00:00,12.84
2025-11-06 19:15:00,18.78
2025-11-06 19:30:00,40.05
2025-11-06 19:45:00,7.74
2025-11-06 20:00:00,21.17
2025-11-06 20:15:00,28.57
2025-11-06 20:30:00,7.96
2025-11-06 20:45:00,20.39
2025-11-06 21:00:00,7.21
2025-11-06 21:15:00,23.14
2025-11-06 21:30:00,8.34
2025-11-06 21:45:00,40.03
2025-11-06 22:00:00,34.19
2025-11-06 22:15:00,39.59
2025-11-06 22:30:00,40.78
2025-11-06 22:45:00,49.65
2025-11-06 23:00:00,334.9
2025-11-06 23:15:00,334.9
2025-11-06 23:30:00,314.46
2025-11-06 23:45:00,79.48
2025-11-07 00:00:00,159.36
2025-11-07 00:15:00,60.0
2025-11-07 00:30:00,502.32
2025-11-07 00:45:00,358.11
2025-11-07 01:00:00,209.45
2025-11-07 01:15:00,267.8
2025-11-07 01:30:00,241.02
2025-11-07 01:45:00,200.95
2025-11-07 02:00:00,90.58
2025-11-07 02:15:00,51.9
2025-11-07 02:30:00,56.98
2025-11-07 02:45:00,53.59
2025-11-07 03:00:00,89.89
2025-11-07 03:15:00,17.76
2025-11-07 03:30:00,15.3
2025-11-07 03:45:00,17.3
2025-11-07 04:00:00,87.06
2025-11-07 04:15:00,88.2
2025-11-07 04:30:00,159.36
2025-11-07 04:45:00,128.99
2025-11-07 05:00:00,131.77
2025-11-07 05:15:00,129.28
2025-11-07 05:30:00,129.28
2025-11-07 05:45:00,129.93
2025-11-07 06:00:00,200.88
2025-11-07 06:15:00,153.84
2025-11-07 06:30:00,267.8
2025-11-07 06:45:00,237.87
2025-11-07 07:00:00,118.52
2025-11-07 07:15:00,241.0
2025-11-07 07:30:00,533.7
2025-11-07 07:45:00,334.75
2025-11-07 08:00:00,150.23
2025-11-07 08:15:00,136.95
2025-11-07 08:30:00,114.04
2025-11-07 08:45:00,70.98
2025-11-07 09:00:00,70.98
2025-11-07 09:15:00,70.81
2025-11-07 09:30:00,96.45
2025-11-07 09:45:00,88.24
2025-11-07 10:00:00,125.59
2025-11-07 10:15:00,133.35
2025-11-07 10:30:00,200.88
2025-11-07 10:45:00,152.88
2025-11-07 11:00:00,167.46
2025-11-07 11:15:00,160.62
2025-11-07 11:30:00,89.83
2025-11-07 11:45:00,87.89
2025-11-07 12:00:00,187.28
2025-11-07 12:15:00,187.28
2025-11-07 12:30:00,200.88
2025-11-07 12:45:00,173.93
2025-11-07 13:00:00,175.56
2025-11-07 13:15:00,90.56
2025-11-07 13:30:00,91.53
2025-11-07 13:45:00,25.25
2025-11-07 14:00:00,77.37
2025-11-07 14:15:00,350.06
2025-11-07 14:30:00,200.85
2025-11-07 14:45:00,60.29
2025-11-07 15:00:00,88.27
2025-11-07 15:15:00,315.54
2025-11-07 15:30:00,236.31
2025-11-07 15:45:00,181.5
2025-11-07 16:00:00,273.34
2025-11-07 16:15:00,144.57
2025-11-07 16:30:00,53.43
2025-11-07 16:45:00,219.63
2025-11-07 17:00:00,172.06
2025-11-07 17:15:00,185.26
2025-11-07 17:30:00,211.39
2025-11-07 17:45:00,176.62
2025-11-07 18:00:00,62.46
2025-11-07 18:15:00,62.15
2025-11-07 18:30:00,61.97
2025-11-07 18:45:00,66.77
2025-11-07 19:00:00,277.47
2025-11-07 19:15:00,314.37
2025-11-07 19:30:00,267.8
2025-11-07 19:45:00,211.76
2025-11-07 20:00:00,267.93
2025-11-07 20:15:00,310.15
2025-11-07 20:30:00,200.85
2025-11-07 20:45:00,105.38
2025-11-07 21:00:00,195.66
2025-11-07 21:15:00,109.6
2025-11-07 21:30:00,103.77
2025-11-07 21:45:00,95.97
2025-11-07 22:00:00,59.83
2025-11-07 22:15:00,104.5
2025-11-07 22:30:00,94.99
2025-11-07 22:45:00,167.46
2025-11-07 23:00:00,200.88
2025-11-07 23:15:00,131.31
2025-11-07 23:30:00,200.95
2025-11-07 23:45:00,83.6
2025-11-08 00:00:00,59.66
2025-11-08 00:15:00,59.66
2025-11-08 00:30:00,59.66
2025-11-08 00:45:00,59.65
2025-11-08 01:00:00,57.56
2025-11-08 01:15:00,58.0
2025-11-08 01:30:00,58.0
2025-11-08 01:45:00,58.0
2025-11-08 02:00:00,57.07
2025-11-08 02:15:00,57.07
2025-11-08 02:30:00,129.54
2025-11-08 02:45:00,129.62
2025-11-08 03:00:00,129.39
2025-11-08 03:15:00,129.39
2025-11-08 03:30:00,57.09
2025-11-08 03:45:00,55.99
2025-11-08 04:00:00,56.68
2025-11-08 04:15:00,55.28
2025-11-08 04:30:00,55.14
2025-11-08 04:45:00,55.19
2025-11-08 05:00:00,53.42
2025-11-08 05:15:00,53.66
2025-11-08 05:30:00,54.0
2025-11-08 05:45:00,54.0
2025-11-08 06:00:00,57.34
2025-11-08 06:15:00,54.11
2025-11-08 06:30:00,66.0
2025-11-08 06:45:00,58.0
2025-11-08 07:00:00,57.48
2025-11-08 07:15:00,33.0
2025-11-08 07:30:00,57.47
2025-11-08 07:45:00,40.89
2025-11-08 08:00:00,53.1
2025-11-08 08:15:00,57.13
2025-11-08 08:30:00,57.13
2025-11-08 08:45:00,57.45
2025-11-08 09:00:00,57.14
2025-11-08 09:15:00,48.0
2025-11-08 09:30:00,57.14
2025-11-08 09:45:00,58.0
2025-11-08 10:00:00,57.97
2025-11-08 10:15:00,58.0
2025-11-08 10:30:00,59.5
2025-11-08 10:45:00,55.41
2025-11-08 11:00:00,59.5
2025-11-08 11:15:00,50.51
2025-11-08 11:30:00,94.85
2025-11-08 11:45:00,95.0
2025-11-08 12:00:00,99.94
2025-11-08 12:15:00,70.71
2025-11-08 12:30:00,65.94
2025-11-08 12:45:00,92.27
2025-11-08 13:00:00,93.15
2025-11-08 13:15:00,93.59
2025-11-08 13:30:00,96.92
2025-11-08 13:45:00,59.5
2025-11-08 14:00:00,86.33
2025-11-08 14:15:00,59.5
2025-11-08 14:30:00,104.41
2025-11-08 14:45:00,118.22
2025-11-08 15:00:00,67.41
2025-11-08 15:15:00,109.93
2025-11-08 15:30:00,127.0
2025-11-08 15:45:00,59.5
2025-11-08 16:00:00,58.0
2025-11-08 16:15:00,58.0
2025-11-08 16:30:00,57.74
2025-11-08 16:45:00,58.2
2025-11-08 17:00:00,123.9
2025-11-08 17:15:00,165.49
2025-11-08 17:30:00,138.38
2025-11-08 17:45:00,141.42
2025-11-08 18:00:00,173.43
2025-11-08 18:15:00,167.4
2025-11-08 18:30:00,70.96
2025-11-08 18:45:00,60.0
2025-11-08 19:00:00,136.42
2025-11-08 19:15:00,211.55
2025-11-08 19:30:00,167.4
2025-11-08 19:45:00,124.36
2025-11-08 20:00:00,132.95
2025-11-08 20:15:00,122.56
2025-11-08 20:30:00,118.55
2025-11-08 20:45:00,69.0
2025-11-08 21:00:00,58.45
2025-11-08 21:15:00,70.85
2025-11-08 21:30:00,70.96
2025-11-08 21:45:00,133.27
2025-11-08 22:00:00,112.3
2025-11-08 22:15:00,107.43
2025-11-08 22:30:00,58.26
2025-11-08 22:45:00,58.0
2025-11-08 23:00:00,57.83
2025-11-08 23:15:00,58.0
2025-11-08 23:30:00,60.15
2025-11-08 23:45:00,58.0
2025-11-09 00:00:00,57.26
2025-11-09 00:15:00,57.25
2025-11-09 00:30:00,97.98
2025-11-09 00:45:00,95.62
2025-11-09 01:00:00,100.39
2025-11-09 01:15:00,95.0
2025-11-09 01:30:00,187.23
2025-11-09 01:45:00,168.18
2025-11-09 02:00:00,95.07
2025-11-09 02:15:00,93.77
2025-11-09 02:30:00,167.41
2025-11-09 02:45:00,167.41
2025-11-09 03:00:00,172.22
2025-11-09 03:15:00,172.22
2025-11-09 03:30:00,267.8
2025-11-09 03:45:00,197.55
2025-11-09 04:00:00,90.49
2025-11-09 04:15:00,91.41
2025-11-09 04:30:00,90.98
2025-11-09 04:45:00,58.0
2025-11-09 05:00:00,91.82
2025-11-09 05:15:00,58.0
2025-11-09 05:30:00,58.0
2025-11-09 05:45:00,59.0
2025-11-09 06:00:00,41.59
2025-11-09 06:15:00,89.13
2025-11-09 06:30:00,59.29
2025-11-09 06:45:00,64.85
2025-11-09 07:00:00,59.37
2025-11-09 07:15:00,52.88
2025-11-09 07:30:00,58.0
2025-11-09 07:45:00,60.0
2025-11-09 08:00:00,56.94
2025-11-09 08:15:00,57.14
2025-11-09 08:30:00,57.14
2025-11-09 08:45:00,57.13
2025-11-09 09:00:00,58.0
2025-11-09 09:15:00,58.0
2025-11-09 09:30:00,96.22
2025-11-09 09:45:00,94.54
2025-11-09 10:00:00,59.78
2025-11-09 10:15:00,59.5
2025-11-09 10:30:00,58.01
2025-11-09 10:45:00,59.5
2025-11-09 11:00:00,59.5
2025-11-09 11:15:00,59.59
2025-11-09 11:30:00,96.33
2025-11-09 11:45:00,94.74
2025-11-09 12:00:00,63.39
2025-11-09 12:15:00,62.32
2025-11-09 12:30:00,91.15
2025-11-09 12:45:00,62.7
2025-11-09 13:00:00,99.37
2025-11-09 13:15:00,98.78
2025-11-09 13:30:00,93.88
2025-11-09 13:45:00,93.57
2025-11-09 14:00:00,86.73
2025-11-09 14:15:00,71.52
2025-11-09 14:30:00,98.58
2025-11-09 14:45:00,173.11
2025-11-09 15:00:00,149.92
2025-11-09 15:15:00,197.55
2025-11-09 15:30:00,227.67
2025-11-09 15:45:00,158.0
2025-11-09 16:00:00,102.66
2025-11-09 16:15:00,70.99
2025-11-09 16:30:00,112.63
2025-11-09 16:45:00,176.12
2025-11-09 17:00:00,175.8
2025-11-09 17:15:00,175.26
2025-11-09 17:30:00,187.23
2025-11-09 17:45:00,189.99
2025-11-09 18:00:00,304.69
2025-11-09 18:15:00,127.51
2025-11-09 18:30:00,61.99
2025-11-09 18:45:00,60.84
2025-11-09 19:00:00,122.09
2025-11-09 19:15:00,121.36
2025-11-09 19:30:00,62.8
2025-11-09 19:45:00,70.77
2025-11-09 20:00:00,70.82
2025-11-09 20:15:00,63.13
2025-11-09 20:30:00,59.42
2025-11-09 20:45:00,60.54
2025-11-09 21:00:00,60.45
2025-11-09 21:15:00,58.89
2025-11-09 21:30:00,70.99
2025-11-09 21:45:00,70.97
2025-11-09 22:00:00,102.83
2025-11-09 22:15:00,60.45
2025-11-09 22:30:00,267.86
2025-11-09 22:45:00,83.1
2025-11-09 23:00:00,95.1
2025-11-09 23:15:00,66.57
2025-11-09 23:30:00,61.17
2025-11-09 23:45:00,67.97
2025-11-10 00:00:00,56.96
2025-11-10 00:15:00,58.0
2025-11-10 00:30:00,171.68
2025-11-10 00:45:00,171.43
2025-11-10 01:00:00,172.37
2025-11-10 01:15:00,88.46
2025-11-10 01:30:00,86.43
2025-11-10 01:45:00,52.39
2025-11-10 02:00:00,86.44
2025-11-10 02:15:00,54.49
2025-11-10 02:30:00,169.84
2025-11-10 02:45:00,169.52
2025-11-10 03:00:00,88.17
2025-11-10 03:15:00,141.98
2025-11-10 03:30:00,59.32
2025-11-10 03:45:00,59.32
2025-11-10 04:00:00,58.0
2025-11-10 04:15:00,59.0
2025-11-10 04:30:00,58.0
2025-11-10 04:45:00,58.0
2025-11-10 05:00:00,86.07
2025-11-10 05:15:00,40.18
2025-11-10 05:30:00,44.63
2025-11-10 05:45:00,59.0
2025-11-10 06:00:00,331.35
2025-11-10 06:15:00,1685.53
2025-11-10 06:30:00,4017.79
2025-11-10 06:45:00,468.07
2025-11-10 07:00:00,803.56
2025-11-10 07:15:00,345.89
2025-11-10 07:30:00,149.45
2025-11-10 07:45:00,156.47
2025-11-10 08:00:00,176.4
2025-11-10 08:15:00,308.03
2025-11-10 08:30:00,308.03
2025-11-10 08:45:00,57.75
2025-11-10 09:00:00,60.0
2025-11-10 09:15:00,70.17
2025-11-10 09:30:00,66.0
2025-11-10 09:45:00,198.71
2025-11-10 10:00:00,180.45
2025-11-10 10:15:00,128.39
2025-11-10 10:30:00,180.8
2025-11-10 10:45:00,252.47
2025-11-10 11:00:00,68.15
2025-11-10 11:15:00,117.76
2025-11-10 11:30:00,111.81
2025-11-10 11:45:00,64.62
2025-11-10 12:00:00,109.43
2025-11-10 12:15:00,107.39
2025-11-10 12:30:00,62.03
2025-11-10 12:45:00,12.08
2025-11-10 13:00:00,107.91
2025-11-10 13:15:00,27.91
2025-11-10 13:30:00,44.36
2025-11-10 13:45:00,47.24
2025-11-10 14:00:00,46.2
2025-11-10 14:15:00,67.54
2025-11-10 14:30:00,67.29
2025-11-10 14:45:00,60.0
2025-11-10 15:00:00,100.64
2025-11-10 15:15:00,107.47
2025-11-10 15:30:00,75.17
2025-11-10 15:45:00,80.0
2025-11-10 16:00:00,79.9
2025-11-10 16:15:00,99.22
2025-11-10 16:30:00,124.86
2025-11-10 16:45:00,150.56
2025-11-10 17:00:00,148.58
2025-11-10 17:15:00,153.82
2025-11-10 17:30:00,136.77
2025-11-10 17:45:00,128.1
2025-11-10 18:00:00,154.37
2025-11-10 18:15:00,130.56
2025-11-10 18:30:00,59.02
2025-11-10 18:45:00,60.98
2025-11-10 19:00:00,57.47
2025-11-10 19:15:00,62.27
2025-11-10 19:30:00,90.58
2025-11-10 19:45:00,157.28
2025-11-10 20:00:00,127.6
2025-11-10 20:15:00,96.4
2025-11-10 20:30:00,88.44
2025-11-10 20:45:00,53.93
2025-11-10 21:00:00,54.17
2025-11-10 21:15:00,87.63
2025-11-10 21:30:00,84.3
2025-11-10 21:45:00,81.9
2025-11-10 22:00:00,114.74
2025-11-10 22:15:00,26.28
2025-11-10 22:30:00,42.29
2025-11-10 22:45:00,37.6
2025-11-10 23:00:00,47.67
2025-11-10 23:15:00,69.98
2025-11-10 23:30:00,23.49
2025-11-10 23:45:00,30.33
2025-11-11 00:00:00,36.69
2025-11-11 00:15:00,53.57
2025-11-11 00:30:00,54.06
2025-11-11 00:45:00,28.17
2025-11-11 01:00:00,31.49
2025-11-11 01:15:00,55.0
2025-11-11 01:30:00,24.08
2025-11-11 01:45:00,39.21
2025-11-11 02:00:00,55.5
2025-11-11 02:15:00,55.5
2025-11-11 02:30:00,35.8
2025-11-11 02:45:00,7.14
2025-11-11 03:00:00,10.69
2025-11-11 03:15:00,48.77
2025-11-11 03:30:00,118.38
2025-11-11 03:45:00,115.81
2025-11-11 04:00:00,43.47
2025-11-11 04:15:00,53.41
2025-11-11 04:30:00,38.18
2025-11-11 04:45:00,31.84
2025-11-11 05:00:00,51.87
2025-11-11 05:15:00,55.0
2025-11-11 05:30:00,53.64
2025-11-11 05:45:00,53.45
2025-11-11 06:00:00,52.83
2025-11-11 06:15:00,58.54
2025-11-11 06:30:00,49.12
2025-11-11 06:45:00,62.33
2025-11-11 07:00:00,86.36
2025-11-11 07:15:00,90.29
2025-11-11 07:30:00,60.1
2025-11-11 07:45:00,114.75
2025-11-11 08:00:00,105.84
2025-11-11 08:15:00,115.45
2025-11-11 08:30:00,123.12
2025-11-11 08:45:00,65.0
2025-11-11 09:00:00,67.17
2025-11-11 09:15:00,35.37
2025-11-11 09:30:00,43.14
2025-11-11 09:45:00,65.0
2025-11-11 10:00:00,103.76
2025-11-11 10:15:00,88.29
2025-11-11 10:30:00,80.0
2025-11-11 10:45:00,67.21
2025-11-11 11:00:00,58.5
2025-11-11 11:15:00,57.16
2025-11-11 11:30:00,117.48
2025-11-11 11:45:00,36.43
2025-11-11 12:00:00,65.0
2025-11-11 12:15:00,36.26
2025-11-11 12:30:00,28.79
2025-11-11 12:45:00,59.0
2025-11-11 13:00:00,41.31
2025-11-11 13:15:00,59.06
2025-11-11 13:30:00,60.49
2025-11-11 13:45:00,67.1
2025-11-11 14:00:00,87.43
2025-11-11 14:15:00,138.63
2025-11-11 14:30:00,147.32
2025-11-11 14:45:00,100.97
2025-11-11 15:00:00,77.64
2025-11-11 15:15:00,54.21
2025-11-11 15:30:00,36.87
2025-11-11 15:45:00,114.47
2025-11-11 16:00:00,33.79
2025-11-11 16:15:00,9.17
2025-11-11 16:30:00,32.96
2025-11-11 16:45:00,81.0
2025-11-11 17:00:00,72.0
2025-11-11 17:15:00,42.5
2025-11-11 17:30:00,24.22
2025-11-11 17:45:00,35.57
2025-11-11 18:00:00,20.11
2025-11-11 18:15:00,16.08
2025-11-11 18:30:00,34.07
2025-11-11 18:45:00,32.61
2025-11-11 19:00:00,46.51
2025-11-11 19:15:00,54.31
2025-11-11 19:30:00,35.14
2025-11-11 19:45:00,14.14
2025-11-11 20:00:00,94.71
2025-11-11 20:15:00,89.59
2025-11-11 20:30:00,52.04
2025-11-11 20:45:00,73.72
2025-11-11 21:00:00,20.91
2025-11-11 21:15:00,26.17
2025-11-11 21:30:00,60.0
2025-11-11 21:45:00,41.84
2025-11-11 22:00:00,47.73
2025-11-11 22:15:00,66.69
2025-11-11 22:30:00,77.24
2025-11-11 22:45:00,12.15
2025-11-11 23:00:00,55.19
2025-11-11 23:15:00,19.24
2025-11-11 23:30:00,27.31
2025-11-11 23:45:00,44.41
2025-11-12 00:00:00,56.0
2025-11-12 00:15:00,62.14
2025-11-12 00:30:00,60.89
2025-11-12 00:45:00,54.66
2025-11-12 01:00:00,49.88
2025-11-12 01:15:00,56.58
2025-11-12 01:30:00,63.88
2025-11-12 01:45:00,52.13
2025-11-12 02:00:00,54.67
2025-11-12 02:15:00,53.2
2025-11-12 02:30:00,80.43
2025-11-12 02:45:00,101.48
2025-11-12 03:00:00,103.2
2025-11-12 03:15:00,49.66
2025-11-12 03:30:00,47.81
2025-11-12 03:45:00,47.08
2025-11-12 04:00:00,28.93
2025-11-12 04:15:00,30.0
2025-11-12 04:30:00,43.18
2025-11-12 04:45:00,43.56
2025-11-12 05:00:00,122.2
2025-11-12 05:15:00,65.07
2025-11-12 05:30:00,46.97
2025-11-12 05:45:00,47.34
2025-11-12 06:00:00,6.7
2025-11-12 06:15:00,5.58
2025-11-12 06:30:00,13.43
2025-11-12 06:45:00,2.39
2025-11-12 07:00:00,24.38
2025-11-12 07:15:00,11.47
2025-11-12 07:30:00,17.05
2025-11-12 07:45:00,22.29
2025-11-12 08:00:00,20.09
2025-11-12 08:15:00,17.51
2025-11-12 08:30:00,50.3
2025-11-12 08:45:00,129.41
2025-11-12 09:00:00,150.35
2025-11-12 09:15:00,50.87
2025-11-12 09:30:00,49.83
2025-11-12 09:45:00,200.89
2025-11-12 10:00:00,167.38
2025-11-12 10:15:00,45.76
2025-11-12 10:30:00,46.16
2025-11-12 10:45:00,0.0
2025-11-12 11:00:00,-1.0
2025-11-12 11:15:00,13.39
2025-11-12 11:30:00,13.6
2025-11-12 11:45:00,48.03
2025-11-12 12:00:00,48.0
2025-11-12 12:15:00,47.94
2025-11-12 12:30:00,50.95
2025-11-12 12:45:00,50.54
2025-11-12 13:00:00,47.8
2025-11-12 13:15:00,19.19
2025-11-12 13:30:00,7.16
2025-11-12 13:45:00,40.17
2025-11-12 14:00:00,7.16
2025-11-12 14:15:00,26.79
2025-11-12 14:30:00,36.99
2025-11-12 14:45:00,43.83
2025-11-12 15:00:00,107.82
2025-11-12 15:15:00,55.0
2025-11-12 15:30:00,58.68
2025-11-12 15:45:00,63.9
2025-11-12 16:00:00,40.01
2025-11-12 16:15:00,23.44
2025-11-12 16:30:00,23.18
2025-11-12 16:45:00,16.95
2025-11-12 17:00:00,98.24
2025-11-12 17:15:00,37.13
2025-11-12 17:30:00,46.79
2025-11-12 17:45:00,15.05
2025-11-12 18:00:00,12.92
2025-11-12 18:15:00,13.38
2025-11-12 18:30:00,8.17
2025-11-12 18:45:00,9.41
2025-11-12 19:00:00,9.37
2025-11-12 19:15:00,10.53
2025-11-12 19:30:00,18.91
2025-11-12 19:45:00,25.49
2025-11-12 20:00:00,13.66
2025-11-12 20:15:00,13.39
2025-11-12 20:30:00,13.19
2025-11-12 20:45:00,10.33
2025-11-12 21:00:00,18.62
2025-11-12 21:15:00,29.7
2025-11-12 21:30:00,10.92
2025-11-12 21:45:00,10.8
2025-11-12 22:00:00,31.3
2025-11-12 22:15:00,20.25
2025-11-12 22:30:00,8.7
2025-11-12 22:45:00,7.57
2025-11-12 23:00:00,19.38
2025-11-12 23:15:00,13.49
2025-11-12 23:30:00,12.92
2025-11-12 23:45:00,-9.44
2025-11-13 00:00:00,5.36
2025-11-13 00:15:00,-1.5
2025-11-13 00:30:00,16.74
2025-11-13 00:45:00,21.0
2025-11-13 01:00:00,38.03
2025-11-13 01:15:00,19.03
2025-11-13 01:30:00,40.4
2025-11-13 01:45:00,28.02
2025-11-13 02:00:00,81.71
2025-11-13 02:15:00,34.41
2025-11-13 02:30:00,40.4
2025-11-13 02:45:00,36.16
2025-11-13 03:00:00,27.12
2025-11-13 03:15:00,8.09
2025-11-13 03:30:00,15.77
2025-11-13 03:45:00,21.44
2025-11-13 04:00:00,5.64
2025-11-13 04:15:00,5.63
2025-11-13 04:30:00,5.63
2025-11-13 04:45:00,-1.0
2025-11-13 05:00:00,5.0
2025-11-13 05:15:00,-1.9
2025-11-13 05:30:00,-6.7
2025-11-13 05:45:00,-1.0
2025-11-13 06:00:00,-1.0
2025-11-13 06:15:00,0.1
2025-11-13 06:30:00,26.28
2025-11-13 06:45:00,180.8
2025-11-13 07:00:00,634.34
2025-11-13 07:15:00,334.82
2025-11-13 07:30:00,167.41
2025-11-13 07:45:00,72.6
2025-11-13 08:00:00,132.48
2025-11-13 08:15:00,21.34
2025-11-13 08:30:00,35.39
2025-11-13 08:45:00,58.54
2025-11-13 09:00:00,58.79
2025-11-13 09:15:00,12.59
2025-11-13 09:30:00,21.89
2025-11-13 09:45:00,143.09
2025-11-13 10:00:00,120.7
2025-11-13 10:15:00,39.77
2025-11-13 10:30:00,47.11
2025-11-13 10:45:00,33.58
2025-11-13 11:00:00,385.57
2025-11-13 11:15:00,136.12
2025-11-13 11:30:00,127.06
2025-11-13 11:45:00,47.09
2025-11-13 12:00:00,82.09
2025-11-13 12:15:00,46.38
2025-11-13 12:30:00,12.05
2025-11-13 12:45:00,28.0
2025-11-13 13:00:00,28.49
2025-11-13 13:15:00,18.26
2025-11-13 13:30:00,4.52
2025-11-13 13:45:00,14.13
2025-11-13 14:00:00,15.97
2025-11-13 14:15:00,14.03
2025-11-13 14:30:00,7.62
2025-11-13 14:45:00,7.09
2025-11-13 15:00:00,-10.71
2025-11-13 15:15:00,-13.39
2025-11-13 15:30:00,-20.08
2025-11-13 15:45:00,-26.65
2025-11-13 16:00:00,-14.31
2025-11-13 16:15:00,-14.73
2025-11-13 16:30:00,-5.39
2025-11-13 16:45:00,-3.08
2025-11-13 17:00:00,88.27
2025-11-13 17:15:00,267.8
2025-11-13 17:30:00,267.86
2025-11-13 17:45:00,669.65
2025-11-13 18:00:00,12.42
2025-11-13 18:15:00,55.14
2025-11-13 18:30:00,41.06
2025-11-13 18:45:00,41.08
2025-11-13 19:00:00,35.85
2025-11-13 19:15:00,48.22
2025-11-13 19:30:00,100.85
2025-11-13 19:45:00,200.88
2025-11-13 20:00:00,152.79
2025-11-13 20:15:00,200.76
2025-11-13 20:30:00,167.41
2025-11-13 20:45:00,120.39
2025-11-13 21:00:00,13.7
2025-11-13 21:15:00,14.48
2025-11-13 21:30:00,11.41
2025-11-13 21:45:00,7.07
2025-11-13 22:00:00,13.96
2025-11-13 22:15:00,51.56
2025-11-13 22:30:00,45.37
2025-11-13 22:45:00,62.71
2025-11-13 23:00:00,44.91
2025-11-13 23:15:00,30.35
2025-11-13 23:30:00,28.13
2025-11-13 23:45:00,32.35
2025-11-14 00:00:00,68.19
2025-11-14 00:15:00,57.22
2025-11-14 00:30:00,61.58
2025-11-14 00:45:00,63.27
2025-11-14 01:00:00,71.52
2025-11-14 01:15:00,88.83
2025-11-14 01:30:00,83.67
2025-11-14 01:45:00,79.66
2025-11-14 02:00:00,67.0
2025-11-14 02:15:00,67.0
2025-11-14 02:30:00,74.83
2025-11-14 02:45:00,70.9
2025-11-14 03:00:00,81.91
2025-11-14 03:15:00,81.59
2025-11-14 03:30:00,147.05
2025-11-14 03:45:00,82.45
2025-11-14 04:00:00,71.17
2025-11-14 04:15:00,70.17
2025-11-14 04:30:00,80.5
2025-11-14 04:45:00,83.6
2025-11-14 05:00:00,82.87
2025-11-14 05:15:00,80.06
2025-11-14 05:30:00,117.3
2025-11-14 05:45:00,58.69
2025-11-14 06:00:00,88.88
2025-11-14 06:15:00,103.07
2025-11-14 06:30:00,71.52
2025-11-14 06:45:00,117.26
2025-11-14 07:00:00,71.52
2025-11-14 07:15:00,127.01
2025-11-14 07:30:00,129.42
2025-11-14 07:45:00,669.61
2025-11-14 08:00:00,153.68
2025-11-14 08:15:00,65.92
2025-11-14 08:30:00,132.54
2025-11-14 08:45:00,119.01
2025-11-14 09:00:00,134.74
2025-11-14 09:15:00,71.18
2025-11-14 09:30:00,119.9
2025-11-14 09:45:00,107.04
2025-11-14 10:00:00,69.97
2025-11-14 10:15:00,71.52
2025-11-14 10:30:00,106.12
2025-11-14 10:45:00,103.5
2025-11-14 11:00:00,108.95
2025-11-14 11:15:00,105.52
2025-11-14 11:30:00,104.57
2025-11-14 11:45:00,102.04
2025-11-14 12:00:00,160.99
2025-11-14 12:15:00,100.0
2025-11-14 12:30:00,99.55
2025-11-14 12:45:00,71.52
2025-11-14 13:00:00,71.52
2025-11-14 13:15:00,71.03
2025-11-14 13:30:00,102.2
2025-11-14 13:45:00,69.25
2025-11-14 14:00:00,49.9
2025-11-14 14:15:00,71.52
2025-11-14 14:30:00,99.56
2025-11-14 14:45:00,206.22
2025-11-14 15:00:00,401.77
2025-11-14 15:15:00,373.04
2025-11-14 15:30:00,112.43
2025-11-14 15:45:00,122.49
2025-11-14 16:00:00,108.31
2025-11-14 16:15:00,115.69
2025-11-14 16:30:00,97.76
2025-11-14 16:45:00,97.77
2025-11-14 17:00:00,100.0
2025-11-14 17:15:00,103.49
2025-11-14 17:30:00,100.0
2025-11-14 17:45:00,103.5
2025-11-14 18:00:00,97.8
2025-11-14 18:15:00,95.89
2025-11-14 18:30:00,97.62
2025-11-14 18:45:00,32.97
2025-11-14 19:00:00,34.1
2025-11-14 19:15:00,88.86
2025-11-14 19:30:00,21.62
2025-11-14 19:45:00,20.03
2025-11-14 20:00:00,30.98
2025-11-14 20:15:00,11.24
2025-11-14 20:30:00,5.8
2025-11-14 20:45:00,5.71
2025-11-14 21:00:00,8.31
2025-11-14 21:15:00,13.71
2025-11-14 21:30:00,39.04
2025-11-14 21:45:00,7.11
2025-11-14 22:00:00,6.04
2025-11-14 22:15:00,8.74
2025-11-14 22:30:00,11.08
2025-11-14 22:45:00,10.31
2025-11-14 23:00:00,18.42
2025-11-14 23:15:00,13.33
2025-11-14 23:30:00,10.89
2025-11-14 23:45:00,9.61
2025-11-15 00:00:00,18.68
2025-11-15 00:15:00,21.47
2025-11-15 00:30:00,9.32
2025-11-15 00:45:00,12.15
2025-11-15 01:00:00,18.42
2025-11-15 01:15:00,46.26
2025-11-15 01:30:00,30.11
2025-11-15 01:45:00,23.44
2025-11-15 02:00:00,57.92
2025-11-15 02:15:00,57.9
2025-11-15 02:30:00,57.7
2025-11-15 02:45:00,56.96
2025-11-15 03:00:00,56.92
2025-11-15 03:15:00,55.87
2025-11-15 03:30:00,54.06
2025-11-15 03:45:00,68.83
2025-11-15 04:00:00,49.11
2025-11-15 04:15:00,45.6
2025-11-15 04:30:00,19.9
2025-11-15 04:45:00,29.93
2025-11-15 05:00:00,18.53
2025-11-15 05:15:00,20.74
2025-11-15 05:30:00,21.92
2025-11-15 05:45:00,57.82
2025-11-15 06:00:00,16.22
2025-11-15 06:15:00,13.79
2025-11-15 06:30:00,14.23
2025-11-15 06:45:00,26.71
2025-11-15 07:00:00,42.36
2025-11-15 07:15:00,17.2
2025-11-15 07:30:00,26.79
2025-11-15 07:45:00,55.86
2025-11-15 08:00:00,52.86
2025-11-15 08:15:00,48.86
2025-11-15 08:30:00,100.0
2025-11-15 08:45:00,68.25
2025-11-15 09:00:00,85.34
2025-11-15 09:15:00,49.56
2025-11-15 09:30:00,47.46
2025-11-15 09:45:00,36.96
2025-11-15 10:00:00,39.17
2025-11-15 10:15:00,35.14
2025-11-15 10:30:00,38.72
2025-11-15 10:45:00,35.36
2025-11-15 11:00:00,34.62
2025-11-15 11:15:00,38.74
2025-11-15 11:30:00,35.44
2025-11-15 11:45:00,33.74
2025-11-15 12:00:00,26.58
2025-11-15 12:15:00,30.06
2025-11-15 12:30:00,77.31
2025-11-15 12:45:00,77.44
2025-11-15 13:00:00,46.69
2025-11-15 13:15:00,83.77
2025-11-15 13:30:00,89.31
2025-11-15 13:45:00,45.33
2025-11-15 14:00:00,84.07
2025-11-15 14:15:00,83.36
2025-11-15 14:30:00,50.52
2025-11-15 14:45:00,98.89
2025-11-15 15:00:00,86.94
2025-11-15 15:15:00,96.46
2025-11-15 15:30:00,96.91
2025-11-15 15:45:00,101.98
2025-11-15 16:00:00,86.39
2025-11-15 16:15:00,47.58
2025-11-15 16:30:00,100.0
2025-11-15 16:45:00,47.71
2025-11-15 17:00:00,46.31
2025-11-15 17:15:00,49.99
2025-11-15 17:30:00,56.59
2025-11-15 17:45:00,54.68
2025-11-15 18:00:00,44.41
2025-11-15 18:15:00,37.78
2025-11-15 18:30:00,115.75
2025-11-15 18:45:00,42.4
2025-11-15 19:00:00,41.86
2025-11-15 19:15:00,52.69
2025-11-15 19:30:00,49.04
2025-11-15 19:45:00,101.32
2025-11-15 20:00:00,151.77
2025-11-15 20:15:00,142.08
2025-11-15 20:30:00,91.7
2025-11-15 20:45:00,85.04
2025-11-15 21:00:00,96.45
2025-11-15 21:15:00,51.93
2025-11-15 21:30:00,93.43
2025-11-15 21:45:00,89.04
2025-11-15 22:00:00,98.79
2025-11-15 22:15:00,96.63
2025-11-15 22:30:00,93.39
2025-11-15 22:45:00,91.19
2025-11-15 23:00:00,102.31
2025-11-15 23:15:00,99.99
2025-11-15 23:30:00,98.09
2025-11-15 23:45:00,82.05
2025-11-16 00:00:00,58.19
2025-11-16 00:15:00,63.53
2025-11-16 00:30:00,133.91
2025-11-16 00:45:00,160.69
2025-11-16 01:00:00,97.78
2025-11-16 01:15:00,91.71
2025-11-16 01:30:00,96.65
2025-11-16 01:45:00,93.86
2025-11-16 02:00:00,93.27
2025-11-16 02:15:00,88.56
2025-11-16 02:30:00,95.81
2025-11-16 02:45:00,95.75
2025-11-16 03:00:00,131.5
2025-11-16 03:15:00,150.65
2025-11-16 03:30:00,150.65
2025-11-16 03:45:00,150.65
2025-11-16 04:00:00,90.81
2025-11-16 04:15:00,88.21
2025-11-16 04:30:00,63.16
2025-11-16 04:45:00,86.74
2025-11-16 05:00:00,147.3
2025-11-16 05:15:00,86.24
2025-11-16 05:30:00,78.72
2025-11-16 05:45:00,103.28
2025-11-16 06:00:00,75.94
2025-11-16 06:15:00,80.71
2025-11-16 06:30:00,80.42
2025-11-16 06:45:00,80.01
2025-11-16 07:00:00,66.95
2025-11-16 07:15:00,87.59
2025-11-16 07:30:00,66.67
2025-11-16 07:45:00,50.59
2025-11-16 08:00:00,87.17
2025-11-16 08:15:00,60.01
2025-11-16 08:30:00,147.03
2025-11-16 08:45:00,84.13
2025-11-16 09:00:00,50.69
2025-11-16 09:15:00,69.0
2025-11-16 09:30:00,78.74
2025-11-16 09:45:00,78.94
2025-11-16 10:00:00,81.68
2025-11-16 10:15:00,159.35
2025-11-16 10:30:00,60.27
2025-11-16 10:45:00,86.81
2025-11-16 11:00:00,64.68
2025-11-16 11:15:00,63.15
2025-11-16 11:30:00,89.93
2025-11-16 11:45:00,40.4
2025-11-16 12:00:00,180.8
2025-11-16 12:15:00,200.85
2025-11-16 12:30:00,81.0
2025-11-16 12:45:00,143.71
2025-11-16 13:00:00,77.0
2025-11-16 13:15:00,139.39
2025-11-16 13:30:00,265.85
2025-11-16 13:45:00,117.62
2025-11-16 14:00:00,150.36
2025-11-16 14:15:00,95.6
2025-11-16 14:30:00,158.65
2025-11-16 14:45:00,273.88
2025-11-16 15:00:00,92.29
2025-11-16 15:15:00,250.0
2025-11-16 15:30:00,273.88
2025-11-16 15:45:00,110.43
2025-11-16 16:00:00,100.35
2025-11-16 16:15:00,105.62
2025-11-16 16:30:00,108.96
2025-11-16 16:45:00,119.04
2025-11-16 17:00:00,400.0
2025-11-16 17:15:00,200.0
2025-11-16 17:30:00,150.0
2025-11-16 17:45:00,123.07
2025-11-16 18:00:00,118.83
2025-11-16 18:15:00,68.21
2025-11-16 18:30:00,56.12
2025-11-16 18:45:00,52.72
2025-11-16 19:00:00,85.0
2025-11-16 19:15:00,111.69
2025-11-16 19:30:00,65.63
2025-11-16 19:45:00,129.28
2025-11-16 20:00:00,76.44
2025-11-16 20:15:00,96.36
2025-11-16 20:30:00,88.53
2025-11-16 20:45:00,47.78
2025-11-16 21:00:00,146.76
2025-11-16 21:15:00,64.94
2025-11-16 21:30:00,82.09
2025-11-16 21:45:00,103.97
2025-11-16 22:00:00,122.33
2025-11-16 22:15:00,80.19
2025-11-16 22:30:00,78.89
2025-11-16 22:45:00,37.89
2025-11-16 23:00:00,41.88
2025-11-16 23:15:00,66.99
2025-11-16 23:30:00,53.26
2025-11-16 23:45:00,47.1
2025-11-17 00:00:00,70.04
2025-11-17 00:15:00,117.08
2025-11-17 00:30:00,103.32
2025-11-17 00:45:00,17.39
2025-11-17 01:00:00,61.25
2025-11-17 01:15:00,30.92
2025-11-17 01:30:00,8.78
2025-11-17 01:45:00,65.07
2025-11-17 02:00:00,40.25
2025-11-17 02:15:00,64.3
2025-11-17 02:30:00,71.03
2025-11-17 02:45:00,61.78
2025-11-17 03:00:00,60.38
2025-11-17 03:15:00,70.0
2025-11-17 03:30:00,74.49
2025-11-17 03:45:00,69.92
2025-11-17 04:00:00,58.5
2025-11-17 04:15:00,58.43
2025-11-17 04:30:00,58.39
2025-11-17 04:45:00,101.19
2025-11-17 05:00:00,98.65
2025-11-17 05:15:00,76.46
2025-11-17 05:30:00,88.78
2025-11-17 05:45:00,101.37
2025-11-17 06:00:00,84.16
2025-11-17 06:15:00,39.04
2025-11-17 06:30:00,58.94
2025-11-17 06:45:00,40.16
2025-11-17 07:00:00,33.48
2025-11-17 07:15:00,63.98
2025-11-17 07:30:00,70.96
2025-11-17 07:45:00,67.17
2025-11-17 08:00:00,100.0
2025-11-17 08:15:00,103.21
2025-11-17 08:30:00,531.97
2025-11-17 08:45:00,137.37
2025-11-17 09:00:00,42.69
2025-11-17 09:15:00,25.64
2025-11-17 09:30:00,51.87
2025-11-17 09:45:00,46.87
2025-11-17 10:00:00,49.0
2025-11-17 10:15:00,98.3
2025-11-17 10:30:00,16.24
2025-11-17 10:45:00,43.59
2025-11-17 11:00:00,50.32
2025-11-17 11:15:00,42.23
2025-11-17 11:30:00,26.71
2025-11-17 11:45:00,77.73
2025-11-17 12:00:00,81.78
2025-11-17 12:15:00,108.58
2025-11-17 12:30:00,77.04
2025-11-17 12:45:00,74.9
2025-11-17 13:00:00,73.22
2025-11-17 13:15:00,76.31
2025-11-17 13:30:00,32.29
2025-11-17 13:45:00,56.92
2025-11-17 14:00:00,51.71
2025-11-17 14:15:00,54.21
2025-11-17 14:30:00,53.12
2025-11-17 14:45:00,53.26
2025-11-17 15:00:00,63.82
2025-11-17 15:15:00,99.96
2025-11-17 15:30:00,116.78
2025-11-17 15:45:00,45.99
2025-11-17 16:00:00,89.54
2025-11-17 16:15:00,122.83
2025-11-17 16:30:00,71.56
2025-11-17 16:45:00,108.76
2025-11-17 17:00:00,220.98
2025-11-17 17:15:00,254.33
2025-11-17 17:30:00,117.68
2025-11-17 17:45:00,85.84
2025-11-17 18:00:00,119.7
2025-11-17 18:15:00,91.38
2025-11-17 18:30:00,91.39
2025-11-17 18:45:00,70.0
2025-11-17 19:00:00,78.76
2025-11-17 19:15:00,79.03
2025-11-17 19:30:00,108.72
2025-11-17 19:45:00,107.28
2025-11-17 20:00:00,71.49
2025-11-17 20:15:00,71.35
2025-11-17 20:30:00,127.23
2025-11-17 20:45:00,67.63
2025-11-17 21:00:00,101.21
2025-11-17 21:15:00,45.38
2025-11-17 21:30:00,53.5
2025-11-17 21:45:00,140.88
2025-11-17 22:00:00,150.0
2025-11-17 22:15:00,87.15
2025-11-17 22:30:00,130.01
2025-11-17 22:45:00,130.02
2025-11-17 23:00:00,133.66
2025-11-17 23:15:00,156.13
2025-11-17 23:30:00,154.18
2025-11-17 23:45:00,130.01
2025-11-18 00:00:00,54.5
2025-11-18 00:15:00,83.52
2025-11-18 00:30:00,101.83
2025-11-18 00:45:00,80.63
2025-11-18 01:00:00,86.66
2025-11-18 01:15:00,75.0
2025-11-18 01:30:00,82.16
2025-11-18 01:45:00,54.0
2025-11-18 02:00:00,33.0
2025-11-18 02:15:00,47.41
2025-11-18 02:30:00,78.81
2025-11-18 02:45:00,76.78
2025-11-18 03:00:00,78.21
2025-11-18 03:15:00,77.69
2025-11-18 03:30:00,39.71
2025-11-18 03:45:00,40.65
2025-11-18 04:00:00,58.25
2025-11-18 04:15:00,56.93
2025-11-18 04:30:00,81.42
2025-11-18 04:45:00,30.95
2025-11-18 05:00:00,76.63
2025-11-18 05:15:00,41.98
2025-11-18 05:30:00,58.88
2025-11-18 05:45:00,52.52
2025-11-18 06:00:00,40.8
2025-11-18 06:15:00,53.6
2025-11-18 06:30:00,40.66
2025-11-18 06:45:00,90.38
2025-11-18 07:00:00,54.18
2025-11-18 07:15:00,98.89
2025-11-18 07:30:00,63.24
2025-11-18 07:45:00,128.74
2025-11-18 08:00:00,132.09
2025-11-18 08:15:00,55.5
2025-11-18 08:30:00,123.27
2025-11-18 08:45:00,52.49
2025-11-18 09:00:00,134.29
2025-11-18 09:15:00,110.84
2025-11-18 09:30:00,94.9
2025-11-18 09:45:00,222.91
2025-11-18 10:00:00,578.27
2025-11-18 10:15:00,133.9
2025-11-18 10:30:00,174.29
2025-11-18 10:45:00,74.7
2025-11-18 11:00:00,87.42
2025-11-18 11:15:00,127.3
2025-11-18 11:30:00,89.85
2025-11-18 11:45:00,90.65
2025-11-18 12:00:00,86.54
2025-11-18 12:15:00,71.83
2025-11-18 12:30:00,73.68
2025-11-18 12:45:00,46.16
2025-11-18 13:00:00,60.26
2025-11-18 13:15:00,52.3
2025-11-18 13:30:00,43.76
2025-11-18 13:45:00,49.45
2025-11-18 14:00:00,26.78
2025-11-18 14:15:00,46.87
2025-11-18 14:30:00,56.07
2025-11-18 14:45:00,39.65
2025-11-18 15:00:00,49.83
2025-11-18 15:15:00,114.28
2025-11-18 15:30:00,104.54
2025-11-18 15:45:00,67.97
2025-11-18 16:00:00,75.78
2025-11-18 16:15:00,138.56
2025-11-18 16:30:00,274.92
2025-11-18 16:45:00,423.82
2025-11-18 17:00:00,267.13
2025-11-18 17:15:00,155.76
2025-11-18 17:30:00,325.0
2025-11-18 17:45:00,401.72
2025-11-18 18:00:00,334.75
2025-11-18 18:15:00,374.79
2025-11-18 18:30:00,80.34
2025-11-18 18:45:00,111.47
2025-11-18 19:00:00,68.5
2025-11-18 19:15:00,72.47
2025-11-18 19:30:00,65.3
2025-11-18 19:45:00,46.87
2025-11-18 20:00:00,71.48
2025-11-18 20:15:00,68.84
2025-11-18 20:30:00,53.66
2025-11-18 20:45:00,46.83
2025-11-18 21:00:00,46.39
2025-11-18 21:15:00,78.82
2025-11-18 21:30:00,68.67
2025-11-18 21:45:00,49.46
2025-11-18 22:00:00,102.61
2025-11-18 22:15:00,96.24
2025-11-18 22:30:00,100.08
2025-11-18 22:45:00,91.32
2025-11-18 23:00:00,65.43
2025-11-18 23:15:00,45.63
2025-11-18 23:30:00,145.0
2025-11-18 23:45:00,48.27
2025-11-19 00:00:00,91.46
2025-11-19 00:15:00,87.18
2025-11-19 00:30:00,86.52
2025-11-19 00:45:00,51.41
2025-11-19 01:00:00,86.85
2025-11-19 01:15:00,84.7
2025-11-19 01:30:00,145.0
2025-11-19 01:45:00,133.9
2025-11-19 02:00:00,63.62
2025-11-19 02:15:00,67.08
2025-11-19 02:30:00,84.4
2025-11-19 02:45:00,83.92
2025-11-19 03:00:00,82.07
2025-11-19 03:15:00,66.99
2025-11-19 03:30:00,83.55
2025-11-19 03:45:00,84.24
2025-11-19 04:00:00,81.16
2025-11-19 04:15:00,83.49
2025-11-19 04:30:00,67.08
2025-11-19 04:45:00,87.32
2025-11-19 05:00:00,140.0
2025-11-19 05:15:00,145.0
2025-11-19 05:30:00,87.74
2025-11-19 05:45:00,53.83
2025-11-19 06:00:00,64.48
2025-11-19 06:15:00,63.34
2025-11-19 06:30:00,100.77
2025-11-19 06:45:00,114.06
2025-11-19 07:00:00,124.14
2025-11-19 07:15:00,128.61
2025-11-19 07:30:00,131.54
2025-11-19 07:45:00,502.92
2025-11-19 08:00:00,401.73
2025-11-19 08:15:00,400.0
2025-11-19 08:30:00,303.84
2025-11-19 08:45:00,190.0
2025-11-19 09:00:00,71.88
2025-11-19 09:15:00,73.18
2025-11-19 09:30:00,116.41
2025-11-19 09:45:00,103.0
2025-11-19 10:00:00,115.27
2025-11-19 10:15:00,101.89
2025-11-19 10:30:00,98.0
2025-11-19 10:45:00,86.49
2025-11-19 11:00:00,98.72
2025-11-19 11:15:00,95.46
2025-11-19 11:30:00,93.76
2025-11-19 11:45:00,94.61
2025-11-19 12:00:00,68.24
2025-11-19 12:15:00,93.82
2025-11-19 12:30:00,93.87
2025-11-19 12:45:00,73.74
2025-11-19 13:00:00,68.68
2025-11-19 13:15:00,94.08
2025-11-19 13:30:00,98.7
2025-11-19 13:45:00,105.16
2025-11-19 14:00:00,90.0
2025-11-19 14:15:00,98.16
2025-11-19 14:30:00,113.46
2025-11-19 14:45:00,123.12
2025-11-19 15:00:00,109.24
2025-11-19 15:15:00,160.58
2025-11-19 15:30:00,119.8
2025-11-19 15:45:00,53.03
2025-11-19 16:00:00,116.68
2025-11-19 16:15:00,152.44
2025-11-19 16:30:00,184.63
2025-11-19 16:45:00,186.21
2025-11-19 17:00:00,189.16
2025-11-19 17:15:00,164.24
2025-11-19 17:30:00,155.91
2025-11-19 17:45:00,200.18
2025-11-19 18:00:00,159.0
2025-11-19 18:15:00,156.41
2025-11-19 18:30:00,133.78
2025-11-19 18:45:00,125.08
2025-11-19 19:00:00,121.96
2025-11-19 19:15:00,118.23
2025-11-19 19:30:00,118.94
2025-11-19 19:45:00,155.65
2025-11-19 20:00:00,123.04
2025-11-19 20:15:00,116.15
2025-11-19 20:30:00,104.82
2025-11-19 20:45:00,95.38
2025-11-19 21:00:00,56.3
2025-11-19 21:15:00,53.56
2025-11-19 21:30:00,68.23
2025-11-19 21:45:00,66.27
2025-11-19 22:00:00,122.86
2025-11-19 22:15:00,115.0
2025-11-19 22:30:00,120.0
2025-11-19 22:45:00,102.0
2025-11-19 23:00:00,129.59
2025-11-19 23:15:00,122.88
2025-11-19 23:30:00,122.89
2025-11-19 23:45:00,122.89
2025-11-20 00:00:00,81.0
2025-11-20 00:15:00,92.39
2025-11-20 00:30:00,89.12
2025-11-20 00:45:00,87.61
2025-11-20 01:00:00,89.49
2025-11-20 01:15:00,72.0
2025-11-20 01:30:00,87.61
2025-11-20 01:45:00,86.99
2025-11-20 02:00:00,88.11
2025-11-20 02:15:00,73.0
2025-11-20 02:30:00,68.67
2025-11-20 02:45:00,86.3
2025-11-20 03:00:00,62.72
2025-11-20 03:15:00,79.0
2025-11-20 03:30:00,98.0
2025-11-20 03:45:00,86.86
2025-11-20 04:00:00,105.81
2025-11-20 04:15:00,86.33
2025-11-20 04:30:00,62.54
2025-11-20 04:45:00,58.05
2025-11-20 05:00:00,53.85
2025-11-20 05:15:00,37.06
2025-11-20 05:30:00,56.29
2025-11-20 05:45:00,65.2
2025-11-20 06:00:00,48.25
2025-11-20 06:15:00,72.21
2025-11-20 06:30:00,67.18
2025-11-20 06:45:00,56.18
2025-11-20 07:00:00,64.56
2025-11-20 07:15:00,80.34
2025-11-20 07:30:00,117.02
2025-11-20 07:45:00,156.74
2025-11-20 08:00:00,165.2
2025-11-20 08:15:00,161.76
2025-11-20 08:30:00,156.67
2025-11-20 08:45:00,150.0
2025-11-20 09:00:00,173.29
2025-11-20 09:15:00,80.17
2025-11-20 09:30:00,150.43
2025-11-20 09:45:00,135.17
2025-11-20 10:00:00,171.0
2025-11-20 10:15:00,140.75
2025-11-20 10:30:00,135.65
2025-11-20 10:45:00,78.72
2025-11-20 11:00:00,78.58
2025-11-20 11:15:00,130.57
2025-11-20 11:30:00,185.72
2025-11-20 11:45:00,147.27
2025-11-20 12:00:00,147.3
2025-11-20 12:15:00,186.45
2025-11-20 12:30:00,80.34
2025-11-20 12:45:00,191.28
2025-11-20 13:00:00,187.1
2025-11-20 13:15:00,163.71
2025-11-20 13:30:00,174.2
2025-11-20 13:45:00,200.0
2025-11-20 14:00:00,55.35
2025-11-20 14:15:00,73.43
2025-11-20 14:30:00,157.36
2025-11-20 14:45:00,151.76
2025-11-20 15:00:00,132.71
2025-11-20 15:15:00,144.76
2025-11-20 15:30:00,150.0
2025-11-20 15:45:00,119.12
2025-11-20 16:00:00,151.63
2025-11-20 16:15:00,164.11
2025-11-20 16:30:00,183.93
2025-11-20 16:45:00,193.59
2025-11-20 17:00:00,176.9
2025-11-20 17:15:00,209.27
2025-11-20 17:30:00,88.04
2025-11-20 17:45:00,170.9
2025-11-20 18:00:00,137.0
2025-11-20 18:15:00,159.31
2025-11-20 18:30:00,111.2
2025-11-20 18:45:00,180.97
2025-11-20 19:00:00,161.2
2025-11-20 19:15:00,152.5
2025-11-20 19:30:00,153.53
2025-11-20 19:45:00,70.74
2025-11-20 20:00:00,166.89
2025-11-20 20:15:00,146.27
2025-11-20 20:30:00,134.84
2025-11-20 20:45:00,68.63
2025-11-20 21:00:00,69.34
2025-11-20 21:15:00,124.27
2025-11-20 21:30:00,74.19
2025-11-20 21:45:00,103.92
2025-11-20 22:00:00,124.87
2025-11-20 22:15:00,128.09
2025-11-20 22:30:00,106.12
2025-11-20 22:45:00,106.12
2025-11-20 23:00:00,152.83
2025-11-20 23:15:00,141.77
2025-11-20 23:30:00,200.83
2025-11-20 23:45:00,186.94
2025-11-21 00:00:00,104.01
2025-11-21 00:15:00,108.21
2025-11-21 00:30:00,97.35
2025-11-21 00:45:00,91.21
2025-11-21 01:00:00,180.1
2025-11-21 01:15:00,115.2
2025-11-21 01:30:00,267.79
2025-11-21 01:45:00,93.18
2025-11-21 02:00:00,93.99
2025-11-21 02:15:00,88.84
2025-11-21 02:30:00,88.28
2025-11-21 02:45:00,93.38
2025-11-21 03:00:00,187.25
2025-11-21 03:15:00,117.83
2025-11-21 03:30:00,97.0
2025-11-21 03:45:00,88.04
2025-11-21 04:00:00,73.47
2025-11-21 04:15:00,79.13
2025-11-21 04:30:00,76.17
2025-11-21 04:45:00,56.92
2025-11-21 05:00:00,71.83
2025-11-21 05:15:00,74.54
2025-11-21 05:30:00,77.29
2025-11-21 05:45:00,75.0
2025-11-21 06:00:00,62.93
2025-11-21 06:15:00,40.17
2025-11-21 06:30:00,75.0
2025-11-21 06:45:00,119.93
2025-11-21 07:00:00,80.87
2025-11-21 07:15:00,80.99
2025-11-21 07:30:00,190.11
2025-11-21 07:45:00,200.0
2025-11-21 08:00:00,229.62
2025-11-21 08:15:00,223.39
2025-11-21 08:30:00,200.0
2025-11-21 08:45:00,168.52
2025-11-21 09:00:00,220.0
2025-11-21 09:15:00,190.32
2025-11-21 09:30:00,104.47
2025-11-21 09:45:00,71.16
2025-11-21 10:00:00,69.74
2025-11-21 10:15:00,155.78
2025-11-21 10:30:00,95.6
2025-11-21 10:45:00,125.45
2025-11-21 11:00:00,96.4
2025-11-21 11:15:00,79.48
2025-11-21 11:30:00,73.36
2025-11-21 11:45:00,73.35
2025-11-21 12:00:00,132.8
2025-11-21 12:15:00,83.06
2025-11-21 12:30:00,67.69
2025-11-21 12:45:00,130.55
2025-11-21 13:00:00,83.5
2025-11-21 13:15:00,98.93
2025-11-21 13:30:00,81.81
2025-11-21 13:45:00,77.66
2025-11-21 14:00:00,82.54
2025-11-21 14:15:00,147.57
2025-11-21 14:30:00,80.34
2025-11-21 14:45:00,173.9
2025-11-21 15:00:00,144.2
2025-11-21 15:15:00,93.72
2025-11-21 15:30:00,80.56
2025-11-21 15:45:00,263.54
2025-11-21 16:00:00,81.34
2025-11-21 16:15:00,230.0
2025-11-21 16:30:00,259.15
2025-11-21 16:45:00,50.23
2025-11-21 17:00:00,66.81
2025-11-21 17:15:00,75.0
2025-11-21 17:30:00,80.51
2025-11-21 17:45:00,75.0
2025-11-21 18:00:00,80.34
2025-11-21 18:15:00,65.0
2025-11-21 18:30:00,68.56
2025-11-21 18:45:00,66.81
2025-11-21 19:00:00,52.49
2025-11-21 19:15:00,66.81
2025-11-21 19:30:00,52.49
2025-11-21 19:45:00,57.54
2025-11-21 20:00:00,70.37
2025-11-21 20:15:00,74.3
2025-11-21 20:30:00,123.98
2025-11-21 20:45:00,116.21
2025-11-21 21:00:00,142.91
2025-11-21 21:15:00,120.27
2025-11-21 21:30:00,112.35
2025-11-21 21:45:00,103.01
2025-11-21 22:00:00,115.68
2025-11-21 22:15:00,109.62
2025-11-21 22:30:00,55.76
2025-11-21 22:45:00,51.55
2025-11-21 23:00:00,26.78
2025-11-21 23:15:00,89.14
2025-11-21 23:30:00,160.66
2025-11-21 23:45:00,86.06
2025-11-22 00:00:00,118.95
2025-11-22 00:15:00,53.64
2025-11-22 00:30:00,23.09
2025-11-22 00:45:00,13.23
2025-11-22 01:00:00,28.71
2025-11-22 01:15:00,26.78
2025-11-22 01:30:00,42.23
2025-11-22 01:45:00,48.94
2025-11-22 02:00:00,55.85
2025-11-22 02:15:00,139.17
2025-11-22 02:30:00,56.4
2025-11-22 02:45:00,13.81
2025-11-22 03:00:00,31.39
2025-11-22 03:15:00,40.17
2025-11-22 03:30:00,62.93
2025-11-22 03:45:00,69.33
2025-11-22 04:00:00,53.55
2025-11-22 04:15:00,82.81
2025-11-22 04:30:00,80.77
2025-11-22 04:45:00,79.76
2025-11-22 05:00:00,18.87
2025-11-22 05:15:00,33.48
2025-11-22 05:30:00,13.32
2025-11-22 05:45:00,-2.77
2025-11-22 06:00:00,-5.0
2025-11-22 06:15:00,-5.0
2025-11-22 06:30:00,-5.0
2025-11-22 06:45:00,-5.0
2025-11-22 07:00:00,-7.0
2025-11-22 07:15:00,-10.04
2025-11-22 07:30:00,-11.69
2025-11-22 07:45:00,-13.38
2025-11-22 08:00:00,-10.0
2025-11-22 08:15:00,-2.77
2025-11-22 08:30:00,-2.54
2025-11-22 08:45:00,-2.77
2025-11-22 09:00:00,23.44
2025-11-22 09:15:00,47.13
2025-11-22 09:30:00,49.3
2025-11-22 09:45:00,39.77
2025-11-22 10:00:00,87.16
2025-11-22 10:15:00,79.53
2025-11-22 10:30:00,23.94
2025-11-22 10:45:00,20.09
2025-11-22 11:00:00,20.08
2025-11-22 11:15:00,23.44
2025-11-22 11:30:00,47.5
2025-11-22 11:45:00,39.42
2025-11-22 12:00:00,90.0
2025-11-22 12:15:00,75.92
2025-11-22 12:30:00,13.32
2025-11-22 12:45:00,36.83
2025-11-22 13:00:00,33.48
2025-11-22 13:15:00,17.5
2025-11-22 13:30:00,13.43
2025-11-22 13:45:00,39.8
2025-11-22 14:00:00,26.78
2025-11-22 14:15:00,50.63
2025-11-22 14:30:00,54.33
2025-11-22 14:45:00,66.95
2025-11-22 15:00:00,68.0
2025-11-22 15:15:00,167.95
2025-11-22 15:30:00,104.95
2025-11-22 15:45:00,82.8
2025-11-22 16:00:00,84.91
2025-11-22 16:15:00,48.27
2025-11-22 16:30:00,49.47
2025-11-22 16:45:00,43.6
2025-11-22 17:00:00,40.62
2025-11-22 17:15:00,40.49
2025-11-22 17:30:00,40.22
2025-11-22 17:45:00,34.3
2025-11-22 18:00:00,20.31
2025-11-22 18:15:00,8.47
2025-11-22 18:30:00,8.47
2025-11-22 18:45:00,8.47
2025-11-22 19:00:00,8.47
2025-11-22 19:15:00,-14.75
2025-11-22 19:30:00,-32.01
2025-11-22 19:45:00,-20.18
2025-11-22 20:00:00,-12.21
2025-11-22 20:15:00,-36.28
2025-11-22 20:30:00,-6.42
2025-11-22 20:45:00,-41.96
2025-11-22 21:00:00,-6.7
2025-11-22 21:15:00,-3.88
2025-11-22 21:30:00,-0.44
2025-11-22 21:45:00,6.7
2025-11-22 22:00:00,-7.5
2025-11-22 22:15:00,-5.0
2025-11-22 22:30:00,-10.0
2025-11-22 22:45:00,-5.36
2025-11-22 23:00:00,-10.0
2025-11-22 23:15:00,-63.54
2025-11-22 23:30:00,-10.0
2025-11-22 23:45:00,-7.89
2025-11-23 00:00:00,8.47
2025-11-23 00:15:00,8.47
2025-11-23 00:30:00,13.32
2025-11-23 00:45:00,19.72
2025-11-23 01:00:00,10.05
2025-11-23 01:15:00,9.37
2025-11-23 01:30:00,16.32
2025-11-23 01:45:00,15.58
2025-11-23 02:00:00,20.09
2025-11-23 02:15:00,20.76
2025-11-23 02:30:00,17.47
2025-11-23 02:45:00,16.58
2025-11-23 03:00:00,16.49
2025-11-23 03:15:00,17.26
2025-11-23 03:30:00,10.65
2025-11-23 03:45:00,9.37
2025-11-23 04:00:00,8.47
2025-11-23 04:15:00,8.47
2025-11-23 04:30:00,8.47
2025-11-23 04:45:00,8.47
2025-11-23 05:00:00,8.47
2025-11-23 05:15:00,8.47
2025-11-23 05:30:00,8.47
2025-11-23 05:45:00,10.65
2025-11-23 06:00:00,11.41
2025-11-23 06:15:00,9.77
2025-11-23 06:30:00,-34.07
2025-11-23 06:45:00,-5.95
2025-11-23 07:00:00,49.31
2025-11-23 07:15:00,116.43
2025-11-23 07:30:00,97.35
2025-11-23 07:45:00,272.3
2025-11-23 08:00:00,64.02
2025-11-23 08:15:00,194.47
2025-11-23 08:30:00,142.4
2025-11-23 08:45:00,113.82
2025-11-23 09:00:00,335.72
2025-11-23 09:15:00,62.45
2025-11-23 09:30:00,62.07
2025-11-23 09:45:00,58.99
2025-11-23 10:00:00,70.85
2025-11-23 10:15:00,16.74
2025-11-23 10:30:00,26.6
2025-11-23 10:45:00,15.79
2025-11-23 11:00:00,37.27
2025-11-23 11:15:00,61.32
2025-11-23 11:30:00,23.44
2025-11-23 11:45:00,15.67
2025-11-23 12:00:00,93.33
2025-11-23 12:15:00,67.46
2025-11-23 12:30:00,68.51
2025-11-23 12:45:00,86.67
2025-11-23 13:00:00,83.56
2025-11-23 13:15:00,64.57
2025-11-23 13:30:00,123.26
2025-11-23 13:45:00,128.17
2025-11-23 14:00:00,183.91
2025-11-23 14:15:00,162.45
2025-11-23 14:30:00,137.82
2025-11-23 14:45:00,183.44
2025-11-23 15:00:00,79.25
2025-11-23 15:15:00,74.44
2025-11-23 15:30:00,92.78
2025-11-23 15:45:00,52.55
2025-11-23 16:00:00,82.39
2025-11-23 16:15:00,75.58
2025-11-23 16:30:00,212.97
2025-11-23 16:45:00,139.81
2025-11-23 17:00:00,78.9
2025-11-23 17:15:00,82.15
2025-11-23 17:30:00,61.6
2025-11-23 17:45:00,81.38
2025-11-23 18:00:00,82.35
2025-11-23 18:15:00,60.5
2025-11-23 18:30:00,78.63
2025-11-23 18:45:00,88.1
2025-11-23 19:00:00,87.37
2025-11-23 19:15:00,60.46
2025-11-23 19:30:00,82.11
2025-11-23 19:45:00,79.49
2025-11-23 20:00:00,82.17
2025-11-23 20:15:00,79.08
2025-11-23 20:30:00,76.77
2025-11-23 20:45:00,71.63
2025-11-23 21:00:00,51.7
2025-11-23 21:15:00,74.2
2025-11-23 21:30:00,72.58
2025-11-23 21:45:00,70.66
2025-11-23 22:00:00,136.56
2025-11-23 22:15:00,81.03
2025-11-23 22:30:00,80.85
2025-11-23 22:45:00,78.9
2025-11-23 23:00:00,127.2
2025-11-23 23:15:00,76.0
2025-11-23 23:30:00,74.4
2025-11-23 23:45:00,73.56
2025-11-24 00:00:00,27.08
2025-11-24 00:15:00,65.0
2025-11-24 00:30:00,99.36
2025-11-24 00:45:00,68.72
2025-11-24 01:00:00,84.72
2025-11-24 01:15:00,68.61
2025-11-24 01:30:00,69.05
2025-11-24 01:45:00,68.65
2025-11-24 02:00:00,68.26
2025-11-24 02:15:00,70.79
2025-11-24 02:30:00,70.86
2025-11-24 02:45:00,35.63
2025-11-24 03:00:00,48.5
2025-11-24 03:15:00,36.57
2025-11-24 03:30:00,70.72
2025-11-24 03:45:00,28.22
2025-11-24 04:00:00,50.0
2025-11-24 04:15:00,62.06
2025-11-24 04:30:00,67.22
2025-11-24 04:45:00,73.31
2025-11-24 05:00:00,69.67
2025-11-24 05:15:00,70.06
2025-11-24 05:30:00,55.2
2025-11-24 05:45:00,22.32
2025-11-24 06:00:00,19.66
2025-11-24 06:15:00,49.21
2025-11-24 06:30:00,53.56
2025-11-24 06:45:00,51.81
2025-11-24 07:00:00,29.9
2025-11-24 07:15:00,65.0
2025-11-24 07:30:00,94.57
2025-11-24 07:45:00,49.69
2025-11-24 08:00:00,72.0
2025-11-24 08:15:00,73.0
2025-11-24 08:30:00,158.85
2025-11-24 08:45:00,103.71
2025-11-24 09:00:00,100.29
2025-11-24 09:15:00,235.98
2025-11-24 09:30:00,110.54
2025-11-24 09:45:00,109.54
2025-11-24 10:00:00,285.98
2025-11-24 10:15:00,267.8
2025-11-24 10:30:00,167.38
2025-11-24 10:45:00,267.14
2025-11-24 11:00:00,121.38
2025-11-24 11:15:00,150.82
2025-11-24 11:30:00,159.4
2025-11-24 11:45:00,338.04
2025-11-24 12:00:00,185.31
2025-11-24 12:15:00,267.79
2025-11-24 12:30:00,468.0
2025-11-24 12:45:00,376.55
2025-11-24 13:00:00,200.85
2025-11-24 13:15:00,518.22
2025-11-24 13:30:00,518.22
2025-11-24 13:45:00,535.57
2025-11-24 14:00:00,209.75
2025-11-24 14:15:00,334.75
2025-11-24 14:30:00,401.72
2025-11-24 14:45:00,308.1
2025-11-24 15:00:00,334.75
2025-11-24 15:15:00,345.31
2025-11-24 15:30:00,334.76
2025-11-24 15:45:00,225.0
2025-11-24 16:00:00,178.82
2025-11-24 16:15:00,198.95
2025-11-24 16:30:00,125.0
2025-11-24 16:45:00,73.05
2025-11-24 17:00:00,79.36
2025-11-24 17:15:00,80.34
2025-11-24 17:30:00,75.19
2025-11-24 17:45:00,68.51
2025-11-24 18:00:00,252.07
2025-11-24 18:15:00,215.83
2025-11-24 18:30:00,207.98
2025-11-24 18:45:00,43.0
2025-11-24 19:00:00,204.0
2025-11-24 19:15:00,65.0
2025-11-24 19:30:00,177.37
2025-11-24 19:45:00,164.61
2025-11-24 20:00:00,159.67
2025-11-24 20:15:00,141.72
2025-11-24 20:30:00,151.96
2025-11-24 20:45:00,137.82
2025-11-24 21:00:00,152.28
2025-11-24 21:15:00,134.97
2025-11-24 21:30:00,126.25
2025-11-24 21:45:00,116.45
2025-11-24 22:00:00,131.78
2025-11-24 22:15:00,126.33
2025-11-24 22:30:00,113.69
2025-11-24 22:45:00,39.39
2025-11-24 23:00:00,47.0
2025-11-24 23:15:00,43.07
2025-11-24 23:30:00,35.5
2025-11-24 23:45:00,36.35
2025-11-25 00:00:00,97.94
2025-11-25 00:15:00,94.94
2025-11-25 00:30:00,93.81
2025-11-25 00:45:00,93.39
2025-11-25 01:00:00,94.54
2025-11-25 01:15:00,93.2
2025-11-25 01:30:00,144.96
2025-11-25 01:45:00,88.52
2025-11-25 02:00:00,101.89
2025-11-25 02:15:00,90.27
2025-11-25 02:30:00,94.8
2025-11-25 02:45:00,88.86
2025-11-25 03:00:00,89.5
2025-11-25 03:15:00,85.04
2025-11-25 03:30:00,85.51
2025-11-25 03:45:00,85.46
2025-11-25 04:00:00,48.71
2025-11-25 04:15:00,50.54
2025-11-25 04:30:00,27.0
2025-11-25 04:45:00,29.38
2025-11-25 05:00:00,51.63
2025-11-25 05:15:00,70.0
2025-11-25 05:30:00,56.15
2025-11-25 05:45:00,56.03
2025-11-25 06:00:00,66.0
2025-11-25 06:15:00,68.5
2025-11-25 06:30:00,68.0
2025-11-25 06:45:00,65.01
2025-11-25 07:00:00,79.66
2025-11-25 07:15:00,214.67
2025-11-25 07:30:00,304.15
2025-11-25 07:45:00,316.04
2025-11-25 08:00:00,78.13
2025-11-25 08:15:00,304.03
2025-11-25 08:30:00,303.69
2025-11-25 08:45:00,301.64
2025-11-25 09:00:00,269.21
2025-11-25 09:15:00,293.49
2025-11-25 09:30:00,259.23
2025-11-25 09:45:00,64.22
2025-11-25 10:00:00,78.56
2025-11-25 10:15:00,86.16
2025-11-25 10:30:00,67.0
2025-11-25 10:45:00,82.78
2025-11-25 11:00:00,78.33
2025-11-25 11:15:00,74.32
2025-11-25 11:30:00,163.12
2025-11-25 11:45:00,67.0
2025-11-25 12:00:00,53.61
2025-11-25 12:15:00,49.83
2025-11-25 12:30:00,61.3
2025-11-25 12:45:00,165.0
2025-11-25 13:00:00,161.41
2025-11-25 13:15:00,158.51
2025-11-25 13:30:00,265.23
2025-11-25 13:45:00,250.0
2025-11-25 14:00:00,247.43
2025-11-25 14:15:00,278.01
2025-11-25 14:30:00,274.91
2025-11-25 14:45:00,332.89
2025-11-25 15:00:00,293.89
2025-11-25 15:15:00,68.58
2025-11-25 15:30:00,80.34
2025-11-25 15:45:00,208.27
2025-11-25 16:00:00,229.49
2025-11-25 16:15:00,256.59
2025-11-25 16:30:00,356.79
2025-11-25 16:45:00,384.85
2025-11-25 17:00:00,350.98
2025-11-25 17:15:00,401.18
2025-11-25 17:30:00,396.42
2025-11-25 17:45:00,76.69
2025-11-25 18:00:00,77.2
2025-11-25 18:15:00,80.34
2025-11-25 18:30:00,309.51
2025-11-25 18:45:00,79.78
2025-11-25 19:00:00,357.06
2025-11-25 19:15:00,266.61
2025-11-25 19:30:00,130.0
2025-11-25 19:45:00,122.9
2025-11-25 20:00:00,90.0
2025-11-25 20:15:00,75.62
2025-11-25 20:30:00,78.46
2025-11-25 20:45:00,136.0
2025-11-25 21:00:00,200.85
2025-11-25 21:15:00,154.52
2025-11-25 21:30:00,168.1
2025-11-25 21:45:00,575.89
2025-11-25 22:00:00,80.08
2025-11-25 22:15:00,89.92
2025-11-25 22:30:00,116.8
2025-11-25 22:45:00,105.55
2025-11-25 23:00:00,117.11
2025-11-25 23:15:00,52.91
2025-11-25 23:30:00,97.14
2025-11-25 23:45:00,63.62
2025-11-26 00:00:00,102.07
2025-11-26 00:15:00,90.14
2025-11-26 00:30:00,90.77
2025-11-26 00:45:00,186.77
2025-11-26 01:00:00,122.98
2025-11-26 01:15:00,89.41
2025-11-26 01:30:00,90.01
2025-11-26 01:45:00,117.83
2025-11-26 02:00:00,124.78
2025-11-26 02:15:00,88.98
2025-11-26 02:30:00,87.42
2025-11-26 02:45:00,87.4
2025-11-26 03:00:00,88.93
2025-11-26 03:15:00,92.83
2025-11-26 03:30:00,90.07
2025-11-26 03:45:00,65.8
2025-11-26 04:00:00,56.86
2025-11-26 04:15:00,66.95
2025-11-26 04:30:00,69.69
2025-11-26 04:45:00,66.41
2025-11-26 05:00:00,87.09
2025-11-26 05:15:00,68.0
2025-11-26 05:30:00,73.79
2025-11-26 05:45:00,71.16
2025-11-26 06:00:00,65.0
2025-11-26 06:15:00,67.5
2025-11-26 06:30:00,84.5
2025-11-26 06:45:00,110.0
2025-11-26 07:00:00,73.79
2025-11-26 07:15:00,100.0
2025-11-26 07:30:00,150.0
2025-11-26 07:45:00,231.45
2025-11-26 08:00:00,175.0
2025-11-26 08:15:00,180.0
2025-11-26 08:30:00,218.2
2025-11-26 08:45:00,197.9
2025-11-26 09:00:00,194.5
2025-11-26 09:15:00,165.0
2025-11-26 09:30:00,170.0
2025-11-26 09:45:00,159.0
2025-11-26 10:00:00,80.34
2025-11-26 10:15:00,59.61
2025-11-26 10:30:00,77.99
2025-11-26 10:45:00,53.56
2025-11-26 11:00:00,140.0
2025-11-26 11:15:00,140.0
2025-11-26 11:30:00,135.0
2025-11-26 11:45:00,130.0
2025-11-26 12:00:00,33.64
2025-11-26 12:15:00,66.77
2025-11-26 12:30:00,80.33
2025-11-26 12:45:00,66.49
2025-11-26 13:00:00,50.94
2025-11-26 13:15:00,50.21
2025-11-26 13:30:00,33.48
2025-11-26 13:45:00,40.17
2025-11-26 14:00:00,73.07
2025-11-26 14:15:00,137.0
2025-11-26 14:30:00,159.0
2025-11-26 14:45:00,167.2
2025-11-26 15:00:00,169.44
2025-11-26 15:15:00,226.47
2025-11-26 15:30:00,236.81
2025-11-26 15:45:00,233.0
2025-11-26 16:00:00,194.92
2025-11-26 16:15:00,250.0
2025-11-26 16:30:00,250.0
2025-11-26 16:45:00,371.4
2025-11-26 17:00:00,291.77
2025-11-26 17:15:00,440.35
2025-11-26 17:30:00,328.37
2025-11-26 17:45:00,293.23
2025-11-26 18:00:00,267.96
2025-11-26 18:15:00,213.57
2025-11-26 18:30:00,226.25
2025-11-26 18:45:00,208.44
2025-11-26 19:00:00,267.79
2025-11-26 19:15:00,286.76
2025-11-26 19:30:00,187.46
2025-11-26 19:45:00,155.63
2025-11-26 20:00:00,200.84
2025-11-26 20:15:00,267.8
2025-11-26 20:30:00,131.9
2025-11-26 20:45:00,175.28
2025-11-26 21:00:00,374.8
2025-11-26 21:15:00,300.0
2025-11-26 21:30:00,117.83
2025-11-26 21:45:00,200.0
2025-11-26 22:00:00,160.41
2025-11-26 22:15:00,241.02
2025-11-26 22:30:00,200.84
2025-11-26 22:45:00,137.42
2025-11-26 23:00:00,147.28
2025-11-26 23:15:00,113.96
2025-11-26 23:30:00,141.88
2025-11-26 23:45:00,82.0
2025-11-27 00:00:00,94.07
2025-11-27 00:15:00,91.21
2025-11-27 00:30:00,138.56
2025-11-27 00:45:00,86.69
2025-11-27 01:00:00,55.02
2025-11-27 01:15:00,55.0
2025-11-27 01:30:00,50.1
2025-11-27 01:45:00,39.08
2025-11-27 02:00:00,37.32
2025-11-27 02:15:00,50.05
2025-11-27 02:30:00,78.46
2025-11-27 02:45:00,35.26
2025-11-27 03:00:00,52.83
2025-11-27 03:15:00,55.13
2025-11-27 03:30:00,43.73
2025-11-27 03:45:00,39.96
2025-11-27 04:00:00,36.67
2025-11-27 04:15:00,45.59
2025-11-27 04:30:00,41.86
2025-11-27 04:45:00,67.62
2025-11-27 05:00:00,75.0
2025-11-27 05:15:00,43.79
2025-11-27 05:30:00,40.91
2025-11-27 05:45:00,26.78
2025-11-27 06:00:00,23.44
2025-11-27 06:15:00,7.29
2025-11-27 06:30:00,7.29
2025-11-27 06:45:00,5.18
2025-11-27 07:00:00,33.48
2025-11-27 07:15:00,50.78
2025-11-27 07:30:00,33.27
2025-11-27 07:45:00,13.39
2025-11-27 08:00:00,50.21
2025-11-27 08:15:00,53.56
2025-11-27 08:30:00,53.72
2025-11-27 08:45:00,60.35
2025-11-27 09:00:00,67.88
2025-11-27 09:15:00,70.23
2025-11-27 09:30:00,89.94
2025-11-27 09:45:00,78.17
2025-11-27 10:00:00,79.84
2025-11-27 10:15:00,83.01
2025-11-27 10:30:00,76.82
2025-11-27 10:45:00,37.82
2025-11-27 11:00:00,75.86
2025-11-27 11:15:00,76.9
2025-11-27 11:30:00,158.14
2025-11-27 11:45:00,75.82
2025-11-27 12:00:00,74.78
2025-11-27 12:15:00,73.21
2025-11-27 12:30:00,64.95
2025-11-27 12:45:00,71.67
2025-11-27 13:00:00,70.92
2025-11-27 13:15:00,70.31
2025-11-27 13:30:00,74.51
2025-11-27 13:45:00,73.0
2025-11-27 14:00:00,75.05
2025-11-27 14:15:00,71.49
2025-11-27 14:30:00,69.9
2025-11-27 14:45:00,69.9
2025-11-27 15:00:00,66.15
2025-11-27 15:15:00,99.49
2025-11-27 15:30:00,482.48
2025-11-27 15:45:00,916.61
2025-11-27 16:00:00,109.9
2025-11-27 16:15:00,80.1
2025-11-27 16:30:00,103.69
2025-11-27 16:45:00,60.27
2025-11-27 17:00:00,57.83
2025-11-27 17:15:00,32.63
2025-11-27 17:30:00,36.37
2025-11-27 17:45:00,30.46
2025-11-27 18:00:00,45.95
2025-11-27 18:15:00,41.91
2025-11-27 18:30:00,29.11
2025-11-27 18:45:00,33.52
2025-11-27 19:00:00,50.83
2025-11-27 19:15:00,51.05
2025-11-27 19:30:00,33.89
2025-11-27 19:45:00,13.92
2025-11-27 20:00:00,13.37
2025-11-27 20:15:00,23.88
2025-11-27 20:30:00,19.28
2025-11-27 20:45:00,15.24
2025-11-27 21:00:00,23.55
2025-11-27 21:15:00,22.13
2025-11-27 21:30:00,18.74
2025-11-27 21:45:00,17.42
2025-11-27 22:00:00,11.85
2025-11-27 22:15:00,56.56
2025-11-27 22:30:00,49.1
2025-11-27 22:45:00,38.51
2025-11-27 23:00:00,31.92
2025-11-27 23:15:00,51.47
2025-11-27 23:30:00,35.32
2025-11-27 23:45:00,19.94
2025-11-28 00:00:00,9.29
2025-11-28 00:15:00,36.98
2025-11-28 00:30:00,90.23
2025-11-28 00:45:00,130.8
2025-11-28 01:00:00,59.0
2025-11-28 01:15:00,59.0
2025-11-28 01:30:00,40.94
2025-11-28 01:45:00,37.18
2025-11-28 02:00:00,33.48
2025-11-28 02:15:00,26.11
2025-11-28 02:30:00,37.1
2025-11-28 02:45:00,36.89
2025-11-28 03:00:00,49.5
2025-11-28 03:15:00,43.07
2025-11-28 03:30:00,20.17
2025-11-28 03:45:00,38.08
2025-11-28 04:00:00,38.04
2025-11-28 04:15:00,38.09
2025-11-28 04:30:00,16.0
2025-11-28 04:45:00,22.0
2025-11-28 05:00:00,-1.5
2025-11-28 05:15:00,-1.94
2025-11-28 05:30:00,17.71
2025-11-28 05:45:00,24.49
2025-11-28 06:00:00,26.78
2025-11-28 06:15:00,10.04
2025-11-28 06:30:00,8.03
2025-11-28 06:45:00,-2.0
2025-11-28 07:00:00,20.09
2025-11-28 07:15:00,23.44
2025-11-28 07:30:00,115.16
2025-11-28 07:45:00,64.28
2025-11-28 08:00:00,62.0
2025-11-28 08:15:00,73.64
2025-11-28 08:30:00,73.78
2025-11-28 08:45:00,73.78
2025-11-28 09:00:00,39.14
2025-11-28 09:15:00,50.72
2025-11-28 09:30:00,55.26
2025-11-28 09:45:00,55.86
2025-11-28 10:00:00,58.02
2025-11-28 10:15:00,73.77
2025-11-28 10:30:00,28.88
2025-11-28 10:45:00,60.0
2025-11-28 11:00:00,57.44
2025-11-28 11:15:00,58.65
2025-11-28 11:30:00,27.89
2025-11-28 11:45:00,30.91
2025-11-28 12:00:00,40.84
2025-11-28 12:15:00,36.94
2025-11-28 12:30:00,42.32
2025-11-28 12:45:00,20.88
2025-11-28 13:00:00,41.15
2025-11-28 13:15:00,69.15
2025-11-28 13:30:00,69.21
2025-11-28 13:45:00,87.9
2025-11-28 14:00:00,68.76
2025-11-28 14:15:00,69.06
2025-11-28 14:30:00,67.95
2025-11-28 14:45:00,24.17
2025-11-28 15:00:00,29.89
2025-11-28 15:15:00,22.37
2025-11-28 15:30:00,29.8
2025-11-28 15:45:00,36.28
2025-11-28 16:00:00,43.69
2025-11-28 16:15:00,50.44
2025-11-28 16:30:00,53.1
2025-11-28 16:45:00,52.11
2025-11-28 17:00:00,50.13
2025-11-28 17:15:00,63.41
2025-11-28 17:30:00,47.33
2025-11-28 17:45:00,67.5
2025-11-28 18:00:00,68.34
2025-11-28 18:15:00,66.5
2025-11-28 18:30:00,43.45
2025-11-28 18:45:00,61.3
2025-11-28 19:00:00,61.15
2025-11-28 19:15:00,57.6
2025-11-28 19:30:00,60.0
2025-11-28 19:45:00,62.0
2025-11-28 20:00:00,61.38
2025-11-28 20:15:00,62.0
2025-11-28 20:30:00,74.07
2025-11-28 20:45:00,60.68
2025-11-28 21:00:00,60.49
2025-11-28 21:15:00,60.0
2025-11-28 21:30:00,52.9
2025-11-28 21:45:00,39.84
2025-11-28 22:00:00,31.16
2025-11-28 22:15:00,54.23
2025-11-28 22:30:00,51.7
2025-11-28 22:45:00,49.0
2025-11-28 23:00:00,31.13
2025-11-28 23:15:00,54.01
2025-11-28 23:30:00,36.55
2025-11-28 23:45:00,24.78
2025-11-29 00:00:00,46.2
2025-11-29 00:15:00,37.26
2025-11-29 00:30:00,267.8
2025-11-29 00:45:00,267.13
2025-11-29 01:00:00,297.11
2025-11-29 01:15:00,200.85
2025-11-29 01:30:00,147.28
2025-11-29 01:45:00,68.0
2025-11-29 02:00:00,63.0
2025-11-29 02:15:00,26.5
2025-11-29 02:30:00,20.43
2025-11-29 02:45:00,17.48
2025-11-29 03:00:00,17.92
2025-11-29 03:15:00,18.02
2025-11-29 03:30:00,19.49
2025-11-29 03:45:00,13.63
2025-11-29 04:00:00,21.4
2025-11-29 04:15:00,19.57
2025-11-29 04:30:00,15.77
2025-11-29 04:45:00,17.0
2025-11-29 05:00:00,20.49
2025-11-29 05:15:00,39.73
2025-11-29 05:30:00,53.88
2025-11-29 05:45:00,56.3
2025-11-29 06:00:00,97.89
2025-11-29 06:15:00,68.0
2025-11-29 06:30:00,82.06
2025-11-29 06:45:00,99.38
2025-11-29 07:00:00,94.06
2025-11-29 07:15:00,80.34
2025-11-29 07:30:00,84.99
2025-11-29 07:45:00,75.0
2025-11-29 08:00:00,126.62
2025-11-29 08:15:00,115.1
2025-11-29 08:30:00,86.9
2025-11-29 08:45:00,78.63
2025-11-29 09:00:00,78.42
2025-11-29 09:15:00,75.04
2025-11-29 09:30:00,75.03
2025-11-29 09:45:00,71.66
2025-11-29 10:00:00,80.34
2025-11-29 10:15:00,23.81
2025-11-29 10:30:00,72.25
2025-11-29 10:45:00,26.21
2025-11-29 11:00:00,6.75
2025-11-29 11:15:00,10.65
2025-11-29 11:30:00,31.2
2025-11-29 11:45:00,51.83
2025-11-29 12:00:00,118.63
2025-11-29 12:15:00,72.08
2025-11-29 12:30:00,76.26
2025-11-29 12:45:00,40.17
2025-11-29 13:00:00,73.89
2025-11-29 13:15:00,75.29
2025-11-29 13:30:00,124.54
2025-11-29 13:45:00,159.05
2025-11-29 14:00:00,265.8
2025-11-29 14:15:00,281.87
2025-11-29 14:30:00,346.94
2025-11-29 14:45:00,506.94
2025-11-29 15:00:00,139.4
2025-11-29 15:15:00,9.62
2025-11-29 15:30:00,19.02
2025-11-29 15:45:00,41.66
2025-11-29 16:00:00,26.1
2025-11-29 16:15:00,39.5
2025-11-29 16:30:00,13.03
2025-11-29 16:45:00,14.86
2025-11-29 17:00:00,26.79
2025-11-29 17:15:00,53.42
2025-11-29 17:30:00,53.61
2025-11-29 17:45:00,65.99
2025-11-29 18:00:00,104.9
2025-11-29 18:15:00,98.0
2025-11-29 18:30:00,93.8
2025-11-29 18:45:00,91.29
2025-11-29 19:00:00,92.17
2025-11-29 19:15:00,50.59
2025-11-29 19:30:00,46.51
2025-11-29 19:45:00,53.56
2025-11-29 20:00:00,89.88
2025-11-29 20:15:00,83.11
2025-11-29 20:30:00,76.91
2025-11-29 20:45:00,76.35
2025-11-29 21:00:00,82.99
2025-11-29 21:15:00,101.04
2025-11-29 21:30:00,99.49
2025-11-29 21:45:00,76.8
2025-11-29 22:00:00,80.87
2025-11-29 22:15:00,79.9
2025-11-29 22:30:00,101.04
2025-11-29 22:45:00,102.96
2025-11-29 23:00:00,187.26
2025-11-29 23:15:00,76.8
2025-11-29 23:30:00,93.46
2025-11-29 23:45:00,73.29
2025-11-30 00:00:00,72.46536082474228
2025-11-30 00:15:00,71.64072164948455
2025-11-30 00:30:00,70.8160824742268
2025-11-30 00:45:00,69.99144329896907
2025-11-30 01:00:00,69.16680412371134
2025-11-30 01:15:00,68.34216494845361
2025-11-30 01:30:00,67.51752577319589
2025-11-30 01:45:00,66.69288659793816
2025-11-30 02:00:00,65.86824742268041
2025-11-30 02:15:00,65.04360824742268
2025-11-30 02:30:00,64.21896907216495
2025-11-30 02:45:00,63.39432989690722
2025-11-30 03:00:00,62.569690721649486
2025-11-30 03:15:00,61.74505154639176
2025-11-30 03:30:00,60.92041237113403
2025-11-30 03:45:00,60.09577319587629
2025-11-30 04:00:00,59.27113402061856
2025-11-30 04:15:00,58.44649484536083
2025-11-30 04:30:00,57.621855670103095
2025-11-30 04:45:00,56.797216494845365
2025-11-30 05:00:00,55.972577319587636
2025-11-30 05:15:00,55.1479381443299
2025-11-30 05:30:00,54.32329896907217
2025-11-30 05:45:00,53.49865979381444
2025-11-30 06:00:00,52.6740206185567
2025-11-30 06:15:00,51.849381443298974
2025-11-30 06:30:00,51.024742268041244
2025-11-30 06:45:00,50.20010309278351
2025-11-30 07:00:00,49.37546391752578
2025-11-30 07:15:00,48.55082474226805
2025-11-30 07:30:00,47.72618556701031
2025-11-30 07:45:00,46.90154639175258
2025-11-30 08:00:00,46.076907216494845
2025-11-30 08:15:00,45.252268041237116
2025-11-30 08:30:00,44.427628865979386
2025-11-30 08:45:00,43.60298969072165
2025-11-30 09:00:00,42.77835051546392
2025-11-30 09:15:00,41.95371134020619
2025-11-30 09:30:00,41.129072164948454
2025-11-30 09:45:00,40.304432989690724
2025-11-30 10:00:00,39.479793814432995
2025-11-30 10:15:00,38.65515463917526
2025-11-30 10:30:00,37.83051546391753
2025-11-30 10:45:00,37.0058762886598
2025-11-30 11:00:00,36.18123711340206
2025-11-30 11:15:00,35.35659793814433
2025-11-30 11:30:00,34.5319587628866
2025-11-30 11:45:00,33.70731958762887
2025-11-30 12:00:00,32.88268041237114
2025-11-30 12:15:00,32.05804123711341
2025-11-30 12:30:00,31.23340206185567
2025-11-30 12:45:00,30.40876288659794
2025-11-30 13:00:00,29.584123711340208
2025-11-30 13:15:00,28.759484536082475
2025-11-30 13:30:00,27.934845360824745
2025-11-30 13:45:00,27.110206185567012
2025-11-30 14:00:00,26.28556701030928
2025-11-30 14:15:00,25.460927835051546
2025-11-30 14:30:00,24.636288659793816
2025-11-30 14:45:00,23.811649484536083
2025-11-30 15:00:00,22.98701030927835
2025-11-30 15:15:00,22.16237113402062
2025-11-30 15:30:00,21.337731958762888
2025-11-30 15:45:00,20.513092783505154
2025-11-30 16:00:00,19.688453608247425
2025-11-30 16:15:00,18.86381443298969
2025-11-30 16:30:00,18.03917525773196
2025-11-30 16:45:00,17.214536082474226
2025-11-30 17:00:00,16.389896907216496
2025-11-30 17:15:00,15.565257731958763
2025-11-30 17:30:00,14.740618556701031
2025-11-30 17:45:00,13.915979381443298
2025-11-30 18:00:00,13.091340206185567
2025-11-30 18:15:00,12.266701030927834
2025-11-30 18:30:00,11.442061855670103
2025-11-30 18:45:00,10.617422680412371
2025-11-30 19:00:00,9.792783505154638
2025-11-30 19:15:00,8.968144329896907
2025-11-30 19:30:00,8.143505154639174
2025-11-30 19:45:00,7.318865979381442
2025-11-30 20:00:00,6.49422680412371
2025-11-30 20:15:00,5.669587628865979
2025-11-30 20:30:00,4.8449484536082466
2025-11-30 20:45:00,4.020309278350514
2025-11-30 21:00:00,3.195670103092782
2025-11-30 21:15:00,2.3710309278350503
2025-11-30 21:30:00,1.546391752577318
2025-11-30 21:45:00,0.7217525773195861
2025-11-30 22:00:00,-0.10288659793814595
2025-11-30 22:15:00,-0.927525773195878
2025-11-30 22:30:00,-1.75216494845361
2025-11-30 22:45:00,-2.576804123711342
2025-11-30 23:00:00,-3.401443298969074
2025-11-30 23:15:00,-4.226082474226806
2025-11-30 23:30:00,-5.050721649484538
2025-11-30 23:45:00,-5.875360824742271
2025-12-01 00:00:00,-6.7
2025-12-01 00:15:00,-6.7
2025-12-01 00:30:00,8.09
2025-12-01 00:45:00,6.85
2025-12-01 01:00:00,18.46
2025-12-01 01:15:00,43.33
2025-12-01 01:30:00,62.39
2025-12-01 01:45:00,61.95
2025-12-01 02:00:00,49.3
2025-12-01 02:15:00,29.04
2025-12-01 02:30:00,59.79
2025-12-01 02:45:00,46.04
2025-12-01 03:00:00,63.4
2025-12-01 03:15:00,61.8
2025-12-01 03:30:00,62.0
2025-12-01 03:45:00,62.0
2025-12-01 04:00:00,43.69
2025-12-01 04:15:00,53.56
2025-12-01 04:30:00,56.76
2025-12-01 04:45:00,57.1
2025-12-01 05:00:00,37.72
2025-12-01 05:15:00,55.33
2025-12-01 05:30:00,65.0
2025-12-01 05:45:00,70.0
2025-12-01 06:00:00,25.38
2025-12-01 06:15:00,33.48
2025-12-01 06:30:00,61.77
2025-12-01 06:45:00,59.68
2025-12-01 07:00:00,288.53
2025-12-01 07:15:00,256.15
2025-12-01 07:30:00,155.92
2025-12-01 07:45:00,75.57
2025-12-01 08:00:00,71.33
2025-12-01 08:15:00,60.25
2025-12-01 08:30:00,30.73
2025-12-01 08:45:00,59.18
2025-12-01 09:00:00,59.91
2025-12-01 09:15:00,82.23
2025-12-01 09:30:00,33.11
2025-12-01 09:45:00,41.59
2025-12-01 10:00:00,41.41
2025-12-01 10:15:00,14.0
2025-12-01 10:30:00,17.25
2025-12-01 10:45:00,39.06
2025-12-01 11:00:00,22.77
2025-12-01 11:15:00,34.15
2025-12-01 11:30:00,57.91
2025-12-01 11:45:00,78.39
2025-12-01 12:00:00,76.93
2025-12-01 12:15:00,76.81
2025-12-01 12:30:00,66.9
2025-12-01 12:45:00,76.77
2025-12-01 13:00:00,60.73
2025-12-01 13:15:00,39.17
2025-12-01 13:30:00,78.97
2025-12-01 13:45:00,79.65
2025-12-01 14:00:00,76.77
2025-12-01 14:15:00,77.0
2025-12-01 14:30:00,77.94
2025-12-01 14:45:00,52.51
2025-12-01 15:00:00,76.4
2025-12-01 15:15:00,78.8
2025-12-01 15:30:00,66.95
2025-12-01 15:45:00,80.38
2025-12-01 16:00:00,81.0
2025-12-01 16:15:00,81.55
2025-12-01 16:30:00,74.66
2025-12-01 16:45:00,81.89
2025-12-01 17:00:00,55.12
2025-12-01 17:15:00,51.53
2025-12-01 17:30:00,60.96
2025-12-01 17:45:00,49.8
2025-12-01 18:00:00,18.95
2025-12-01 18:15:00,15.5
2025-12-01 18:30:00,74.73
2025-12-01 18:45:00,73.28
2025-12-01 19:00:00,72.58
2025-12-01 19:15:00,57.58
2025-12-01 19:30:00,74.0
2025-12-01 19:45:00,74.43
2025-12-01 20:00:00,133.76
2025-12-01 20:15:00,133.78
2025-12-01 20:30:00,187.46
2025-12-01 20:45:00,74.43
2025-12-01 21:00:00,74.43
2025-12-01 21:15:00,68.0
2025-12-01 21:30:00,73.65
2025-12-01 21:45:00,70.0
2025-12-01 22:00:00,78.5
2025-12-01 22:15:00,76.0
2025-12-01 22:30:00,80.0
2025-12-01 22:45:00,80.0
2025-12-01 23:00:00,80.0
2025-12-01 23:15:00,70.0
2025-12-01 23:30:00,72.3
2025-12-01 23:45:00,87.03
2025-12-02 00:00:00,65.0
2025-12-02 00:15:00,40.17
2025-12-02 00:30:00,69.8
2025-12-02 00:45:00,62.62
2025-12-02 01:00:00,54.43
2025-12-02 01:15:00,62.0
2025-12-02 01:30:00,74.47
2025-12-02 01:45:00,69.64
2025-12-02 02:00:00,87.03
2025-12-02 02:15:00,69.64
2025-12-02 02:30:00,101.42
2025-12-02 02:45:00,107.13
2025-12-02 03:00:00,93.74
2025-12-02 03:15:00,62.0
2025-12-02 03:30:00,68.6
2025-12-02 03:45:00,74.79
2025-12-02 04:00:00,53.2
2025-12-02 04:15:00,55.0
2025-12-02 04:30:00,60.0
2025-12-02 04:45:00,61.0
2025-12-02 05:00:00,57.29
2025-12-02 05:15:00,50.84
2025-12-02 05:30:00,56.72
2025-12-02 05:45:00,50.01
2025-12-02 06:00:00,14.88
2025-12-02 06:15:00,40.17
2025-12-02 06:30:00,36.38
2025-12-02 06:45:00,47.11
2025-12-02 07:00:00,64.52
2025-12-02 07:15:00,67.61
2025-12-02 07:30:00,100.9
2025-12-02 07:45:00,114.56
2025-12-02 08:00:00,139.82
2025-12-02 08:15:00,69.88
2025-12-02 08:30:00,90.44
2025-12-02 08:45:00,81.67
2025-12-02 09:00:00,78.0
2025-12-02 09:15:00,102.45
2025-12-02 09:30:00,86.38
2025-12-02 09:45:00,86.38
2025-12-02 10:00:00,82.4
2025-12-02 10:15:00,76.83
2025-12-02 10:30:00,63.91
2025-12-02 10:45:00,76.87
2025-12-02 11:00:00,64.79
2025-12-02 11:15:00,40.01
2025-12-02 11:30:00,77.78
2025-12-02 11:45:00,68.97
2025-12-02 12:00:00,57.73
2025-12-02 12:15:00,69.25
2025-12-02 12:30:00,77.79
2025-12-02 12:45:00,76.66
2025-12-02 13:00:00,290.72
2025-12-02 13:15:00,321.4
2025-12-02 13:30:00,554.43
2025-12-02 13:45:00,341.37
2025-12-02 14:00:00,294.61
2025-12-02 14:15:00,49.61
2025-12-02 14:30:00,53.15
2025-12-02 14:45:00,74.59
2025-12-02 15:00:00,160.67
2025-12-02 15:15:00,307.97
2025-12-02 15:30:00,352.76
2025-12-02 15:45:00,4016.71
2025-12-02 16:00:00,595.82
2025-12-02 16:15:00,669.58
2025-12-02 16:30:00,265.82
2025-12-02 16:45:00,148.41
2025-12-02 17:00:00,74.0
2025-12-02 17:15:00,146.02
2025-12-02 17:30:00,274.13
2025-12-02 17:45:00,265.82
2025-12-02 18:00:00,334.79
2025-12-02 18:15:00,294.07
2025-12-02 18:30:00,226.75
2025-12-02 18:45:00,138.12
2025-12-02 19:00:00,72.38
2025-12-02 19:15:00,72.38
2025-12-02 19:30:00,72.38
2025-12-02 19:45:00,294.61
2025-12-02 20:00:00,227.63
2025-12-02 20:15:00,194.15
2025-12-02 20:30:00,147.28
2025-12-02 20:45:00,48.45
2025-12-02 21:00:00,56.07
2025-12-02 21:15:00,99.6
2025-12-02 21:30:00,204.86
2025-12-02 21:45:00,241.02
2025-12-02 22:00:00,187.27
2025-12-02 22:15:00,93.92
2025-12-02 22:30:00,160.71
2025-12-02 22:45:00,161.47
2025-12-02 23:00:00,167.69
2025-12-02 23:15:00,160.67
2025-12-02 23:30:00,117.83
2025-12-02 23:45:00,65.89
2025-12-03 00:00:00,56.29
2025-12-03 00:15:00,64.0
2025-12-03 00:30:00,166.36
2025-12-03 00:45:00,177.27
2025-12-03 01:00:00,136.71
2025-12-03 01:15:00,147.28
2025-12-03 01:30:00,147.28
2025-12-03 01:45:00,167.48
2025-12-03 02:00:00,89.98
2025-12-03 02:15:00,66.0
2025-12-03 02:30:00,62.05
2025-12-03 02:45:00,60.0
2025-12-03 03:00:00,58.87
2025-12-03 03:15:00,88.32
2025-12-03 03:30:00,107.12
2025-12-03 03:45:00,147.3
2025-12-03 04:00:00,107.12
2025-12-03 04:15:00,107.12
2025-12-03 04:30:00,93.73
2025-12-03 04:45:00,85.87
2025-12-03 05:00:00,59.07
2025-12-03 05:15:00,62.03
2025-12-03 05:30:00,65.23
2025-12-03 05:45:00,66.55
2025-12-03 06:00:00,64.77
2025-12-03 06:15:00,66.3
2025-12-03 06:30:00,300.0
2025-12-03 06:45:00,339.97
2025-12-03 07:00:00,102.5
2025-12-03 07:15:00,120.16
2025-12-03 07:30:00,267.66
2025-12-03 07:45:00,401.72
2025-12-03 08:00:00,504.59
2025-12-03 08:15:00,334.75
2025-12-03 08:30:00,208.89
2025-12-03 08:45:00,60.26
2025-12-03 09:00:00,215.61
2025-12-03 09:15:00,49.68
2025-12-03 09:30:00,40.17
2025-12-03 09:45:00,40.17
2025-12-03 10:00:00,168.37
2025-12-03 10:15:00,204.13
2025-12-03 10:30:00,225.91
2025-12-03 10:45:00,273.84
2025-12-03 11:00:00,323.14
2025-12-03 11:15:00,174.73
2025-12-03 11:30:00,193.88
2025-12-03 11:45:00,273.84
2025-12-03 12:00:00,287.88
2025-12-03 12:15:00,287.88
2025-12-03 12:30:00,141.3
2025-12-03 12:45:00,311.64
2025-12-03 13:00:00,300.0
2025-12-03 13:15:00,321.37
2025-12-03 13:30:00,294.59
2025-12-03 13:45:00,153.02
2025-12-03 14:00:00,158.96
2025-12-03 14:15:00,173.08
2025-12-03 14:30:00,212.37
2025-12-03 14:45:00,194.01
2025-12-03 15:00:00,177.23
2025-12-03 15:15:00,202.71
2025-12-03 15:30:00,144.16
2025-12-03 15:45:00,292.41
2025-12-03 16:00:00,244.92
2025-12-03 16:15:00,271.94
2025-12-03 16:30:00,296.83
2025-12-03 16:45:00,319.52
2025-12-03 17:00:00,51.06
2025-12-03 17:15:00,52.12
2025-12-03 17:30:00,53.76
2025-12-03 17:45:00,217.41
2025-12-03 18:00:00,230.63
2025-12-03 18:15:00,211.18
2025-12-03 18:30:00,197.64
2025-12-03 18:45:00,178.7
2025-12-03 19:00:00,266.72
2025-12-03 19:15:00,334.77
2025-12-03 19:30:00,321.37
2025-12-03 19:45:00,334.77
2025-12-03 20:00:00,334.75
2025-12-03 20:15:00,290.58
2025-12-03 20:30:00,200.84
2025-12-03 20:45:00,200.85
2025-12-03 21:00:00,313.48
2025-12-03 21:15:00,334.77
2025-12-03 21:30:00,290.58
2025-12-03 21:45:00,104.44
2025-12-03 22:00:00,133.9
2025-12-03 22:15:00,104.49
2025-12-03 22:30:00,103.5
2025-12-03 22:45:00,100.84
2025-12-03 23:00:00,167.37
2025-12-03 23:15:00,209.51
2025-12-03 23:30:00,287.88
2025-12-03 23:45:00,290.06
2025-12-04 00:00:00,59.51
2025-12-04 00:15:00,50.64
2025-12-04 00:30:00,45.0
2025-12-04 00:45:00,40.0
2025-12-04 01:00:00,46.53
2025-12-04 01:15:00,53.52
2025-12-04 01:30:00,60.66
2025-12-04 01:45:00,54.23
2025-12-04 02:00:00,66.0
2025-12-04 02:15:00,54.21
2025-12-04 02:30:00,89.5
2025-12-04 02:45:00,90.61
2025-12-04 03:00:00,165.93
2025-12-04 03:15:00,90.52
2025-12-04 03:30:00,89.91
2025-12-04 03:45:00,88.75
2025-12-04 04:00:00,89.81
2025-12-04 04:15:00,91.73
2025-12-04 04:30:00,92.82
2025-12-04 04:45:00,51.36
2025-12-04 05:00:00,36.82
2025-12-04 05:15:00,48.5
2025-12-04 05:30:00,56.09
2025-12-04 05:45:00,71.86
2025-12-04 06:00:00,54.23
2025-12-04 06:15:00,53.56
2025-12-04 06:30:00,71.95
2025-12-04 06:45:00,75.0
2025-12-04 07:00:00,79.0
2025-12-04 07:15:00,130.04
2025-12-04 07:30:00,294.56
2025-12-04 07:45:00,502.08
2025-12-04 08:00:00,140.21
2025-12-04 08:15:00,150.0
2025-12-04 08:30:00,244.16
2025-12-04 08:45:00,140.21
2025-12-04 09:00:00,154.91
2025-12-04 09:15:00,152.9
2025-12-04 09:30:00,67.0
2025-12-04 09:45:00,68.34
2025-12-04 10:00:00,95.39
2025-12-04 10:15:00,76.91
2025-12-04 10:30:00,140.21
2025-12-04 10:45:00,140.51
2025-12-04 11:00:00,149.68
2025-12-04 11:15:00,73.47
2025-12-04 11:30:00,73.72
2025-12-04 11:45:00,82.2
2025-12-04 12:00:00,80.0
2025-12-04 12:15:00,77.03
2025-12-04 12:30:00,78.0
2025-12-04 12:45:00,64.09
2025-12-04 13:00:00,142.01
2025-12-04 13:15:00,180.75
2025-12-04 13:30:00,180.75
2025-12-04 13:45:00,190.8
2025-12-04 14:00:00,156.59
2025-12-04 14:15:00,310.16
2025-12-04 14:30:00,158.57
2025-12-04 14:45:00,155.88
2025-12-04 15:00:00,151.66
2025-12-04 15:15:00,175.0
2025-12-04 15:30:00,149.76
2025-12-04 15:45:00,142.0
2025-12-04 16:00:00,72.71
2025-12-04 16:15:00,149.97
2025-12-04 16:30:00,137.18
2025-12-04 16:45:00,140.3
2025-12-04 17:00:00,149.99
2025-12-04 17:15:00,93.94
2025-12-04 17:30:00,80.0
2025-12-04 17:45:00,85.42
2025-12-04 18:00:00,96.26
2025-12-04 18:15:00,80.0
2025-12-04 18:30:00,62.93
2025-12-04 18:45:00,62.93
2025-12-04 19:00:00,69.86
2025-12-04 19:15:00,92.11
2025-12-04 19:30:00,134.99
2025-12-04 19:45:00,267.8
2025-12-04 20:00:00,401.67
2025-12-04 20:15:00,374.79
2025-12-04 20:30:00,133.76
2025-12-04 20:45:00,59.21
2025-12-04 21:00:00,66.94
2025-12-04 21:15:00,66.93
2025-12-04 21:30:00,102.99
2025-12-04 21:45:00,95.19
2025-12-04 22:00:00,59.0
2025-12-04 22:15:00,100.45
2025-12-04 22:30:00,93.09
2025-12-04 22:45:00,106.85
2025-12-04 23:00:00,159.33
2025-12-04 23:15:00,133.89
2025-12-04 23:30:00,147.28
2025-12-04 23:45:00,87.22
2025-12-05 00:00:00,99.6
2025-12-05 00:15:00,97.5
2025-12-05 00:30:00,21.01
2025-12-05 00:45:00,33.31
2025-12-05 01:00:00,45.74
2025-12-05 01:15:00,53.25
2025-12-05 01:30:00,24.4
2025-12-05 01:45:00,39.43
2025-12-05 02:00:00,39.82
2025-12-05 02:15:00,69.3
2025-12-05 02:30:00,45.19
2025-12-05 02:45:00,87.0
2025-12-05 03:00:00,40.23
2025-12-05 03:15:00,86.59
2025-12-05 03:30:00,160.67
2025-12-05 03:45:00,105.11
2025-12-05 04:00:00,117.83
2025-12-05 04:15:00,80.0
2025-12-05 04:30:00,52.72
2025-12-05 04:45:00,45.94
2025-12-05 05:00:00,44.58
2025-12-05 05:15:00,68.83
2025-12-05 05:30:00,48.16
2025-12-05 05:45:00,46.33
2025-12-05 06:00:00,53.87
2025-12-05 06:15:00,68.15
2025-12-05 06:30:00,71.58
2025-12-05 06:45:00,68.85
2025-12-05 07:00:00,71.82
2025-12-05 07:15:00,85.33
2025-12-05 07:30:00,73.16
2025-12-05 07:45:00,83.23
2025-12-05 08:00:00,81.0
2025-12-05 08:15:00,89.36
2025-12-05 08:30:00,198.71
2025-12-05 08:45:00,53.87
2025-12-05 09:00:00,92.98
2025-12-05 09:15:00,192.32
2025-12-05 09:30:00,177.47
2025-12-05 09:45:00,169.18
2025-12-05 10:00:00,200.85
2025-12-05 10:15:00,87.5
2025-12-05 10:30:00,168.31
2025-12-05 10:45:00,183.2
2025-12-05 11:00:00,172.93
2025-12-05 11:15:00,294.44
2025-12-05 11:30:00,200.84
2025-12-05 11:45:00,167.84
2025-12-05 12:00:00,166.37
2025-12-05 12:15:00,157.45
2025-12-05 12:30:00,118.0
2025-12-05 12:45:00,163.81
2025-12-05 13:00:00,162.4
2025-12-05 13:15:00,160.04
2025-12-05 13:30:00,157.36
2025-12-05 13:45:00,149.99
2025-12-05 14:00:00,119.0
2025-12-05 14:15:00,106.97
2025-12-05 14:30:00,82.49
2025-12-05 14:45:00,82.41
2025-12-05 15:00:00,89.0
2025-12-05 15:15:00,87.59
2025-12-05 15:30:00,169.87
2025-12-05 15:45:00,164.82
2025-12-05 16:00:00,75.0
2025-12-05 16:15:00,75.0
2025-12-05 16:30:00,72.88
2025-12-05 16:45:00,72.66
2025-12-05 17:00:00,187.46
2025-12-05 17:15:00,200.84
2025-12-05 17:30:00,161.13
2025-12-05 17:45:00,148.98
2025-12-05 18:00:00,152.69
2025-12-05 18:15:00,72.64
2025-12-05 18:30:00,67.95
2025-12-05 18:45:00,67.26
2025-12-05 19:00:00,68.38
2025-12-05 19:15:00,68.0
2025-12-05 19:30:00,100.37
2025-12-05 19:45:00,54.23
2025-12-05 20:00:00,119.52
2025-12-05 20:15:00,111.53
2025-12-05 20:30:00,138.92
2025-12-05 20:45:00,147.29
2025-12-05 21:00:00,187.19
2025-12-05 21:15:00,160.67
2025-12-05 21:30:00,92.41
2025-12-05 21:45:00,88.3
2025-12-05 22:00:00,97.1
2025-12-05 22:15:00,90.12
2025-12-05 22:30:00,82.12
2025-12-05 22:45:00,78.5
2025-12-05 23:00:00,98.57
2025-12-05 23:15:00,159.81
2025-12-05 23:30:00,131.35
2025-12-05 23:45:00,49.94
2025-12-06 00:00:00,55.02
2025-12-06 00:15:00,58.66
2025-12-06 00:30:00,55.26
2025-12-06 00:45:00,72.64
2025-12-06 01:00:00,34.06
2025-12-06 01:15:00,60.5
2025-12-06 01:30:00,73.2
2025-12-06 01:45:00,68.38
2025-12-06 02:00:00,104.79
2025-12-06 02:15:00,100.41
2025-12-06 02:30:00,69.21
2025-12-06 02:45:00,68.97
2025-12-06 03:00:00,67.63
2025-12-06 03:15:00,65.44
2025-12-06 03:30:00,99.59
2025-12-06 03:45:00,66.95
2025-12-06 04:00:00,147.28
2025-12-06 04:15:00,126.48
2025-12-06 04:30:00,147.28
2025-12-06 04:45:00,160.67
2025-12-06 05:00:00,99.68
2025-12-06 05:15:00,100.8
2025-12-06 05:30:00,99.15
2025-12-06 05:45:00,133.77
2025-12-06 06:00:00,61.55
2025-12-06 06:15:00,55.9
2025-12-06 06:30:00,33.48
2025-12-06 06:45:00,26.11
2025-12-06 07:00:00,30.9
2025-12-06 07:15:00,53.56
2025-12-06 07:30:00,57.19
2025-12-06 07:45:00,56.09
2025-12-06 08:00:00,49.72
2025-12-06 08:15:00,62.93
2025-12-06 08:30:00,46.87
2025-12-06 08:45:00,65.0
2025-12-06 09:00:00,65.25
2025-12-06 09:15:00,55.02
2025-12-06 09:30:00,55.47
2025-12-06 09:45:00,76.39
2025-12-06 10:00:00,70.14
2025-12-06 10:15:00,77.68
2025-12-06 10:30:00,76.61
2025-12-06 10:45:00,72.69
2025-12-06 11:00:00,53.56
2025-12-06 11:15:00,73.0
2025-12-06 11:30:00,77.24
2025-12-06 11:45:00,168.9
2025-12-06 12:00:00,77.07
2025-12-06 12:15:00,81.28
2025-12-06 12:30:00,90.0
2025-12-06 12:45:00,81.6
2025-12-06 13:00:00,81.57
2025-12-06 13:15:00,61.19
2025-12-06 13:30:00,77.94
2025-12-06 13:45:00,78.01
2025-12-06 14:00:00,74.35
2025-12-06 14:15:00,80.0
2025-12-06 14:30:00,106.36
2025-12-06 14:45:00,80.25
2025-12-06 15:00:00,79.49
2025-12-06 15:15:00,73.9
2025-12-06 15:30:00,80.46
2025-12-06 15:45:00,165.27
2025-12-06 16:00:00,160.27
2025-12-06 16:15:00,186.21
2025-12-06 16:30:00,80.8
2025-12-06 16:45:00,57.13
2025-12-06 17:00:00,65.24
2025-12-06 17:15:00,65.66
2025-12-06 17:30:00,71.56
2025-12-06 17:45:00,70.39
2025-12-06 18:00:00,66.95
2025-12-06 18:15:00,49.99
2025-12-06 18:30:00,51.84
2025-12-06 18:45:00,57.29
2025-12-06 19:00:00,87.04
2025-12-06 19:15:00,52.8
2025-12-06 19:30:00,78.72
2025-12-06 19:45:00,78.19
2025-12-06 20:00:00,81.78
2025-12-06 20:15:00,87.04
2025-12-06 20:30:00,79.83
2025-12-06 20:45:00,70.1
2025-12-06 21:00:00,82.1
2025-12-06 21:15:00,133.75
2025-12-06 21:30:00,70.31
2025-12-06 21:45:00,64.9
2025-12-06 22:00:00,33.71
2025-12-06 22:15:00,49.57
2025-12-06 22:30:00,95.96
2025-12-06 22:45:00,95.87
2025-12-06 23:00:00,92.62
2025-12-06 23:15:00,82.42
2025-12-06 23:30:00,68.9
2025-12-06 23:45:00,97.09
2025-12-07 00:00:00,37.61
2025-12-07 00:15:00,46.46
2025-12-07 00:30:00,53.75
2025-12-07 00:45:00,57.17
2025-12-07 01:00:00,61.89
2025-12-07 01:15:00,40.41
2025-12-07 01:30:00,200.85
2025-12-07 01:45:00,204.26
2025-12-07 02:00:00,186.21
2025-12-07 02:15:00,186.21
2025-12-07 02:30:00,147.28
2025-12-07 02:45:00,98.51
2025-12-07 03:00:00,58.38
2025-12-07 03:15:00,25.95
2025-12-07 03:30:00,58.57
2025-12-07 03:45:00,50.21
2025-12-07 04:00:00,60.25
2025-12-07 04:15:00,58.35
2025-12-07 04:30:00,54.57
2025-12-07 04:45:00,52.32
2025-12-07 05:00:00,26.98
2025-12-07 05:15:00,45.45
2025-12-07 05:30:00,25.42
2025-12-07 05:45:00,55.27
2025-12-07 06:00:00,60.47
2025-12-07 06:15:00,56.95
2025-12-07 06:30:00,64.46
2025-12-07 06:45:00,64.54
2025-12-07 07:00:00,65.0
2025-12-07 07:15:00,63.77
2025-12-07 07:30:00,72.59
2025-12-07 07:45:00,66.0
2025-12-07 08:00:00,63.74
2025-12-07 08:15:00,72.33
2025-12-07 08:30:00,82.59
2025-12-07 08:45:00,133.77
2025-12-07 09:00:00,93.73
2025-12-07 09:15:00,66.74
2025-12-07 09:30:00,84.99
2025-12-07 09:45:00,68.0
2025-12-07 10:00:00,68.0
2025-12-07 10:15:00,56.91
2025-12-07 10:30:00,68.0
2025-12-07 10:45:00,91.19
2025-12-07 11:00:00,67.34
2025-12-07 11:15:00,68.0
2025-12-07 11:30:00,147.28
2025-12-07 11:45:00,160.27
2025-12-07 12:00:00,206.19
2025-12-07 12:15:00,95.99
2025-12-07 12:30:00,71.0
2025-12-07 12:45:00,70.86
2025-12-07 13:00:00,69.0
2025-12-07 13:15:00,63.97
2025-12-07 13:30:00,71.23
2025-12-07 13:45:00,71.02
2025-12-07 14:00:00,71.07
2025-12-07 14:15:00,71.34
2025-12-07 14:30:00,69.22
2025-12-07 14:45:00,60.87
2025-12-07 15:00:00,68.23
2025-12-07 15:15:00,64.99
2025-12-07 15:30:00,106.29
2025-12-07 15:45:00,108.49
2025-12-07 16:00:00,101.57
2025-12-07 16:15:00,107.01
2025-12-07 16:30:00,109.92
2025-12-07 16:45:00,116.0
2025-12-07 17:00:00,186.11
2025-12-07 17:15:00,117.83
2025-12-07 17:30:00,109.56
2025-12-07 17:45:00,105.44
2025-12-07 18:00:00,71.38
2025-12-07 18:15:00,70.03
2025-12-07 18:30:00,52.94
2025-12-07 18:45:00,59.06
2025-12-07 19:00:00,94.69
2025-12-07 19:15:00,83.64
2025-12-07 19:30:00,90.12
2025-12-07 19:45:00,81.9
2025-12-07 20:00:00,28.9
2025-12-07 20:15:00,35.58
2025-12-07 20:30:00,17.29
2025-12-07 20:45:00,18.78
2025-12-07 21:00:00,13.57
2025-12-07 21:15:00,20.41
2025-12-07 21:30:00,9.22
2025-12-07 21:45:00,0.15
2025-12-07 22:00:00,13.78
2025-12-07 22:15:00,40.56
2025-12-07 22:30:00,32.37
2025-12-07 22:45:00,53.24
2025-12-07 23:00:00,103.7
2025-12-07 23:15:00,45.86
2025-12-07 23:30:00,38.3
2025-12-07 23:45:00,3.6
2025-12-08 00:00:00,-8.33
2025-12-08 00:15:00,-8.33
2025-12-08 00:30:00,2.91
2025-12-08 00:45:00,-6.7
2025-12-08 01:00:00,-6.7
2025-12-08 01:15:00,-1.4
2025-12-08 01:30:00,10.74
2025-12-08 01:45:00,7.4
2025-12-08 02:00:00,0.84
2025-12-08 02:15:00,12.36
2025-12-08 02:30:00,9.35
2025-12-08 02:45:00,8.27
2025-12-08 03:00:00,7.31
2025-12-08 03:15:00,-0.5
2025-12-08 03:30:00,6.82
2025-12-08 03:45:00,-778.3
2025-12-08 04:00:00,-0.19
2025-12-08 04:15:00,-1.98
2025-12-08 04:30:00,-28.94
2025-12-08 04:45:00,-5.0
2025-12-08 05:00:00,0.0
2025-12-08 05:15:00,-2.0
2025-12-08 05:30:00,-6.7
2025-12-08 05:45:00,-5.0
2025-12-08 06:00:00,7.64
2025-12-08 06:15:00,0.04
2025-12-08 06:30:00,88.09
2025-12-08 06:45:00,99.39
2025-12-08 07:00:00,66.61
2025-12-08 07:15:00,69.52
2025-12-08 07:30:00,72.0
2025-12-08 07:45:00,73.16
2025-12-08 08:00:00,12.99
2025-12-08 08:15:00,15.93
2025-12-08 08:30:00,75.0
2025-12-08 08:45:00,77.0
2025-12-08 09:00:00,74.1
2025-12-08 09:15:00,76.37
2025-12-08 09:30:00,75.0
2025-12-08 09:45:00,75.0
2025-12-08 10:00:00,83.87
2025-12-08 10:15:00,72.71
2025-12-08 10:30:00,66.5
2025-12-08 10:45:00,33.48
2025-12-08 11:00:00,29.57
2025-12-08 11:15:00,33.48
2025-12-08 11:30:00,66.9
2025-12-08 11:45:00,68.0
2025-12-08 12:00:00,74.26
2025-12-08 12:15:00,13.23
2025-12-08 12:30:00,30.13
2025-12-08 12:45:00,26.78
2025-12-08 13:00:00,40.17
2025-12-08 13:15:00,66.37
2025-12-08 13:30:00,89.64
2025-12-08 13:45:00,77.0
2025-12-08 14:00:00,75.0
2025-12-08 14:15:00,77.0
2025-12-08 14:30:00,87.0
2025-12-08 14:45:00,78.05
2025-12-08 15:00:00,11.26
2025-12-08 15:15:00,87.0
2025-12-08 15:30:00,80.12
2025-12-08 15:45:00,74.72
2025-12-08 16:00:00,89.34
2025-12-08 16:15:00,93.47
2025-12-08 16:30:00,89.53
2025-12-08 16:45:00,103.8
2025-12-08 17:00:00,74.08
2025-12-08 17:15:00,85.0
2025-12-08 17:30:00,74.08
2025-12-08 17:45:00,105.47
2025-12-08 18:00:00,77.0
2025-12-08 18:15:00,73.66
2025-12-08 18:30:00,76.3
2025-12-08 18:45:00,73.16
2025-12-08 19:00:00,73.58
2025-12-08 19:15:00,72.77
2025-12-08 19:30:00,64.89
2025-12-08 19:45:00,64.37
2025-12-08 20:00:00,73.34
2025-12-08 20:15:00,65.2
2025-12-08 20:30:00,72.91
2025-12-08 20:45:00,64.25
2025-12-08 21:00:00,13.3
2025-12-08 21:15:00,75.0
2025-12-08 21:30:00,75.0
2025-12-08 21:45:00,75.0
2025-12-08 22:00:00,108.42
2025-12-08 22:15:00,181.35
2025-12-08 22:30:00,133.89
2025-12-08 22:45:00,71.0
2025-12-08 23:00:00,71.81
2025-12-08 23:15:00,20.04
2025-12-08 23:30:00,71.17
2025-12-08 23:45:00,59.36
2025-12-09 00:00:00,19.02
2025-12-09 00:15:00,66.64
2025-12-09 00:30:00,65.97
2025-12-09 00:45:00,4.28
2025-12-09 01:00:00,20.73
2025-12-09 01:15:00,39.16
2025-12-09 01:30:00,46.87
2025-12-09 01:45:00,34.6
2025-12-09 02:00:00,16.51
2025-12-09 02:15:00,16.96
2025-12-09 02:30:00,18.3
2025-12-09 02:45:00,38.76
2025-12-09 03:00:00,6.33
2025-12-09 03:15:00,3.39
2025-12-09 03:30:00,2.2
2025-12-09 03:45:00,9.93
2025-12-09 04:00:00,20.39
2025-12-09 04:15:00,31.9
2025-12-09 04:30:00,56.92
2025-12-09 04:45:00,110.93
2025-12-09 05:00:00,97.73
2025-12-09 05:15:00,88.17
2025-12-09 05:30:00,113.55
2025-12-09 05:45:00,86.09
2025-12-09 06:00:00,70.3
2025-12-09 06:15:00,68.88
2025-12-09 06:30:00,90.15
2025-12-09 06:45:00,65.0
2025-12-09 07:00:00,65.5
2025-12-09 07:15:00,201.79
2025-12-09 07:30:00,181.35
2025-12-09 07:45:00,267.14
2025-12-09 08:00:00,147.28
2025-12-09 08:15:00,369.91
2025-12-09 08:30:00,123.4
2025-12-09 08:45:00,72.04
2025-12-09 09:00:00,39.76
2025-12-09 09:15:00,34.87
2025-12-09 09:30:00,35.16
2025-12-09 09:45:00,42.36
2025-12-09 10:00:00,82.31
2025-12-09 10:15:00,96.01
2025-12-09 10:30:00,94.25
2025-12-09 10:45:00,90.02
2025-12-09 11:00:00,121.69
2025-12-09 11:15:00,104.04
2025-12-09 11:30:00,92.18
2025-12-09 11:45:00,90.1
2025-12-09 12:00:00,90.15
2025-12-09 12:15:00,42.46
2025-12-09 12:30:00,50.14
2025-12-09 12:45:00,55.12
2025-12-09 13:00:00,69.11
2025-12-09 13:15:00,74.54
2025-12-09 13:30:00,74.82
2025-12-09 13:45:00,43.41
2025-12-09 14:00:00,84.42
2025-12-09 14:15:00,133.25
2025-12-09 14:30:00,149.28
2025-12-09 14:45:00,241.74
2025-12-09 15:00:00,166.73
2025-12-09 15:15:00,261.1
2025-12-09 15:30:00,153.71
2025-12-09 15:45:00,110.29
2025-12-09 16:00:00,93.8
2025-12-09 16:15:00,95.73
2025-12-09 16:30:00,106.47
2025-12-09 16:45:00,103.64
2025-12-09 17:00:00,59.91
2025-12-09 17:15:00,63.27
2025-12-09 17:30:00,102.44
2025-12-09 17:45:00,35.29
2025-12-09 18:00:00,95.72
2025-12-09 18:15:00,97.99
2025-12-09 18:30:00,13.99
2025-12-09 18:45:00,19.16
2025-12-09 19:00:00,42.9
2025-12-09 19:15:00,75.0
2025-12-09 19:30:00,53.59
2025-12-09 19:45:00,33.74
2025-12-09 20:00:00,36.13
2025-12-09 20:15:00,78.59
2025-12-09 20:30:00,72.57
2025-12-09 20:45:00,73.15
2025-12-09 21:00:00,74.22
2025-12-09 21:15:00,71.87
2025-12-09 21:30:00,65.29
2025-12-09 21:45:00,65.0
2025-12-09 22:00:00,67.12
2025-12-09 22:15:00,64.34
2025-12-09 22:30:00,11.36
2025-12-09 22:45:00,6.05
2025-12-09 23:00:00,9.71
2025-12-09 23:15:00,15.23
2025-12-09 23:30:00,1.82
2025-12-09 23:45:00,0.96
2025-12-10 00:00:00,12.83
2025-12-10 00:15:00,15.46
2025-12-10 00:30:00,14.65
2025-12-10 00:45:00,10.45
2025-12-10 01:00:00,14.61
2025-12-10 01:15:00,12.05
2025-12-10 01:30:00,13.53
2025-12-10 01:45:00,-2.84
2025-12-10 02:00:00,2.66
2025-12-10 02:15:00,4.05
2025-12-10 02:30:00,3.01
2025-12-10 02:45:00,-11.41
2025-12-10 03:00:00,4.26
2025-12-10 03:15:00,10.0
2025-12-10 03:30:00,8.0
2025-12-10 03:45:00,26.3
2025-12-10 04:00:00,5.84
2025-12-10 04:15:00,30.43
2025-12-10 04:30:00,30.84
2025-12-10 04:45:00,-20.06
2025-12-10 05:00:00,-4.62
2025-12-10 05:15:00,5.0
2025-12-10 05:30:00,4.05
2025-12-10 05:45:00,7.0
2025-12-10 06:00:00,3.8
2025-12-10 06:15:00,2.24
2025-12-10 06:30:00,9.37
2025-12-10 06:45:00,12.64
2025-12-10 07:00:00,26.65
2025-12-10 07:15:00,68.09
2025-12-10 07:30:00,160.02
2025-12-10 07:45:00,401.41
2025-12-10 08:00:00,87.41
2025-12-10 08:15:00,1307.03
2025-12-10 08:30:00,68.61
2025-12-10 08:45:00,64.4
2025-12-10 09:00:00,36.37
2025-12-10 09:15:00,13.26
2025-12-10 09:30:00,26.78
2025-12-10 09:45:00,12.0
2025-12-10 10:00:00,43.21
2025-12-10 10:15:00,98.34
2025-12-10 10:30:00,68.03
2025-12-10 10:45:00,71.19
2025-12-10 11:00:00,63.61
2025-12-10 11:15:00,34.49
2025-12-10 11:30:00,21.13
2025-12-10 11:45:00,17.28
2025-12-10 12:00:00,64.07
2025-12-10 12:15:00,64.16
2025-12-10 12:30:00,26.52
2025-12-10 12:45:00,62.9
2025-12-10 13:00:00,55.72
2025-12-10 13:15:00,61.37
2025-12-10 13:30:00,88.84
2025-12-10 13:45:00,70.93
2025-12-10 14:00:00,64.01
2025-12-10 14:15:00,63.8
2025-12-10 14:30:00,64.54
2025-12-10 14:45:00,65.15
2025-12-10 15:00:00,72.0
2025-12-10 15:15:00,71.11
2025-12-10 15:30:00,63.35
2025-12-10 15:45:00,64.27
2025-12-10 16:00:00,67.41
2025-12-10 16:15:00,15.79
2025-12-10 16:30:00,47.97
2025-12-10 16:45:00,46.57
2025-12-10 17:00:00,65.92
2025-12-10 17:15:00,69.0
2025-12-10 17:30:00,67.54
2025-12-10 17:45:00,64.2
2025-12-10 18:00:00,63.88
2025-12-10 18:15:00,13.24
2025-12-10 18:30:00,12.45
2025-12-10 18:45:00,9.58
2025-12-10 19:00:00,7.12
2025-12-10 19:15:00,8.15
2025-12-10 19:30:00,3.5
2025-12-10 19:45:00,10.39
2025-12-10 20:00:00,16.02
2025-12-10 20:15:00,13.05
2025-12-10 20:30:00,55.99
2025-12-10 20:45:00,56.62
2025-12-10 21:00:00,17.37
2025-12-10 21:15:00,15.97
2025-12-10 21:30:00,55.91
2025-12-10 21:45:00,56.34
2025-12-10 22:00:00,60.03
2025-12-10 22:15:00,59.72
2025-12-10 22:30:00,59.27
2025-12-10 22:45:00,60.0
2025-12-10 23:00:00,54.23
2025-12-10 23:15:00,54.13
2025-12-10 23:30:00,13.38
2025-12-10 23:45:00,10.93
2025-12-11 00:00:00,17.07
2025-12-11 00:15:00,43.0
2025-12-11 00:30:00,10.03
2025-12-11 00:45:00,13.39
2025-12-11 01:00:00,18.94
2025-12-11 01:15:00,43.0
2025-12-11 01:30:00,45.31
2025-12-11 01:45:00,44.42
2025-12-11 02:00:00,32.25
2025-12-11 02:15:00,22.64
2025-12-11 02:30:00,43.1
2025-12-11 02:45:00,43.94
2025-12-11 03:00:00,25.9
2025-12-11 03:15:00,30.15
2025-12-11 03:30:00,36.0
2025-12-11 03:45:00,36.0
2025-12-11 04:00:00,23.47
2025-12-11 04:15:00,33.48
2025-12-11 04:30:00,33.79
2025-12-11 04:45:00,34.23
2025-12-11 05:00:00,46.98
2025-12-11 05:15:00,38.79
2025-12-11 05:30:00,47.5
2025-12-11 05:45:00,74.79
2025-12-11 06:00:00,91.91
2025-12-11 06:15:00,51.2
2025-12-11 06:30:00,82.28
2025-12-11 06:45:00,54.5
2025-12-11 07:00:00,16.25
2025-12-11 07:15:00,26.07
2025-12-11 07:30:00,22.47
2025-12-11 07:45:00,32.01
2025-12-11 08:00:00,39.0
2025-12-11 08:15:00,41.98
2025-12-11 08:30:00,43.35
2025-12-11 08:45:00,51.55
2025-12-11 09:00:00,98.54
2025-12-11 09:15:00,110.0
2025-12-11 09:30:00,180.49
2025-12-11 09:45:00,97.59
2025-12-11 10:00:00,66.5
2025-12-11 10:15:00,49.34
2025-12-11 10:30:00,75.23
2025-12-11 10:45:00,67.05
2025-12-11 11:00:00,70.0
2025-12-11 11:15:00,73.79
2025-12-11 11:30:00,67.93
2025-12-11 11:45:00,67.0
2025-12-11 12:00:00,-50.51
2025-12-11 12:15:00,-19.29
2025-12-11 12:30:00,-13.19
2025-12-11 12:45:00,-10.0
2025-12-11 13:00:00,-6.7
2025-12-11 13:15:00,-6.7
2025-12-11 13:30:00,-6.69
2025-12-11 13:45:00,7.46
2025-12-11 14:00:00,8.79
2025-12-11 14:15:00,9.6
2025-12-11 14:30:00,20.43
2025-12-11 14:45:00,33.48
2025-12-11 15:00:00,60.98
2025-12-11 15:15:00,43.24
2025-12-11 15:30:00,52.53
2025-12-11 15:45:00,55.08
2025-12-11 16:00:00,57.23
2025-12-11 16:15:00,43.76
2025-12-11 16:30:00,65.58
2025-12-11 16:45:00,67.19
2025-12-11 17:00:00,75.78
2025-12-11 17:15:00,89.51
2025-12-11 17:30:00,73.85
2025-12-11 17:45:00,81.45
2025-12-11 18:00:00,56.47
2025-12-11 18:15:00,69.19
2025-12-11 18:30:00,72.64
2025-12-11 18:45:00,94.0
2025-12-11 19:00:00,240.99
2025-12-11 19:15:00,240.32
2025-12-11 19:30:00,240.32
2025-12-11 19:45:00,200.69
2025-12-11 20:00:00,147.27
2025-12-11 20:15:00,100.0
2025-12-11 20:30:00,85.0
2025-12-11 20:45:00,13.39
2025-12-11 21:00:00,29.89
2025-12-11 21:15:00,49.07
2025-12-11 21:30:00,133.89
2025-12-11 21:45:00,55.62
2025-12-11 22:00:00,103.7
2025-12-11 22:15:00,102.51
2025-12-11 22:30:00,25.95
2025-12-11 22:45:00,13.85
2025-12-11 23:00:00,7.97
2025-12-11 23:15:00,0.28
2025-12-11 23:30:00,5.33
2025-12-11 23:45:00,12.21
2025-12-12 00:00:00,13.39
2025-12-12 00:15:00,12.05
2025-12-12 00:30:00,15.4
2025-12-12 00:45:00,77.96
2025-12-12 01:00:00,30.91
2025-12-12 01:15:00,15.43
2025-12-12 01:30:00,13.08
2025-12-12 01:45:00,20.96
2025-12-12 02:00:00,28.87
2025-12-12 02:15:00,17.42
2025-12-12 02:30:00,12.58
2025-12-12 02:45:00,17.49
2025-12-12 03:00:00,20.63
2025-12-12 03:15:00,23.37
2025-12-12 03:30:00,46.01
2025-12-12 03:45:00,41.59
2025-12-12 04:00:00,62.2
2025-12-12 04:15:00,61.9
2025-12-12 04:30:00,53.42
2025-12-12 04:45:00,48.57
2025-12-12 05:00:00,76.67
2025-12-12 05:15:00,133.89
2025-12-12 05:30:00,85.01
2025-12-12 05:45:00,35.93
2025-12-12 06:00:00,51.71
2025-12-12 06:15:00,62.0
2025-12-12 06:30:00,50.41
2025-12-12 06:45:00,63.58
2025-12-12 07:00:00,70.33
2025-12-12 07:15:00,84.83
2025-12-12 07:30:00,43.29
2025-12-12 07:45:00,65.23
2025-12-12 08:00:00,72.45
2025-12-12 08:15:00,73.95
2025-12-12 08:30:00,133.52
2025-12-12 08:45:00,267.1
2025-12-12 09:00:00,280.85
2025-12-12 09:15:00,267.1
2025-12-12 09:30:00,297.52
2025-12-12 09:45:00,221.59
2025-12-12 10:00:00,129.2
2025-12-12 10:15:00,200.83
2025-12-12 10:30:00,165.47
2025-12-12 10:45:00,113.52
2025-12-12 11:00:00,70.08
2025-12-12 11:15:00,118.52
2025-12-12 11:30:00,80.92
2025-12-12 11:45:00,78.09
2025-12-12 12:00:00,73.95
2025-12-12 12:15:00,112.75
2025-12-12 12:30:00,113.29
2025-12-12 12:45:00,79.35
2025-12-12 13:00:00,71.56
2025-12-12 13:15:00,112.57
2025-12-12 13:30:00,115.05
2025-12-12 13:45:00,122.34
2025-12-12 14:00:00,73.42
2025-12-12 14:15:00,73.08
2025-12-12 14:30:00,70.11
2025-12-12 14:45:00,71.52
2025-12-12 15:00:00,72.81
2025-12-12 15:15:00,72.72
2025-12-12 15:30:00,69.42
2025-12-12 15:45:00,73.95
2025-12-12 16:00:00,83.81
2025-12-12 16:15:00,122.32
2025-12-12 16:30:00,146.58
2025-12-12 16:45:00,73.95
2025-12-12 17:00:00,73.95
2025-12-12 17:15:00,73.95
2025-12-12 17:30:00,73.95
2025-12-12 17:45:00,70.39
2025-12-12 18:00:00,137.04
2025-12-12 18:15:00,131.72
2025-12-12 18:30:00,152.0
2025-12-12 18:45:00,72.88
2025-12-12 19:00:00,69.61
2025-12-12 19:15:00,68.7
2025-12-12 19:30:00,72.51
2025-12-12 19:45:00,119.8
2025-12-12 20:00:00,125.44
2025-12-12 20:15:00,53.14
2025-12-12 20:30:00,28.35
2025-12-12 20:45:00,38.88
2025-12-12 21:00:00,46.73
2025-12-12 21:15:00,98.37
2025-12-12 21:30:00,163.0
2025-12-12 21:45:00,91.51
2025-12-12 22:00:00,37.45
2025-12-12 22:15:00,32.84
2025-12-12 22:30:00,45.09
2025-12-12 22:45:00,59.34
2025-12-12 23:00:00,58.09
2025-12-12 23:15:00,91.57
2025-12-12 23:30:00,87.47
2025-12-12 23:45:00,124.0
2025-12-13 00:00:00,60.64
2025-12-13 00:15:00,93.33
2025-12-13 00:30:00,169.48
2025-12-13 00:45:00,163.33
2025-12-13 01:00:00,99.35
2025-12-13 01:15:00,316.53
2025-12-13 01:30:00,334.72
2025-12-13 01:45:00,82.36
2025-12-13 02:00:00,73.48
2025-12-13 02:15:00,70.41
2025-12-13 02:30:00,73.63
2025-12-13 02:45:00,73.84
2025-12-13 03:00:00,57.3
2025-12-13 03:15:00,55.4
2025-12-13 03:30:00,23.51
2025-12-13 03:45:00,17.7
2025-12-13 04:00:00,37.73
2025-12-13 04:15:00,59.95
2025-12-13 04:30:00,52.72
2025-12-13 04:45:00,18.2
2025-12-13 05:00:00,81.83
2025-12-13 05:15:00,121.22
2025-12-13 05:30:00,15.33
2025-12-13 05:45:00,11.04
2025-12-13 06:00:00,13.49
2025-12-13 06:15:00,29.31
2025-12-13 06:30:00,12.8
2025-12-13 06:45:00,15.89
2025-12-13 07:00:00,55.34
2025-12-13 07:15:00,38.93
2025-12-13 07:30:00,167.04
2025-12-13 07:45:00,2.76
2025-12-13 08:00:00,57.42
2025-12-13 08:15:00,54.59
2025-12-13 08:30:00,7.99
2025-12-13 08:45:00,8.07
2025-12-13 09:00:00,50.19
2025-12-13 09:15:00,103.87
2025-12-13 09:30:00,200.0
2025-12-13 09:45:00,97.48
2025-12-13 10:00:00,104.07
2025-12-13 10:15:00,163.01
2025-12-13 10:30:00,120.0
2025-12-13 10:45:00,160.25
2025-12-13 11:00:00,240.97
2025-12-13 11:15:00,98.07
2025-12-13 11:30:00,90.59
2025-12-13 11:45:00,80.59
2025-12-13 12:00:00,27.55
2025-12-13 12:15:00,41.88
2025-12-13 12:30:00,33.54
2025-12-13 12:45:00,51.4
2025-12-13 13:00:00,59.9
2025-12-13 13:15:00,80.84
2025-12-13 13:30:00,79.36
2025-12-13 13:45:00,121.91
2025-12-13 14:00:00,81.04
2025-12-13 14:15:00,80.67
2025-12-13 14:30:00,37.46
2025-12-13 14:45:00,59.41
2025-12-13 15:00:00,54.56
2025-12-13 15:15:00,60.08
2025-12-13 15:30:00,59.37
2025-12-13 15:45:00,61.25
2025-12-13 16:00:00,61.0
2025-12-13 16:15:00,64.0
2025-12-13 16:30:00,122.32
2025-12-13 16:45:00,64.0
2025-12-13 17:00:00,160.65
2025-12-13 17:15:00,237.92
2025-12-13 17:30:00,200.83
2025-12-13 17:45:00,147.26
2025-12-13 18:00:00,374.79
2025-12-13 18:15:00,240.97
2025-12-13 18:30:00,15.67
2025-12-13 18:45:00,25.48
2025-12-13 19:00:00,16.42
2025-12-13 19:15:00,30.91
2025-12-13 19:30:00,23.17
2025-12-13 19:45:00,31.83
2025-12-13 20:00:00,46.62
2025-12-13 20:15:00,45.81
2025-12-13 20:30:00,8.97
2025-12-13 20:45:00,10.84
2025-12-13 21:00:00,30.17
2025-12-13 21:15:00,49.56
2025-12-13 21:30:00,52.62
2025-12-13 21:45:00,47.27
2025-12-13 22:00:00,34.82
2025-12-13 22:15:00,54.0
2025-12-13 22:30:00,31.28
2025-12-13 22:45:00,29.6
2025-12-13 23:00:00,20.69
2025-12-13 23:15:00,45.0
2025-12-13 23:30:00,25.31
2025-12-13 23:45:00,10.75
2025-12-14 00:00:00,6.69
2025-12-14 00:15:00,2.28
2025-12-14 00:30:00,16.0
2025-12-14 00:45:00,8.18
2025-12-14 01:00:00,17.72
2025-12-14 01:15:00,28.48
2025-12-14 01:30:00,14.15
2025-12-14 01:45:00,14.14
2025-12-14 02:00:00,16.0
2025-12-14 02:15:00,20.0
2025-12-14 02:30:00,10.59
2025-12-14 02:45:00,14.88
2025-12-14 03:00:00,9.64
2025-12-14 03:15:00,0.0
2025-12-14 03:30:00,11.36
2025-12-14 03:45:00,6.54
2025-12-14 04:00:00,15.0
2025-12-14 04:15:00,10.65
2025-12-14 04:30:00,15.0
2025-12-14 04:45:00,0.0
2025-12-14 05:00:00,-5.0
2025-12-14 05:15:00,-5.0
2025-12-14 05:30:00,-3.0
2025-12-14 05:45:00,-4.5
2025-12-14 06:00:00,30.87
2025-12-14 06:15:00,30.7
2025-12-14 06:30:00,9.75
2025-12-14 06:45:00,10.65
2025-12-14 07:00:00,1.0
2025-12-14 07:15:00,-2.0
2025-12-14 07:30:00,-1.28
2025-12-14 07:45:00,-2.0
2025-12-14 08:00:00,-2.0
2025-12-14 08:15:00,1.0
2025-12-14 08:30:00,4.89
2025-12-14 08:45:00,4.0
2025-12-14 09:00:00,0.0
2025-12-14 09:15:00,0.0
2025-12-14 09:30:00,0.39
2025-12-14 09:45:00,14.2
2025-12-14 10:00:00,14.23
2025-12-14 10:15:00,29.44
2025-12-14 10:30:00,37.74
2025-12-14 10:45:00,24.49
2025-12-14 11:00:00,16.0
2025-12-14 11:15:00,21.0
2025-12-14 11:30:00,25.26
2025-12-14 11:45:00,39.76
2025-12-14 12:00:00,36.62
2025-12-14 12:15:00,15.0
2025-12-14 12:30:00,23.27
2025-12-14 12:45:00,11.6
2025-12-14 13:00:00,13.39
2025-12-14 13:15:00,7.23
2025-12-14 13:30:00,37.1
2025-12-14 13:45:00,37.7
2025-12-14 14:00:00,7.2
2025-12-14 14:15:00,10.0
2025-12-14 14:30:00,38.24
2025-12-14 14:45:00,38.51
2025-12-14 15:00:00,7.18
2025-12-14 15:15:00,13.39
2025-12-14 15:30:00,16.0
2025-12-14 15:45:00,11.38
2025-12-14 16:00:00,10.05
2025-12-14 16:15:00,12.72
2025-12-14 16:30:00,10.05
2025-12-14 16:45:00,16.0
2025-12-14 17:00:00,32.0
2025-12-14 17:15:00,74.65
2025-12-14 17:30:00,50.82
2025-12-14 17:45:00,50.68
2025-12-14 18:00:00,50.79
2025-12-14 18:15:00,13.47
2025-12-14 18:30:00,16.16
2025-12-14 18:45:00,9.78
2025-12-14 19:00:00,19.37
2025-12-14 19:15:00,32.91
2025-12-14 19:30:00,21.99
2025-12-14 19:45:00,13.07
2025-12-14 20:00:00,39.7
2025-12-14 20:15:00,47.21
2025-12-14 20:30:00,49.89
2025-12-14 20:45:00,44.36
2025-12-14 21:00:00,18.68
2025-12-14 21:15:00,15.0
2025-12-14 21:30:00,13.28
2025-12-14 21:45:00,9.55
2025-12-14 22:00:00,15.39
2025-12-14 22:15:00,7.93
2025-12-14 22:30:00,4.04
2025-12-14 22:45:00,2.68
2025-12-14 23:00:00,5.0
2025-12-14 23:15:00,0.0
2025-12-14 23:30:00,-1.0
2025-12-14 23:45:00,-1.0
2025-12-15 00:00:00,8.44
2025-12-15 00:15:00,6.7
2025-12-15 00:30:00,79.41
2025-12-15 00:45:00,31.15
2025-12-15 01:00:00,34.06
2025-12-15 01:15:00,20.0
2025-12-15 01:30:00,4.76
2025-12-15 01:45:00,4.88
2025-12-15 02:00:00,15.0
2025-12-15 02:15:00,15.0
2025-12-15 02:30:00,28.75
2025-12-15 02:45:00,27.96
2025-12-15 03:00:00,18.55
2025-12-15 03:15:00,15.1
2025-12-15 03:30:00,8.66
2025-12-15 03:45:00,5.09
2025-12-15 04:00:00,8.97
2025-12-15 04:15:00,16.0
2025-12-15 04:30:00,12.27
2025-12-15 04:45:00,2.3
2025-12-15 05:00:00,4.22
2025-12-15 05:15:00,15.0
2025-12-15 05:30:00,15.0
2025-12-15 05:45:00,16.0
2025-12-15 06:00:00,13.39
2025-12-15 06:15:00,-0.66
2025-12-15 06:30:00,6.7
2025-12-15 06:45:00,13.39
2025-12-15 07:00:00,44.26
2025-12-15 07:15:00,148.48
2025-12-15 07:30:00,100.63
2025-12-15 07:45:00,85.4
2025-12-15 08:00:00,13.39
2025-12-15 08:15:00,6.7
2025-12-15 08:30:00,56.0
2025-12-15 08:45:00,53.41
2025-12-15 09:00:00,67.02
2025-12-15 09:15:00,82.34
2025-12-15 09:30:00,68.9
2025-12-15 09:45:00,69.45
2025-12-15 10:00:00,152.2
2025-12-15 10:15:00,136.69
2025-12-15 10:30:00,133.89
2025-12-15 10:45:00,160.65
2025-12-15 11:00:00,109.04
2025-12-15 11:15:00,33.86
2025-12-15 11:30:00,54.9
2025-12-15 11:45:00,28.74
2025-12-15 12:00:00,46.62
2025-12-15 12:15:00,58.25
2025-12-15 12:30:00,77.1
2025-12-15 12:45:00,77.48
2025-12-15 13:00:00,140.98
2025-12-15 13:15:00,139.37
2025-12-15 13:30:00,187.18
2025-12-15 13:45:00,200.84
2025-12-15 14:00:00,267.75
2025-12-15 14:15:00,160.66
2025-12-15 14:30:00,200.17
2025-12-15 14:45:00,40.41
2025-12-15 15:00:00,58.98
2025-12-15 15:15:00,200.85
2025-12-15 15:30:00,93.7
2025-12-15 15:45:00,133.89
2025-12-15 16:00:00,91.59
2025-12-15 16:15:00,98.99
2025-12-15 16:30:00,22.12
2025-12-15 16:45:00,30.64
2025-12-15 17:00:00,52.35
2025-12-15 17:15:00,56.69
2025-12-15 17:30:00,14.66
2025-12-15 17:45:00,14.44
2025-12-15 18:00:00,16.04
2025-12-15 18:15:00,43.82
2025-12-15 18:30:00,34.61
2025-12-15 18:45:00,39.22
2025-12-15 19:00:00,267.79
2025-12-15 19:15:00,167.35
2025-12-15 19:30:00,133.89
2025-12-15 19:45:00,82.34
2025-12-15 20:00:00,28.73
2025-12-15 20:15:00,30.42
2025-12-15 20:30:00,40.41
2025-12-15 20:45:00,75.37
2025-12-15 21:00:00,181.34
2025-12-15 21:15:00,162.75
2025-12-15 21:30:00,120.5
2025-12-15 21:45:00,33.55
2025-12-15 22:00:00,32.98
2025-12-15 22:15:00,76.08
2025-12-15 22:30:00,133.88
2025-12-15 22:45:00,154.42
2025-12-15 23:00:00,37.09
2025-12-15 23:15:00,43.24
2025-12-15 23:30:00,30.3
2025-12-15 23:45:00,41.1
2025-12-16 00:00:00,43.77
2025-12-16 00:15:00,83.07
2025-12-16 00:30:00,401.68
2025-12-16 00:45:00,484.79
2025-12-16 01:00:00,334.75
2025-12-16 01:15:00,77.7
2025-12-16 01:30:00,56.01
2025-12-16 01:45:00,55.91
2025-12-16 02:00:00,54.72
2025-12-16 02:15:00,52.97
2025-12-16 02:30:00,53.0
2025-12-16 02:45:00,53.0
2025-12-16 03:00:00,55.69
2025-12-16 03:15:00,58.22
2025-12-16 03:30:00,56.08
2025-12-16 03:45:00,53.64
2025-12-16 04:00:00,51.94
2025-12-16 04:15:00,53.0
2025-12-16 04:30:00,77.98
2025-12-16 04:45:00,200.84
2025-12-16 05:00:00,194.15
2025-12-16 05:15:00,156.64
2025-12-16 05:30:00,266.39
2025-12-16 05:45:00,181.31
2025-12-16 06:00:00,17.87
2025-12-16 06:15:00,36.53
2025-12-16 06:30:00,46.83
2025-12-16 06:45:00,64.0
2025-12-16 07:00:00,65.5
2025-12-16 07:15:00,63.0
2025-12-16 07:30:00,90.1
2025-12-16 07:45:00,68.49
2025-12-16 08:00:00,84.4
2025-12-16 08:15:00,199.67
2025-12-16 08:30:00,173.17
2025-12-16 08:45:00,287.88
2025-12-16 09:00:00,66.63
2025-12-16 09:15:00,105.23
2025-12-16 09:30:00,61.46
2025-12-16 09:45:00,53.89
2025-12-16 10:00:00,204.22
2025-12-16 10:15:00,160.64
2025-12-16 10:30:00,50.88
2025-12-16 10:45:00,56.3
2025-12-16 11:00:00,91.58
2025-12-16 11:15:00,72.0
2025-12-16 11:30:00,90.14
2025-12-16 11:45:00,46.8
2025-12-16 12:00:00,89.72
2025-12-16 12:15:00,19.93
2025-12-16 12:30:00,91.32
2025-12-16 12:45:00,61.14
2025-12-16 13:00:00,87.76
2025-12-16 13:15:00,70.43
2025-12-16 13:30:00,200.0
2025-12-16 13:45:00,267.72
2025-12-16 14:00:00,189.32
2025-12-16 14:15:00,180.33
2025-12-16 14:30:00,187.07
2025-12-16 14:45:00,253.49
2025-12-16 15:00:00,401.7
2025-12-16 15:15:00,134.93
2025-12-16 15:30:00,227.63
2025-12-16 15:45:00,151.45
2025-12-16 16:00:00,73.68
2025-12-16 16:15:00,71.29
2025-12-16 16:30:00,68.9
2025-12-16 16:45:00,68.87
2025-12-16 17:00:00,74.73
2025-12-16 17:15:00,166.99
2025-12-16 17:30:00,163.83
2025-12-16 17:45:00,156.26
2025-12-16 18:00:00,147.86
2025-12-16 18:15:00,140.48
2025-12-16 18:30:00,138.22
2025-12-16 18:45:00,49.77
2025-12-16 19:00:00,147.28
2025-12-16 19:15:00,156.9
2025-12-16 19:30:00,67.36
2025-12-16 19:45:00,81.0
2025-12-16 20:00:00,160.35
2025-12-16 20:15:00,136.8
2025-12-16 20:30:00,120.86
2025-12-16 20:45:00,53.85
2025-12-16 21:00:00,59.46
2025-12-16 21:15:00,31.37
2025-12-16 21:30:00,50.73
2025-12-16 21:45:00,36.23
2025-12-16 22:00:00,121.93
2025-12-16 22:15:00,113.35
2025-12-16 22:30:00,110.46
2025-12-16 22:45:00,103.34
2025-12-16 23:00:00,57.0
2025-12-16 23:15:00,25.82
2025-12-16 23:30:00,51.8
2025-12-16 23:45:00,51.85
2025-12-17 00:00:00,51.07
2025-12-17 00:15:00,60.92
2025-12-17 00:30:00,374.79
2025-12-17 00:45:00,482.1
2025-12-17 01:00:00,349.4
2025-12-17 01:15:00,349.4
2025-12-17 01:30:00,86.03
2025-12-17 01:45:00,113.77
2025-12-17 02:00:00,86.44
2025-12-17 02:15:00,59.65
2025-12-17 02:30:00,266.63
2025-12-17 02:45:00,267.8
2025-12-17 03:00:00,294.47
2025-12-17 03:15:00,240.26
2025-12-17 03:30:00,240.26
2025-12-17 03:45:00,82.02
2025-12-17 04:00:00,83.54
2025-12-17 04:15:00,82.22
2025-12-17 04:30:00,62.0
2025-12-17 04:45:00,59.83
2025-12-17 05:00:00,59.76
2025-12-17 05:15:00,84.51
2025-12-17 05:30:00,88.93
2025-12-17 05:45:00,60.02
2025-12-17 06:00:00,57.0
2025-12-17 06:15:00,59.04
2025-12-17 06:30:00,95.24
2025-12-17 06:45:00,58.31
2025-12-17 07:00:00,136.8
2025-12-17 07:15:00,64.53
2025-12-17 07:30:00,67.0
2025-12-17 07:45:00,69.0
2025-12-17 08:00:00,71.0
2025-12-17 08:15:00,135.91
2025-12-17 08:30:00,187.12
2025-12-17 08:45:00,227.63
2025-12-17 09:00:00,170.0
2025-12-17 09:15:00,132.47
2025-12-17 09:30:00,72.81
2025-12-17 09:45:00,113.43
2025-12-17 10:00:00,67.0
2025-12-17 10:15:00,67.0
2025-12-17 10:30:00,118.35
2025-12-17 10:45:00,112.42
2025-12-17 11:00:00,122.45
2025-12-17 11:15:00,116.1
2025-12-17 11:30:00,76.6
2025-12-17 11:45:00,79.67
2025-12-17 12:00:00,63.51
2025-12-17 12:15:00,63.5
2025-12-17 12:30:00,113.0
2025-12-17 12:45:00,116.58
2025-12-17 13:00:00,114.88
2025-12-17 13:15:00,117.8
2025-12-17 13:30:00,125.21
2025-12-17 13:45:00,66.93
2025-12-17 14:00:00,63.45
2025-12-17 14:15:00,63.4
2025-12-17 14:30:00,129.0
2025-12-17 14:45:00,67.0
2025-12-17 15:00:00,180.7
2025-12-17 15:15:00,124.98
2025-12-17 15:30:00,67.0
2025-12-17 15:45:00,67.0
2025-12-17 16:00:00,67.0
2025-12-17 16:15:00,67.0
2025-12-17 16:30:00,128.63
2025-12-17 16:45:00,130.19
2025-12-17 17:00:00,129.91
2025-12-17 17:15:00,21.91
2025-12-17 17:30:00,35.24
2025-12-17 17:45:00,49.15
2025-12-17 18:00:00,74.06
2025-12-17 18:15:00,70.85
2025-12-17 18:30:00,71.23
2025-12-17 18:45:00,61.94
2025-12-17 19:00:00,69.6
2025-12-17 19:15:00,60.02
2025-12-17 19:30:00,74.75
2025-12-17 19:45:00,46.64
2025-12-17 20:00:00,65.59
2025-12-17 20:15:00,91.57
2025-12-17 20:30:00,35.97
2025-12-17 20:45:00,83.4
2025-12-17 21:00:00,98.73
2025-12-17 21:15:00,67.93
2025-12-17 21:30:00,59.79
2025-12-17 21:45:00,65.62
2025-12-17 22:00:00,51.91
2025-12-17 22:15:00,82.09
2025-12-17 22:30:00,147.24
2025-12-17 22:45:00,79.95
2025-12-17 23:00:00,34.56
2025-12-17 23:15:00,46.54
2025-12-17 23:30:00,72.94
2025-12-17 23:45:00,53.25
2025-12-18 00:00:00,44.02
2025-12-18 00:15:00,73.06
2025-12-18 00:30:00,32.65
2025-12-18 00:45:00,48.37
2025-12-18 01:00:00,60.0
2025-12-18 01:15:00,118.1
2025-12-18 01:30:00,61.41
2025-12-18 01:45:00,54.0
2025-12-18 02:00:00,56.55
2025-12-18 02:15:00,23.43
2025-12-18 02:30:00,20.49
2025-12-18 02:45:00,20.08
2025-12-18 03:00:00,14.73
2025-12-18 03:15:00,11.78
2025-12-18 03:30:00,13.67
2025-12-18 03:45:00,12.04
2025-12-18 04:00:00,32.16
2025-12-18 04:15:00,30.12
2025-12-18 04:30:00,29.31
2025-12-18 04:45:00,29.59
2025-12-18 05:00:00,16.24
2025-12-18 05:15:00,14.73
2025-12-18 05:30:00,18.27
2025-12-18 05:45:00,19.59
2025-12-18 06:00:00,13.39
2025-12-18 06:15:00,45.98
2025-12-18 06:30:00,5.35
2025-12-18 06:45:00,10.04
2025-12-18 07:00:00,956.55
2025-12-18 07:15:00,60.0
2025-12-18 07:30:00,56.74
2025-12-18 07:45:00,65.01
2025-12-18 08:00:00,63.37
2025-12-18 08:15:00,60.42
2025-12-18 08:30:00,65.89
2025-12-18 08:45:00,100.26
2025-12-18 09:00:00,77.35
2025-12-18 09:15:00,74.56
2025-12-18 09:30:00,105.26
2025-12-18 09:45:00,70.85
2025-12-18 10:00:00,61.3
2025-12-18 10:15:00,60.24
2025-12-18 10:30:00,13.23
2025-12-18 10:45:00,21.76
2025-12-18 11:00:00,23.86
2025-12-18 11:15:00,13.69
2025-12-18 11:30:00,60.29
2025-12-18 11:45:00,41.02
2025-12-18 12:00:00,51.45
2025-12-18 12:15:00,39.08
2025-12-18 12:30:00,49.48
2025-12-18 12:45:00,69.22
2025-12-18 13:00:00,134.74
2025-12-18 13:15:00,65.0
2025-12-18 13:30:00,98.32
2025-12-18 13:45:00,31.47
2025-12-18 14:00:00,67.07
2025-12-18 14:15:00,72.75
2025-12-18 14:30:00,150.94
2025-12-18 14:45:00,121.67
2025-12-18 15:00:00,107.04
2025-12-18 15:15:00,63.0
2025-12-18 15:30:00,53.12
2025-12-18 15:45:00,51.01
2025-12-18 16:00:00,2.75
2025-12-18 16:15:00,45.61
2025-12-18 16:30:00,100.26
2025-12-18 16:45:00,103.52
2025-12-18 17:00:00,742.48
2025-12-18 17:15:00,2298.38
2025-12-18 17:30:00,2400.53
2025-12-18 17:45:00,1393.83
2025-12-18 18:00:00,314.14
2025-12-18 18:15:00,204.18
2025-12-18 18:30:00,81.23
2025-12-18 18:45:00,6.21
2025-12-18 19:00:00,6.41
2025-12-18 19:15:00,9.48
2025-12-18 19:30:00,15.83
2025-12-18 19:45:00,10.1
2025-12-18 20:00:00,9.48
2025-12-18 20:15:00,13.48
2025-12-18 20:30:00,61.17
2025-12-18 20:45:00,50.72
2025-12-18 21:00:00,60.02
2025-12-18 21:15:00,14.27
2025-12-18 21:30:00,10.2
2025-12-18 21:45:00,12.73
2025-12-18 22:00:00,21.07
2025-12-18 22:15:00,50.86
2025-12-18 22:30:00,49.01
2025-12-18 22:45:00,37.21
2025-12-18 23:00:00,36.14
2025-12-18 23:15:00,19.8
2025-12-18 23:30:00,-11.83
2025-12-18 23:45:00,7.08
2025-12-19 00:00:00,35.17
2025-12-19 00:15:00,8.0
2025-12-19 00:30:00,27.0
2025-12-19 00:45:00,7.03
2025-12-19 01:00:00,27.0
2025-12-19 01:15:00,5.89
2025-12-19 01:30:00,13.12
2025-12-19 01:45:00,11.37
2025-12-19 02:00:00,22.71
2025-12-19 02:15:00,15.0
2025-12-19 02:30:00,11.11
2025-12-19 02:45:00,4.45
2025-12-19 03:00:00,16.52
2025-12-19 03:15:00,3.47
2025-12-19 03:30:00,3.28
2025-12-19 03:45:00,3.62
2025-12-19 04:00:00,3.0
2025-12-19 04:15:00,-1.0
2025-12-19 04:30:00,-5.54
2025-12-19 04:45:00,-14.02
2025-12-19 05:00:00,2.43
2025-12-19 05:15:00,5.67
2025-12-19 05:30:00,7.59
2025-12-19 05:45:00,10.04
2025-12-19 06:00:00,0.0
2025-12-19 06:15:00,106.97
2025-12-19 06:30:00,89.62
2025-12-19 06:45:00,41.5
2025-12-19 07:00:00,48.71
2025-12-19 07:15:00,11.15
2025-12-19 07:30:00,52.74
2025-12-19 07:45:00,70.0
2025-12-19 08:00:00,62.33
2025-12-19 08:15:00,39.66
2025-12-19 08:30:00,70.0
2025-12-19 08:45:00,64.0
2025-12-19 09:00:00,63.27
2025-12-19 09:15:00,61.49
2025-12-19 09:30:00,44.48
2025-12-19 09:45:00,55.28
2025-12-19 10:00:00,62.71
2025-12-19 10:15:00,100.0
2025-12-19 10:30:00,63.22
2025-12-19 10:45:00,62.24
2025-12-19 11:00:00,57.92
2025-12-19 11:15:00,59.97
2025-12-19 11:30:00,57.29
2025-12-19 11:45:00,25.4
2025-12-19 12:00:00,39.05
2025-12-19 12:15:00,41.69
2025-12-19 12:30:00,43.08
2025-12-19 12:45:00,42.64
2025-12-19 13:00:00,58.33
2025-12-19 13:15:00,49.79
2025-12-19 13:30:00,15.25
2025-12-19 13:45:00,16.98
2025-12-19 14:00:00,34.61
2025-12-19 14:15:00,62.0
2025-12-19 14:30:00,63.66
2025-12-19 14:45:00,200.76
2025-12-19 15:00:00,67.17
2025-12-19 15:15:00,13.25
2025-12-19 15:30:00,16.27
2025-12-19 15:45:00,12.65
2025-12-19 16:00:00,32.68
2025-12-19 16:15:00,53.32
2025-12-19 16:30:00,53.4
2025-12-19 16:45:00,41.52
2025-12-19 17:00:00,200.09
2025-12-19 17:15:00,250.59
2025-12-19 17:30:00,349.89
2025-12-19 17:45:00,418.26
2025-12-19 18:00:00,312.88
2025-12-19 18:15:00,311.45
2025-12-19 18:30:00,267.6
2025-12-19 18:45:00,27.92
2025-12-19 19:00:00,58.0
2025-12-19 19:15:00,200.09
2025-12-19 19:30:00,159.27
2025-12-19 19:45:00,133.84
2025-12-19 20:00:00,133.84
2025-12-19 20:15:00,107.24
2025-12-19 20:30:00,117.74
2025-12-19 20:45:00,102.79
2025-12-19 21:00:00,52.8
2025-12-19 21:15:00,50.68
2025-12-19 21:30:00,108.65
2025-12-19 21:45:00,52.19
2025-12-19 22:00:00,25.74
2025-12-19 22:15:00,51.55
2025-12-19 22:30:00,18.02
2025-12-19 22:45:00,34.12
2025-12-19 23:00:00,167.3
2025-12-19 23:15:00,200.76
2025-12-19 23:30:00,107.94
2025-12-19 23:45:00,104.34
2025-12-20 00:00:00,173.31
2025-12-20 00:15:00,58.0
2025-12-20 00:30:00,147.23
2025-12-20 00:45:00,104.35
2025-12-20 01:00:00,240.26
2025-12-20 01:15:00,200.77
2025-12-20 01:30:00,108.09
2025-12-20 01:45:00,71.67
2025-12-20 02:00:00,49.23
2025-12-20 02:15:00,14.65
2025-12-20 02:30:00,13.39
2025-12-20 02:45:00,14.26
2025-12-20 03:00:00,22.32
2025-12-20 03:15:00,48.21
2025-12-20 03:30:00,53.09
2025-12-20 03:45:00,20.5
2025-12-20 04:00:00,36.16
2025-12-20 04:15:00,81.0
2025-12-20 04:30:00,83.8
2025-12-20 04:45:00,34.39
2025-12-20 05:00:00,49.18
2025-12-20 05:15:00,53.59
2025-12-20 05:30:00,56.35
2025-12-20 05:45:00,48.25
2025-12-20 06:00:00,72.53
2025-12-20 06:15:00,148.78
2025-12-20 06:30:00,267.54
2025-12-20 06:45:00,350.61
2025-12-20 07:00:00,90.73
2025-12-20 07:15:00,137.39
2025-12-20 07:30:00,186.24
2025-12-20 07:45:00,67.19
2025-12-20 08:00:00,54.42
2025-12-20 08:15:00,54.5
2025-12-20 08:30:00,110.08
2025-12-20 08:45:00,112.25
2025-12-20 09:00:00,60.15
2025-12-20 09:15:00,111.4
2025-12-20 09:30:00,66.93
2025-12-20 09:45:00,200.77
2025-12-20 10:00:00,266.63
2025-12-20 10:15:00,200.52
2025-12-20 10:30:00,267.7
2025-12-20 10:45:00,32.61
2025-12-20 11:00:00,59.14
2025-12-20 11:15:00,48.42
2025-12-20 11:30:00,28.63
2025-12-20 11:45:00,52.45
2025-12-20 12:00:00,57.34
2025-12-20 12:15:00,57.37
2025-12-20 12:30:00,58.0
2025-12-20 12:45:00,104.79
2025-12-20 13:00:00,183.14
2025-12-20 13:15:00,226.87
2025-12-20 13:30:00,168.57
2025-12-20 13:45:00,200.1
2025-12-20 14:00:00,146.83
2025-12-20 14:15:00,248.54
2025-12-20 14:30:00,394.34
2025-12-20 14:45:00,250.61
2025-12-20 15:00:00,285.84
2025-12-20 15:15:00,111.16
2025-12-20 15:30:00,58.98
2025-12-20 15:45:00,59.26
2025-12-20 16:00:00,58.73
2025-12-20 16:15:00,62.5
2025-12-20 16:30:00,62.59
2025-12-20 16:45:00,62.85
2025-12-20 17:00:00,63.19
2025-12-20 17:15:00,65.9
2025-12-20 17:30:00,63.3
2025-12-20 17:45:00,76.75
2025-12-20 18:00:00,72.41
2025-12-20 18:15:00,68.94
2025-12-20 18:30:00,109.1
2025-12-20 18:45:00,106.13
2025-12-20 19:00:00,72.95
2025-12-20 19:15:00,71.74
2025-12-20 19:30:00,57.63
2025-12-20 19:45:00,57.17
2025-12-20 20:00:00,60.91
2025-12-20 20:15:00,60.84
2025-12-20 20:30:00,55.66
2025-12-20 20:45:00,55.8
2025-12-20 21:00:00,95.03
2025-12-20 21:15:00,91.54
2025-12-20 21:30:00,201.04
2025-12-20 21:45:00,90.97
2025-12-20 22:00:00,74.27
2025-12-20 22:15:00,51.26
2025-12-20 22:30:00,64.84
2025-12-20 22:45:00,90.71
2025-12-20 23:00:00,104.36
2025-12-20 23:15:00,133.85
2025-12-20 23:30:00,187.39
2025-12-20 23:45:00,159.95
2025-12-21 00:00:00,103.92
2025-12-21 00:15:00,63.6
2025-12-21 00:30:00,93.13
2025-12-21 00:45:00,87.75
2025-12-21 01:00:00,98.99
2025-12-21 01:15:00,90.05
2025-12-21 01:30:00,86.14
2025-12-21 01:45:00,105.12
2025-12-21 02:00:00,90.75
2025-12-21 02:15:00,63.43
2025-12-21 02:30:00,85.69
2025-12-21 02:45:00,82.94
2025-12-21 03:00:00,85.73
2025-12-21 03:15:00,86.41
2025-12-21 03:30:00,85.51
2025-12-21 03:45:00,83.93
2025-12-21 04:00:00,85.54
2025-12-21 04:15:00,84.29
2025-12-21 04:30:00,87.03
2025-12-21 04:45:00,85.65
2025-12-21 05:00:00,87.23
2025-12-21 05:15:00,113.77
2025-12-21 05:30:00,117.74
2025-12-21 05:45:00,158.44
2025-12-21 06:00:00,78.52
2025-12-21 06:15:00,80.59
2025-12-21 06:30:00,63.82
2025-12-21 06:45:00,67.41
2025-12-21 07:00:00,47.27
2025-12-21 07:15:00,60.04
2025-12-21 07:30:00,61.43
2025-12-21 07:45:00,73.82
2025-12-21 08:00:00,133.73
2025-12-21 08:15:00,155.77
2025-12-21 08:30:00,97.37
2025-12-21 08:45:00,98.18
2025-12-21 09:00:00,68.0
2025-12-21 09:15:00,66.89
2025-12-21 09:30:00,68.19
2025-12-21 09:45:00,98.18
2025-12-21 10:00:00,59.96
2025-12-21 10:15:00,66.45
2025-12-21 10:30:00,153.64
2025-12-21 10:45:00,133.85
2025-12-21 11:00:00,104.94
2025-12-21 11:15:00,103.79
2025-12-21 11:30:00,68.3
2025-12-21 11:45:00,66.53
2025-12-21 12:00:00,68.3
2025-12-21 12:15:00,61.51
2025-12-21 12:30:00,56.55
2025-12-21 12:45:00,54.69
2025-12-21 13:00:00,60.08
2025-12-21 13:15:00,50.75
2025-12-21 13:30:00,65.58
2025-12-21 13:45:00,67.22
2025-12-21 14:00:00,53.46
2025-12-21 14:15:00,64.07
2025-12-21 14:30:00,73.0
2025-12-21 14:45:00,70.47
2025-12-21 15:00:00,45.6
2025-12-21 15:15:00,29.36
2025-12-21 15:30:00,36.25
2025-12-21 15:45:00,45.26
2025-12-21 16:00:00,60.69
2025-12-21 16:15:00,71.25
2025-12-21 16:30:00,66.7
2025-12-21 16:45:00,59.59
2025-12-21 17:00:00,45.4
2025-12-21 17:15:00,35.43
2025-12-21 17:30:00,42.65
2025-12-21 17:45:00,37.97
2025-12-21 18:00:00,32.24
2025-12-21 18:15:00,51.77
2025-12-21 18:30:00,86.03
2025-12-21 18:45:00,107.66
2025-12-21 19:00:00,86.03
2025-12-21 19:15:00,86.11
2025-12-21 19:30:00,26.62
2025-12-21 19:45:00,22.92
2025-12-21 20:00:00,36.56
2025-12-21 20:15:00,38.43
2025-12-21 20:30:00,43.42
2025-12-21 20:45:00,34.44
2025-12-21 21:00:00,41.75
2025-12-21 21:15:00,61.74
2025-12-21 21:30:00,78.05
2025-12-21 21:45:00,72.9
2025-12-21 22:00:00,125.21
2025-12-21 22:15:00,77.01
2025-12-21 22:30:00,200.1
2025-12-21 22:45:00,116.55
2025-12-21 23:00:00,115.42
2025-12-21 23:15:00,101.05
2025-12-21 23:30:00,120.06
2025-12-21 23:45:00,76.0
2025-12-22 00:00:00,19.93
2025-12-22 00:15:00,37.18
2025-12-22 00:30:00,17.75
2025-12-22 00:45:00,13.87
2025-12-22 01:00:00,19.41
2025-12-22 01:15:00,68.33
2025-12-22 01:30:00,20.02
2025-12-22 01:45:00,67.03
2025-12-22 02:00:00,69.22
2025-12-22 02:15:00,33.08
2025-12-22 02:30:00,76.45
2025-12-22 02:45:00,67.22
2025-12-22 03:00:00,14.3
2025-12-22 03:15:00,27.12
2025-12-22 03:30:00,11.2
2025-12-22 03:45:00,18.69
2025-12-22 04:00:00,-0.33
2025-12-22 04:15:00,-5.97
2025-12-22 04:30:00,65.22
2025-12-22 04:45:00,7.74
2025-12-22 05:00:00,23.1
2025-12-22 05:15:00,41.42
2025-12-22 05:30:00,21.21
2025-12-22 05:45:00,27.58
2025-12-22 06:00:00,67.92
2025-12-22 06:15:00,72.48
2025-12-22 06:30:00,75.3
2025-12-22 06:45:00,73.51
2025-12-22 07:00:00,70.32
2025-12-22 07:15:00,39.83
2025-12-22 07:30:00,31.91
2025-12-22 07:45:00,44.9
2025-12-22 08:00:00,76.3
2025-12-22 08:15:00,81.08
2025-12-22 08:30:00,52.73
2025-12-22 08:45:00,49.15
2025-12-22 09:00:00,33.69
2025-12-22 09:15:00,45.28
2025-12-22 09:30:00,44.26
2025-12-22 09:45:00,60.73
2025-12-22 10:00:00,51.89
2025-12-22 10:15:00,90.7
2025-12-22 10:30:00,86.17
2025-12-22 10:45:00,120.47
2025-12-22 11:00:00,86.14
2025-12-22 11:15:00,85.0
2025-12-22 11:30:00,49.45
2025-12-22 11:45:00,67.94
2025-12-22 12:00:00,77.66
2025-12-22 12:15:00,66.27
2025-12-22 12:30:00,53.2
2025-12-22 12:45:00,86.63
2025-12-22 13:00:00,25.07
2025-12-22 13:15:00,55.92
2025-12-22 13:30:00,54.34
2025-12-22 13:45:00,51.61
2025-12-22 14:00:00,30.69
2025-12-22 14:15:00,47.77
2025-12-22 14:30:00,41.49
2025-12-22 14:45:00,38.67
2025-12-22 15:00:00,26.12
2025-12-22 15:15:00,26.79
2025-12-22 15:30:00,24.85
2025-12-22 15:45:00,34.54
2025-12-22 16:00:00,53.13
2025-12-22 16:15:00,56.34
2025-12-22 16:30:00,30.75
2025-12-22 16:45:00,104.61
2025-12-22 17:00:00,62.02
2025-12-22 17:15:00,45.0
2025-12-22 17:30:00,108.0
2025-12-22 17:45:00,34.91
2025-12-22 18:00:00,104.31
2025-12-22 18:15:00,15.35
2025-12-22 18:30:00,36.19
2025-12-22 18:45:00,42.47
2025-12-22 19:00:00,33.97
2025-12-22 19:15:00,36.09
2025-12-22 19:30:00,16.51
2025-12-22 19:45:00,18.69
2025-12-22 20:00:00,43.01
2025-12-22 20:15:00,33.97
2025-12-22 20:30:00,82.82
2025-12-22 20:45:00,79.27
2025-12-22 21:00:00,200.79
2025-12-22 21:15:00,101.3
2025-12-22 21:30:00,75.23
2025-12-22 21:45:00,12.45
2025-12-22 22:00:00,12.41
2025-12-22 22:15:00,19.32
2025-12-22 22:30:00,17.15
2025-12-22 22:45:00,14.96
2025-12-22 23:00:00,28.47
2025-12-22 23:15:00,53.01
2025-12-22 23:30:00,73.08
2025-12-22 23:45:00,19.02
2025-12-23 00:00:00,18.06
2025-12-23 00:15:00,53.47
2025-12-23 00:30:00,48.83
2025-12-23 00:45:00,8.4
2025-12-23 01:00:00,6.89
2025-12-23 01:15:00,10.88
2025-12-23 01:30:00,18.24
2025-12-23 01:45:00,21.62
2025-12-23 02:00:00,67.45
2025-12-23 02:15:00,65.41
2025-12-23 02:30:00,65.0
2025-12-23 02:45:00,60.87
2025-12-23 03:00:00,17.72
2025-12-23 03:15:00,11.24
2025-12-23 03:30:00,12.21
2025-12-23 03:45:00,11.25
2025-12-23 04:00:00,32.49
2025-12-23 04:15:00,30.38
2025-12-23 04:30:00,58.13
2025-12-23 04:45:00,43.94
2025-12-23 05:00:00,52.96
2025-12-23 05:15:00,50.99
2025-12-23 05:30:00,36.17
2025-12-23 05:45:00,18.03
2025-12-23 06:00:00,8.36
2025-12-23 06:15:00,29.05
2025-12-23 06:30:00,33.07
2025-12-23 06:45:00,21.71
2025-12-23 07:00:00,3.78
2025-12-23 07:15:00,8.06
2025-12-23 07:30:00,79.38
2025-12-23 07:45:00,4.76
2025-12-23 08:00:00,61.63
2025-12-23 08:15:00,64.57
2025-12-23 08:30:00,84.01
2025-12-23 08:45:00,103.5
2025-12-23 09:00:00,114.26
2025-12-23 09:15:00,151.56
2025-12-23 09:30:00,110.96
2025-12-23 09:45:00,83.51
2025-12-23 10:00:00,17.46
2025-12-23 10:15:00,37.65
2025-12-23 10:30:00,43.45
2025-12-23 10:45:00,58.63
2025-12-23 11:00:00,58.63
2025-12-23 11:15:00,58.63
2025-12-23 11:30:00,58.63
